N_A,N_B,cost_元,x,m,p_hat,ci_lower,ci_upper,point_est_feasible,main_seed_verdict,main_seed_m,verify_seed_verdict,verify_seed_m
124,4260,8.978357644694269,1,200,0.005,0.0008831687058453758,0.02777370469642793,False,insufficient,200,,
188,3693,8.978357644694269,1,200,0.005,0.0008831687058453758,0.02777370469642793,False,insufficient,200,,
252,3126,8.978357644694269,1,200,0.005,0.0008831687058453758,0.02777370469642793,False,insufficient,200,,
316,2559,8.978357644694269,10,200,0.05,0.027382645473457017,0.08957814852860962,False,insufficient,200,,
380,1992,8.978357644694269,28,200,0.14,0.09866982605979482,0.1948988091418585,False,insufficient,200,,
444,1425,8.978357644694269,64,200,0.32,0.2592653327095053,0.38751898489132125,False,insufficient,200,,
508,858,8.978357644694269,115,200,0.575,0.505709325931126,0.6414638750685293,False,insufficient,200,,
572,291,8.978357644694269,163,200,0.815,0.755429371876425,0.8626980723221283,False,insufficient,200,,
60,4827,8.97835764469427,0,200,0.0,0.0,0.018845326668962936,False,insufficient,200,,
3,5332,8.978383824633049,0,200,0.0,0.0,0.018845326668962936,False,insufficient,200,,
67,4765,8.978383824633049,0,200,0.0,0.0,0.018845326668962936,False,insufficient,200,,
131,4198,8.978383824633049,1,200,0.005,0.0008831687058453758,0.02777370469642793,False,insufficient,200,,
195,3631,8.978383824633049,1,200,0.005,0.0008831687058453758,0.02777370469642793,False,insufficient,200,,
259,3064,8.978383824633049,1,200,0.005,0.0008831687058453758,0.02777370469642793,False,insufficient,200,,
323,2497,8.978383824633049,8,200,0.04,0.0204056319610195,0.0769320685744264,False,insufficient,200,,
387,1930,8.978383824633049,33,200,0.165,0.11996855297651625,0.22265781589168893,False,insufficient,200,,
451,1363,8.978383824633049,70,200,0.35,0.28728824080917403,0.4183653571915147,False,insufficient,200,,
515,796,8.978383824633049,118,200,0.59,0.5207645897876366,0.65584325141195,False,insufficient,200,,
579,229,8.978383824633049,167,200,0.835,0.777342184108311,0.8800314470234837,False,insufficient,200,,
330,2435,8.978410004571828,9,200,0.045,0.02385254288504434,0.08329670438371192,False,insufficient,200,,
10,5270,8.97841000457183,0,200,0.0,0.0,0.018845326668962936,False,insufficient,200,,
74,4703,8.97841000457183,0,200,0.0,0.0,0.018845326668962936,False,insufficient,200,,
138,4136,8.97841000457183,1,200,0.005,0.0008831687058453758,0.02777370469642793,False,insufficient,200,,
202,3569,8.97841000457183,1,200,0.005,0.0008831687058453758,0.02777370469642793,False,insufficient,200,,
266,3002,8.97841000457183,3,200,0.015,0.005114237753504754,0.043165729115389295,False,insufficient,200,,
394,1868,8.97841000457183,35,200,0.175,0.1286051503455461,0.23364431198927976,False,insufficient,200,,
458,1301,8.97841000457183,73,200,0.365,0.30140526417602626,0.4336829740245936,False,insufficient,200,,
522,734,8.97841000457183,118,200,0.59,0.5207645897876366,0.65584325141195,False,insufficient,200,,
586,167,8.97841000457183,167,200,0.835,0.777342184108311,0.8800314470234837,False,insufficient,200,,
17,5208,8.978436184510608,0,200,0.0,0.0,0.018845326668962936,False,insufficient,200,,
337,2373,8.978436184510608,12,200,0.06,0.03465219410651454,0.10193169336217282,False,insufficient,200,,
401,1806,8.978436184510608,36,200,0.18,0.13294625827141174,0.2391147507967245,False,insufficient,200,,
465,1239,8.978436184510608,80,200,0.4,0.3346057851761492,0.46916328015764336,False,insufficient,200,,
529,672,8.978436184510608,125,200,0.625,0.5561430364380054,0.6891456318947539,False,insufficient,200,,
593,105,8.978436184510608,170,200,0.85,0.7939442066666507,0.8928640646650752,False,insufficient,200,,
81,4641,8.97843618451061,0,200,0.0,0.0,0.018845326668962936,False,insufficient,200,,
145,4074,8.97843618451061,1,200,0.005,0.0008831687058453758,0.02777370469642793,False,insufficient,200,,
209,3507,8.97843618451061,1,200,0.005,0.0008831687058453758,0.02777370469642793,False,insufficient,200,,
273,2940,8.97843618451061,4,200,0.02,0.007804426362159347,0.05028708724004506,False,insufficient,200,,
24,5146,8.978462364449388,0,200,0.0,0.0,0.018845326668962936,False,insufficient,200,,
88,4579,8.978462364449388,0,200,0.0,0.0,0.018845326668962936,False,insufficient,200,,
152,4012,8.978462364449388,1,200,0.005,0.0008831687058453758,0.02777370469642793,False,insufficient,200,,
216,3445,8.978462364449388,1,200,0.005,0.0008831687058453758,0.02777370469642793,False,insufficient,200,,
280,2878,8.978462364449388,5,200,0.025,0.010724719583860124,0.05717834075165468,False,insufficient,200,,
344,2311,8.978462364449388,15,200,0.075,0.04597491700833055,0.12004361066028794,False,insufficient,200,,
408,1744,8.978462364449388,39,200,0.195,0.1460552050050192,0.2554404442630482,False,insufficient,200,,
472,1177,8.978462364449388,90,200,0.45,0.38264068350836655,0.5192438491585296,False,insufficient,200,,
536,610,8.978462364449388,131,200,0.655,0.5867558920387631,0.7174020566938584,False,insufficient,200,,
600,43,8.978462364449388,515,600,0.8583333333333333,0.8281474197527905,0.8839600277825898,False,insufficient,600,,
543,548,8.978488544388167,142,200,0.71,0.6436252184459675,0.768459744353068,False,insufficient,200,,
31,5084,8.978488544388169,0,200,0.0,0.0,0.018845326668962936,False,insufficient,200,,
95,4517,8.978488544388169,0,200,0.0,0.0,0.018845326668962936,False,insufficient,200,,
159,3950,8.978488544388169,1,200,0.005,0.0008831687058453758,0.02777370469642793,False,insufficient,200,,
223,3383,8.978488544388169,1,200,0.005,0.0008831687058453758,0.02777370469642793,False,insufficient,200,,
287,2816,8.978488544388169,5,200,0.025,0.010724719583860124,0.05717834075165468,False,insufficient,200,,
351,2249,8.978488544388169,18,200,0.09,0.05768744866037736,0.13776571920817224,False,insufficient,200,,
415,1682,8.978488544388169,43,200,0.215,0.16371876218582487,0.277023074015484,False,insufficient,200,,
479,1115,8.978488544388169,92,200,0.46,0.39233051748177505,0.529177108651742,False,insufficient,200,,
486,1053,8.978514724326947,95,200,0.475,0.40691622594241644,0.5440260403910315,False,insufficient,200,,
38,5022,8.97851472432695,0,200,0.0,0.0,0.018845326668962936,False,insufficient,200,,
102,4455,8.97851472432695,0,200,0.0,0.0,0.018845326668962936,False,insufficient,200,,
166,3888,8.97851472432695,1,200,0.005,0.0008831687058453758,0.02777370469642793,False,insufficient,200,,
230,3321,8.97851472432695,1,200,0.005,0.0008831687058453758,0.02777370469642793,False,insufficient,200,,
294,2754,8.97851472432695,7,200,0.035,0.01705554191525804,0.0704706118868775,False,insufficient,200,,
358,2187,8.97851472432695,22,200,0.11,0.07377244436816725,0.16092691043362384,False,insufficient,200,,
422,1620,8.97851472432695,49,200,0.245,0.1905686805032898,0.3090424360978812,False,insufficient,200,,
550,486,8.97851472432695,145,200,0.725,0.6593166058798847,0.7822029971190819,False,insufficient,200,,
109,4393,8.978540904265728,0,200,0.0,0.0,0.018845326668962936,False,insufficient,200,,
173,3826,8.978540904265728,1,200,0.005,0.0008831687058453758,0.02777370469642793,False,insufficient,200,,
237,3259,8.978540904265728,1,200,0.005,0.0008831687058453758,0.02777370469642793,False,insufficient,200,,
301,2692,8.978540904265728,7,200,0.035,0.01705554191525804,0.0704706118868775,False,insufficient,200,,
365,2125,8.978540904265728,23,200,0.115,0.07786373208518774,0.16664716944991373,False,insufficient,200,,
429,1558,8.978540904265728,53,200,0.265,0.2086815410670056,0.33017576246740693,False,insufficient,200,,
493,991,8.978540904265728,103,200,0.515,0.44610849139209374,0.5833261488078374,False,insufficient,200,,
557,424,8.978540904265728,153,200,0.765,0.7015863106396482,0.8184256662258015,False,insufficient,200,,
45,4960,8.97854090426573,0,200,0.0,0.0,0.018845326668962936,False,insufficient,200,,
52,4898,8.978567084204508,0,200,0.0,0.0,0.018845326668962936,False,insufficient,200,,
116,4331,8.978567084204508,0,200,0.0,0.0,0.018845326668962936,False,insufficient,200,,
180,3764,8.978567084204508,1,200,0.005,0.0008831687058453758,0.02777370469642793,False,insufficient,200,,
244,3197,8.978567084204508,1,200,0.005,0.0008831687058453758,0.02777370469642793,False,insufficient,200,,
308,2630,8.978567084204508,10,200,0.05,0.027382645473457017,0.08957814852860962,False,insufficient,200,,
372,2063,8.978567084204508,26,200,0.13,0.09028202253521182,0.18366351919982074,False,insufficient,200,,
436,1496,8.978567084204508,59,200,0.295,0.2361394381410138,0.3615871457932609,False,insufficient,200,,
500,929,8.978567084204508,108,200,0.54,0.4708228913482581,0.607669482518225,False,insufficient,200,,
564,362,8.978567084204508,155,200,0.775,0.7122587671141067,0.8273763032179636,False,insufficient,200,,
59,4836,8.978593264143289,0,200,0.0,0.0,0.018845326668962936,False,insufficient,200,,
123,4269,8.978593264143289,1,200,0.005,0.0008831687058453758,0.02777370469642793,False,insufficient,200,,
187,3702,8.978593264143289,1,200,0.005,0.0008831687058453758,0.02777370469642793,False,insufficient,200,,
251,3135,8.978593264143289,1,200,0.005,0.0008831687058453758,0.02777370469642793,False,insufficient,200,,
315,2568,8.978593264143289,10,200,0.05,0.027382645473457017,0.08957814852860962,False,insufficient,200,,
379,2001,8.978593264143289,28,200,0.14,0.09866982605979482,0.1948988091418585,False,insufficient,200,,
443,1434,8.978593264143289,63,200,0.315,0.2546232094605245,0.38234956140699167,False,insufficient,200,,
507,867,8.978593264143289,115,200,0.575,0.505709325931126,0.6414638750685293,False,insufficient,200,,
571,300,8.978593264143289,162,200,0.81,0.7499876124094633,0.8583282850557797,False,insufficient,200,,
2,5341,8.978619444082067,0,200,0.0,0.0,0.018845326668962936,False,insufficient,200,,
322,2506,8.978619444082067,8,200,0.04,0.0204056319610195,0.0769320685744264,False,insufficient,200,,
386,1939,8.978619444082067,33,200,0.165,0.11996855297651625,0.22265781589168893,False,insufficient,200,,
450,1372,8.978619444082067,69,200,0.345,0.2825979433061415,0.41324410796123684,False,insufficient,200,,
514,805,8.978619444082067,118,200,0.59,0.5207645897876366,0.65584325141195,False,insufficient,200,,
578,238,8.978619444082067,166,200,0.83,0.7718411632128768,0.8757209211856076,False,insufficient,200,,
66,4774,8.978619444082069,0,200,0.0,0.0,0.018845326668962936,False,insufficient,200,,
130,4207,8.978619444082069,1,200,0.005,0.0008831687058453758,0.02777370469642793,False,insufficient,200,,
194,3640,8.978619444082069,1,200,0.005,0.0008831687058453758,0.02777370469642793,False,insufficient,200,,
258,3073,8.978619444082069,1,200,0.005,0.0008831687058453758,0.02777370469642793,False,insufficient,200,,
9,5279,8.978645624020848,0,200,0.0,0.0,0.018845326668962936,False,insufficient,200,,
73,4712,8.978645624020848,0,200,0.0,0.0,0.018845326668962936,False,insufficient,200,,
137,4145,8.978645624020848,1,200,0.005,0.0008831687058453758,0.02777370469642793,False,insufficient,200,,
201,3578,8.978645624020848,1,200,0.005,0.0008831687058453758,0.02777370469642793,False,insufficient,200,,
265,3011,8.978645624020848,2,200,0.01,0.0027466581088489593,0.035721762026734716,False,insufficient,200,,
393,1877,8.978645624020848,35,200,0.175,0.1286051503455461,0.23364431198927976,False,insufficient,200,,
457,1310,8.978645624020848,73,200,0.365,0.30140526417602626,0.4336829740245936,False,insufficient,200,,
521,743,8.978645624020848,118,200,0.59,0.5207645897876366,0.65584325141195,False,insufficient,200,,
585,176,8.978645624020848,167,200,0.835,0.777342184108311,0.8800314470234837,False,insufficient,200,,
329,2444,8.97864562402085,8,200,0.04,0.0204056319610195,0.0769320685744264,False,insufficient,200,,
16,5217,8.978671803959628,0,200,0.0,0.0,0.018845326668962936,False,insufficient,200,,
80,4650,8.978671803959628,0,200,0.0,0.0,0.018845326668962936,False,insufficient,200,,
144,4083,8.978671803959628,1,200,0.005,0.0008831687058453758,0.02777370469642793,False,insufficient,200,,
208,3516,8.978671803959628,1,200,0.005,0.0008831687058453758,0.02777370469642793,False,insufficient,200,,
272,2949,8.978671803959628,4,200,0.02,0.007804426362159347,0.05028708724004506,False,insufficient,200,,
336,2382,8.978671803959628,12,200,0.06,0.03465219410651454,0.10193169336217282,False,insufficient,200,,
400,1815,8.978671803959628,36,200,0.18,0.13294625827141174,0.2391147507967245,False,insufficient,200,,
464,1248,8.978671803959628,80,200,0.4,0.3346057851761492,0.46916328015764336,False,insufficient,200,,
528,681,8.978671803959628,125,200,0.625,0.5561430364380054,0.6891456318947539,False,insufficient,200,,
592,114,8.978671803959628,169,200,0.845,0.7883930935816389,0.8886036310167766,False,insufficient,200,,
279,2887,8.978697983898407,5,200,0.025,0.010724719583860124,0.05717834075165468,False,insufficient,200,,
343,2320,8.978697983898407,15,200,0.075,0.04597491700833055,0.12004361066028794,False,insufficient,200,,
407,1753,8.978697983898407,39,200,0.195,0.1460552050050192,0.2554404442630482,False,insufficient,200,,
471,1186,8.978697983898407,89,200,0.445,0.377806009517404,0.5142669764161818,False,insufficient,200,,
535,619,8.978697983898407,131,200,0.655,0.5867558920387631,0.7174020566938584,False,insufficient,200,,
23,5155,8.978697983898408,0,200,0.0,0.0,0.018845326668962936,False,insufficient,200,,
87,4588,8.978697983898408,0,200,0.0,0.0,0.018845326668962936,False,insufficient,200,,
151,4021,8.978697983898408,1,200,0.005,0.0008831687058453758,0.02777370469642793,False,insufficient,200,,
215,3454,8.978697983898408,1,200,0.005,0.0008831687058453758,0.02777370469642793,False,insufficient,200,,
599,52,8.978697983898408,513,600,0.855,0.8245672765266023,0.8809159156828674,False,insufficient,600,,
94,4526,8.978724163837187,0,200,0.0,0.0,0.018845326668962936,False,insufficient,200,,
158,3959,8.978724163837187,1,200,0.005,0.0008831687058453758,0.02777370469642793,False,insufficient,200,,
222,3392,8.978724163837187,1,200,0.005,0.0008831687058453758,0.02777370469642793,False,insufficient,200,,
542,557,8.978724163837187,142,200,0.71,0.6436252184459675,0.768459744353068,False,insufficient,200,,
30,5093,8.978724163837189,0,200,0.0,0.0,0.018845326668962936,False,insufficient,200,,
286,2825,8.978724163837189,5,200,0.025,0.010724719583860124,0.05717834075165468,False,insufficient,200,,
350,2258,8.978724163837189,18,200,0.09,0.05768744866037736,0.13776571920817224,False,insufficient,200,,
414,1691,8.978724163837189,41,200,0.205,0.15486176168906182,0.2662569810456263,False,insufficient,200,,
478,1124,8.978724163837189,91,200,0.455,0.3874821925827813,0.5242138868174252,False,insufficient,200,,
37,5031,8.978750343775967,0,200,0.0,0.0,0.018845326668962936,False,insufficient,200,,
101,4464,8.978750343775967,0,200,0.0,0.0,0.018845326668962936,False,insufficient,200,,
165,3897,8.978750343775967,1,200,0.005,0.0008831687058453758,0.02777370469642793,False,insufficient,200,,
229,3330,8.978750343775967,1,200,0.005,0.0008831687058453758,0.02777370469642793,False,insufficient,200,,
293,2763,8.978750343775967,7,200,0.035,0.01705554191525804,0.0704706118868775,False,insufficient,200,,
357,2196,8.978750343775967,22,200,0.11,0.07377244436816725,0.16092691043362384,False,insufficient,200,,
421,1629,8.978750343775967,49,200,0.245,0.1905686805032898,0.3090424360978812,False,insufficient,200,,
485,1062,8.978750343775967,94,200,0.47,0.4020475482110944,0.5390831713890433,False,insufficient,200,,
549,495,8.978750343775967,144,200,0.72,0.6540769535890598,0.7776311026765964,False,insufficient,200,,
300,2701,8.978776523714746,7,200,0.035,0.01705554191525804,0.0704706118868775,False,insufficient,200,,
44,4969,8.978776523714748,0,200,0.0,0.0,0.018845326668962936,False,insufficient,200,,
108,4402,8.978776523714748,0,200,0.0,0.0,0.018845326668962936,False,insufficient,200,,
172,3835,8.978776523714748,1,200,0.005,0.0008831687058453758,0.02777370469642793,False,insufficient,200,,
236,3268,8.978776523714748,1,200,0.005,0.0008831687058453758,0.02777370469642793,False,insufficient,200,,
364,2134,8.978776523714748,24,200,0.12,0.0819799268161472,0.17234252145226464,False,insufficient,200,,
428,1567,8.978776523714748,53,200,0.265,0.2086815410670056,0.33017576246740693,False,insufficient,200,,
492,1000,8.978776523714748,102,200,0.51,0.44118587625055616,0.5784372172160646,False,insufficient,200,,
556,433,8.978776523714748,150,200,0.75,0.6856590163422495,0.804918320323269,False,insufficient,200,,
51,4907,8.978802703653527,0,200,0.0,0.0,0.018845326668962936,False,insufficient,200,,
563,371,8.978802703653527,154,200,0.77,0.7069169558159164,0.8229065677828437,False,insufficient,200,,
115,4340,8.978802703653528,0,200,0.0,0.0,0.018845326668962936,False,insufficient,200,,
179,3773,8.978802703653528,1,200,0.005,0.0008831687058453758,0.02777370469642793,False,insufficient,200,,
243,3206,8.978802703653528,1,200,0.005,0.0008831687058453758,0.02777370469642793,False,insufficient,200,,
307,2639,8.978802703653528,10,200,0.05,0.027382645473457017,0.08957814852860962,False,insufficient,200,,
371,2072,8.978802703653528,26,200,0.13,0.09028202253521182,0.18366351919982074,False,insufficient,200,,
435,1505,8.978802703653528,59,200,0.295,0.2361394381410138,0.3615871457932609,False,insufficient,200,,
499,938,8.978802703653528,107,200,0.535,0.46586646818343785,0.6028143589497348,False,insufficient,200,,
58,4845,8.978828883592307,0,200,0.0,0.0,0.018845326668962936,False,insufficient,200,,
122,4278,8.978828883592307,1,200,0.005,0.0008831687058453758,0.02777370469642793,False,insufficient,200,,
186,3711,8.978828883592307,1,200,0.005,0.0008831687058453758,0.02777370469642793,False,insufficient,200,,
250,3144,8.978828883592307,1,200,0.005,0.0008831687058453758,0.02777370469642793,False,insufficient,200,,
314,2577,8.978828883592307,10,200,0.05,0.027382645473457017,0.08957814852860962,False,insufficient,200,,
378,2010,8.978828883592307,27,200,0.135,0.09446570427968658,0.18929138418865638,False,insufficient,200,,
442,1443,8.978828883592307,62,200,0.31,0.2499894479224967,0.37717177621170916,False,insufficient,200,,
506,876,8.978828883592307,113,200,0.565,0.4957073620520242,0.6318427454810105,False,insufficient,200,,
570,309,8.978828883592307,159,200,0.795,0.7337430189543738,0.8451382383109382,False,insufficient,200,,
129,4216,8.978855063531087,1,200,0.005,0.0008831687058453758,0.02777370469642793,False,insufficient,200,,
193,3649,8.978855063531087,1,200,0.005,0.0008831687058453758,0.02777370469642793,False,insufficient,200,,
257,3082,8.978855063531087,1,200,0.005,0.0008831687058453758,0.02777370469642793,False,insufficient,200,,
321,2515,8.978855063531087,8,200,0.04,0.0204056319610195,0.0769320685744264,False,insufficient,200,,
385,1948,8.978855063531087,32,200,0.16,0.11567412001614788,0.2171407021187469,False,insufficient,200,,
449,1381,8.978855063531087,67,200,0.335,0.27324086932910685,0.4029780884716509,False,insufficient,200,,
513,814,8.978855063531087,117,200,0.585,0.5157391484647247,0.6510571460015516,False,insufficient,200,,
577,247,8.978855063531087,164,200,0.82,0.7608852492032754,0.8670537417285882,False,insufficient,200,,
1,5350,8.978855063531089,0,200,0.0,0.0,0.018845326668962936,False,insufficient,200,,
65,4783,8.978855063531089,0,200,0.0,0.0,0.018845326668962936,False,insufficient,200,,
8,5288,8.978881243469868,0,200,0.0,0.0,0.018845326668962936,False,insufficient,200,,
72,4721,8.978881243469868,0,200,0.0,0.0,0.018845326668962936,False,insufficient,200,,
136,4154,8.978881243469868,1,200,0.005,0.0008831687058453758,0.02777370469642793,False,insufficient,200,,
200,3587,8.978881243469868,1,200,0.005,0.0008831687058453758,0.02777370469642793,False,insufficient,200,,
264,3020,8.978881243469868,2,200,0.01,0.0027466581088489593,0.035721762026734716,False,insufficient,200,,
328,2453,8.978881243469868,8,200,0.04,0.0204056319610195,0.0769320685744264,False,insufficient,200,,
392,1886,8.978881243469868,34,200,0.17,0.12427907881439243,0.22815883678712312,False,insufficient,200,,
456,1319,8.978881243469868,72,200,0.36,0.2966919725753122,0.4285847188919973,False,insufficient,200,,
520,752,8.978881243469868,118,200,0.59,0.5207645897876366,0.65584325141195,False,insufficient,200,,
584,185,8.978881243469868,167,200,0.835,0.777342184108311,0.8800314470234837,False,insufficient,200,,
79,4659,8.978907423408646,0,200,0.0,0.0,0.018845326668962936,False,insufficient,200,,
143,4092,8.978907423408646,1,200,0.005,0.0008831687058453758,0.02777370469642793,False,insufficient,200,,
207,3525,8.978907423408646,1,200,0.005,0.0008831687058453758,0.02777370469642793,False,insufficient,200,,
271,2958,8.978907423408646,4,200,0.02,0.007804426362159347,0.05028708724004506,False,insufficient,200,,
335,2391,8.978907423408646,12,200,0.06,0.03465219410651454,0.10193169336217282,False,insufficient,200,,
399,1824,8.978907423408646,36,200,0.18,0.13294625827141174,0.2391147507967245,False,insufficient,200,,
463,1257,8.978907423408646,79,200,0.395,0.3298410096426624,0.4641165089578198,False,insufficient,200,,
527,690,8.978907423408646,124,200,0.62,0.5510671796046104,0.6844099419948385,False,insufficient,200,,
591,123,8.978907423408646,169,200,0.845,0.7883930935816389,0.8886036310167766,False,insufficient,200,,
15,5226,8.978907423408648,0,200,0.0,0.0,0.018845326668962936,False,insufficient,200,,
22,5164,8.978933603347427,0,200,0.0,0.0,0.018845326668962936,False,insufficient,200,,
150,4030,8.978933603347427,0,200,0.0,0.0,0.018845326668962936,False,insufficient,200,,
214,3463,8.978933603347427,1,200,0.005,0.0008831687058453758,0.02777370469642793,False,insufficient,200,,
278,2896,8.978933603347427,2,200,0.01,0.0027466581088489593,0.035721762026734716,False,insufficient,200,,
342,2329,8.978933603347427,10,200,0.05,0.027382645473457017,0.08957814852860962,False,insufficient,200,,
406,1762,8.978933603347427,30,200,0.15,0.10713593533492477,0.20605579333334925,False,insufficient,200,,
470,1195,8.978933603347427,69,200,0.345,0.2825979433061415,0.41324410796123684,False,insufficient,200,,
534,628,8.978933603347427,119,200,0.595,0.5257971002635867,0.6606222876693102,False,insufficient,200,,
598,61,8.978933603347427,171,200,0.855,0.7995133242038862,0.8971064938611499,False,insufficient,200,,
86,4597,8.978933603347429,0,200,0.0,0.0,0.018845326668962936,False,insufficient,200,,
29,5102,8.978959783286207,0,200,0.0,0.0,0.018845326668962936,False,insufficient,200,,
93,4535,8.978959783286207,0,200,0.0,0.0,0.018845326668962936,False,insufficient,200,,
157,3968,8.978959783286207,0,200,0.0,0.0,0.018845326668962936,False,insufficient,200,,
221,3401,8.978959783286207,1,200,0.005,0.0008831687058453758,0.02777370469642793,False,insufficient,200,,
285,2834,8.978959783286207,2,200,0.01,0.0027466581088489593,0.035721762026734716,False,insufficient,200,,
349,2267,8.978959783286207,11,200,0.055,0.03098534156570805,0.09578699916966896,False,insufficient,200,,
413,1700,8.978959783286207,31,200,0.155,0.11139636898322336,0.21160690641836105,False,insufficient,200,,
477,1133,8.978959783286207,74,200,0.37,0.30612608362251653,0.4387737013114137,False,insufficient,200,,
541,566,8.978959783286207,129,200,0.645,0.5765211302029042,0.7080137250630966,False,insufficient,200,,
36,5040,8.978985963224986,0,200,0.0,0.0,0.018845326668962936,False,insufficient,200,,
548,504,8.978985963224986,137,200,0.685,0.6176504385930084,0.7453767905394755,False,insufficient,200,,
100,4473,8.978985963224988,0,200,0.0,0.0,0.018845326668962936,False,insufficient,200,,
164,3906,8.978985963224988,0,200,0.0,0.0,0.018845326668962936,False,insufficient,200,,
228,3339,8.978985963224988,1,200,0.005,0.0008831687058453758,0.02777370469642793,False,insufficient,200,,
292,2772,8.978985963224988,2,200,0.01,0.0027466581088489593,0.035721762026734716,False,insufficient,200,,
356,2205,8.978985963224988,12,200,0.06,0.03465219410651454,0.10193169336217282,False,insufficient,200,,
420,1638,8.978985963224988,39,200,0.195,0.1460552050050192,0.2554404442630482,False,insufficient,200,,
484,1071,8.978985963224988,77,200,0.385,0.3203330967849892,0.4540013283488722,False,insufficient,200,,
363,2143,8.979012143163766,15,200,0.075,0.04597491700833055,0.12004361066028794,False,insufficient,200,,
427,1576,8.979012143163766,44,200,0.22,0.1681653832242373,0.2823879997103819,False,insufficient,200,,
491,1009,8.979012143163766,88,200,0.44,0.3729781920017676,0.5092832471985078,False,insufficient,200,,
43,4978,8.979012143163768,0,200,0.0,0.0,0.018845326668962936,False,insufficient,200,,
107,4411,8.979012143163768,0,200,0.0,0.0,0.018845326668962936,False,insufficient,200,,
171,3844,8.979012143163768,0,200,0.0,0.0,0.018845326668962936,False,insufficient,200,,
235,3277,8.979012143163768,1,200,0.005,0.0008831687058453758,0.02777370469642793,False,insufficient,200,,
299,2710,8.979012143163768,4,200,0.02,0.007804426362159347,0.05028708724004506,False,insufficient,200,,
555,442,8.979012143163768,140,200,0.7,0.6332093157249852,0.7592525536074295,False,insufficient,200,,
114,4349,8.979038323102547,0,200,0.0,0.0,0.018845326668962936,False,insufficient,200,,
178,3782,8.979038323102547,0,200,0.0,0.0,0.018845326668962936,False,insufficient,200,,
242,3215,8.979038323102547,1,200,0.005,0.0008831687058453758,0.02777370469642793,False,insufficient,200,,
306,2648,8.979038323102547,5,200,0.025,0.010724719583860124,0.05717834075165468,False,insufficient,200,,
370,2081,8.979038323102547,17,200,0.085,0.05374574998400461,0.13189587115123463,False,insufficient,200,,
434,1514,8.979038323102547,50,200,0.25,0.195081679676731,0.3143409836577504,False,insufficient,200,,
498,947,8.979038323102547,94,200,0.47,0.4020475482110944,0.5390831713890433,False,insufficient,200,,
562,380,8.979038323102547,154,200,0.77,0.7069169558159164,0.8229065677828437,False,insufficient,200,,
50,4916,8.979038323102548,0,200,0.0,0.0,0.018845326668962936,False,insufficient,200,,
57,4854,8.979064503041327,0,200,0.0,0.0,0.018845326668962936,False,insufficient,200,,
121,4287,8.979064503041327,0,200,0.0,0.0,0.018845326668962936,False,insufficient,200,,
185,3720,8.979064503041327,0,200,0.0,0.0,0.018845326668962936,False,insufficient,200,,
249,3153,8.979064503041327,1,200,0.005,0.0008831687058453758,0.02777370469642793,False,insufficient,200,,
313,2586,8.979064503041327,5,200,0.025,0.010724719583860124,0.05717834075165468,False,insufficient,200,,
377,2019,8.979064503041327,18,200,0.09,0.05768744866037736,0.13776571920817224,False,insufficient,200,,
441,1452,8.979064503041327,54,200,0.27,0.2132344977387029,0.33543435252902004,False,insufficient,200,,
505,885,8.979064503041327,98,200,0.49,0.42156278278393533,0.5588141237494437,False,insufficient,200,,
569,318,8.979064503041327,158,200,0.79,0.7283538308774716,0.84071587965453,False,insufficient,200,,
576,256,8.979090682980106,164,200,0.82,0.7608852492032754,0.8670537417285882,False,insufficient,200,,
0,5359,8.979090682980107,0,200,0.0,0.0,0.018845326668962936,False,insufficient,200,,
64,4792,8.979090682980107,0,200,0.0,0.0,0.018845326668962936,False,insufficient,200,,
128,4225,8.979090682980107,0,200,0.0,0.0,0.018845326668962936,False,insufficient,200,,
192,3658,8.979090682980107,0,200,0.0,0.0,0.018845326668962936,False,insufficient,200,,
256,3091,8.979090682980107,1,200,0.005,0.0008831687058453758,0.02777370469642793,False,insufficient,200,,
320,2524,8.979090682980107,6,200,0.03,0.013820314259191425,0.06389429280963374,False,insufficient,200,,
384,1957,8.979090682980107,22,200,0.11,0.07377244436816725,0.16092691043362384,False,insufficient,200,,
448,1390,8.979090682980107,60,200,0.3,0.24074744639257037,0.3667906842750147,False,insufficient,200,,
512,823,8.979090682980107,104,200,0.52,0.45103785019149595,0.5882083367417457,False,insufficient,200,,
7,5297,8.979116862918886,0,200,0.0,0.0,0.018845326668962936,False,insufficient,200,,
135,4163,8.979116862918886,0,200,0.0,0.0,0.018845326668962936,False,insufficient,200,,
199,3596,8.979116862918886,0,200,0.0,0.0,0.018845326668962936,False,insufficient,200,,
263,3029,8.979116862918886,1,200,0.005,0.0008831687058453758,0.02777370469642793,False,insufficient,200,,
327,2462,8.979116862918886,6,200,0.03,0.013820314259191425,0.06389429280963374,False,insufficient,200,,
391,1895,8.979116862918886,25,200,0.125,0.0861197445025044,0.1780142504992178,False,insufficient,200,,
455,1328,8.979116862918886,65,200,0.325,0.263915714943814,0.392680149390323,False,insufficient,200,,
519,761,8.979116862918886,105,200,0.525,0.45597395960896836,0.5930837740575836,False,insufficient,200,,
583,194,8.979116862918886,167,200,0.835,0.777342184108311,0.8800314470234837,False,insufficient,200,,
71,4730,8.979116862918888,0,200,0.0,0.0,0.018845326668962936,False,insufficient,200,,
14,5235,8.979143042857666,0,200,0.0,0.0,0.018845326668962936,False,insufficient,200,,
78,4668,8.979143042857666,0,200,0.0,0.0,0.018845326668962936,False,insufficient,200,,
142,4101,8.979143042857666,0,200,0.0,0.0,0.018845326668962936,False,insufficient,200,,
206,3534,8.979143042857666,0,200,0.0,0.0,0.018845326668962936,False,insufficient,200,,
270,2967,8.979143042857666,2,200,0.01,0.0027466581088489593,0.035721762026734716,False,insufficient,200,,
334,2400,8.979143042857666,6,200,0.03,0.013820314259191425,0.06389429280963374,False,insufficient,200,,
398,1833,8.979143042857666,27,200,0.135,0.09446570427968658,0.18929138418865638,False,insufficient,200,,
462,1266,8.979143042857666,65,200,0.325,0.263915714943814,0.392680149390323,False,insufficient,200,,
526,699,8.979143042857666,111,200,0.555,0.4857330235838182,0.6221939904825959,False,insufficient,200,,
590,132,8.979143042857666,169,200,0.845,0.7883930935816389,0.8886036310167766,False,insufficient,200,,
21,5173,8.979169222796445,0,200,0.0,0.0,0.018845326668962936,False,insufficient,200,,
597,70,8.979169222796445,171,200,0.855,0.7995133242038862,0.8971064938611499,False,insufficient,200,,
85,4606,8.979169222796447,0,200,0.0,0.0,0.018845326668962936,False,insufficient,200,,
149,4039,8.979169222796447,0,200,0.0,0.0,0.018845326668962936,False,insufficient,200,,
213,3472,8.979169222796447,1,200,0.005,0.0008831687058453758,0.02777370469642793,False,insufficient,200,,
277,2905,8.979169222796447,2,200,0.01,0.0027466581088489593,0.035721762026734716,False,insufficient,200,,
341,2338,8.979169222796447,8,200,0.04,0.0204056319610195,0.0769320685744264,False,insufficient,200,,
405,1771,8.979169222796447,29,200,0.145,0.10289350613885,0.20048667579611365,False,insufficient,200,,
469,1204,8.979169222796447,66,200,0.33,0.26857425825421716,0.3978331528132302,False,insufficient,200,,
533,637,8.979169222796447,118,200,0.59,0.5207645897876366,0.65584325141195,False,insufficient,200,,
156,3977,8.979195402735225,0,200,0.0,0.0,0.018845326668962936,False,insufficient,200,,
220,3410,8.979195402735225,1,200,0.005,0.0008831687058453758,0.02777370469642793,False,insufficient,200,,
284,2843,8.979195402735225,2,200,0.01,0.0027466581088489593,0.035721762026734716,False,insufficient,200,,
348,2276,8.979195402735225,11,200,0.055,0.03098534156570805,0.09578699916966896,False,insufficient,200,,
412,1709,8.979195402735225,31,200,0.155,0.11139636898322336,0.21160690641836105,False,insufficient,200,,
476,1142,8.979195402735225,73,200,0.365,0.30140526417602626,0.4336829740245936,False,insufficient,200,,
28,5111,8.979195402735227,0,200,0.0,0.0,0.018845326668962936,False,insufficient,200,,
92,4544,8.979195402735227,0,200,0.0,0.0,0.018845326668962936,False,insufficient,200,,
540,575,8.979195402735227,127,200,0.635,0.5663170259754063,0.6985947358239737,False,insufficient,200,,
604,8,8.979195402735227,520,600,0.8666666666666667,0.8371206080084826,0.891547477841674,False,insufficient,600,,
99,4482,8.979221582674006,0,200,0.0,0.0,0.018845326668962936,False,insufficient,200,,
163,3915,8.979221582674006,0,200,0.0,0.0,0.018845326668962936,False,insufficient,200,,
227,3348,8.979221582674006,1,200,0.005,0.0008831687058453758,0.02777370469642793,False,insufficient,200,,
419,1647,8.979221582674006,38,200,0.19,0.1416717149442203,0.25001238759053673,False,insufficient,200,,
483,1080,8.979221582674006,75,200,0.375,0.310854368105246,0.4438569635619946,False,insufficient,200,,
547,513,8.979221582674006,137,200,0.685,0.6176504385930084,0.7453767905394755,False,insufficient,200,,
35,5049,8.979221582674008,0,200,0.0,0.0,0.018845326668962936,False,insufficient,200,,
291,2781,8.979221582674008,2,200,0.01,0.0027466581088489593,0.035721762026734716,False,insufficient,200,,
355,2214,8.979221582674008,12,200,0.06,0.03465219410651454,0.10193169336217282,False,insufficient,200,,
42,4987,8.979247762612786,0,200,0.0,0.0,0.018845326668962936,False,insufficient,200,,
106,4420,8.979247762612786,0,200,0.0,0.0,0.018845326668962936,False,insufficient,200,,
170,3853,8.979247762612786,0,200,0.0,0.0,0.018845326668962936,False,insufficient,200,,
234,3286,8.979247762612786,1,200,0.005,0.0008831687058453758,0.02777370469642793,False,insufficient,200,,
298,2719,8.979247762612786,4,200,0.02,0.007804426362159347,0.05028708724004506,False,insufficient,200,,
362,2152,8.979247762612786,15,200,0.075,0.04597491700833055,0.12004361066028794,False,insufficient,200,,
426,1585,8.979247762612786,44,200,0.22,0.1681653832242373,0.2823879997103819,False,insufficient,200,,
490,1018,8.979247762612786,87,200,0.435,0.36815725451898934,0.5042926379479759,False,insufficient,200,,
554,451,8.979247762612786,138,200,0.69,0.6228282237882907,0.7500105520775032,False,insufficient,200,,
177,3791,8.979273942551565,0,200,0.0,0.0,0.018845326668962936,False,insufficient,200,,
241,3224,8.979273942551565,1,200,0.005,0.0008831687058453758,0.02777370469642793,False,insufficient,200,,
305,2657,8.979273942551565,5,200,0.025,0.010724719583860124,0.05717834075165468,False,insufficient,200,,
369,2090,8.979273942551565,17,200,0.085,0.05374574998400461,0.13189587115123463,False,insufficient,200,,
433,1523,8.979273942551565,48,200,0.24,0.1860661595414933,0.3037334103263674,False,insufficient,200,,
497,956,8.979273942551565,93,200,0.465,0.3971856410502652,0.5341335318165621,False,insufficient,200,,
561,389,8.979273942551565,154,200,0.77,0.7069169558159164,0.8229065677828437,False,insufficient,200,,
49,4925,8.979273942551567,0,200,0.0,0.0,0.018845326668962936,False,insufficient,200,,
113,4358,8.979273942551567,0,200,0.0,0.0,0.018845326668962936,False,insufficient,200,,
56,4863,8.979300122490345,0,200,0.0,0.0,0.018845326668962936,False,insufficient,200,,
120,4296,8.979300122490345,0,200,0.0,0.0,0.018845326668962936,False,insufficient,200,,
184,3729,8.979300122490345,0,200,0.0,0.0,0.018845326668962936,False,insufficient,200,,
248,3162,8.979300122490345,1,200,0.005,0.0008831687058453758,0.02777370469642793,False,insufficient,200,,
312,2595,8.979300122490345,5,200,0.025,0.010724719583860124,0.05717834075165468,False,insufficient,200,,
376,2028,8.979300122490345,17,200,0.085,0.05374574998400461,0.13189587115123463,False,insufficient,200,,
440,1461,8.979300122490345,54,200,0.27,0.2132344977387029,0.33543435252902004,False,insufficient,200,,
504,894,8.979300122490345,98,200,0.49,0.42156278278393533,0.5588141237494437,False,insufficient,200,,
568,327,8.979300122490345,157,200,0.785,0.722976925984516,0.8362812378141752,False,insufficient,200,,
63,4801,8.979326302429126,0,200,0.0,0.0,0.018845326668962936,False,insufficient,200,,
127,4234,8.979326302429126,0,200,0.0,0.0,0.018845326668962936,False,insufficient,200,,
191,3667,8.979326302429126,0,200,0.0,0.0,0.018845326668962936,False,insufficient,200,,
255,3100,8.979326302429126,1,200,0.005,0.0008831687058453758,0.02777370469642793,False,insufficient,200,,
319,2533,8.979326302429126,5,200,0.025,0.010724719583860124,0.05717834075165468,False,insufficient,200,,
383,1966,8.979326302429126,22,200,0.11,0.07377244436816725,0.16092691043362384,False,insufficient,200,,
447,1399,8.979326302429126,59,200,0.295,0.2361394381410138,0.3615871457932609,False,insufficient,200,,
511,832,8.979326302429126,103,200,0.515,0.44610849139209374,0.5833261488078374,False,insufficient,200,,
575,265,8.979326302429126,163,200,0.815,0.755429371876425,0.8626980723221283,False,insufficient,200,,
326,2471,8.979352482367904,6,200,0.03,0.013820314259191425,0.06389429280963374,False,insufficient,200,,
6,5306,8.979352482367906,0,200,0.0,0.0,0.018845326668962936,False,insufficient,200,,
70,4739,8.979352482367906,0,200,0.0,0.0,0.018845326668962936,False,insufficient,200,,
134,4172,8.979352482367906,0,200,0.0,0.0,0.018845326668962936,False,insufficient,200,,
198,3605,8.979352482367906,0,200,0.0,0.0,0.018845326668962936,False,insufficient,200,,
262,3038,8.979352482367906,1,200,0.005,0.0008831687058453758,0.02777370469642793,False,insufficient,200,,
390,1904,8.979352482367906,25,200,0.125,0.0861197445025044,0.1780142504992178,False,insufficient,200,,
454,1337,8.979352482367906,65,200,0.325,0.263915714943814,0.392680149390323,False,insufficient,200,,
518,770,8.979352482367906,105,200,0.525,0.45597395960896836,0.5930837740575836,False,insufficient,200,,
582,203,8.979352482367906,167,200,0.835,0.777342184108311,0.8800314470234837,False,insufficient,200,,
397,1842,8.979378662306685,27,200,0.135,0.09446570427968658,0.18929138418865638,False,insufficient,200,,
461,1275,8.979378662306685,65,200,0.325,0.263915714943814,0.392680149390323,False,insufficient,200,,
525,708,8.979378662306685,111,200,0.555,0.4857330235838182,0.6221939904825959,False,insufficient,200,,
13,5244,8.979378662306686,0,200,0.0,0.0,0.018845326668962936,False,insufficient,200,,
77,4677,8.979378662306686,0,200,0.0,0.0,0.018845326668962936,False,insufficient,200,,
141,4110,8.979378662306686,0,200,0.0,0.0,0.018845326668962936,False,insufficient,200,,
205,3543,8.979378662306686,0,200,0.0,0.0,0.018845326668962936,False,insufficient,200,,
269,2976,8.979378662306686,2,200,0.01,0.0027466581088489593,0.035721762026734716,False,insufficient,200,,
333,2409,8.979378662306686,6,200,0.03,0.013820314259191425,0.06389429280963374,False,insufficient,200,,
589,141,8.979378662306686,168,200,0.84,0.782859297881253,0.884325879983852,False,insufficient,200,,
84,4615,8.979404842245465,0,200,0.0,0.0,0.018845326668962936,False,insufficient,200,,
148,4048,8.979404842245465,0,200,0.0,0.0,0.018845326668962936,False,insufficient,200,,
212,3481,8.979404842245465,1,200,0.005,0.0008831687058453758,0.02777370469642793,False,insufficient,200,,
276,2914,8.979404842245465,2,200,0.01,0.0027466581088489593,0.035721762026734716,False,insufficient,200,,
340,2347,8.979404842245465,8,200,0.04,0.0204056319610195,0.0769320685744264,False,insufficient,200,,
404,1780,8.979404842245465,29,200,0.145,0.10289350613885,0.20048667579611365,False,insufficient,200,,
468,1213,8.979404842245465,66,200,0.33,0.26857425825421716,0.3978331528132302,False,insufficient,200,,
532,646,8.979404842245465,116,200,0.58,0.5107207388477095,0.6462640088852564,False,insufficient,200,,
596,79,8.979404842245465,171,200,0.855,0.7995133242038862,0.8971064938611499,False,insufficient,200,,
20,5182,8.979404842245467,0,200,0.0,0.0,0.018845326668962936,False,insufficient,200,,
27,5120,8.979431022184245,0,200,0.0,0.0,0.018845326668962936,False,insufficient,200,,
91,4553,8.979431022184245,0,200,0.0,0.0,0.018845326668962936,False,insufficient,200,,
155,3986,8.979431022184245,0,200,0.0,0.0,0.018845326668962936,False,insufficient,200,,
219,3419,8.979431022184245,1,200,0.005,0.0008831687058453758,0.02777370469642793,False,insufficient,200,,
283,2852,8.979431022184245,2,200,0.01,0.0027466581088489593,0.035721762026734716,False,insufficient,200,,
347,2285,8.979431022184245,11,200,0.055,0.03098534156570805,0.09578699916966896,False,insufficient,200,,
411,1718,8.979431022184245,31,200,0.155,0.11139636898322336,0.21160690641836105,False,insufficient,200,,
475,1151,8.979431022184245,72,200,0.36,0.2966919725753122,0.4285847188919973,False,insufficient,200,,
539,584,8.979431022184245,125,200,0.625,0.5561430364380054,0.6891456318947539,False,insufficient,200,,
603,17,8.979431022184245,515,600,0.8583333333333333,0.8281474197527905,0.8839600277825898,False,insufficient,600,,
482,1089,8.979457202123024,75,200,0.375,0.310854368105246,0.4438569635619946,False,insufficient,200,,
546,522,8.979457202123024,137,200,0.685,0.6176504385930084,0.7453767905394755,False,insufficient,200,,
34,5058,8.979457202123026,0,200,0.0,0.0,0.018845326668962936,False,insufficient,200,,
98,4491,8.979457202123026,0,200,0.0,0.0,0.018845326668962936,False,insufficient,200,,
162,3924,8.979457202123026,0,200,0.0,0.0,0.018845326668962936,False,insufficient,200,,
226,3357,8.979457202123026,1,200,0.005,0.0008831687058453758,0.02777370469642793,False,insufficient,200,,
290,2790,8.979457202123026,2,200,0.01,0.0027466581088489593,0.035721762026734716,False,insufficient,200,,
354,2223,8.979457202123026,12,200,0.06,0.03465219410651454,0.10193169336217282,False,insufficient,200,,
418,1656,8.979457202123026,38,200,0.19,0.1416717149442203,0.25001238759053673,False,insufficient,200,,
41,4996,8.979483382061805,0,200,0.0,0.0,0.018845326668962936,False,insufficient,200,,
105,4429,8.979483382061805,0,200,0.0,0.0,0.018845326668962936,False,insufficient,200,,
169,3862,8.979483382061805,0,200,0.0,0.0,0.018845326668962936,False,insufficient,200,,
233,3295,8.979483382061805,1,200,0.005,0.0008831687058453758,0.02777370469642793,False,insufficient,200,,
297,2728,8.979483382061805,4,200,0.02,0.007804426362159347,0.05028708724004506,False,insufficient,200,,
361,2161,8.979483382061805,15,200,0.075,0.04597491700833055,0.12004361066028794,False,insufficient,200,,
425,1594,8.979483382061805,44,200,0.22,0.1681653832242373,0.2823879997103819,False,insufficient,200,,
489,1027,8.979483382061805,86,200,0.43,0.36334322282848375,0.4992951229051709,False,insufficient,200,,
553,460,8.979483382061805,138,200,0.69,0.6228282237882907,0.7500105520775032,False,insufficient,200,,
560,398,8.979509562000583,159,200,0.795,0.7337430189543738,0.8451382383109382,False,insufficient,200,,
176,3800,8.979509562000585,0,200,0.0,0.0,0.018845326668962936,False,insufficient,200,,
240,3233,8.979509562000585,1,200,0.005,0.0008831687058453758,0.02777370469642793,False,insufficient,200,,
304,2666,8.979509562000585,4,200,0.02,0.007804426362159347,0.05028708724004506,False,insufficient,200,,
368,2099,8.979509562000585,17,200,0.085,0.05374574998400461,0.13189587115123463,False,insufficient,200,,
432,1532,8.979509562000585,47,200,0.235,0.18157433377419854,0.2984136893603518,False,insufficient,200,,
496,965,8.979509562000585,93,200,0.465,0.3971856410502652,0.5341335318165621,False,insufficient,200,,
48,4934,8.979509562000587,0,200,0.0,0.0,0.018845326668962936,False,insufficient,200,,
112,4367,8.979509562000587,0,200,0.0,0.0,0.018845326668962936,False,insufficient,200,,
55,4872,8.979535741939365,0,200,0.0,0.0,0.018845326668962936,False,insufficient,200,,
119,4305,8.979535741939365,0,200,0.0,0.0,0.018845326668962936,False,insufficient,200,,
183,3738,8.979535741939365,0,200,0.0,0.0,0.018845326668962936,False,insufficient,200,,
247,3171,8.979535741939365,1,200,0.005,0.0008831687058453758,0.02777370469642793,False,insufficient,200,,
311,2604,8.979535741939365,5,200,0.025,0.010724719583860124,0.05717834075165468,False,insufficient,200,,
375,2037,8.979535741939365,17,200,0.085,0.05374574998400461,0.13189587115123463,False,insufficient,200,,
439,1470,8.979535741939365,54,200,0.27,0.2132344977387029,0.33543435252902004,False,insufficient,200,,
503,903,8.979535741939365,97,200,0.485,0.41667385119216255,0.5538915086079063,False,insufficient,200,,
567,336,8.979535741939365,161,200,0.805,0.7445595557369519,0.8539447949949808,False,insufficient,200,,
62,4810,8.979561921878146,0,200,0.0,0.0,0.018845326668962936,False,insufficient,200,,
126,4243,8.979561921878146,0,200,0.0,0.0,0.018845326668962936,False,insufficient,200,,
190,3676,8.979561921878146,0,200,0.0,0.0,0.018845326668962936,False,insufficient,200,,
254,3109,8.979561921878146,1,200,0.005,0.0008831687058453758,0.02777370469642793,False,insufficient,200,,
318,2542,8.979561921878146,5,200,0.025,0.010724719583860124,0.05717834075165468,False,insufficient,200,,
382,1975,8.979561921878146,20,200,0.1,0.06567044845124732,0.14940581288392302,False,insufficient,200,,
446,1408,8.979561921878146,58,200,0.29,0.23154025564693195,0.3563747815540324,False,insufficient,200,,
510,841,8.979561921878146,102,200,0.51,0.44118587625055616,0.5784372172160646,False,insufficient,200,,
574,274,8.979561921878146,167,200,0.835,0.777342184108311,0.8800314470234837,False,insufficient,200,,
389,1913,8.979588101816924,24,200,0.12,0.0819799268161472,0.17234252145226464,False,insufficient,200,,
453,1346,8.979588101816924,64,200,0.32,0.2592653327095053,0.38751898489132125,False,insufficient,200,,
517,779,8.979588101816924,105,200,0.525,0.45597395960896836,0.5930837740575836,False,insufficient,200,,
581,212,8.979588101816924,492,600,0.82,0.7872538121525176,0.8486746991348918,False,insufficient,600,,
5,5315,8.979588101816926,0,200,0.0,0.0,0.018845326668962936,False,insufficient,200,,
69,4748,8.979588101816926,0,200,0.0,0.0,0.018845326668962936,False,insufficient,200,,
133,4181,8.979588101816926,0,200,0.0,0.0,0.018845326668962936,False,insufficient,200,,
197,3614,8.979588101816926,0,200,0.0,0.0,0.018845326668962936,False,insufficient,200,,
261,3047,8.979588101816926,1,200,0.005,0.0008831687058453758,0.02777370469642793,False,insufficient,200,,
325,2480,8.979588101816926,6,200,0.03,0.013820314259191425,0.06389429280963374,False,insufficient,200,,
12,5253,8.979614281755705,0,200,0.0,0.0,0.018845326668962936,False,insufficient,200,,
76,4686,8.979614281755705,0,200,0.0,0.0,0.018845326668962936,False,insufficient,200,,
140,4119,8.979614281755705,0,200,0.0,0.0,0.018845326668962936,False,insufficient,200,,
204,3552,8.979614281755705,0,200,0.0,0.0,0.018845326668962936,False,insufficient,200,,
268,2985,8.979614281755705,2,200,0.01,0.0027466581088489593,0.035721762026734716,False,insufficient,200,,
332,2418,8.979614281755705,6,200,0.03,0.013820314259191425,0.06389429280963374,False,insufficient,200,,
396,1851,8.979614281755705,26,200,0.13,0.09028202253521182,0.18366351919982074,False,insufficient,200,,
460,1284,8.979614281755705,65,200,0.325,0.263915714943814,0.392680149390323,False,insufficient,200,,
524,717,8.979614281755705,109,200,0.545,0.47578611318257474,0.6125178074172186,False,insufficient,200,,
588,150,8.979614281755705,171,200,0.855,0.7995133242038862,0.8971064938611499,False,insufficient,200,,
595,88,8.979640461694483,512,600,0.8533333333333334,0.8227790869518379,0.8793919775946768,False,insufficient,600,,
19,5191,8.979640461694485,0,200,0.0,0.0,0.018845326668962936,False,insufficient,200,,
83,4624,8.979640461694485,0,200,0.0,0.0,0.018845326668962936,False,insufficient,200,,
147,4057,8.979640461694485,0,200,0.0,0.0,0.018845326668962936,False,insufficient,200,,
211,3490,8.979640461694485,1,200,0.005,0.0008831687058453758,0.02777370469642793,False,insufficient,200,,
275,2923,8.979640461694485,2,200,0.01,0.0027466581088489593,0.035721762026734716,False,insufficient,200,,
339,2356,8.979640461694485,6,200,0.03,0.013820314259191425,0.06389429280963374,False,insufficient,200,,
403,1789,8.979640461694485,28,200,0.14,0.09866982605979482,0.1948988091418585,False,insufficient,200,,
467,1222,8.979640461694485,66,200,0.33,0.26857425825421716,0.3978331528132302,False,insufficient,200,,
531,655,8.979640461694485,115,200,0.575,0.505709325931126,0.6414638750685293,False,insufficient,200,,
26,5129,8.979666641633264,0,200,0.0,0.0,0.018845326668962936,False,insufficient,200,,
538,593,8.979666641633264,123,200,0.615,0.5459986716511277,0.6796669032150108,False,insufficient,200,,
602,26,8.979666641633264,520,600,0.8666666666666667,0.8371206080084826,0.891547477841674,False,insufficient,600,,
90,4562,8.979666641633266,0,200,0.0,0.0,0.018845326668962936,False,insufficient,200,,
154,3995,8.979666641633266,0,200,0.0,0.0,0.018845326668962936,False,insufficient,200,,
218,3428,8.979666641633266,1,200,0.005,0.0008831687058453758,0.02777370469642793,False,insufficient,200,,
282,2861,8.979666641633266,2,200,0.01,0.0027466581088489593,0.035721762026734716,False,insufficient,200,,
346,2294,8.979666641633266,10,200,0.05,0.027382645473457017,0.08957814852860962,False,insufficient,200,,
410,1727,8.979666641633266,31,200,0.155,0.11139636898322336,0.21160690641836105,False,insufficient,200,,
474,1160,8.979666641633266,72,200,0.36,0.2966919725753122,0.4285847188919973,False,insufficient,200,,
161,3933,8.979692821572044,0,200,0.0,0.0,0.018845326668962936,False,insufficient,200,,
225,3366,8.979692821572044,1,200,0.005,0.0008831687058453758,0.02777370469642793,False,insufficient,200,,
289,2799,8.979692821572044,2,200,0.01,0.0027466581088489593,0.035721762026734716,False,insufficient,200,,
353,2232,8.979692821572044,12,200,0.06,0.03465219410651454,0.10193169336217282,False,insufficient,200,,
417,1665,8.979692821572044,37,200,0.185,0.1373019276778717,0.24457062812357494,False,insufficient,200,,
481,1098,8.979692821572044,75,200,0.375,0.310854368105246,0.4438569635619946,False,insufficient,200,,
545,531,8.979692821572044,133,200,0.665,0.5970219115283492,0.7267591306708931,False,insufficient,200,,
33,5067,8.979692821572046,0,200,0.0,0.0,0.018845326668962936,False,insufficient,200,,
97,4500,8.979692821572046,0,200,0.0,0.0,0.018845326668962936,False,insufficient,200,,
40,5005,8.979719001510825,0,200,0.0,0.0,0.018845326668962936,False,insufficient,200,,
104,4438,8.979719001510825,0,200,0.0,0.0,0.018845326668962936,False,insufficient,200,,
168,3871,8.979719001510825,0,200,0.0,0.0,0.018845326668962936,False,insufficient,200,,
232,3304,8.979719001510825,1,200,0.005,0.0008831687058453758,0.02777370469642793,False,insufficient,200,,
296,2737,8.979719001510825,2,200,0.01,0.0027466581088489593,0.035721762026734716,False,insufficient,200,,
360,2170,8.979719001510825,14,200,0.07,0.04215217166140097,0.11405480927390717,False,insufficient,200,,
424,1603,8.979719001510825,44,200,0.22,0.1681653832242373,0.2823879997103819,False,insufficient,200,,
488,1036,8.979719001510825,84,200,0.42,0.3537359911147436,0.48927926115229037,False,insufficient,200,,
552,469,8.979719001510825,138,200,0.69,0.6228282237882907,0.7500105520775032,False,insufficient,200,,
47,4943,8.979745181449605,0,200,0.0,0.0,0.018845326668962936,False,insufficient,200,,
111,4376,8.979745181449605,0,200,0.0,0.0,0.018845326668962936,False,insufficient,200,,
175,3809,8.979745181449605,0,200,0.0,0.0,0.018845326668962936,False,insufficient,200,,
239,3242,8.979745181449605,1,200,0.005,0.0008831687058453758,0.02777370469642793,False,insufficient,200,,
303,2675,8.979745181449605,4,200,0.02,0.007804426362159347,0.05028708724004506,False,insufficient,200,,
367,2108,8.979745181449605,15,200,0.075,0.04597491700833055,0.12004361066028794,False,insufficient,200,,
431,1541,8.979745181449605,47,200,0.235,0.18157433377419854,0.2984136893603518,False,insufficient,200,,
495,974,8.979745181449605,92,200,0.46,0.39233051748177505,0.529177108651742,False,insufficient,200,,
559,407,8.979745181449605,159,200,0.795,0.7337430189543738,0.8451382383109382,False,insufficient,200,,
118,4314,8.979771361388384,0,200,0.0,0.0,0.018845326668962936,False,insufficient,200,,
182,3747,8.979771361388384,0,200,0.0,0.0,0.018845326668962936,False,insufficient,200,,
246,3180,8.979771361388384,1,200,0.005,0.0008831687058453758,0.02777370469642793,False,insufficient,200,,
310,2613,8.979771361388384,5,200,0.025,0.010724719583860124,0.05717834075165468,False,insufficient,200,,
374,2046,8.979771361388384,17,200,0.085,0.05374574998400461,0.13189587115123463,False,insufficient,200,,
438,1479,8.979771361388384,52,200,0.26,0.2041383002358024,0.32490745656529973,False,insufficient,200,,
502,912,8.979771361388384,97,200,0.485,0.41667385119216255,0.5538915086079063,False,insufficient,200,,
566,345,8.979771361388384,161,200,0.805,0.7445595557369519,0.8539447949949808,False,insufficient,200,,
54,4881,8.979771361388385,0,200,0.0,0.0,0.018845326668962936,False,insufficient,200,,
61,4819,8.979797541327164,0,200,0.0,0.0,0.018845326668962936,False,insufficient,200,,
125,4252,8.979797541327164,0,200,0.0,0.0,0.018845326668962936,False,insufficient,200,,
189,3685,8.979797541327164,0,200,0.0,0.0,0.018845326668962936,False,insufficient,200,,
253,3118,8.979797541327164,1,200,0.005,0.0008831687058453758,0.02777370469642793,False,insufficient,200,,
317,2551,8.979797541327164,5,200,0.025,0.010724719583860124,0.05717834075165468,False,insufficient,200,,
381,1984,8.979797541327164,20,200,0.1,0.06567044845124732,0.14940581288392302,False,insufficient,200,,
445,1417,8.979797541327164,56,200,0.28,0.2223688973234035,0.3459230464109402,False,insufficient,200,,
509,850,8.979797541327164,101,200,0.505,0.4362699998026278,0.5735415469306826,False,insufficient,200,,
573,283,8.979797541327164,167,200,0.835,0.777342184108311,0.8800314470234837,False,insufficient,200,,
580,221,8.979823721265943,489,600,0.815,0.7819605805173037,0.8440315477812398,False,insufficient,600,,
4,5324,8.979823721265944,0,200,0.0,0.0,0.018845326668962936,False,insufficient,200,,
68,4757,8.979823721265944,0,200,0.0,0.0,0.018845326668962936,False,insufficient,200,,
132,4190,8.979823721265944,0,200,0.0,0.0,0.018845326668962936,False,insufficient,200,,
196,3623,8.979823721265944,0,200,0.0,0.0,0.018845326668962936,False,insufficient,200,,
260,3056,8.979823721265944,1,200,0.005,0.0008831687058453758,0.02777370469642793,False,insufficient,200,,
324,2489,8.979823721265944,6,200,0.03,0.013820314259191425,0.06389429280963374,False,insufficient,200,,
388,1922,8.979823721265944,24,200,0.12,0.0819799268161472,0.17234252145226464,False,insufficient,200,,
452,1355,8.979823721265944,64,200,0.32,0.2592653327095053,0.38751898489132125,False,insufficient,200,,
516,788,8.979823721265944,105,200,0.525,0.45597395960896836,0.5930837740575836,False,insufficient,200,,
75,4695,8.979849901204723,0,200,0.0,0.0,0.018845326668962936,False,insufficient,200,,
139,4128,8.979849901204723,0,200,0.0,0.0,0.018845326668962936,False,insufficient,200,,
203,3561,8.979849901204723,0,200,0.0,0.0,0.018845326668962936,False,insufficient,200,,
267,2994,8.979849901204723,2,200,0.01,0.0027466581088489593,0.035721762026734716,False,insufficient,200,,
331,2427,8.979849901204723,6,200,0.03,0.013820314259191425,0.06389429280963374,False,insufficient,200,,
395,1860,8.979849901204723,26,200,0.13,0.09028202253521182,0.18366351919982074,False,insufficient,200,,
459,1293,8.979849901204723,65,200,0.325,0.263915714943814,0.392680149390323,False,insufficient,200,,
523,726,8.979849901204723,107,200,0.535,0.46586646818343785,0.6028143589497348,False,insufficient,200,,
11,5262,8.979849901204725,0,200,0.0,0.0,0.018845326668962936,False,insufficient,200,,
587,159,8.979849901204725,171,200,0.855,0.7995133242038862,0.8971064938611499,False,insufficient,200,,
146,4066,8.979876081143503,0,200,0.0,0.0,0.018845326668962936,False,insufficient,200,,
210,3499,8.979876081143503,1,200,0.005,0.0008831687058453758,0.02777370469642793,False,insufficient,200,,
274,2932,8.979876081143503,2,200,0.01,0.0027466581088489593,0.035721762026734716,False,insufficient,200,,
338,2365,8.979876081143503,6,200,0.03,0.013820314259191425,0.06389429280963374,False,insufficient,200,,
402,1798,8.979876081143503,27,200,0.135,0.09446570427968658,0.18929138418865638,False,insufficient,200,,
466,1231,8.979876081143503,66,200,0.33,0.26857425825421716,0.3978331528132302,False,insufficient,200,,
530,664,8.979876081143503,114,200,0.57,0.5007048770948288,0.6366567771715163,False,insufficient,200,,
594,97,8.979876081143503,510,600,0.85,0.8192063848324036,0.8763404243882004,False,insufficient,600,,
18,5200,8.979876081143505,0,200,0.0,0.0,0.018845326668962936,False,insufficient,200,,
82,4633,8.979876081143505,0,200,0.0,0.0,0.018845326668962936,False,insufficient,200,,
25,5138,8.979902261082284,0,200,0.0,0.0,0.018845326668962936,False,insufficient,200,,
89,4571,8.979902261082284,0,200,0.0,0.0,0.018845326668962936,False,insufficient,200,,
153,4004,8.979902261082284,0,200,0.0,0.0,0.018845326668962936,False,insufficient,200,,
217,3437,8.979902261082284,1,200,0.005,0.0008831687058453758,0.02777370469642793,False,insufficient,200,,
281,2870,8.979902261082284,2,200,0.01,0.0027466581088489593,0.035721762026734716,False,insufficient,200,,
345,2303,8.979902261082284,10,200,0.05,0.027382645473457017,0.08957814852860962,False,insufficient,200,,
409,1736,8.979902261082284,30,200,0.15,0.10713593533492477,0.20605579333334925,False,insufficient,200,,
473,1169,8.979902261082284,72,200,0.36,0.2966919725753122,0.4285847188919973,False,insufficient,200,,
537,602,8.979902261082284,123,200,0.615,0.5459986716511277,0.6796669032150108,False,insufficient,200,,
601,35,8.979902261082284,520,600,0.8666666666666667,0.8371206080084826,0.891547477841674,False,insufficient,600,,
32,5076,8.979928441021064,0,200,0.0,0.0,0.018845326668962936,False,insufficient,200,,
96,4509,8.979928441021064,0,200,0.0,0.0,0.018845326668962936,False,insufficient,200,,
160,3942,8.979928441021064,0,200,0.0,0.0,0.018845326668962936,False,insufficient,200,,
224,3375,8.979928441021064,1,200,0.005,0.0008831687058453758,0.02777370469642793,False,insufficient,200,,
288,2808,8.979928441021064,2,200,0.01,0.0027466581088489593,0.035721762026734716,False,insufficient,200,,
352,2241,8.979928441021064,12,200,0.06,0.03465219410651454,0.10193169336217282,False,insufficient,200,,
416,1674,8.979928441021064,34,200,0.17,0.12427907881439243,0.22815883678712312,False,insufficient,200,,
480,1107,8.979928441021064,74,200,0.37,0.30612608362251653,0.4387737013114137,False,insufficient,200,,
544,540,8.979928441021064,133,200,0.665,0.5970219115283492,0.7267591306708931,False,insufficient,200,,
359,2179,8.979954620959843,14,200,0.07,0.04215217166140097,0.11405480927390717,False,insufficient,200,,
423,1612,8.979954620959843,44,200,0.22,0.1681653832242373,0.2823879997103819,False,insufficient,200,,
487,1045,8.979954620959843,81,200,0.405,0.3393777123306897,0.4742028997364132,False,insufficient,200,,
551,478,8.979954620959843,137,200,0.685,0.6176504385930084,0.7453767905394755,False,insufficient,200,,
39,5014,8.979954620959845,0,200,0.0,0.0,0.018845326668962936,False,insufficient,200,,
103,4447,8.979954620959845,0,200,0.0,0.0,0.018845326668962936,False,insufficient,200,,
167,3880,8.979954620959845,0,200,0.0,0.0,0.018845326668962936,False,insufficient,200,,
231,3313,8.979954620959845,1,200,0.005,0.0008831687058453758,0.02777370469642793,False,insufficient,200,,
295,2746,8.979954620959845,2,200,0.01,0.0027466581088489593,0.035721762026734716,False,insufficient,200,,
46,4952,8.979980800898623,0,200,0.0,0.0,0.018845326668962936,False,insufficient,200,,
110,4385,8.979980800898623,0,200,0.0,0.0,0.018845326668962936,False,insufficient,200,,
174,3818,8.979980800898623,0,200,0.0,0.0,0.018845326668962936,False,insufficient,200,,
238,3251,8.979980800898623,1,200,0.005,0.0008831687058453758,0.02777370469642793,False,insufficient,200,,
302,2684,8.979980800898623,4,200,0.02,0.007804426362159347,0.05028708724004506,False,insufficient,200,,
366,2117,8.979980800898623,15,200,0.075,0.04597491700833055,0.12004361066028794,False,insufficient,200,,
430,1550,8.979980800898623,45,200,0.225,0.17262369678203637,0.2877412328858932,False,insufficient,200,,
494,983,8.979980800898623,92,200,0.46,0.39233051748177505,0.529177108651742,False,insufficient,200,,
558,416,8.979980800898623,157,200,0.785,0.722976925984516,0.8362812378141752,False,insufficient,200,,
565,354,8.980006980837402,161,200,0.805,0.7445595557369519,0.8539447949949808,False,insufficient,200,,
117,4323,8.980006980837404,0,200,0.0,0.0,0.018845326668962936,False,insufficient,200,,
181,3756,8.980006980837404,0,200,0.0,0.0,0.018845326668962936,False,insufficient,200,,
245,3189,8.980006980837404,1,200,0.005,0.0008831687058453758,0.02777370469642793,False,insufficient,200,,
309,2622,8.980006980837404,5,200,0.025,0.010724719583860124,0.05717834075165468,False,insufficient,200,,
373,2055,8.980006980837404,17,200,0.085,0.05374574998400461,0.13189587115123463,False,insufficient,200,,
437,1488,8.980006980837404,52,200,0.26,0.2041383002358024,0.32490745656529973,False,insufficient,200,,
501,921,8.980006980837404,94,200,0.47,0.4020475482110944,0.5390831713890433,False,insufficient,200,,
53,4890,8.980006980837405,0,200,0.0,0.0,0.018845326668962936,False,insufficient,200,,
60,4859,9.031974159315535,0,200,0.0,0.0,0.018845326668962936,False,insufficient,200,,
124,4292,9.031974159315535,0,200,0.0,0.0,0.018845326668962936,False,insufficient,200,,
188,3725,9.031974159315535,2,200,0.01,0.0027466581088489593,0.035721762026734716,False,insufficient,200,,
252,3158,9.031974159315535,4,200,0.02,0.007804426362159347,0.05028708724004506,False,insufficient,200,,
316,2591,9.031974159315535,9,200,0.045,0.02385254288504434,0.08329670438371192,False,insufficient,200,,
380,2024,9.031974159315535,27,200,0.135,0.09446570427968658,0.18929138418865638,False,insufficient,200,,
444,1457,9.031974159315535,61,200,0.305,0.2453641558726048,0.3719855215282907,False,insufficient,200,,
508,890,9.031974159315535,100,200,0.5,0.43136085907267824,0.5686391409273218,False,insufficient,200,,
572,323,9.031974159315535,155,200,0.775,0.7122587671141067,0.8273763032179636,False,insufficient,200,,
3,5364,9.032000339254315,0,200,0.0,0.0,0.018845326668962936,False,insufficient,200,,
67,4797,9.032000339254315,0,200,0.0,0.0,0.018845326668962936,False,insufficient,200,,
131,4230,9.032000339254315,1,200,0.005,0.0008831687058453758,0.02777370469642793,False,insufficient,200,,
195,3663,9.032000339254315,2,200,0.01,0.0027466581088489593,0.035721762026734716,False,insufficient,200,,
259,3096,9.032000339254315,4,200,0.02,0.007804426362159347,0.05028708724004506,False,insufficient,200,,
323,2529,9.032000339254315,9,200,0.045,0.02385254288504434,0.08329670438371192,False,insufficient,200,,
387,1962,9.032000339254315,30,200,0.15,0.10713593533492477,0.20605579333334925,False,insufficient,200,,
451,1395,9.032000339254315,63,200,0.315,0.2546232094605245,0.38234956140699167,False,insufficient,200,,
515,828,9.032000339254315,108,200,0.54,0.4708228913482581,0.607669482518225,False,insufficient,200,,
579,261,9.032000339254315,160,200,0.8,0.7391448129154138,0.8495479910832086,False,insufficient,200,,
394,1900,9.032026519193094,33,200,0.165,0.11996855297651625,0.22265781589168893,False,insufficient,200,,
458,1333,9.032026519193094,67,200,0.335,0.27324086932910685,0.4029780884716509,False,insufficient,200,,
522,766,9.032026519193094,116,200,0.58,0.5107207388477095,0.6462640088852564,False,insufficient,200,,
586,199,9.032026519193094,164,200,0.82,0.7608852492032754,0.8670537417285882,False,insufficient,200,,
10,5302,9.032026519193096,0,200,0.0,0.0,0.018845326668962936,False,insufficient,200,,
74,4735,9.032026519193096,0,200,0.0,0.0,0.018845326668962936,False,insufficient,200,,
138,4168,9.032026519193096,1,200,0.005,0.0008831687058453758,0.02777370469642793,False,insufficient,200,,
202,3601,9.032026519193096,2,200,0.01,0.0027466581088489593,0.035721762026734716,False,insufficient,200,,
266,3034,9.032026519193096,6,200,0.03,0.013820314259191425,0.06389429280963374,False,insufficient,200,,
330,2467,9.032026519193096,9,200,0.045,0.02385254288504434,0.08329670438371192,False,insufficient,200,,
17,5240,9.032052699131874,0,200,0.0,0.0,0.018845326668962936,False,insufficient,200,,
81,4673,9.032052699131874,0,200,0.0,0.0,0.018845326668962936,False,insufficient,200,,
145,4106,9.032052699131874,1,200,0.005,0.0008831687058453758,0.02777370469642793,False,insufficient,200,,
209,3539,9.032052699131874,2,200,0.01,0.0027466581088489593,0.035721762026734716,False,insufficient,200,,
273,2972,9.032052699131874,6,200,0.03,0.013820314259191425,0.06389429280963374,False,insufficient,200,,
337,2405,9.032052699131874,11,200,0.055,0.03098534156570805,0.09578699916966896,False,insufficient,200,,
401,1838,9.032052699131874,36,200,0.18,0.13294625827141174,0.2391147507967245,False,insufficient,200,,
465,1271,9.032052699131874,70,200,0.35,0.28728824080917403,0.4183653571915147,False,insufficient,200,,
529,704,9.032052699131874,124,200,0.62,0.5510671796046104,0.6844099419948385,False,insufficient,200,,
593,137,9.032052699131874,170,200,0.85,0.7939442066666507,0.8928640646650752,False,insufficient,200,,
280,2910,9.032078879070653,6,200,0.03,0.013820314259191425,0.06389429280963374,False,insufficient,200,,
344,2343,9.032078879070653,12,200,0.06,0.03465219410651454,0.10193169336217282,False,insufficient,200,,
408,1776,9.032078879070653,38,200,0.19,0.1416717149442203,0.25001238759053673,False,insufficient,200,,
472,1209,9.032078879070653,73,200,0.365,0.30140526417602626,0.4336829740245936,False,insufficient,200,,
536,642,9.032078879070653,129,200,0.645,0.5765211302029042,0.7080137250630966,False,insufficient,200,,
600,75,9.032078879070653,170,200,0.85,0.7939442066666507,0.8928640646650752,False,insufficient,200,,
24,5178,9.032078879070655,0,200,0.0,0.0,0.018845326668962936,False,insufficient,200,,
88,4611,9.032078879070655,0,200,0.0,0.0,0.018845326668962936,False,insufficient,200,,
152,4044,9.032078879070655,1,200,0.005,0.0008831687058453758,0.02777370469642793,False,insufficient,200,,
216,3477,9.032078879070655,2,200,0.01,0.0027466581088489593,0.035721762026734716,False,insufficient,200,,
31,5116,9.032105059009433,0,200,0.0,0.0,0.018845326668962936,False,insufficient,200,,
543,580,9.032105059009433,133,200,0.665,0.5970219115283492,0.7267591306708931,False,insufficient,200,,
607,13,9.032105059009433,3595,4000,0.89875,0.8890157265450942,0.9077191174193097,False,crossing,4000,crossing,4000
95,4549,9.032105059009435,0,200,0.0,0.0,0.018845326668962936,False,insufficient,200,,
159,3982,9.032105059009435,1,200,0.005,0.0008831687058453758,0.02777370469642793,False,insufficient,200,,
223,3415,9.032105059009435,2,200,0.01,0.0027466581088489593,0.035721762026734716,False,insufficient,200,,
287,2848,9.032105059009435,6,200,0.03,0.013820314259191425,0.06389429280963374,False,insufficient,200,,
351,2281,9.032105059009435,16,200,0.08,0.04984058570487163,0.12598948869705726,False,insufficient,200,,
415,1714,9.032105059009435,41,200,0.205,0.15486176168906182,0.2662569810456263,False,insufficient,200,,
479,1147,9.032105059009435,78,200,0.39,0.3250834308878392,0.4590625409793326,False,insufficient,200,,
102,4487,9.032131238948214,0,200,0.0,0.0,0.018845326668962936,False,insufficient,200,,
166,3920,9.032131238948214,1,200,0.005,0.0008831687058453758,0.02777370469642793,False,insufficient,200,,
230,3353,9.032131238948214,3,200,0.015,0.005114237753504754,0.043165729115389295,False,insufficient,200,,
294,2786,9.032131238948214,7,200,0.035,0.01705554191525804,0.0704706118868775,False,insufficient,200,,
358,2219,9.032131238948214,21,200,0.105,0.06970748770124899,0.15518032036723173,False,insufficient,200,,
422,1652,9.032131238948214,45,200,0.225,0.17262369678203637,0.2877412328858932,False,insufficient,200,,
486,1085,9.032131238948214,83,200,0.415,0.34894285399844827,0.4842608515352753,False,insufficient,200,,
38,5054,9.032131238948216,0,200,0.0,0.0,0.018845326668962936,False,insufficient,200,,
550,518,9.032131238948216,137,200,0.685,0.6176504385930084,0.7453767905394755,False,insufficient,200,,
45,4992,9.032157418886994,0,200,0.0,0.0,0.018845326668962936,False,insufficient,200,,
109,4425,9.032157418886994,0,200,0.0,0.0,0.018845326668962936,False,insufficient,200,,
173,3858,9.032157418886994,1,200,0.005,0.0008831687058453758,0.02777370469642793,False,insufficient,200,,
237,3291,9.032157418886994,4,200,0.02,0.007804426362159347,0.05028708724004506,False,insufficient,200,,
301,2724,9.032157418886994,7,200,0.035,0.01705554191525804,0.0704706118868775,False,insufficient,200,,
365,2157,9.032157418886994,23,200,0.115,0.07786373208518774,0.16664716944991373,False,insufficient,200,,
429,1590,9.032157418886994,50,200,0.25,0.195081679676731,0.3143409836577504,False,insufficient,200,,
493,1023,9.032157418886994,89,200,0.445,0.377806009517404,0.5142669764161818,False,insufficient,200,,
557,456,9.032157418886994,143,200,0.715,0.6488465391585686,0.7730499703737773,False,insufficient,200,,
52,4930,9.032183598825775,0,200,0.0,0.0,0.018845326668962936,False,insufficient,200,,
116,4363,9.032183598825775,0,200,0.0,0.0,0.018845326668962936,False,insufficient,200,,
180,3796,9.032183598825775,2,200,0.01,0.0027466581088489593,0.035721762026734716,False,insufficient,200,,
244,3229,9.032183598825775,4,200,0.02,0.007804426362159347,0.05028708724004506,False,insufficient,200,,
308,2662,9.032183598825775,9,200,0.045,0.02385254288504434,0.08329670438371192,False,insufficient,200,,
372,2095,9.032183598825775,25,200,0.125,0.0861197445025044,0.1780142504992178,False,insufficient,200,,
436,1528,9.032183598825775,54,200,0.27,0.2132344977387029,0.33543435252902004,False,insufficient,200,,
500,961,9.032183598825775,93,200,0.465,0.3971856410502652,0.5341335318165621,False,insufficient,200,,
564,394,9.032183598825775,152,200,0.76,0.6962665896736326,0.8139338404585067,False,insufficient,200,,
123,4301,9.032209778764553,0,200,0.0,0.0,0.018845326668962936,False,insufficient,200,,
187,3734,9.032209778764553,2,200,0.01,0.0027466581088489593,0.035721762026734716,False,insufficient,200,,
251,3167,9.032209778764553,4,200,0.02,0.007804426362159347,0.05028708724004506,False,insufficient,200,,
315,2600,9.032209778764553,9,200,0.045,0.02385254288504434,0.08329670438371192,False,insufficient,200,,
379,2033,9.032209778764553,27,200,0.135,0.09446570427968658,0.18929138418865638,False,insufficient,200,,
443,1466,9.032209778764553,60,200,0.3,0.24074744639257037,0.3667906842750147,False,insufficient,200,,
507,899,9.032209778764553,99,200,0.495,0.4264584530693174,0.5637300001973722,False,insufficient,200,,
571,332,9.032209778764553,154,200,0.77,0.7069169558159164,0.8229065677828437,False,insufficient,200,,
59,4868,9.032209778764555,0,200,0.0,0.0,0.018845326668962936,False,insufficient,200,,
2,5373,9.032235958703334,0,200,0.0,0.0,0.018845326668962936,False,insufficient,200,,
66,4806,9.032235958703334,0,200,0.0,0.0,0.018845326668962936,False,insufficient,200,,
130,4239,9.032235958703334,1,200,0.005,0.0008831687058453758,0.02777370469642793,False,insufficient,200,,
194,3672,9.032235958703334,2,200,0.01,0.0027466581088489593,0.035721762026734716,False,insufficient,200,,
258,3105,9.032235958703334,4,200,0.02,0.007804426362159347,0.05028708724004506,False,insufficient,200,,
322,2538,9.032235958703334,9,200,0.045,0.02385254288504434,0.08329670438371192,False,insufficient,200,,
386,1971,9.032235958703334,30,200,0.15,0.10713593533492477,0.20605579333334925,False,insufficient,200,,
450,1404,9.032235958703334,62,200,0.31,0.2499894479224967,0.37717177621170916,False,insufficient,200,,
514,837,9.032235958703334,108,200,0.54,0.4708228913482581,0.607669482518225,False,insufficient,200,,
578,270,9.032235958703334,160,200,0.8,0.7391448129154138,0.8495479910832086,False,insufficient,200,,
585,208,9.032262138642112,163,200,0.815,0.755429371876425,0.8626980723221283,False,insufficient,200,,
9,5311,9.032262138642114,0,200,0.0,0.0,0.018845326668962936,False,insufficient,200,,
73,4744,9.032262138642114,0,200,0.0,0.0,0.018845326668962936,False,insufficient,200,,
137,4177,9.032262138642114,1,200,0.005,0.0008831687058453758,0.02777370469642793,False,insufficient,200,,
201,3610,9.032262138642114,2,200,0.01,0.0027466581088489593,0.035721762026734716,False,insufficient,200,,
265,3043,9.032262138642114,4,200,0.02,0.007804426362159347,0.05028708724004506,False,insufficient,200,,
329,2476,9.032262138642114,9,200,0.045,0.02385254288504434,0.08329670438371192,False,insufficient,200,,
393,1909,9.032262138642114,33,200,0.165,0.11996855297651625,0.22265781589168893,False,insufficient,200,,
457,1342,9.032262138642114,66,200,0.33,0.26857425825421716,0.3978331528132302,False,insufficient,200,,
521,775,9.032262138642114,115,200,0.575,0.505709325931126,0.6414638750685293,False,insufficient,200,,
16,5249,9.032288318580893,0,200,0.0,0.0,0.018845326668962936,False,insufficient,200,,
144,4115,9.032288318580893,1,200,0.005,0.0008831687058453758,0.02777370469642793,False,insufficient,200,,
208,3548,9.032288318580893,2,200,0.01,0.0027466581088489593,0.035721762026734716,False,insufficient,200,,
272,2981,9.032288318580893,6,200,0.03,0.013820314259191425,0.06389429280963374,False,insufficient,200,,
336,2414,9.032288318580893,11,200,0.055,0.03098534156570805,0.09578699916966896,False,insufficient,200,,
400,1847,9.032288318580893,36,200,0.18,0.13294625827141174,0.2391147507967245,False,insufficient,200,,
464,1280,9.032288318580893,69,200,0.345,0.2825979433061415,0.41324410796123684,False,insufficient,200,,
528,713,9.032288318580893,123,200,0.615,0.5459986716511277,0.6796669032150108,False,insufficient,200,,
80,4682,9.032288318580894,0,200,0.0,0.0,0.018845326668962936,False,insufficient,200,,
592,146,9.032288318580894,167,200,0.835,0.777342184108311,0.8800314470234837,False,insufficient,200,,
215,3486,9.032314498519673,2,200,0.01,0.0027466581088489593,0.035721762026734716,False,insufficient,200,,
279,2919,9.032314498519673,6,200,0.03,0.013820314259191425,0.06389429280963374,False,insufficient,200,,
343,2352,9.032314498519673,12,200,0.06,0.03465219410651454,0.10193169336217282,False,insufficient,200,,
407,1785,9.032314498519673,37,200,0.185,0.1373019276778717,0.24457062812357494,False,insufficient,200,,
471,1218,9.032314498519673,73,200,0.365,0.30140526417602626,0.4336829740245936,False,insufficient,200,,
535,651,9.032314498519673,127,200,0.635,0.5663170259754063,0.6985947358239737,False,insufficient,200,,
23,5187,9.032314498519675,0,200,0.0,0.0,0.018845326668962936,False,insufficient,200,,
87,4620,9.032314498519675,0,200,0.0,0.0,0.018845326668962936,False,insufficient,200,,
151,4053,9.032314498519675,1,200,0.005,0.0008831687058453758,0.02777370469642793,False,insufficient,200,,
599,84,9.032314498519675,170,200,0.85,0.7939442066666507,0.8928640646650752,False,insufficient,200,,
30,5125,9.032340678458453,0,200,0.0,0.0,0.018845326668962936,False,insufficient,200,,
94,4558,9.032340678458453,0,200,0.0,0.0,0.018845326668962936,False,insufficient,200,,
158,3991,9.032340678458453,1,200,0.005,0.0008831687058453758,0.02777370469642793,False,insufficient,200,,
222,3424,9.032340678458453,2,200,0.01,0.0027466581088489593,0.035721762026734716,False,insufficient,200,,
286,2857,9.032340678458453,6,200,0.03,0.013820314259191425,0.06389429280963374,False,insufficient,200,,
350,2290,9.032340678458453,15,200,0.075,0.04597491700833055,0.12004361066028794,False,insufficient,200,,
414,1723,9.032340678458453,41,200,0.205,0.15486176168906182,0.2662569810456263,False,insufficient,200,,
478,1156,9.032340678458453,78,200,0.39,0.3250834308878392,0.4590625409793326,False,insufficient,200,,
542,589,9.032340678458453,133,200,0.665,0.5970219115283492,0.7267591306708931,False,insufficient,200,,
606,22,9.032340678458453,3588,4000,0.897,0.8871963089367354,0.9060418930792352,False,crossing,4000,crossing,4000
37,5063,9.032366858397234,0,200,0.0,0.0,0.018845326668962936,False,insufficient,200,,
101,4496,9.032366858397234,0,200,0.0,0.0,0.018845326668962936,False,insufficient,200,,
165,3929,9.032366858397234,1,200,0.005,0.0008831687058453758,0.02777370469642793,False,insufficient,200,,
229,3362,9.032366858397234,3,200,0.015,0.005114237753504754,0.043165729115389295,False,insufficient,200,,
293,2795,9.032366858397234,7,200,0.035,0.01705554191525804,0.0704706118868775,False,insufficient,200,,
357,2228,9.032366858397234,21,200,0.105,0.06970748770124899,0.15518032036723173,False,insufficient,200,,
421,1661,9.032366858397234,45,200,0.225,0.17262369678203637,0.2877412328858932,False,insufficient,200,,
485,1094,9.032366858397234,83,200,0.415,0.34894285399844827,0.4842608515352753,False,insufficient,200,,
549,527,9.032366858397234,136,200,0.68,0.6124810151086787,0.7407346672904946,False,insufficient,200,,
364,2166,9.032393038336012,23,200,0.115,0.07786373208518774,0.16664716944991373,False,insufficient,200,,
428,1599,9.032393038336012,50,200,0.25,0.195081679676731,0.3143409836577504,False,insufficient,200,,
492,1032,9.032393038336012,88,200,0.44,0.3729781920017676,0.5092832471985078,False,insufficient,200,,
556,465,9.032393038336012,143,200,0.715,0.6488465391585686,0.7730499703737773,False,insufficient,200,,
44,5001,9.032393038336014,0,200,0.0,0.0,0.018845326668962936,False,insufficient,200,,
108,4434,9.032393038336014,0,200,0.0,0.0,0.018845326668962936,False,insufficient,200,,
172,3867,9.032393038336014,1,200,0.005,0.0008831687058453758,0.02777370469642793,False,insufficient,200,,
236,3300,9.032393038336014,4,200,0.02,0.007804426362159347,0.05028708724004506,False,insufficient,200,,
300,2733,9.032393038336014,7,200,0.035,0.01705554191525804,0.0704706118868775,False,insufficient,200,,
51,4939,9.032419218274793,0,200,0.0,0.0,0.018845326668962936,False,insufficient,200,,
115,4372,9.032419218274793,0,200,0.0,0.0,0.018845326668962936,False,insufficient,200,,
179,3805,9.032419218274793,2,200,0.01,0.0027466581088489593,0.035721762026734716,False,insufficient,200,,
243,3238,9.032419218274793,4,200,0.02,0.007804426362159347,0.05028708724004506,False,insufficient,200,,
307,2671,9.032419218274793,9,200,0.045,0.02385254288504434,0.08329670438371192,False,insufficient,200,,
371,2104,9.032419218274793,23,200,0.115,0.07786373208518774,0.16664716944991373,False,insufficient,200,,
435,1537,9.032419218274793,54,200,0.27,0.2132344977387029,0.33543435252902004,False,insufficient,200,,
499,970,9.032419218274793,93,200,0.465,0.3971856410502652,0.5341335318165621,False,insufficient,200,,
563,403,9.032419218274793,152,200,0.76,0.6962665896736326,0.8139338404585067,False,insufficient,200,,
570,341,9.032445398213572,154,200,0.77,0.7069169558159164,0.8229065677828437,False,insufficient,200,,
58,4877,9.032445398213573,0,200,0.0,0.0,0.018845326668962936,False,insufficient,200,,
122,4310,9.032445398213573,0,200,0.0,0.0,0.018845326668962936,False,insufficient,200,,
186,3743,9.032445398213573,2,200,0.01,0.0027466581088489593,0.035721762026734716,False,insufficient,200,,
250,3176,9.032445398213573,4,200,0.02,0.007804426362159347,0.05028708724004506,False,insufficient,200,,
314,2609,9.032445398213573,9,200,0.045,0.02385254288504434,0.08329670438371192,False,insufficient,200,,
378,2042,9.032445398213573,27,200,0.135,0.09446570427968658,0.18929138418865638,False,insufficient,200,,
442,1475,9.032445398213573,58,200,0.29,0.23154025564693195,0.3563747815540324,False,insufficient,200,,
506,908,9.032445398213573,99,200,0.495,0.4264584530693174,0.5637300001973722,False,insufficient,200,,
1,5382,9.032471578152354,0,200,0.0,0.0,0.018845326668962936,False,insufficient,200,,
65,4815,9.032471578152354,0,200,0.0,0.0,0.018845326668962936,False,insufficient,200,,
129,4248,9.032471578152354,1,200,0.005,0.0008831687058453758,0.02777370469642793,False,insufficient,200,,
193,3681,9.032471578152354,2,200,0.01,0.0027466581088489593,0.035721762026734716,False,insufficient,200,,
257,3114,9.032471578152354,4,200,0.02,0.007804426362159347,0.05028708724004506,False,insufficient,200,,
321,2547,9.032471578152354,9,200,0.045,0.02385254288504434,0.08329670438371192,False,insufficient,200,,
385,1980,9.032471578152354,30,200,0.15,0.10713593533492477,0.20605579333334925,False,insufficient,200,,
449,1413,9.032471578152354,62,200,0.31,0.2499894479224967,0.37717177621170916,False,insufficient,200,,
513,846,9.032471578152354,107,200,0.535,0.46586646818343785,0.6028143589497348,False,insufficient,200,,
577,279,9.032471578152354,160,200,0.8,0.7391448129154138,0.8495479910832086,False,insufficient,200,,
200,3619,9.032497758091132,2,200,0.01,0.0027466581088489593,0.035721762026734716,False,insufficient,200,,
264,3052,9.032497758091132,4,200,0.02,0.007804426362159347,0.05028708724004506,False,insufficient,200,,
328,2485,9.032497758091132,9,200,0.045,0.02385254288504434,0.08329670438371192,False,insufficient,200,,
456,1351,9.032497758091132,66,200,0.33,0.26857425825421716,0.3978331528132302,False,insufficient,200,,
520,784,9.032497758091132,115,200,0.575,0.505709325931126,0.6414638750685293,False,insufficient,200,,
8,5320,9.032497758091134,0,200,0.0,0.0,0.018845326668962936,False,insufficient,200,,
72,4753,9.032497758091134,0,200,0.0,0.0,0.018845326668962936,False,insufficient,200,,
136,4186,9.032497758091134,1,200,0.005,0.0008831687058453758,0.02777370469642793,False,insufficient,200,,
392,1918,9.032497758091134,33,200,0.165,0.11996855297651625,0.22265781589168893,False,insufficient,200,,
584,217,9.032497758091134,163,200,0.815,0.755429371876425,0.8626980723221283,False,insufficient,200,,
15,5258,9.032523938029913,0,200,0.0,0.0,0.018845326668962936,False,insufficient,200,,
79,4691,9.032523938029913,0,200,0.0,0.0,0.018845326668962936,False,insufficient,200,,
335,2423,9.032523938029913,11,200,0.055,0.03098534156570805,0.09578699916966896,False,insufficient,200,,
399,1856,9.032523938029913,36,200,0.18,0.13294625827141174,0.2391147507967245,False,insufficient,200,,
463,1289,9.032523938029913,68,200,0.34,0.2779154592508567,0.4081150452832114,False,insufficient,200,,
527,722,9.032523938029913,123,200,0.615,0.5459986716511277,0.6796669032150108,False,insufficient,200,,
591,155,9.032523938029913,166,200,0.83,0.7718411632128768,0.8757209211856076,False,insufficient,200,,
143,4124,9.032523938029914,1,200,0.005,0.0008831687058453758,0.02777370469642793,False,insufficient,200,,
207,3557,9.032523938029914,2,200,0.01,0.0027466581088489593,0.035721762026734716,False,insufficient,200,,
271,2990,9.032523938029914,6,200,0.03,0.013820314259191425,0.06389429280963374,False,insufficient,200,,
22,5196,9.032550117968693,0,200,0.0,0.0,0.018845326668962936,False,insufficient,200,,
86,4629,9.032550117968693,0,200,0.0,0.0,0.018845326668962936,False,insufficient,200,,
150,4062,9.032550117968693,1,200,0.005,0.0008831687058453758,0.02777370469642793,False,insufficient,200,,
214,3495,9.032550117968693,2,200,0.01,0.0027466581088489593,0.035721762026734716,False,insufficient,200,,
278,2928,9.032550117968693,6,200,0.03,0.013820314259191425,0.06389429280963374,False,insufficient,200,,
342,2361,9.032550117968693,11,200,0.055,0.03098534156570805,0.09578699916966896,False,insufficient,200,,
406,1794,9.032550117968693,37,200,0.185,0.1373019276778717,0.24457062812357494,False,insufficient,200,,
470,1227,9.032550117968693,73,200,0.365,0.30140526417602626,0.4336829740245936,False,insufficient,200,,
534,660,9.032550117968693,126,200,0.63,0.5612262986885862,0.6938739163774834,False,insufficient,200,,
598,93,9.032550117968693,170,200,0.85,0.7939442066666507,0.8928640646650752,False,insufficient,200,,
285,2866,9.032576297907472,6,200,0.03,0.013820314259191425,0.06389429280963374,False,insufficient,200,,
349,2299,9.032576297907472,14,200,0.07,0.04215217166140097,0.11405480927390717,False,insufficient,200,,
413,1732,9.032576297907472,41,200,0.205,0.15486176168906182,0.2662569810456263,False,insufficient,200,,
477,1165,9.032576297907472,76,200,0.38,0.31559005800516143,0.44893282039538956,False,insufficient,200,,
541,598,9.032576297907472,133,200,0.665,0.5970219115283492,0.7267591306708931,False,insufficient,200,,
605,31,9.032576297907472,171,200,0.855,0.7995133242038862,0.8971064938611499,False,insufficient,200,,
29,5134,9.032576297907474,0,200,0.0,0.0,0.018845326668962936,False,insufficient,200,,
93,4567,9.032576297907474,0,200,0.0,0.0,0.018845326668962936,False,insufficient,200,,
157,4000,9.032576297907474,1,200,0.005,0.0008831687058453758,0.02777370469642793,False,insufficient,200,,
221,3433,9.032576297907474,2,200,0.01,0.0027466581088489593,0.035721762026734716,False,insufficient,200,,
36,5072,9.032602477846252,0,200,0.0,0.0,0.018845326668962936,False,insufficient,200,,
100,4505,9.032602477846252,0,200,0.0,0.0,0.018845326668962936,False,insufficient,200,,
484,1103,9.032602477846252,80,200,0.4,0.3346057851761492,0.46916328015764336,False,insufficient,200,,
548,536,9.032602477846252,135,200,0.675,0.607319850609677,0.7360842850561861,False,insufficient,200,,
164,3938,9.032602477846254,1,200,0.005,0.0008831687058453758,0.02777370469642793,False,insufficient,200,,
228,3371,9.032602477846254,3,200,0.015,0.005114237753504754,0.043165729115389295,False,insufficient,200,,
292,2804,9.032602477846254,7,200,0.035,0.01705554191525804,0.0704706118868775,False,insufficient,200,,
356,2237,9.032602477846254,20,200,0.1,0.06567044845124732,0.14940581288392302,False,insufficient,200,,
420,1670,9.032602477846254,44,200,0.22,0.1681653832242373,0.2823879997103819,False,insufficient,200,,
43,5010,9.032628657785033,0,200,0.0,0.0,0.018845326668962936,False,insufficient,200,,
107,4443,9.032628657785033,0,200,0.0,0.0,0.018845326668962936,False,insufficient,200,,
171,3876,9.032628657785033,1,200,0.005,0.0008831687058453758,0.02777370469642793,False,insufficient,200,,
235,3309,9.032628657785033,4,200,0.02,0.007804426362159347,0.05028708724004506,False,insufficient,200,,
299,2742,9.032628657785033,7,200,0.035,0.01705554191525804,0.0704706118868775,False,insufficient,200,,
363,2175,9.032628657785033,23,200,0.115,0.07786373208518774,0.16664716944991373,False,insufficient,200,,
427,1608,9.032628657785033,48,200,0.24,0.1860661595414933,0.3037334103263674,False,insufficient,200,,
491,1041,9.032628657785033,87,200,0.435,0.36815725451898934,0.5042926379479759,False,insufficient,200,,
555,474,9.032628657785033,143,200,0.715,0.6488465391585686,0.7730499703737773,False,insufficient,200,,
306,2680,9.032654837723811,9,200,0.045,0.02385254288504434,0.08329670438371192,False,insufficient,200,,
370,2113,9.032654837723811,23,200,0.115,0.07786373208518774,0.16664716944991373,False,insufficient,200,,
434,1546,9.032654837723811,54,200,0.27,0.2132344977387029,0.33543435252902004,False,insufficient,200,,
498,979,9.032654837723811,93,200,0.465,0.3971856410502652,0.5341335318165621,False,insufficient,200,,
50,4948,9.032654837723813,0,200,0.0,0.0,0.018845326668962936,False,insufficient,200,,
114,4381,9.032654837723813,0,200,0.0,0.0,0.018845326668962936,False,insufficient,200,,
178,3814,9.032654837723813,1,200,0.005,0.0008831687058453758,0.02777370469642793,False,insufficient,200,,
242,3247,9.032654837723813,4,200,0.02,0.007804426362159347,0.05028708724004506,False,insufficient,200,,
562,412,9.032654837723813,149,200,0.745,0.6803707412567906,0.8003950486754174,False,insufficient,200,,
185,3752,9.032681017662592,2,200,0.01,0.0027466581088489593,0.035721762026734716,False,insufficient,200,,
249,3185,9.032681017662592,4,200,0.02,0.007804426362159347,0.05028708724004506,False,insufficient,200,,
57,4886,9.032681017662593,0,200,0.0,0.0,0.018845326668962936,False,insufficient,200,,
121,4319,9.032681017662593,0,200,0.0,0.0,0.018845326668962936,False,insufficient,200,,
313,2618,9.032681017662593,9,200,0.045,0.02385254288504434,0.08329670438371192,False,insufficient,200,,
377,2051,9.032681017662593,27,200,0.135,0.09446570427968658,0.18929138418865638,False,insufficient,200,,
441,1484,9.032681017662593,58,200,0.29,0.23154025564693195,0.3563747815540324,False,insufficient,200,,
505,917,9.032681017662593,99,200,0.495,0.4264584530693174,0.5637300001973722,False,insufficient,200,,
569,350,9.032681017662593,154,200,0.77,0.7069169558159164,0.8229065677828437,False,insufficient,200,,
0,5391,9.032707197601372,0,200,0.0,0.0,0.018845326668962936,False,insufficient,200,,
64,4824,9.032707197601372,0,200,0.0,0.0,0.018845326668962936,False,insufficient,200,,
128,4257,9.032707197601372,1,200,0.005,0.0008831687058453758,0.02777370469642793,False,insufficient,200,,
192,3690,9.032707197601372,2,200,0.01,0.0027466581088489593,0.035721762026734716,False,insufficient,200,,
256,3123,9.032707197601372,4,200,0.02,0.007804426362159347,0.05028708724004506,False,insufficient,200,,
320,2556,9.032707197601372,9,200,0.045,0.02385254288504434,0.08329670438371192,False,insufficient,200,,
384,1989,9.032707197601372,29,200,0.145,0.10289350613885,0.20048667579611365,False,insufficient,200,,
448,1422,9.032707197601372,62,200,0.31,0.2499894479224967,0.37717177621170916,False,insufficient,200,,
512,855,9.032707197601372,105,200,0.525,0.45597395960896836,0.5930837740575836,False,insufficient,200,,
576,288,9.032707197601372,160,200,0.8,0.7391448129154138,0.8495479910832086,False,insufficient,200,,
7,5329,9.032733377540152,0,200,0.0,0.0,0.018845326668962936,False,insufficient,200,,
71,4762,9.032733377540152,0,200,0.0,0.0,0.018845326668962936,False,insufficient,200,,
135,4195,9.032733377540152,1,200,0.005,0.0008831687058453758,0.02777370469642793,False,insufficient,200,,
199,3628,9.032733377540152,2,200,0.01,0.0027466581088489593,0.035721762026734716,False,insufficient,200,,
263,3061,9.032733377540152,4,200,0.02,0.007804426362159347,0.05028708724004506,False,insufficient,200,,
327,2494,9.032733377540152,10,200,0.05,0.027382645473457017,0.08957814852860962,False,insufficient,200,,
391,1927,9.032733377540152,33,200,0.165,0.11996855297651625,0.22265781589168893,False,insufficient,200,,
455,1360,9.032733377540152,66,200,0.33,0.26857425825421716,0.3978331528132302,False,insufficient,200,,
519,793,9.032733377540152,114,200,0.57,0.5007048770948288,0.6366567771715163,False,insufficient,200,,
583,226,9.032733377540152,163,200,0.815,0.755429371876425,0.8626980723221283,False,insufficient,200,,
590,164,9.032759557478931,165,200,0.825,0.7663556880107202,0.8713948496544538,False,insufficient,200,,
14,5267,9.032759557478933,0,200,0.0,0.0,0.018845326668962936,False,insufficient,200,,
78,4700,9.032759557478933,0,200,0.0,0.0,0.018845326668962936,False,insufficient,200,,
142,4133,9.032759557478933,1,200,0.005,0.0008831687058453758,0.02777370469642793,False,insufficient,200,,
206,3566,9.032759557478933,2,200,0.01,0.0027466581088489593,0.035721762026734716,False,insufficient,200,,
270,2999,9.032759557478933,6,200,0.03,0.013820314259191425,0.06389429280963374,False,insufficient,200,,
334,2432,9.032759557478933,11,200,0.055,0.03098534156570805,0.09578699916966896,False,insufficient,200,,
398,1865,9.032759557478933,35,200,0.175,0.1286051503455461,0.23364431198927976,False,insufficient,200,,
462,1298,9.032759557478933,67,200,0.335,0.27324086932910685,0.4029780884716509,False,insufficient,200,,
526,731,9.032759557478933,122,200,0.61,0.5409374590206674,0.6749165691121608,False,insufficient,200,,
21,5205,9.032785737417711,0,200,0.0,0.0,0.018845326668962936,False,insufficient,200,,
85,4638,9.032785737417711,0,200,0.0,0.0,0.018845326668962936,False,insufficient,200,,
149,4071,9.032785737417711,1,200,0.005,0.0008831687058453758,0.02777370469642793,False,insufficient,200,,
213,3504,9.032785737417711,2,200,0.01,0.0027466581088489593,0.035721762026734716,False,insufficient,200,,
277,2937,9.032785737417711,6,200,0.03,0.013820314259191425,0.06389429280963374,False,insufficient,200,,
341,2370,9.032785737417711,11,200,0.055,0.03098534156570805,0.09578699916966896,False,insufficient,200,,
405,1803,9.032785737417711,37,200,0.185,0.1373019276778717,0.24457062812357494,False,insufficient,200,,
469,1236,9.032785737417711,72,200,0.36,0.2966919725753122,0.4285847188919973,False,insufficient,200,,
533,669,9.032785737417711,126,200,0.63,0.5612262986885862,0.6938739163774834,False,insufficient,200,,
597,102,9.032785737417711,170,200,0.85,0.7939442066666507,0.8928640646650752,False,insufficient,200,,
92,4576,9.032811917356492,0,200,0.0,0.0,0.018845326668962936,False,insufficient,200,,
156,4009,9.032811917356492,1,200,0.005,0.0008831687058453758,0.02777370469642793,False,insufficient,200,,
220,3442,9.032811917356492,2,200,0.01,0.0027466581088489593,0.035721762026734716,False,insufficient,200,,
284,2875,9.032811917356492,6,200,0.03,0.013820314259191425,0.06389429280963374,False,insufficient,200,,
348,2308,9.032811917356492,13,200,0.065,0.03837635449161451,0.10801907971038324,False,insufficient,200,,
412,1741,9.032811917356492,41,200,0.205,0.15486176168906182,0.2662569810456263,False,insufficient,200,,
476,1174,9.032811917356492,74,200,0.37,0.30612608362251653,0.4387737013114137,False,insufficient,200,,
540,607,9.032811917356492,133,200,0.665,0.5970219115283492,0.7267591306708931,False,insufficient,200,,
604,40,9.032811917356492,171,200,0.855,0.7995133242038862,0.8971064938611499,False,insufficient,200,,
28,5143,9.032811917356494,0,200,0.0,0.0,0.018845326668962936,False,insufficient,200,,
35,5081,9.032838097295272,0,200,0.0,0.0,0.018845326668962936,False,insufficient,200,,
99,4514,9.032838097295272,0,200,0.0,0.0,0.018845326668962936,False,insufficient,200,,
163,3947,9.032838097295272,1,200,0.005,0.0008831687058453758,0.02777370469642793,False,insufficient,200,,
227,3380,9.032838097295272,3,200,0.015,0.005114237753504754,0.043165729115389295,False,insufficient,200,,
291,2813,9.032838097295272,7,200,0.035,0.01705554191525804,0.0704706118868775,False,insufficient,200,,
355,2246,9.032838097295272,19,200,0.095,0.061663102507449205,0.14360161209441077,False,insufficient,200,,
419,1679,9.032838097295272,43,200,0.215,0.16371876218582487,0.277023074015484,False,insufficient,200,,
483,1112,9.032838097295272,80,200,0.4,0.3346057851761492,0.46916328015764336,False,insufficient,200,,
547,545,9.032838097295272,134,200,0.67,0.6021668471867698,0.7314257417457829,False,insufficient,200,,
170,3885,9.03286427723405,1,200,0.005,0.0008831687058453758,0.02777370469642793,False,insufficient,200,,
234,3318,9.03286427723405,3,200,0.015,0.005114237753504754,0.043165729115389295,False,insufficient,200,,
298,2751,9.03286427723405,7,200,0.035,0.01705554191525804,0.0704706118868775,False,insufficient,200,,
362,2184,9.03286427723405,22,200,0.11,0.07377244436816725,0.16092691043362384,False,insufficient,200,,
426,1617,9.03286427723405,48,200,0.24,0.1860661595414933,0.3037334103263674,False,insufficient,200,,
490,1050,9.03286427723405,86,200,0.43,0.36334322282848375,0.4992951229051709,False,insufficient,200,,
554,483,9.03286427723405,143,200,0.715,0.6488465391585686,0.7730499703737773,False,insufficient,200,,
42,5019,9.032864277234053,0,200,0.0,0.0,0.018845326668962936,False,insufficient,200,,
106,4452,9.032864277234053,0,200,0.0,0.0,0.018845326668962936,False,insufficient,200,,
49,4957,9.032890457172831,0,200,0.0,0.0,0.018845326668962936,False,insufficient,200,,
305,2689,9.032890457172831,9,200,0.045,0.02385254288504434,0.08329670438371192,False,insufficient,200,,
369,2122,9.032890457172831,23,200,0.115,0.07786373208518774,0.16664716944991373,False,insufficient,200,,
433,1555,9.032890457172831,54,200,0.27,0.2132344977387029,0.33543435252902004,False,insufficient,200,,
497,988,9.032890457172831,92,200,0.46,0.39233051748177505,0.529177108651742,False,insufficient,200,,
561,421,9.032890457172831,148,200,0.74,0.6750925434347002,0.7958616997641975,False,insufficient,200,,
113,4390,9.032890457172833,0,200,0.0,0.0,0.018845326668962936,False,insufficient,200,,
177,3823,9.032890457172833,1,200,0.005,0.0008831687058453758,0.02777370469642793,False,insufficient,200,,
241,3256,9.032890457172833,4,200,0.02,0.007804426362159347,0.05028708724004506,False,insufficient,200,,
56,4895,9.032916637111612,0,200,0.0,0.0,0.018845326668962936,False,insufficient,200,,
120,4328,9.032916637111612,0,200,0.0,0.0,0.018845326668962936,False,insufficient,200,,
184,3761,9.032916637111612,2,200,0.01,0.0027466581088489593,0.035721762026734716,False,insufficient,200,,
248,3194,9.032916637111612,4,200,0.02,0.007804426362159347,0.05028708724004506,False,insufficient,200,,
312,2627,9.032916637111612,9,200,0.045,0.02385254288504434,0.08329670438371192,False,insufficient,200,,
376,2060,9.032916637111612,26,200,0.13,0.09028202253521182,0.18366351919982074,False,insufficient,200,,
440,1493,9.032916637111612,55,200,0.275,0.21779700288091797,0.3406833941201153,False,insufficient,200,,
504,926,9.032916637111612,99,200,0.495,0.4264584530693174,0.5637300001973722,False,insufficient,200,,
568,359,9.032916637111612,154,200,0.77,0.7069169558159164,0.8229065677828437,False,insufficient,200,,
575,297,9.03294281705039,156,200,0.78,0.7176120002896181,0.8318346167757626,False,insufficient,200,,
63,4833,9.032942817050392,0,200,0.0,0.0,0.018845326668962936,False,insufficient,200,,
127,4266,9.032942817050392,1,200,0.005,0.0008831687058453758,0.02777370469642793,False,insufficient,200,,
191,3699,9.032942817050392,2,200,0.01,0.0027466581088489593,0.035721762026734716,False,insufficient,200,,
255,3132,9.032942817050392,4,200,0.02,0.007804426362159347,0.05028708724004506,False,insufficient,200,,
319,2565,9.032942817050392,9,200,0.045,0.02385254288504434,0.08329670438371192,False,insufficient,200,,
383,1998,9.032942817050392,28,200,0.14,0.09866982605979482,0.1948988091418585,False,insufficient,200,,
447,1431,9.032942817050392,62,200,0.31,0.2499894479224967,0.37717177621170916,False,insufficient,200,,
511,864,9.032942817050392,105,200,0.525,0.45597395960896836,0.5930837740575836,False,insufficient,200,,
454,1369,9.03296899698917,64,200,0.32,0.2592653327095053,0.38751898489132125,False,insufficient,200,,
518,802,9.03296899698917,114,200,0.57,0.5007048770948288,0.6366567771715163,False,insufficient,200,,
6,5338,9.032968996989172,0,200,0.0,0.0,0.018845326668962936,False,insufficient,200,,
70,4771,9.032968996989172,0,200,0.0,0.0,0.018845326668962936,False,insufficient,200,,
134,4204,9.032968996989172,1,200,0.005,0.0008831687058453758,0.02777370469642793,False,insufficient,200,,
198,3637,9.032968996989172,2,200,0.01,0.0027466581088489593,0.035721762026734716,False,insufficient,200,,
262,3070,9.032968996989172,4,200,0.02,0.007804426362159347,0.05028708724004506,False,insufficient,200,,
326,2503,9.032968996989172,10,200,0.05,0.027382645473457017,0.08957814852860962,False,insufficient,200,,
390,1936,9.032968996989172,32,200,0.16,0.11567412001614788,0.2171407021187469,False,insufficient,200,,
582,235,9.032968996989172,163,200,0.815,0.755429371876425,0.8626980723221283,False,insufficient,200,,
77,4709,9.032995176927951,0,200,0.0,0.0,0.018845326668962936,False,insufficient,200,,
141,4142,9.032995176927951,1,200,0.005,0.0008831687058453758,0.02777370469642793,False,insufficient,200,,
205,3575,9.032995176927951,2,200,0.01,0.0027466581088489593,0.035721762026734716,False,insufficient,200,,
269,3008,9.032995176927951,6,200,0.03,0.013820314259191425,0.06389429280963374,False,insufficient,200,,
333,2441,9.032995176927951,11,200,0.055,0.03098534156570805,0.09578699916966896,False,insufficient,200,,
397,1874,9.032995176927951,35,200,0.175,0.1286051503455461,0.23364431198927976,False,insufficient,200,,
461,1307,9.032995176927951,67,200,0.335,0.27324086932910685,0.4029780884716509,False,insufficient,200,,
525,740,9.032995176927951,121,200,0.605,0.5358834910421801,0.6701589903573376,False,insufficient,200,,
589,173,9.032995176927951,165,200,0.825,0.7663556880107202,0.8713948496544538,False,insufficient,200,,
13,5276,9.032995176927953,0,200,0.0,0.0,0.018845326668962936,False,insufficient,200,,
20,5214,9.033021356866731,0,200,0.0,0.0,0.018845326668962936,False,insufficient,200,,
84,4647,9.033021356866731,0,200,0.0,0.0,0.018845326668962936,False,insufficient,200,,
148,4080,9.033021356866731,1,200,0.005,0.0008831687058453758,0.02777370469642793,False,insufficient,200,,
212,3513,9.033021356866731,2,200,0.01,0.0027466581088489593,0.035721762026734716,False,insufficient,200,,
276,2946,9.033021356866731,6,200,0.03,0.013820314259191425,0.06389429280963374,False,insufficient,200,,
340,2379,9.033021356866731,11,200,0.055,0.03098534156570805,0.09578699916966896,False,insufficient,200,,
404,1812,9.033021356866731,37,200,0.185,0.1373019276778717,0.24457062812357494,False,insufficient,200,,
468,1245,9.033021356866731,72,200,0.36,0.2966919725753122,0.4285847188919973,False,insufficient,200,,
532,678,9.033021356866731,126,200,0.63,0.5612262986885862,0.6938739163774834,False,insufficient,200,,
596,111,9.033021356866731,170,200,0.85,0.7939442066666507,0.8928640646650752,False,insufficient,200,,
603,49,9.03304753680551,171,200,0.855,0.7995133242038862,0.8971064938611499,False,insufficient,200,,
27,5152,9.033047536805512,0,200,0.0,0.0,0.018845326668962936,False,insufficient,200,,
91,4585,9.033047536805512,0,200,0.0,0.0,0.018845326668962936,False,insufficient,200,,
155,4018,9.033047536805512,1,200,0.005,0.0008831687058453758,0.02777370469642793,False,insufficient,200,,
219,3451,9.033047536805512,2,200,0.01,0.0027466581088489593,0.035721762026734716,False,insufficient,200,,
283,2884,9.033047536805512,6,200,0.03,0.013820314259191425,0.06389429280963374,False,insufficient,200,,
347,2317,9.033047536805512,13,200,0.065,0.03837635449161451,0.10801907971038324,False,insufficient,200,,
411,1750,9.033047536805512,39,200,0.195,0.1460552050050192,0.2554404442630482,False,insufficient,200,,
475,1183,9.033047536805512,74,200,0.37,0.30612608362251653,0.4387737013114137,False,insufficient,200,,
539,616,9.033047536805512,132,200,0.66,0.5918849547167886,0.7220845407491433,False,insufficient,200,,
34,5090,9.03307371674429,0,200,0.0,0.0,0.018845326668962936,False,insufficient,200,,
290,2822,9.03307371674429,7,200,0.035,0.01705554191525804,0.0704706118868775,False,insufficient,200,,
354,2255,9.03307371674429,18,200,0.09,0.05768744866037736,0.13776571920817224,False,insufficient,200,,
418,1688,9.03307371674429,43,200,0.215,0.16371876218582487,0.277023074015484,False,insufficient,200,,
482,1121,9.03307371674429,79,200,0.395,0.3298410096426624,0.4641165089578198,False,insufficient,200,,
546,554,9.03307371674429,134,200,0.67,0.6021668471867698,0.7314257417457829,False,insufficient,200,,
98,4523,9.033073716744292,0,200,0.0,0.0,0.018845326668962936,False,insufficient,200,,
162,3956,9.033073716744292,1,200,0.005,0.0008831687058453758,0.02777370469642793,False,insufficient,200,,
226,3389,9.033073716744292,3,200,0.015,0.005114237753504754,0.043165729115389295,False,insufficient,200,,
41,5028,9.033099896683071,0,200,0.0,0.0,0.018845326668962936,False,insufficient,200,,
105,4461,9.033099896683071,0,200,0.0,0.0,0.018845326668962936,False,insufficient,200,,
169,3894,9.033099896683071,1,200,0.005,0.0008831687058453758,0.02777370469642793,False,insufficient,200,,
233,3327,9.033099896683071,3,200,0.015,0.005114237753504754,0.043165729115389295,False,insufficient,200,,
361,2193,9.033099896683071,22,200,0.11,0.07377244436816725,0.16092691043362384,False,insufficient,200,,
425,1626,9.033099896683071,47,200,0.235,0.18157433377419854,0.2984136893603518,False,insufficient,200,,
489,1059,9.033099896683071,86,200,0.43,0.36334322282848375,0.4992951229051709,False,insufficient,200,,
553,492,9.033099896683071,141,200,0.705,0.638412854206739,0.7638605618589861,False,insufficient,200,,
297,2760,9.033099896683073,7,200,0.035,0.01705554191525804,0.0704706118868775,False,insufficient,200,,
560,430,9.03312607662185,148,200,0.74,0.6750925434347002,0.7958616997641975,False,insufficient,200,,
48,4966,9.033126076621851,0,200,0.0,0.0,0.018845326668962936,False,insufficient,200,,
112,4399,9.033126076621851,0,200,0.0,0.0,0.018845326668962936,False,insufficient,200,,
176,3832,9.033126076621851,1,200,0.005,0.0008831687058453758,0.02777370469642793,False,insufficient,200,,
240,3265,9.033126076621851,4,200,0.02,0.007804426362159347,0.05028708724004506,False,insufficient,200,,
304,2698,9.033126076621851,9,200,0.045,0.02385254288504434,0.08329670438371192,False,insufficient,200,,
368,2131,9.033126076621851,23,200,0.115,0.07786373208518774,0.16664716944991373,False,insufficient,200,,
432,1564,9.033126076621851,54,200,0.27,0.2132344977387029,0.33543435252902004,False,insufficient,200,,
496,997,9.033126076621851,91,200,0.455,0.3874821925827813,0.5242138868174252,False,insufficient,200,,
311,2636,9.03315225656063,9,200,0.045,0.02385254288504434,0.08329670438371192,False,insufficient,200,,
375,2069,9.03315225656063,26,200,0.13,0.09028202253521182,0.18366351919982074,False,insufficient,200,,
439,1502,9.03315225656063,55,200,0.275,0.21779700288091797,0.3406833941201153,False,insufficient,200,,
503,935,9.03315225656063,98,200,0.49,0.42156278278393533,0.5588141237494437,False,insufficient,200,,
55,4904,9.033152256560632,0,200,0.0,0.0,0.018845326668962936,False,insufficient,200,,
119,4337,9.033152256560632,0,200,0.0,0.0,0.018845326668962936,False,insufficient,200,,
183,3770,9.033152256560632,2,200,0.01,0.0027466581088489593,0.035721762026734716,False,insufficient,200,,
247,3203,9.033152256560632,4,200,0.02,0.007804426362159347,0.05028708724004506,False,insufficient,200,,
567,368,9.033152256560632,154,200,0.77,0.7069169558159164,0.8229065677828437,False,insufficient,200,,
126,4275,9.03317843649941,0,200,0.0,0.0,0.018845326668962936,False,insufficient,200,,
190,3708,9.03317843649941,2,200,0.01,0.0027466581088489593,0.035721762026734716,False,insufficient,200,,
254,3141,9.03317843649941,4,200,0.02,0.007804426362159347,0.05028708724004506,False,insufficient,200,,
510,873,9.03317843649941,104,200,0.52,0.45103785019149595,0.5882083367417457,False,insufficient,200,,
574,306,9.03317843649941,156,200,0.78,0.7176120002896181,0.8318346167757626,False,insufficient,200,,
62,4842,9.033178436499412,0,200,0.0,0.0,0.018845326668962936,False,insufficient,200,,
318,2574,9.033178436499412,9,200,0.045,0.02385254288504434,0.08329670438371192,False,insufficient,200,,
382,2007,9.033178436499412,28,200,0.14,0.09866982605979482,0.1948988091418585,False,insufficient,200,,
446,1440,9.033178436499412,62,200,0.31,0.2499894479224967,0.37717177621170916,False,insufficient,200,,
5,5347,9.03320461643819,0,200,0.0,0.0,0.018845326668962936,False,insufficient,200,,
69,4780,9.03320461643819,0,200,0.0,0.0,0.018845326668962936,False,insufficient,200,,
133,4213,9.03320461643819,1,200,0.005,0.0008831687058453758,0.02777370469642793,False,insufficient,200,,
197,3646,9.03320461643819,2,200,0.01,0.0027466581088489593,0.035721762026734716,False,insufficient,200,,
261,3079,9.03320461643819,4,200,0.02,0.007804426362159347,0.05028708724004506,False,insufficient,200,,
325,2512,9.03320461643819,10,200,0.05,0.027382645473457017,0.08957814852860962,False,insufficient,200,,
389,1945,9.03320461643819,31,200,0.155,0.11139636898322336,0.21160690641836105,False,insufficient,200,,
453,1378,9.03320461643819,63,200,0.315,0.2546232094605245,0.38234956140699167,False,insufficient,200,,
517,811,9.03320461643819,112,200,0.56,0.4907167528014922,0.6270218079982324,False,insufficient,200,,
581,244,9.03320461643819,161,200,0.805,0.7445595557369519,0.8539447949949808,False,insufficient,200,,
140,4151,9.03323079637697,1,200,0.005,0.0008831687058453758,0.02777370469642793,False,insufficient,200,,
204,3584,9.03323079637697,2,200,0.01,0.0027466581088489593,0.035721762026734716,False,insufficient,200,,
268,3017,9.03323079637697,6,200,0.03,0.013820314259191425,0.06389429280963374,False,insufficient,200,,
332,2450,9.03323079637697,10,200,0.05,0.027382645473457017,0.08957814852860962,False,insufficient,200,,
396,1883,9.03323079637697,34,200,0.17,0.12427907881439243,0.22815883678712312,False,insufficient,200,,
460,1316,9.03323079637697,67,200,0.335,0.27324086932910685,0.4029780884716509,False,insufficient,200,,
524,749,9.03323079637697,121,200,0.605,0.5358834910421801,0.6701589903573376,False,insufficient,200,,
588,182,9.03323079637697,165,200,0.825,0.7663556880107202,0.8713948496544538,False,insufficient,200,,
12,5285,9.033230796376971,0,200,0.0,0.0,0.018845326668962936,False,insufficient,200,,
76,4718,9.033230796376971,0,200,0.0,0.0,0.018845326668962936,False,insufficient,200,,
19,5223,9.03325697631575,0,200,0.0,0.0,0.018845326668962936,False,insufficient,200,,
595,120,9.03325697631575,170,200,0.85,0.7939442066666507,0.8928640646650752,False,insufficient,200,,
83,4656,9.033256976315752,0,200,0.0,0.0,0.018845326668962936,False,insufficient,200,,
147,4089,9.033256976315752,1,200,0.005,0.0008831687058453758,0.02777370469642793,False,insufficient,200,,
211,3522,9.033256976315752,2,200,0.01,0.0027466581088489593,0.035721762026734716,False,insufficient,200,,
275,2955,9.033256976315752,6,200,0.03,0.013820314259191425,0.06389429280963374,False,insufficient,200,,
339,2388,9.033256976315752,11,200,0.055,0.03098534156570805,0.09578699916966896,False,insufficient,200,,
403,1821,9.033256976315752,36,200,0.18,0.13294625827141174,0.2391147507967245,False,insufficient,200,,
467,1254,9.033256976315752,72,200,0.36,0.2966919725753122,0.4285847188919973,False,insufficient,200,,
531,687,9.033256976315752,125,200,0.625,0.5561430364380054,0.6891456318947539,False,insufficient,200,,
26,5161,9.03328315625453,0,200,0.0,0.0,0.018845326668962936,False,insufficient,200,,
90,4594,9.03328315625453,0,200,0.0,0.0,0.018845326668962936,False,insufficient,200,,
154,4027,9.03328315625453,1,200,0.005,0.0008831687058453758,0.02777370469642793,False,insufficient,200,,
218,3460,9.03328315625453,2,200,0.01,0.0027466581088489593,0.035721762026734716,False,insufficient,200,,
282,2893,9.03328315625453,6,200,0.03,0.013820314259191425,0.06389429280963374,False,insufficient,200,,
346,2326,9.03328315625453,13,200,0.065,0.03837635449161451,0.10801907971038324,False,insufficient,200,,
410,1759,9.03328315625453,39,200,0.195,0.1460552050050192,0.2554404442630482,False,insufficient,200,,
474,1192,9.03328315625453,74,200,0.37,0.30612608362251653,0.4387737013114137,False,insufficient,200,,
538,625,9.03328315625453,132,200,0.66,0.5918849547167886,0.7220845407491433,False,insufficient,200,,
602,58,9.03328315625453,171,200,0.855,0.7995133242038862,0.8971064938611499,False,insufficient,200,,
33,5099,9.03330933619331,0,200,0.0,0.0,0.018845326668962936,False,insufficient,200,,
97,4532,9.03330933619331,0,200,0.0,0.0,0.018845326668962936,False,insufficient,200,,
161,3965,9.03330933619331,1,200,0.005,0.0008831687058453758,0.02777370469642793,False,insufficient,200,,
225,3398,9.03330933619331,3,200,0.015,0.005114237753504754,0.043165729115389295,False,insufficient,200,,
289,2831,9.03330933619331,6,200,0.03,0.013820314259191425,0.06389429280963374,False,insufficient,200,,
353,2264,9.03330933619331,18,200,0.09,0.05768744866037736,0.13776571920817224,False,insufficient,200,,
417,1697,9.03330933619331,42,200,0.21,0.15928412034547004,0.2716461691225284,False,insufficient,200,,
481,1130,9.03330933619331,78,200,0.39,0.3250834308878392,0.4590625409793326,False,insufficient,200,,
545,563,9.03330933619331,133,200,0.665,0.5970219115283492,0.7267591306708931,False,insufficient,200,,
40,5037,9.033335516132091,0,200,0.0,0.0,0.018845326668962936,False,insufficient,200,,
104,4470,9.033335516132091,0,200,0.0,0.0,0.018845326668962936,False,insufficient,200,,
168,3903,9.033335516132091,1,200,0.005,0.0008831687058453758,0.02777370469642793,False,insufficient,200,,
232,3336,9.033335516132091,3,200,0.015,0.005114237753504754,0.043165729115389295,False,insufficient,200,,
296,2769,9.033335516132091,7,200,0.035,0.01705554191525804,0.0704706118868775,False,insufficient,200,,
360,2202,9.033335516132091,21,200,0.105,0.06970748770124899,0.15518032036723173,False,insufficient,200,,
424,1635,9.033335516132091,47,200,0.235,0.18157433377419854,0.2984136893603518,False,insufficient,200,,
488,1068,9.033335516132091,86,200,0.43,0.36334322282848375,0.4992951229051709,False,insufficient,200,,
552,501,9.033335516132091,139,200,0.695,0.6280144784717092,0.7546358441273952,False,insufficient,200,,
111,4408,9.03336169607087,0,200,0.0,0.0,0.018845326668962936,False,insufficient,200,,
175,3841,9.03336169607087,1,200,0.005,0.0008831687058453758,0.02777370469642793,False,insufficient,200,,
239,3274,9.03336169607087,4,200,0.02,0.007804426362159347,0.05028708724004506,False,insufficient,200,,
303,2707,9.03336169607087,7,200,0.035,0.01705554191525804,0.0704706118868775,False,insufficient,200,,
367,2140,9.03336169607087,23,200,0.115,0.07786373208518774,0.16664716944991373,False,insufficient,200,,
431,1573,9.03336169607087,53,200,0.265,0.2086815410670056,0.33017576246740693,False,insufficient,200,,
495,1006,9.03336169607087,90,200,0.45,0.38264068350836655,0.5192438491585296,False,insufficient,200,,
559,439,9.03336169607087,147,200,0.735,0.669824237532593,0.7913184589329944,False,insufficient,200,,
47,4975,9.033361696070871,0,200,0.0,0.0,0.018845326668962936,False,insufficient,200,,
54,4913,9.03338787600965,0,200,0.0,0.0,0.018845326668962936,False,insufficient,200,,
118,4346,9.03338787600965,0,200,0.0,0.0,0.018845326668962936,False,insufficient,200,,
182,3779,9.03338787600965,2,200,0.01,0.0027466581088489593,0.035721762026734716,False,insufficient,200,,
246,3212,9.03338787600965,4,200,0.02,0.007804426362159347,0.05028708724004506,False,insufficient,200,,
310,2645,9.03338787600965,9,200,0.045,0.02385254288504434,0.08329670438371192,False,insufficient,200,,
374,2078,9.03338787600965,26,200,0.13,0.09028202253521182,0.18366351919982074,False,insufficient,200,,
438,1511,9.03338787600965,55,200,0.275,0.21779700288091797,0.3406833941201153,False,insufficient,200,,
502,944,9.03338787600965,98,200,0.49,0.42156278278393533,0.5588141237494437,False,insufficient,200,,
566,377,9.03338787600965,153,200,0.765,0.7015863106396482,0.8184256662258015,False,insufficient,200,,
573,315,9.033414055948429,156,200,0.78,0.7176120002896181,0.8318346167757626,False,insufficient,200,,
61,4851,9.03341405594843,0,200,0.0,0.0,0.018845326668962936,False,insufficient,200,,
125,4284,9.03341405594843,0,200,0.0,0.0,0.018845326668962936,False,insufficient,200,,
189,3717,9.03341405594843,2,200,0.01,0.0027466581088489593,0.035721762026734716,False,insufficient,200,,
253,3150,9.03341405594843,4,200,0.02,0.007804426362159347,0.05028708724004506,False,insufficient,200,,
317,2583,9.03341405594843,9,200,0.045,0.02385254288504434,0.08329670438371192,False,insufficient,200,,
381,2016,9.03341405594843,27,200,0.135,0.09446570427968658,0.18929138418865638,False,insufficient,200,,
445,1449,9.03341405594843,62,200,0.31,0.2499894479224967,0.37717177621170916,False,insufficient,200,,
509,882,9.03341405594843,102,200,0.51,0.44118587625055616,0.5784372172160646,False,insufficient,200,,
4,5356,9.033440235887209,0,200,0.0,0.0,0.018845326668962936,False,insufficient,200,,
68,4789,9.033440235887209,0,200,0.0,0.0,0.018845326668962936,False,insufficient,200,,
196,3655,9.033440235887209,2,200,0.01,0.0027466581088489593,0.035721762026734716,False,insufficient,200,,
260,3088,9.033440235887209,4,200,0.02,0.007804426362159347,0.05028708724004506,False,insufficient,200,,
324,2521,9.033440235887209,9,200,0.045,0.02385254288504434,0.08329670438371192,False,insufficient,200,,
452,1387,9.033440235887209,63,200,0.315,0.2546232094605245,0.38234956140699167,False,insufficient,200,,
580,253,9.033440235887209,160,200,0.8,0.7391448129154138,0.8495479910832086,False,insufficient,200,,
132,4222,9.03344023588721,1,200,0.005,0.0008831687058453758,0.02777370469642793,False,insufficient,200,,
388,1954,9.03344023588721,30,200,0.15,0.10713593533492477,0.20605579333334925,False,insufficient,200,,
516,820,9.03344023588721,111,200,0.555,0.4857330235838182,0.6221939904825959,False,insufficient,200,,
331,2459,9.03346641582599,9,200,0.045,0.02385254288504434,0.08329670438371192,False,insufficient,200,,
395,1892,9.03346641582599,34,200,0.17,0.12427907881439243,0.22815883678712312,False,insufficient,200,,
459,1325,9.03346641582599,67,200,0.335,0.27324086932910685,0.4029780884716509,False,insufficient,200,,
523,758,9.03346641582599,116,200,0.58,0.5107207388477095,0.6462640088852564,False,insufficient,200,,
11,5294,9.033466415825991,0,200,0.0,0.0,0.018845326668962936,False,insufficient,200,,
75,4727,9.033466415825991,0,200,0.0,0.0,0.018845326668962936,False,insufficient,200,,
139,4160,9.033466415825991,1,200,0.005,0.0008831687058453758,0.02777370469642793,False,insufficient,200,,
203,3593,9.033466415825991,2,200,0.01,0.0027466581088489593,0.035721762026734716,False,insufficient,200,,
267,3026,9.033466415825991,6,200,0.03,0.013820314259191425,0.06389429280963374,False,insufficient,200,,
587,191,9.033466415825991,165,200,0.825,0.7663556880107202,0.8713948496544538,False,insufficient,200,,
18,5232,9.03349259576477,0,200,0.0,0.0,0.018845326668962936,False,insufficient,200,,
82,4665,9.03349259576477,0,200,0.0,0.0,0.018845326668962936,False,insufficient,200,,
146,4098,9.03349259576477,1,200,0.005,0.0008831687058453758,0.02777370469642793,False,insufficient,200,,
210,3531,9.03349259576477,2,200,0.01,0.0027466581088489593,0.035721762026734716,False,insufficient,200,,
274,2964,9.03349259576477,6,200,0.03,0.013820314259191425,0.06389429280963374,False,insufficient,200,,
338,2397,9.03349259576477,11,200,0.055,0.03098534156570805,0.09578699916966896,False,insufficient,200,,
402,1830,9.03349259576477,36,200,0.18,0.13294625827141174,0.2391147507967245,False,insufficient,200,,
466,1263,9.03349259576477,70,200,0.35,0.28728824080917403,0.4183653571915147,False,insufficient,200,,
530,696,9.03349259576477,125,200,0.625,0.5561430364380054,0.6891456318947539,False,insufficient,200,,
594,129,9.03349259576477,170,200,0.85,0.7939442066666507,0.8928640646650752,False,insufficient,200,,
25,5170,9.03351877570355,0,200,0.0,0.0,0.018845326668962936,False,insufficient,200,,
89,4603,9.03351877570355,0,200,0.0,0.0,0.018845326668962936,False,insufficient,200,,
153,4036,9.03351877570355,1,200,0.005,0.0008831687058453758,0.02777370469642793,False,insufficient,200,,
217,3469,9.03351877570355,2,200,0.01,0.0027466581088489593,0.035721762026734716,False,insufficient,200,,
281,2902,9.03351877570355,6,200,0.03,0.013820314259191425,0.06389429280963374,False,insufficient,200,,
345,2335,9.03351877570355,12,200,0.06,0.03465219410651454,0.10193169336217282,False,insufficient,200,,
409,1768,9.03351877570355,39,200,0.195,0.1460552050050192,0.2554404442630482,False,insufficient,200,,
473,1201,9.03351877570355,74,200,0.37,0.30612608362251653,0.4387737013114137,False,insufficient,200,,
537,634,9.03351877570355,131,200,0.655,0.5867558920387631,0.7174020566938584,False,insufficient,200,,
601,67,9.03351877570355,170,200,0.85,0.7939442066666507,0.8928640646650752,False,insufficient,200,,
480,1139,9.033544955642329,78,200,0.39,0.3250834308878392,0.4590625409793326,False,insufficient,200,,
544,572,9.033544955642329,133,200,0.665,0.5970219115283492,0.7267591306708931,False,insufficient,200,,
608,5,9.033544955642329,3601,4000,0.90025,0.8905759118807802,0.909156053753709,True,crossing,4000,crossing,4000
32,5108,9.03354495564233,0,200,0.0,0.0,0.018845326668962936,False,insufficient,200,,
96,4541,9.03354495564233,0,200,0.0,0.0,0.018845326668962936,False,insufficient,200,,
160,3974,9.03354495564233,1,200,0.005,0.0008831687058453758,0.02777370469642793,False,insufficient,200,,
224,3407,9.03354495564233,2,200,0.01,0.0027466581088489593,0.035721762026734716,False,insufficient,200,,
288,2840,9.03354495564233,6,200,0.03,0.013820314259191425,0.06389429280963374,False,insufficient,200,,
352,2273,9.03354495564233,18,200,0.09,0.05768744866037736,0.13776571920817224,False,insufficient,200,,
416,1706,9.03354495564233,42,200,0.21,0.15928412034547004,0.2716461691225284,False,insufficient,200,,
39,5046,9.03357113558111,0,200,0.0,0.0,0.018845326668962936,False,insufficient,200,,
103,4479,9.03357113558111,0,200,0.0,0.0,0.018845326668962936,False,insufficient,200,,
167,3912,9.03357113558111,1,200,0.005,0.0008831687058453758,0.02777370469642793,False,insufficient,200,,
231,3345,9.03357113558111,3,200,0.015,0.005114237753504754,0.043165729115389295,False,insufficient,200,,
295,2778,9.03357113558111,7,200,0.035,0.01705554191525804,0.0704706118868775,False,insufficient,200,,
359,2211,9.03357113558111,21,200,0.105,0.06970748770124899,0.15518032036723173,False,insufficient,200,,
423,1644,9.03357113558111,45,200,0.225,0.17262369678203637,0.2877412328858932,False,insufficient,200,,
487,1077,9.03357113558111,85,200,0.425,0.3585361249314706,0.4942906740688738,False,insufficient,200,,
551,510,9.03357113558111,138,200,0.69,0.6228282237882907,0.7500105520775032,False,insufficient,200,,
558,448,9.033597315519888,145,200,0.725,0.6593166058798847,0.7822029971190819,False,insufficient,200,,
46,4984,9.03359731551989,0,200,0.0,0.0,0.018845326668962936,False,insufficient,200,,
110,4417,9.03359731551989,0,200,0.0,0.0,0.018845326668962936,False,insufficient,200,,
174,3850,9.03359731551989,1,200,0.005,0.0008831687058453758,0.02777370469642793,False,insufficient,200,,
238,3283,9.03359731551989,4,200,0.02,0.007804426362159347,0.05028708724004506,False,insufficient,200,,
302,2716,9.03359731551989,7,200,0.035,0.01705554191525804,0.0704706118868775,False,insufficient,200,,
366,2149,9.03359731551989,22,200,0.11,0.07377244436816725,0.16092691043362384,False,insufficient,200,,
430,1582,9.03359731551989,53,200,0.265,0.2086815410670056,0.33017576246740693,False,insufficient,200,,
494,1015,9.03359731551989,90,200,0.45,0.38264068350836655,0.5192438491585296,False,insufficient,200,,
565,386,9.033623495458668,152,200,0.76,0.6962665896736326,0.8139338404585067,False,insufficient,200,,
53,4922,9.03362349545867,0,200,0.0,0.0,0.018845326668962936,False,insufficient,200,,
117,4355,9.03362349545867,0,200,0.0,0.0,0.018845326668962936,False,insufficient,200,,
181,3788,9.03362349545867,2,200,0.01,0.0027466581088489593,0.035721762026734716,False,insufficient,200,,
245,3221,9.03362349545867,4,200,0.02,0.007804426362159347,0.05028708724004506,False,insufficient,200,,
309,2654,9.03362349545867,9,200,0.045,0.02385254288504434,0.08329670438371192,False,insufficient,200,,
373,2087,9.03362349545867,25,200,0.125,0.0861197445025044,0.1780142504992178,False,insufficient,200,,
437,1520,9.03362349545867,55,200,0.275,0.21779700288091797,0.3406833941201153,False,insufficient,200,,
501,953,9.03362349545867,95,200,0.475,0.40691622594241644,0.5440260403910315,False,insufficient,200,,
508,898,9.04537828797085,109,200,0.545,0.47578611318257474,0.6125178074172186,False,insufficient,200,,
60,4867,9.045378287970852,0,200,0.0,0.0,0.018845326668962936,False,insufficient,200,,
124,4300,9.045378287970852,0,200,0.0,0.0,0.018845326668962936,False,insufficient,200,,
188,3733,9.045378287970852,0,200,0.0,0.0,0.018845326668962936,False,insufficient,200,,
252,3166,9.045378287970852,3,200,0.015,0.005114237753504754,0.043165729115389295,False,insufficient,200,,
316,2599,9.045378287970852,8,200,0.04,0.0204056319610195,0.0769320685744264,False,insufficient,200,,
380,2032,9.045378287970852,28,200,0.14,0.09866982605979482,0.1948988091418585,False,insufficient,200,,
444,1465,9.045378287970852,62,200,0.31,0.2499894479224967,0.37717177621170916,False,insufficient,200,,
572,331,9.045378287970852,162,200,0.81,0.7499876124094633,0.8583282850557797,False,insufficient,200,,
131,4238,9.04540446790963,0,200,0.0,0.0,0.018845326668962936,False,insufficient,200,,
195,3671,9.04540446790963,0,200,0.0,0.0,0.018845326668962936,False,insufficient,200,,
259,3104,9.04540446790963,3,200,0.015,0.005114237753504754,0.043165729115389295,False,insufficient,200,,
323,2537,9.04540446790963,8,200,0.04,0.0204056319610195,0.0769320685744264,False,insufficient,200,,
387,1970,9.04540446790963,29,200,0.145,0.10289350613885,0.20048667579611365,False,insufficient,200,,
451,1403,9.04540446790963,67,200,0.335,0.27324086932910685,0.4029780884716509,False,insufficient,200,,
515,836,9.04540446790963,117,200,0.585,0.5157391484647247,0.6510571460015516,False,insufficient,200,,
579,269,9.04540446790963,166,200,0.83,0.7718411632128768,0.8757209211856076,False,insufficient,200,,
3,5372,9.045404467909632,0,200,0.0,0.0,0.018845326668962936,False,insufficient,200,,
67,4805,9.045404467909632,0,200,0.0,0.0,0.018845326668962936,False,insufficient,200,,
10,5310,9.045430647848411,0,200,0.0,0.0,0.018845326668962936,False,insufficient,200,,
74,4743,9.045430647848411,0,200,0.0,0.0,0.018845326668962936,False,insufficient,200,,
138,4176,9.045430647848411,0,200,0.0,0.0,0.018845326668962936,False,insufficient,200,,
202,3609,9.045430647848411,0,200,0.0,0.0,0.018845326668962936,False,insufficient,200,,
266,3042,9.045430647848411,3,200,0.015,0.005114237753504754,0.043165729115389295,False,insufficient,200,,
330,2475,9.045430647848411,10,200,0.05,0.027382645473457017,0.08957814852860962,False,insufficient,200,,
394,1908,9.045430647848411,33,200,0.165,0.11996855297651625,0.22265781589168893,False,insufficient,200,,
458,1341,9.045430647848411,70,200,0.35,0.28728824080917403,0.4183653571915147,False,insufficient,200,,
522,774,9.045430647848411,123,200,0.615,0.5459986716511277,0.6796669032150108,False,insufficient,200,,
586,207,9.045430647848411,167,200,0.835,0.777342184108311,0.8800314470234837,False,insufficient,200,,
17,5248,9.045456827787191,0,200,0.0,0.0,0.018845326668962936,False,insufficient,200,,
81,4681,9.045456827787191,0,200,0.0,0.0,0.018845326668962936,False,insufficient,200,,
145,4114,9.045456827787191,0,200,0.0,0.0,0.018845326668962936,False,insufficient,200,,
209,3547,9.045456827787191,0,200,0.0,0.0,0.018845326668962936,False,insufficient,200,,
273,2980,9.045456827787191,3,200,0.015,0.005114237753504754,0.043165729115389295,False,insufficient,200,,
337,2413,9.045456827787191,14,200,0.07,0.04215217166140097,0.11405480927390717,False,insufficient,200,,
401,1846,9.045456827787191,34,200,0.17,0.12427907881439243,0.22815883678712312,False,insufficient,200,,
465,1279,9.045456827787191,76,200,0.38,0.31559005800516143,0.44893282039538956,False,insufficient,200,,
529,712,9.045456827787191,127,200,0.635,0.5663170259754063,0.6985947358239737,False,insufficient,200,,
593,145,9.045456827787191,171,200,0.855,0.7995133242038862,0.8971064938611499,False,insufficient,200,,
24,5186,9.04548300772597,0,200,0.0,0.0,0.018845326668962936,False,insufficient,200,,
280,2918,9.04548300772597,3,200,0.015,0.005114237753504754,0.043165729115389295,False,insufficient,200,,
344,2351,9.04548300772597,15,200,0.075,0.04597491700833055,0.12004361066028794,False,insufficient,200,,
408,1784,9.04548300772597,38,200,0.19,0.1416717149442203,0.25001238759053673,False,insufficient,200,,
472,1217,9.04548300772597,84,200,0.42,0.3537359911147436,0.48927926115229037,False,insufficient,200,,
536,650,9.04548300772597,132,200,0.66,0.5918849547167886,0.7220845407491433,False,insufficient,200,,
600,83,9.04548300772597,3544,4000,0.886,0.8757785246413141,0.8954807851273626,False,insufficient,4000,,
88,4619,9.045483007725972,0,200,0.0,0.0,0.018845326668962936,False,insufficient,200,,
152,4052,9.045483007725972,0,200,0.0,0.0,0.018845326668962936,False,insufficient,200,,
216,3485,9.045483007725972,0,200,0.0,0.0,0.018845326668962936,False,insufficient,200,,
31,5124,9.04550918766475,0,200,0.0,0.0,0.018845326668962936,False,insufficient,200,,
95,4557,9.04550918766475,0,200,0.0,0.0,0.018845326668962936,False,insufficient,200,,
351,2289,9.04550918766475,17,200,0.085,0.05374574998400461,0.13189587115123463,False,insufficient,200,,
415,1722,9.04550918766475,42,200,0.21,0.15928412034547004,0.2716461691225284,False,insufficient,200,,
479,1155,9.04550918766475,86,200,0.43,0.36334322282848375,0.4992951229051709,False,insufficient,200,,
543,588,9.04550918766475,142,200,0.71,0.6436252184459675,0.768459744353068,False,insufficient,200,,
607,21,9.04550918766475,3588,4000,0.897,0.8871963089367354,0.9060418930792352,False,crossing,4000,crossing,4000
159,3990,9.045509187664752,0,200,0.0,0.0,0.018845326668962936,False,insufficient,200,,
223,3423,9.045509187664752,0,200,0.0,0.0,0.018845326668962936,False,insufficient,200,,
287,2856,9.045509187664752,3,200,0.015,0.005114237753504754,0.043165729115389295,False,insufficient,200,,
102,4495,9.04553536760353,0,200,0.0,0.0,0.018845326668962936,False,insufficient,200,,
166,3928,9.04553536760353,0,200,0.0,0.0,0.018845326668962936,False,insufficient,200,,
230,3361,9.04553536760353,0,200,0.0,0.0,0.018845326668962936,False,insufficient,200,,
294,2794,9.04553536760353,5,200,0.025,0.010724719583860124,0.05717834075165468,False,insufficient,200,,
358,2227,9.04553536760353,19,200,0.095,0.061663102507449205,0.14360161209441077,False,insufficient,200,,
422,1660,9.04553536760353,49,200,0.245,0.1905686805032898,0.3090424360978812,False,insufficient,200,,
486,1093,9.04553536760353,89,200,0.445,0.377806009517404,0.5142669764161818,False,insufficient,200,,
550,526,9.04553536760353,148,200,0.74,0.6750925434347002,0.7958616997641975,False,insufficient,200,,
38,5062,9.045535367603533,0,200,0.0,0.0,0.018845326668962936,False,insufficient,200,,
301,2732,9.04556154754231,6,200,0.03,0.013820314259191425,0.06389429280963374,False,insufficient,200,,
365,2165,9.04556154754231,20,200,0.1,0.06567044845124732,0.14940581288392302,False,insufficient,200,,
429,1598,9.04556154754231,52,200,0.26,0.2041383002358024,0.32490745656529973,False,insufficient,200,,
493,1031,9.04556154754231,93,200,0.465,0.3971856410502652,0.5341335318165621,False,insufficient,200,,
45,5000,9.045561547542311,0,200,0.0,0.0,0.018845326668962936,False,insufficient,200,,
109,4433,9.045561547542311,0,200,0.0,0.0,0.018845326668962936,False,insufficient,200,,
173,3866,9.045561547542311,0,200,0.0,0.0,0.018845326668962936,False,insufficient,200,,
237,3299,9.045561547542311,1,200,0.005,0.0008831687058453758,0.02777370469642793,False,insufficient,200,,
557,464,9.045561547542311,154,200,0.77,0.7069169558159164,0.8229065677828437,False,insufficient,200,,
116,4371,9.04558772748109,0,200,0.0,0.0,0.018845326668962936,False,insufficient,200,,
500,969,9.04558772748109,100,200,0.5,0.43136085907267824,0.5686391409273218,False,insufficient,200,,
564,402,9.04558772748109,158,200,0.79,0.7283538308774716,0.84071587965453,False,insufficient,200,,
52,4938,9.045587727481092,0,200,0.0,0.0,0.018845326668962936,False,insufficient,200,,
180,3804,9.045587727481092,0,200,0.0,0.0,0.018845326668962936,False,insufficient,200,,
244,3237,9.045587727481092,3,200,0.015,0.005114237753504754,0.043165729115389295,False,insufficient,200,,
308,2670,9.045587727481092,7,200,0.035,0.01705554191525804,0.0704706118868775,False,insufficient,200,,
372,2103,9.045587727481092,24,200,0.12,0.0819799268161472,0.17234252145226464,False,insufficient,200,,
436,1536,9.045587727481092,57,200,0.285,0.22695002962622268,0.35115346084143123,False,insufficient,200,,
59,4876,9.04561390741987,0,200,0.0,0.0,0.018845326668962936,False,insufficient,200,,
123,4309,9.04561390741987,0,200,0.0,0.0,0.018845326668962936,False,insufficient,200,,
187,3742,9.04561390741987,0,200,0.0,0.0,0.018845326668962936,False,insufficient,200,,
251,3175,9.04561390741987,3,200,0.015,0.005114237753504754,0.043165729115389295,False,insufficient,200,,
315,2608,9.04561390741987,8,200,0.04,0.0204056319610195,0.0769320685744264,False,insufficient,200,,
379,2041,9.04561390741987,28,200,0.14,0.09866982605979482,0.1948988091418585,False,insufficient,200,,
443,1474,9.04561390741987,61,200,0.305,0.2453641558726048,0.3719855215282907,False,insufficient,200,,
507,907,9.04561390741987,109,200,0.545,0.47578611318257474,0.6125178074172186,False,insufficient,200,,
571,340,9.04561390741987,161,200,0.805,0.7445595557369519,0.8539447949949808,False,insufficient,200,,
322,2546,9.045640087358649,8,200,0.04,0.0204056319610195,0.0769320685744264,False,insufficient,200,,
386,1979,9.045640087358649,29,200,0.145,0.10289350613885,0.20048667579611365,False,insufficient,200,,
450,1412,9.045640087358649,66,200,0.33,0.26857425825421716,0.3978331528132302,False,insufficient,200,,
514,845,9.045640087358649,116,200,0.58,0.5107207388477095,0.6462640088852564,False,insufficient,200,,
578,278,9.045640087358649,166,200,0.83,0.7718411632128768,0.8757209211856076,False,insufficient,200,,
2,5381,9.04564008735865,0,200,0.0,0.0,0.018845326668962936,False,insufficient,200,,
66,4814,9.04564008735865,0,200,0.0,0.0,0.018845326668962936,False,insufficient,200,,
130,4247,9.04564008735865,0,200,0.0,0.0,0.018845326668962936,False,insufficient,200,,
194,3680,9.04564008735865,0,200,0.0,0.0,0.018845326668962936,False,insufficient,200,,
258,3113,9.04564008735865,3,200,0.015,0.005114237753504754,0.043165729115389295,False,insufficient,200,,
9,5319,9.04566626729743,0,200,0.0,0.0,0.018845326668962936,False,insufficient,200,,
265,3051,9.04566626729743,3,200,0.015,0.005114237753504754,0.043165729115389295,False,insufficient,200,,
585,216,9.04566626729743,167,200,0.835,0.777342184108311,0.8800314470234837,False,insufficient,200,,
73,4752,9.045666267297431,0,200,0.0,0.0,0.018845326668962936,False,insufficient,200,,
137,4185,9.045666267297431,0,200,0.0,0.0,0.018845326668962936,False,insufficient,200,,
201,3618,9.045666267297431,0,200,0.0,0.0,0.018845326668962936,False,insufficient,200,,
329,2484,9.045666267297431,9,200,0.045,0.02385254288504434,0.08329670438371192,False,insufficient,200,,
393,1917,9.045666267297431,32,200,0.16,0.11567412001614788,0.2171407021187469,False,insufficient,200,,
457,1350,9.045666267297431,70,200,0.35,0.28728824080917403,0.4183653571915147,False,insufficient,200,,
521,783,9.045666267297431,122,200,0.61,0.5409374590206674,0.6749165691121608,False,insufficient,200,,
16,5257,9.04569244723621,0,200,0.0,0.0,0.018845326668962936,False,insufficient,200,,
80,4690,9.04569244723621,0,200,0.0,0.0,0.018845326668962936,False,insufficient,200,,
144,4123,9.04569244723621,0,200,0.0,0.0,0.018845326668962936,False,insufficient,200,,
208,3556,9.04569244723621,0,200,0.0,0.0,0.018845326668962936,False,insufficient,200,,
272,2989,9.04569244723621,3,200,0.015,0.005114237753504754,0.043165729115389295,False,insufficient,200,,
336,2422,9.04569244723621,13,200,0.065,0.03837635449161451,0.10801907971038324,False,insufficient,200,,
400,1855,9.04569244723621,34,200,0.17,0.12427907881439243,0.22815883678712312,False,insufficient,200,,
464,1288,9.04569244723621,74,200,0.37,0.30612608362251653,0.4387737013114137,False,insufficient,200,,
528,721,9.04569244723621,127,200,0.635,0.5663170259754063,0.6985947358239737,False,insufficient,200,,
592,154,9.045692447236211,171,200,0.855,0.7995133242038862,0.8971064938611499,False,insufficient,200,,
87,4628,9.04571862717499,0,200,0.0,0.0,0.018845326668962936,False,insufficient,200,,
151,4061,9.04571862717499,0,200,0.0,0.0,0.018845326668962936,False,insufficient,200,,
215,3494,9.04571862717499,0,200,0.0,0.0,0.018845326668962936,False,insufficient,200,,
279,2927,9.04571862717499,3,200,0.015,0.005114237753504754,0.043165729115389295,False,insufficient,200,,
343,2360,9.04571862717499,15,200,0.075,0.04597491700833055,0.12004361066028794,False,insufficient,200,,
407,1793,9.04571862717499,36,200,0.18,0.13294625827141174,0.2391147507967245,False,insufficient,200,,
471,1226,9.04571862717499,82,200,0.41,0.3441567485880499,0.4792354102123633,False,insufficient,200,,
535,659,9.04571862717499,131,200,0.655,0.5867558920387631,0.7174020566938584,False,insufficient,200,,
599,92,9.04571862717499,3542,4000,0.8855,0.8752602553146897,0.8950000138972918,False,insufficient,4000,,
23,5195,9.045718627174992,0,200,0.0,0.0,0.018845326668962936,False,insufficient,200,,
30,5133,9.04574480711377,0,200,0.0,0.0,0.018845326668962936,False,insufficient,200,,
94,4566,9.04574480711377,0,200,0.0,0.0,0.018845326668962936,False,insufficient,200,,
158,3999,9.04574480711377,0,200,0.0,0.0,0.018845326668962936,False,insufficient,200,,
222,3432,9.04574480711377,0,200,0.0,0.0,0.018845326668962936,False,insufficient,200,,
286,2865,9.04574480711377,3,200,0.015,0.005114237753504754,0.043165729115389295,False,insufficient,200,,
350,2298,9.04574480711377,17,200,0.085,0.05374574998400461,0.13189587115123463,False,insufficient,200,,
414,1731,9.04574480711377,42,200,0.21,0.15928412034547004,0.2716461691225284,False,insufficient,200,,
478,1164,9.04574480711377,86,200,0.43,0.36334322282848375,0.4992951229051709,False,insufficient,200,,
542,597,9.04574480711377,142,200,0.71,0.6436252184459675,0.768459744353068,False,insufficient,200,,
606,30,9.04574480711377,3582,4000,0.8955,0.8856374787281953,0.9046036016176897,False,crossing,4000,crossing,4000
101,4504,9.04577098705255,0,200,0.0,0.0,0.018845326668962936,False,insufficient,200,,
165,3937,9.04577098705255,0,200,0.0,0.0,0.018845326668962936,False,insufficient,200,,
229,3370,9.04577098705255,0,200,0.0,0.0,0.018845326668962936,False,insufficient,200,,
293,2803,9.04577098705255,5,200,0.025,0.010724719583860124,0.05717834075165468,False,insufficient,200,,
357,2236,9.04577098705255,19,200,0.095,0.061663102507449205,0.14360161209441077,False,insufficient,200,,
421,1669,9.04577098705255,48,200,0.24,0.1860661595414933,0.3037334103263674,False,insufficient,200,,
485,1102,9.04577098705255,88,200,0.44,0.3729781920017676,0.5092832471985078,False,insufficient,200,,
549,535,9.04577098705255,148,200,0.74,0.6750925434347002,0.7958616997641975,False,insufficient,200,,
37,5071,9.045770987052551,0,200,0.0,0.0,0.018845326668962936,False,insufficient,200,,
44,5009,9.04579716699133,0,200,0.0,0.0,0.018845326668962936,False,insufficient,200,,
108,4442,9.04579716699133,0,200,0.0,0.0,0.018845326668962936,False,insufficient,200,,
172,3875,9.04579716699133,0,200,0.0,0.0,0.018845326668962936,False,insufficient,200,,
236,3308,9.04579716699133,1,200,0.005,0.0008831687058453758,0.02777370469642793,False,insufficient,200,,
300,2741,9.04579716699133,5,200,0.025,0.010724719583860124,0.05717834075165468,False,insufficient,200,,
364,2174,9.04579716699133,20,200,0.1,0.06567044845124732,0.14940581288392302,False,insufficient,200,,
428,1607,9.04579716699133,52,200,0.26,0.2041383002358024,0.32490745656529973,False,insufficient,200,,
492,1040,9.04579716699133,92,200,0.46,0.39233051748177505,0.529177108651742,False,insufficient,200,,
556,473,9.04579716699133,153,200,0.765,0.7015863106396482,0.8184256662258015,False,insufficient,200,,
51,4947,9.04582334693011,0,200,0.0,0.0,0.018845326668962936,False,insufficient,200,,
115,4380,9.04582334693011,0,200,0.0,0.0,0.018845326668962936,False,insufficient,200,,
179,3813,9.04582334693011,0,200,0.0,0.0,0.018845326668962936,False,insufficient,200,,
243,3246,9.04582334693011,2,200,0.01,0.0027466581088489593,0.035721762026734716,False,insufficient,200,,
307,2679,9.04582334693011,7,200,0.035,0.01705554191525804,0.0704706118868775,False,insufficient,200,,
371,2112,9.04582334693011,24,200,0.12,0.0819799268161472,0.17234252145226464,False,insufficient,200,,
435,1545,9.04582334693011,57,200,0.285,0.22695002962622268,0.35115346084143123,False,insufficient,200,,
499,978,9.04582334693011,100,200,0.5,0.43136085907267824,0.5686391409273218,False,insufficient,200,,
563,411,9.04582334693011,158,200,0.79,0.7283538308774716,0.84071587965453,False,insufficient,200,,
58,4885,9.045849526868889,0,200,0.0,0.0,0.018845326668962936,False,insufficient,200,,
250,3184,9.045849526868889,3,200,0.015,0.005114237753504754,0.043165729115389295,False,insufficient,200,,
314,2617,9.045849526868889,8,200,0.04,0.0204056319610195,0.0769320685744264,False,insufficient,200,,
570,349,9.045849526868889,160,200,0.8,0.7391448129154138,0.8495479910832086,False,insufficient,200,,
122,4318,9.04584952686889,0,200,0.0,0.0,0.018845326668962936,False,insufficient,200,,
186,3751,9.04584952686889,0,200,0.0,0.0,0.018845326668962936,False,insufficient,200,,
378,2050,9.04584952686889,27,200,0.135,0.09446570427968658,0.18929138418865638,False,insufficient,200,,
442,1483,9.04584952686889,61,200,0.305,0.2453641558726048,0.3719855215282907,False,insufficient,200,,
506,916,9.04584952686889,107,200,0.535,0.46586646818343785,0.6028143589497348,False,insufficient,200,,
385,1988,9.045875706807669,29,200,0.145,0.10289350613885,0.20048667579611365,False,insufficient,200,,
449,1421,9.045875706807669,66,200,0.33,0.26857425825421716,0.3978331528132302,False,insufficient,200,,
513,854,9.045875706807669,116,200,0.58,0.5107207388477095,0.6462640088852564,False,insufficient,200,,
1,5390,9.04587570680767,0,200,0.0,0.0,0.018845326668962936,False,insufficient,200,,
65,4823,9.04587570680767,0,200,0.0,0.0,0.018845326668962936,False,insufficient,200,,
129,4256,9.04587570680767,0,200,0.0,0.0,0.018845326668962936,False,insufficient,200,,
193,3689,9.04587570680767,0,200,0.0,0.0,0.018845326668962936,False,insufficient,200,,
257,3122,9.04587570680767,3,200,0.015,0.005114237753504754,0.043165729115389295,False,insufficient,200,,
321,2555,9.04587570680767,8,200,0.04,0.0204056319610195,0.0769320685744264,False,insufficient,200,,
577,287,9.04587570680767,165,200,0.825,0.7663556880107202,0.8713948496544538,False,insufficient,200,,
72,4761,9.04590188674645,0,200,0.0,0.0,0.018845326668962936,False,insufficient,200,,
136,4194,9.04590188674645,0,200,0.0,0.0,0.018845326668962936,False,insufficient,200,,
200,3627,9.04590188674645,0,200,0.0,0.0,0.018845326668962936,False,insufficient,200,,
264,3060,9.04590188674645,3,200,0.015,0.005114237753504754,0.043165729115389295,False,insufficient,200,,
328,2493,9.04590188674645,9,200,0.045,0.02385254288504434,0.08329670438371192,False,insufficient,200,,
392,1926,9.04590188674645,32,200,0.16,0.11567412001614788,0.2171407021187469,False,insufficient,200,,
456,1359,9.04590188674645,70,200,0.35,0.28728824080917403,0.4183653571915147,False,insufficient,200,,
520,792,9.04590188674645,120,200,0.6,0.5308367198423567,0.6653942148238506,False,insufficient,200,,
584,225,9.04590188674645,167,200,0.835,0.777342184108311,0.8800314470234837,False,insufficient,200,,
8,5328,9.045901886746451,0,200,0.0,0.0,0.018845326668962936,False,insufficient,200,,
15,5266,9.04592806668523,0,200,0.0,0.0,0.018845326668962936,False,insufficient,200,,
79,4699,9.04592806668523,0,200,0.0,0.0,0.018845326668962936,False,insufficient,200,,
143,4132,9.04592806668523,0,200,0.0,0.0,0.018845326668962936,False,insufficient,200,,
207,3565,9.04592806668523,0,200,0.0,0.0,0.018845326668962936,False,insufficient,200,,
271,2998,9.04592806668523,3,200,0.015,0.005114237753504754,0.043165729115389295,False,insufficient,200,,
335,2431,9.04592806668523,12,200,0.06,0.03465219410651454,0.10193169336217282,False,insufficient,200,,
399,1864,9.04592806668523,34,200,0.17,0.12427907881439243,0.22815883678712312,False,insufficient,200,,
463,1297,9.04592806668523,73,200,0.365,0.30140526417602626,0.4336829740245936,False,insufficient,200,,
527,730,9.04592806668523,126,200,0.63,0.5612262986885862,0.6938739163774834,False,insufficient,200,,
591,163,9.04592806668523,171,200,0.855,0.7995133242038862,0.8971064938611499,False,insufficient,200,,
534,668,9.045954246624008,129,200,0.645,0.5765211302029042,0.7080137250630966,False,insufficient,200,,
598,101,9.045954246624008,3525,4000,0.88125,0.8708573461591068,0.8909110783209656,False,insufficient,4000,,
22,5204,9.04595424662401,0,200,0.0,0.0,0.018845326668962936,False,insufficient,200,,
86,4637,9.04595424662401,0,200,0.0,0.0,0.018845326668962936,False,insufficient,200,,
150,4070,9.04595424662401,0,200,0.0,0.0,0.018845326668962936,False,insufficient,200,,
214,3503,9.04595424662401,0,200,0.0,0.0,0.018845326668962936,False,insufficient,200,,
278,2936,9.04595424662401,3,200,0.015,0.005114237753504754,0.043165729115389295,False,insufficient,200,,
342,2369,9.04595424662401,15,200,0.075,0.04597491700833055,0.12004361066028794,False,insufficient,200,,
406,1802,9.04595424662401,36,200,0.18,0.13294625827141174,0.2391147507967245,False,insufficient,200,,
470,1235,9.04595424662401,80,200,0.4,0.3346057851761492,0.46916328015764336,False,insufficient,200,,
29,5142,9.045980426562789,0,200,0.0,0.0,0.018845326668962936,False,insufficient,200,,
93,4575,9.045980426562789,0,200,0.0,0.0,0.018845326668962936,False,insufficient,200,,
157,4008,9.045980426562789,0,200,0.0,0.0,0.018845326668962936,False,insufficient,200,,
221,3441,9.045980426562789,0,200,0.0,0.0,0.018845326668962936,False,insufficient,200,,
285,2874,9.045980426562789,3,200,0.015,0.005114237753504754,0.043165729115389295,False,insufficient,200,,
349,2307,9.045980426562789,17,200,0.085,0.05374574998400461,0.13189587115123463,False,insufficient,200,,
413,1740,9.045980426562789,41,200,0.205,0.15486176168906182,0.2662569810456263,False,insufficient,200,,
477,1173,9.045980426562789,86,200,0.43,0.36334322282848375,0.4992951229051709,False,insufficient,200,,
541,606,9.045980426562789,140,200,0.7,0.6332093157249852,0.7592525536074295,False,insufficient,200,,
605,39,9.045980426562789,3577,4000,0.89425,0.8843389174360835,0.9034045615180636,False,crossing,4000,crossing,4000
548,544,9.046006606501567,147,200,0.735,0.669824237532593,0.7913184589329944,False,insufficient,200,,
36,5080,9.04600660650157,0,200,0.0,0.0,0.018845326668962936,False,insufficient,200,,
100,4513,9.04600660650157,0,200,0.0,0.0,0.018845326668962936,False,insufficient,200,,
164,3946,9.04600660650157,0,200,0.0,0.0,0.018845326668962936,False,insufficient,200,,
228,3379,9.04600660650157,0,200,0.0,0.0,0.018845326668962936,False,insufficient,200,,
292,2812,9.04600660650157,5,200,0.025,0.010724719583860124,0.05717834075165468,False,insufficient,200,,
356,2245,9.04600660650157,18,200,0.09,0.05768744866037736,0.13776571920817224,False,insufficient,200,,
420,1678,9.04600660650157,48,200,0.24,0.1860661595414933,0.3037334103263674,False,insufficient,200,,
484,1111,9.04600660650157,87,200,0.435,0.36815725451898934,0.5042926379479759,False,insufficient,200,,
43,5018,9.04603278644035,0,200,0.0,0.0,0.018845326668962936,False,insufficient,200,,
107,4451,9.04603278644035,0,200,0.0,0.0,0.018845326668962936,False,insufficient,200,,
171,3884,9.04603278644035,0,200,0.0,0.0,0.018845326668962936,False,insufficient,200,,
235,3317,9.04603278644035,1,200,0.005,0.0008831687058453758,0.02777370469642793,False,insufficient,200,,
299,2750,9.04603278644035,5,200,0.025,0.010724719583860124,0.05717834075165468,False,insufficient,200,,
363,2183,9.04603278644035,20,200,0.1,0.06567044845124732,0.14940581288392302,False,insufficient,200,,
427,1616,9.04603278644035,50,200,0.25,0.195081679676731,0.3143409836577504,False,insufficient,200,,
491,1049,9.04603278644035,91,200,0.455,0.3874821925827813,0.5242138868174252,False,insufficient,200,,
555,482,9.04603278644035,152,200,0.76,0.6962665896736326,0.8139338404585067,False,insufficient,200,,
306,2688,9.046058966379128,7,200,0.035,0.01705554191525804,0.0704706118868775,False,insufficient,200,,
370,2121,9.046058966379128,23,200,0.115,0.07786373208518774,0.16664716944991373,False,insufficient,200,,
434,1554,9.046058966379128,56,200,0.28,0.2223688973234035,0.3459230464109402,False,insufficient,200,,
498,987,9.046058966379128,97,200,0.485,0.41667385119216255,0.5538915086079063,False,insufficient,200,,
50,4956,9.04605896637913,0,200,0.0,0.0,0.018845326668962936,False,insufficient,200,,
114,4389,9.04605896637913,0,200,0.0,0.0,0.018845326668962936,False,insufficient,200,,
178,3822,9.04605896637913,0,200,0.0,0.0,0.018845326668962936,False,insufficient,200,,
242,3255,9.04605896637913,2,200,0.01,0.0027466581088489593,0.035721762026734716,False,insufficient,200,,
562,420,9.04605896637913,157,200,0.785,0.722976925984516,0.8362812378141752,False,insufficient,200,,
57,4894,9.046085146317909,0,200,0.0,0.0,0.018845326668962936,False,insufficient,200,,
121,4327,9.046085146317909,0,200,0.0,0.0,0.018845326668962936,False,insufficient,200,,
185,3760,9.046085146317909,0,200,0.0,0.0,0.018845326668962936,False,insufficient,200,,
249,3193,9.046085146317909,3,200,0.015,0.005114237753504754,0.043165729115389295,False,insufficient,200,,
377,2059,9.046085146317909,27,200,0.135,0.09446570427968658,0.18929138418865638,False,insufficient,200,,
441,1492,9.046085146317909,59,200,0.295,0.2361394381410138,0.3615871457932609,False,insufficient,200,,
505,925,9.046085146317909,104,200,0.52,0.45103785019149595,0.5882083367417457,False,insufficient,200,,
569,358,9.046085146317909,160,200,0.8,0.7391448129154138,0.8495479910832086,False,insufficient,200,,
313,2626,9.04608514631791,8,200,0.04,0.0204056319610195,0.0769320685744264,False,insufficient,200,,
0,5399,9.046111326256689,0,200,0.0,0.0,0.018845326668962936,False,insufficient,200,,
64,4832,9.046111326256689,0,200,0.0,0.0,0.018845326668962936,False,insufficient,200,,
128,4265,9.046111326256689,0,200,0.0,0.0,0.018845326668962936,False,insufficient,200,,
192,3698,9.046111326256689,0,200,0.0,0.0,0.018845326668962936,False,insufficient,200,,
256,3131,9.046111326256689,3,200,0.015,0.005114237753504754,0.043165729115389295,False,insufficient,200,,
320,2564,9.046111326256689,8,200,0.04,0.0204056319610195,0.0769320685744264,False,insufficient,200,,
384,1997,9.046111326256689,29,200,0.145,0.10289350613885,0.20048667579611365,False,insufficient,200,,
448,1430,9.046111326256689,65,200,0.325,0.263915714943814,0.392680149390323,False,insufficient,200,,
512,863,9.046111326256689,114,200,0.57,0.5007048770948288,0.6366567771715163,False,insufficient,200,,
576,296,9.046111326256689,165,200,0.825,0.7663556880107202,0.8713948496544538,False,insufficient,200,,
327,2502,9.046137506195468,9,200,0.045,0.02385254288504434,0.08329670438371192,False,insufficient,200,,
391,1935,9.046137506195468,32,200,0.16,0.11567412001614788,0.2171407021187469,False,insufficient,200,,
455,1368,9.046137506195468,70,200,0.35,0.28728824080917403,0.4183653571915147,False,insufficient,200,,
519,801,9.046137506195468,120,200,0.6,0.5308367198423567,0.6653942148238506,False,insufficient,200,,
583,234,9.046137506195468,166,200,0.83,0.7718411632128768,0.8757209211856076,False,insufficient,200,,
7,5337,9.04613750619547,0,200,0.0,0.0,0.018845326668962936,False,insufficient,200,,
71,4770,9.04613750619547,0,200,0.0,0.0,0.018845326668962936,False,insufficient,200,,
135,4203,9.04613750619547,0,200,0.0,0.0,0.018845326668962936,False,insufficient,200,,
199,3636,9.04613750619547,0,200,0.0,0.0,0.018845326668962936,False,insufficient,200,,
263,3069,9.04613750619547,3,200,0.015,0.005114237753504754,0.043165729115389295,False,insufficient,200,,
14,5275,9.046163686134248,0,200,0.0,0.0,0.018845326668962936,False,insufficient,200,,
78,4708,9.046163686134248,0,200,0.0,0.0,0.018845326668962936,False,insufficient,200,,
142,4141,9.046163686134248,0,200,0.0,0.0,0.018845326668962936,False,insufficient,200,,
206,3574,9.046163686134248,0,200,0.0,0.0,0.018845326668962936,False,insufficient,200,,
526,739,9.046163686134248,126,200,0.63,0.5612262986885862,0.6938739163774834,False,insufficient,200,,
590,172,9.046163686134248,170,200,0.85,0.7939442066666507,0.8928640646650752,False,insufficient,200,,
270,3007,9.04616368613425,3,200,0.015,0.005114237753504754,0.043165729115389295,False,insufficient,200,,
334,2440,9.04616368613425,11,200,0.055,0.03098534156570805,0.09578699916966896,False,insufficient,200,,
398,1873,9.04616368613425,34,200,0.17,0.12427907881439243,0.22815883678712312,False,insufficient,200,,
462,1306,9.04616368613425,72,200,0.36,0.2966919725753122,0.4285847188919973,False,insufficient,200,,
597,110,9.046189866073027,3517,4000,0.87925,0.8687868263712093,0.8889854358820825,False,insufficient,4000,,
21,5213,9.046189866073028,0,200,0.0,0.0,0.018845326668962936,False,insufficient,200,,
85,4646,9.046189866073028,0,200,0.0,0.0,0.018845326668962936,False,insufficient,200,,
149,4079,9.046189866073028,0,200,0.0,0.0,0.018845326668962936,False,insufficient,200,,
213,3512,9.046189866073028,0,200,0.0,0.0,0.018845326668962936,False,insufficient,200,,
277,2945,9.046189866073028,3,200,0.015,0.005114237753504754,0.043165729115389295,False,insufficient,200,,
341,2378,9.046189866073028,15,200,0.075,0.04597491700833055,0.12004361066028794,False,insufficient,200,,
405,1811,9.046189866073028,34,200,0.17,0.12427907881439243,0.22815883678712312,False,insufficient,200,,
469,1244,9.046189866073028,78,200,0.39,0.3250834308878392,0.4590625409793326,False,insufficient,200,,
533,677,9.046189866073028,128,200,0.64,0.5714152811080028,0.7033080274246877,False,insufficient,200,,
220,3450,9.046216046011807,0,200,0.0,0.0,0.018845326668962936,False,insufficient,200,,
284,2883,9.046216046011807,3,200,0.015,0.005114237753504754,0.043165729115389295,False,insufficient,200,,
412,1749,9.046216046011807,41,200,0.205,0.15486176168906182,0.2662569810456263,False,insufficient,200,,
28,5151,9.046216046011809,0,200,0.0,0.0,0.018845326668962936,False,insufficient,200,,
92,4584,9.046216046011809,0,200,0.0,0.0,0.018845326668962936,False,insufficient,200,,
156,4017,9.046216046011809,0,200,0.0,0.0,0.018845326668962936,False,insufficient,200,,
348,2316,9.046216046011809,17,200,0.085,0.05374574998400461,0.13189587115123463,False,insufficient,200,,
476,1182,9.046216046011809,86,200,0.43,0.36334322282848375,0.4992951229051709,False,insufficient,200,,
540,615,9.046216046011809,138,200,0.69,0.6228282237882907,0.7500105520775032,False,insufficient,200,,
604,48,9.046216046011809,3570,4000,0.8925,0.8825216268887314,0.9017252101169826,False,crossing,4000,crossing,4000
35,5089,9.04624222595059,0,200,0.0,0.0,0.018845326668962936,False,insufficient,200,,
99,4522,9.04624222595059,0,200,0.0,0.0,0.018845326668962936,False,insufficient,200,,
163,3955,9.04624222595059,0,200,0.0,0.0,0.018845326668962936,False,insufficient,200,,
227,3388,9.04624222595059,0,200,0.0,0.0,0.018845326668962936,False,insufficient,200,,
291,2821,9.04624222595059,5,200,0.025,0.010724719583860124,0.05717834075165468,False,insufficient,200,,
355,2254,9.04624222595059,18,200,0.09,0.05768744866037736,0.13776571920817224,False,insufficient,200,,
419,1687,9.04624222595059,47,200,0.235,0.18157433377419854,0.2984136893603518,False,insufficient,200,,
483,1120,9.04624222595059,86,200,0.43,0.36334322282848375,0.4992951229051709,False,insufficient,200,,
547,553,9.04624222595059,146,200,0.73,0.66456564747098,0.786765502261297,False,insufficient,200,,
42,5027,9.046268405889368,0,200,0.0,0.0,0.018845326668962936,False,insufficient,200,,
106,4460,9.046268405889368,0,200,0.0,0.0,0.018845326668962936,False,insufficient,200,,
170,3893,9.046268405889368,0,200,0.0,0.0,0.018845326668962936,False,insufficient,200,,
234,3326,9.046268405889368,1,200,0.005,0.0008831687058453758,0.02777370469642793,False,insufficient,200,,
298,2759,9.046268405889368,5,200,0.025,0.010724719583860124,0.05717834075165468,False,insufficient,200,,
362,2192,9.046268405889368,20,200,0.1,0.06567044845124732,0.14940581288392302,False,insufficient,200,,
426,1625,9.046268405889368,50,200,0.25,0.195081679676731,0.3143409836577504,False,insufficient,200,,
490,1058,9.046268405889368,91,200,0.455,0.3874821925827813,0.5242138868174252,False,insufficient,200,,
554,491,9.046268405889368,152,200,0.76,0.6962665896736326,0.8139338404585067,False,insufficient,200,,
49,4965,9.046294585828148,0,200,0.0,0.0,0.018845326668962936,False,insufficient,200,,
113,4398,9.046294585828148,0,200,0.0,0.0,0.018845326668962936,False,insufficient,200,,
177,3831,9.046294585828148,0,200,0.0,0.0,0.018845326668962936,False,insufficient,200,,
241,3264,9.046294585828148,2,200,0.01,0.0027466581088489593,0.035721762026734716,False,insufficient,200,,
305,2697,9.046294585828148,6,200,0.03,0.013820314259191425,0.06389429280963374,False,insufficient,200,,
369,2130,9.046294585828148,23,200,0.115,0.07786373208518774,0.16664716944991373,False,insufficient,200,,
433,1563,9.046294585828148,54,200,0.27,0.2132344977387029,0.33543435252902004,False,insufficient,200,,
497,996,9.046294585828148,97,200,0.485,0.41667385119216255,0.5538915086079063,False,insufficient,200,,
561,429,9.046294585828148,156,200,0.78,0.7176120002896181,0.8318346167757626,False,insufficient,200,,
504,934,9.046320765766927,103,200,0.515,0.44610849139209374,0.5833261488078374,False,insufficient,200,,
568,367,9.046320765766927,160,200,0.8,0.7391448129154138,0.8495479910832086,False,insufficient,200,,
56,4903,9.046320765766929,0,200,0.0,0.0,0.018845326668962936,False,insufficient,200,,
120,4336,9.046320765766929,0,200,0.0,0.0,0.018845326668962936,False,insufficient,200,,
184,3769,9.046320765766929,0,200,0.0,0.0,0.018845326668962936,False,insufficient,200,,
248,3202,9.046320765766929,3,200,0.015,0.005114237753504754,0.043165729115389295,False,insufficient,200,,
312,2635,9.046320765766929,7,200,0.035,0.01705554191525804,0.0704706118868775,False,insufficient,200,,
376,2068,9.046320765766929,26,200,0.13,0.09028202253521182,0.18366351919982074,False,insufficient,200,,
440,1501,9.046320765766929,58,200,0.29,0.23154025564693195,0.3563747815540324,False,insufficient,200,,
63,4841,9.046346945705707,0,200,0.0,0.0,0.018845326668962936,False,insufficient,200,,
127,4274,9.046346945705707,0,200,0.0,0.0,0.018845326668962936,False,insufficient,200,,
191,3707,9.046346945705707,0,200,0.0,0.0,0.018845326668962936,False,insufficient,200,,
255,3140,9.046346945705707,3,200,0.015,0.005114237753504754,0.043165729115389295,False,insufficient,200,,
319,2573,9.046346945705707,8,200,0.04,0.0204056319610195,0.0769320685744264,False,insufficient,200,,
383,2006,9.046346945705707,28,200,0.14,0.09866982605979482,0.1948988091418585,False,insufficient,200,,
447,1439,9.046346945705707,63,200,0.315,0.2546232094605245,0.38234956140699167,False,insufficient,200,,
511,872,9.046346945705707,113,200,0.565,0.4957073620520242,0.6318427454810105,False,insufficient,200,,
575,305,9.046346945705707,164,200,0.82,0.7608852492032754,0.8670537417285882,False,insufficient,200,,
134,4212,9.046373125644488,0,200,0.0,0.0,0.018845326668962936,False,insufficient,200,,
198,3645,9.046373125644488,0,200,0.0,0.0,0.018845326668962936,False,insufficient,200,,
262,3078,9.046373125644488,3,200,0.015,0.005114237753504754,0.043165729115389295,False,insufficient,200,,
326,2511,9.046373125644488,9,200,0.045,0.02385254288504434,0.08329670438371192,False,insufficient,200,,
390,1944,9.046373125644488,31,200,0.155,0.11139636898322336,0.21160690641836105,False,insufficient,200,,
454,1377,9.046373125644488,70,200,0.35,0.28728824080917403,0.4183653571915147,False,insufficient,200,,
518,810,9.046373125644488,120,200,0.6,0.5308367198423567,0.6653942148238506,False,insufficient,200,,
582,243,9.046373125644488,166,200,0.83,0.7718411632128768,0.8757209211856076,False,insufficient,200,,
6,5346,9.04637312564449,0,200,0.0,0.0,0.018845326668962936,False,insufficient,200,,
70,4779,9.04637312564449,0,200,0.0,0.0,0.018845326668962936,False,insufficient,200,,
13,5284,9.046399305583268,0,200,0.0,0.0,0.018845326668962936,False,insufficient,200,,
77,4717,9.046399305583268,0,200,0.0,0.0,0.018845326668962936,False,insufficient,200,,
141,4150,9.046399305583268,0,200,0.0,0.0,0.018845326668962936,False,insufficient,200,,
205,3583,9.046399305583268,0,200,0.0,0.0,0.018845326668962936,False,insufficient,200,,
269,3016,9.046399305583268,3,200,0.015,0.005114237753504754,0.043165729115389295,False,insufficient,200,,
333,2449,9.046399305583268,11,200,0.055,0.03098534156570805,0.09578699916966896,False,insufficient,200,,
397,1882,9.046399305583268,34,200,0.17,0.12427907881439243,0.22815883678712312,False,insufficient,200,,
461,1315,9.046399305583268,72,200,0.36,0.2966919725753122,0.4285847188919973,False,insufficient,200,,
525,748,9.046399305583268,125,200,0.625,0.5561430364380054,0.6891456318947539,False,insufficient,200,,
589,181,9.046399305583268,170,200,0.85,0.7939442066666507,0.8928640646650752,False,insufficient,200,,
20,5222,9.046425485522049,0,200,0.0,0.0,0.018845326668962936,False,insufficient,200,,
84,4655,9.046425485522049,0,200,0.0,0.0,0.018845326668962936,False,insufficient,200,,
148,4088,9.046425485522049,0,200,0.0,0.0,0.018845326668962936,False,insufficient,200,,
212,3521,9.046425485522049,0,200,0.0,0.0,0.018845326668962936,False,insufficient,200,,
276,2954,9.046425485522049,3,200,0.015,0.005114237753504754,0.043165729115389295,False,insufficient,200,,
340,2387,9.046425485522049,15,200,0.075,0.04597491700833055,0.12004361066028794,False,insufficient,200,,
404,1820,9.046425485522049,34,200,0.17,0.12427907881439243,0.22815883678712312,False,insufficient,200,,
468,1253,9.046425485522049,78,200,0.39,0.3250834308878392,0.4590625409793326,False,insufficient,200,,
532,686,9.046425485522049,128,200,0.64,0.5714152811080028,0.7033080274246877,False,insufficient,200,,
596,119,9.046425485522049,3510,4000,0.8775,0.8669758546204714,0.8872997656843872,False,insufficient,4000,,
27,5160,9.046451665460827,0,200,0.0,0.0,0.018845326668962936,False,insufficient,200,,
347,2325,9.046451665460827,17,200,0.085,0.05374574998400461,0.13189587115123463,False,insufficient,200,,
411,1758,9.046451665460827,40,200,0.2,0.15045200891679145,0.2608551870845863,False,insufficient,200,,
475,1191,9.046451665460827,85,200,0.425,0.3585361249314706,0.4942906740688738,False,insufficient,200,,
539,624,9.046451665460827,137,200,0.685,0.6176504385930084,0.7453767905394755,False,insufficient,200,,
603,57,9.046451665460827,3567,4000,0.89175,0.8817430325768879,0.9010052435937834,False,crossing,4000,crossing,4000
91,4593,9.046451665460829,0,200,0.0,0.0,0.018845326668962936,False,insufficient,200,,
155,4026,9.046451665460829,0,200,0.0,0.0,0.018845326668962936,False,insufficient,200,,
219,3459,9.046451665460829,0,200,0.0,0.0,0.018845326668962936,False,insufficient,200,,
283,2892,9.046451665460829,3,200,0.015,0.005114237753504754,0.043165729115389295,False,insufficient,200,,
34,5098,9.046477845399608,0,200,0.0,0.0,0.018845326668962936,False,insufficient,200,,
98,4531,9.046477845399608,0,200,0.0,0.0,0.018845326668962936,False,insufficient,200,,
162,3964,9.046477845399608,0,200,0.0,0.0,0.018845326668962936,False,insufficient,200,,
226,3397,9.046477845399608,0,200,0.0,0.0,0.018845326668962936,False,insufficient,200,,
290,2830,9.046477845399608,5,200,0.025,0.010724719583860124,0.05717834075165468,False,insufficient,200,,
354,2263,9.046477845399608,18,200,0.09,0.05768744866037736,0.13776571920817224,False,insufficient,200,,
418,1696,9.046477845399608,44,200,0.22,0.1681653832242373,0.2823879997103819,False,insufficient,200,,
482,1129,9.046477845399608,86,200,0.43,0.36334322282848375,0.4992951229051709,False,insufficient,200,,
546,562,9.046477845399608,146,200,0.73,0.66456564747098,0.786765502261297,False,insufficient,200,,
553,500,9.046504025338386,151,200,0.755,0.6909575639021187,0.8094313194967102,False,insufficient,200,,
41,5036,9.046504025338388,0,200,0.0,0.0,0.018845326668962936,False,insufficient,200,,
105,4469,9.046504025338388,0,200,0.0,0.0,0.018845326668962936,False,insufficient,200,,
169,3902,9.046504025338388,0,200,0.0,0.0,0.018845326668962936,False,insufficient,200,,
233,3335,9.046504025338388,0,200,0.0,0.0,0.018845326668962936,False,insufficient,200,,
297,2768,9.046504025338388,5,200,0.025,0.010724719583860124,0.05717834075165468,False,insufficient,200,,
361,2201,9.046504025338388,19,200,0.095,0.061663102507449205,0.14360161209441077,False,insufficient,200,,
425,1634,9.046504025338388,50,200,0.25,0.195081679676731,0.3143409836577504,False,insufficient,200,,
489,1067,9.046504025338388,91,200,0.455,0.3874821925827813,0.5242138868174252,False,insufficient,200,,
496,1005,9.046530205277167,96,200,0.48,0.4117916632582544,0.548962149808504,False,insufficient,200,,
560,438,9.046530205277167,156,200,0.78,0.7176120002896181,0.8318346167757626,False,insufficient,200,,
48,4974,9.046530205277168,0,200,0.0,0.0,0.018845326668962936,False,insufficient,200,,
112,4407,9.046530205277168,0,200,0.0,0.0,0.018845326668962936,False,insufficient,200,,
176,3840,9.046530205277168,0,200,0.0,0.0,0.018845326668962936,False,insufficient,200,,
240,3273,9.046530205277168,2,200,0.01,0.0027466581088489593,0.035721762026734716,False,insufficient,200,,
304,2706,9.046530205277168,6,200,0.03,0.013820314259191425,0.06389429280963374,False,insufficient,200,,
368,2139,9.046530205277168,23,200,0.115,0.07786373208518774,0.16664716944991373,False,insufficient,200,,
432,1572,9.046530205277168,54,200,0.27,0.2132344977387029,0.33543435252902004,False,insufficient,200,,
119,4345,9.046556385215947,0,200,0.0,0.0,0.018845326668962936,False,insufficient,200,,
183,3778,9.046556385215947,0,200,0.0,0.0,0.018845326668962936,False,insufficient,200,,
247,3211,9.046556385215947,3,200,0.015,0.005114237753504754,0.043165729115389295,False,insufficient,200,,
311,2644,9.046556385215947,7,200,0.035,0.01705554191525804,0.0704706118868775,False,insufficient,200,,
375,2077,9.046556385215947,26,200,0.13,0.09028202253521182,0.18366351919982074,False,insufficient,200,,
439,1510,9.046556385215947,58,200,0.29,0.23154025564693195,0.3563747815540324,False,insufficient,200,,
503,943,9.046556385215947,102,200,0.51,0.44118587625055616,0.5784372172160646,False,insufficient,200,,
567,376,9.046556385215947,159,200,0.795,0.7337430189543738,0.8451382383109382,False,insufficient,200,,
55,4912,9.046556385215949,0,200,0.0,0.0,0.018845326668962936,False,insufficient,200,,
62,4850,9.046582565154727,0,200,0.0,0.0,0.018845326668962936,False,insufficient,200,,
126,4283,9.046582565154727,0,200,0.0,0.0,0.018845326668962936,False,insufficient,200,,
190,3716,9.046582565154727,0,200,0.0,0.0,0.018845326668962936,False,insufficient,200,,
254,3149,9.046582565154727,3,200,0.015,0.005114237753504754,0.043165729115389295,False,insufficient,200,,
318,2582,9.046582565154727,8,200,0.04,0.0204056319610195,0.0769320685744264,False,insufficient,200,,
382,2015,9.046582565154727,28,200,0.14,0.09866982605979482,0.1948988091418585,False,insufficient,200,,
446,1448,9.046582565154727,62,200,0.31,0.2499894479224967,0.37717177621170916,False,insufficient,200,,
510,881,9.046582565154727,113,200,0.565,0.4957073620520242,0.6318427454810105,False,insufficient,200,,
574,314,9.046582565154727,162,200,0.81,0.7499876124094633,0.8583282850557797,False,insufficient,200,,
5,5355,9.046608745093508,0,200,0.0,0.0,0.018845326668962936,False,insufficient,200,,
69,4788,9.046608745093508,0,200,0.0,0.0,0.018845326668962936,False,insufficient,200,,
133,4221,9.046608745093508,0,200,0.0,0.0,0.018845326668962936,False,insufficient,200,,
197,3654,9.046608745093508,0,200,0.0,0.0,0.018845326668962936,False,insufficient,200,,
261,3087,9.046608745093508,3,200,0.015,0.005114237753504754,0.043165729115389295,False,insufficient,200,,
325,2520,9.046608745093508,8,200,0.04,0.0204056319610195,0.0769320685744264,False,insufficient,200,,
389,1953,9.046608745093508,31,200,0.155,0.11139636898322336,0.21160690641836105,False,insufficient,200,,
453,1386,9.046608745093508,70,200,0.35,0.28728824080917403,0.4183653571915147,False,insufficient,200,,
517,819,9.046608745093508,120,200,0.6,0.5308367198423567,0.6653942148238506,False,insufficient,200,,
581,252,9.046608745093508,166,200,0.83,0.7718411632128768,0.8757209211856076,False,insufficient,200,,
12,5293,9.046634925032286,0,200,0.0,0.0,0.018845326668962936,False,insufficient,200,,
140,4159,9.046634925032286,0,200,0.0,0.0,0.018845326668962936,False,insufficient,200,,
204,3592,9.046634925032286,0,200,0.0,0.0,0.018845326668962936,False,insufficient,200,,
268,3025,9.046634925032286,3,200,0.015,0.005114237753504754,0.043165729115389295,False,insufficient,200,,
332,2458,9.046634925032286,10,200,0.05,0.027382645473457017,0.08957814852860962,False,insufficient,200,,
396,1891,9.046634925032286,34,200,0.17,0.12427907881439243,0.22815883678712312,False,insufficient,200,,
460,1324,9.046634925032286,72,200,0.36,0.2966919725753122,0.4285847188919973,False,insufficient,200,,
524,757,9.046634925032286,125,200,0.625,0.5561430364380054,0.6891456318947539,False,insufficient,200,,
588,190,9.046634925032286,168,200,0.84,0.782859297881253,0.884325879983852,False,insufficient,200,,
76,4726,9.046634925032288,0,200,0.0,0.0,0.018845326668962936,False,insufficient,200,,
19,5231,9.046661104971067,0,200,0.0,0.0,0.018845326668962936,False,insufficient,200,,
83,4664,9.046661104971067,0,200,0.0,0.0,0.018845326668962936,False,insufficient,200,,
147,4097,9.046661104971067,0,200,0.0,0.0,0.018845326668962936,False,insufficient,200,,
211,3530,9.046661104971067,0,200,0.0,0.0,0.018845326668962936,False,insufficient,200,,
403,1829,9.046661104971067,34,200,0.17,0.12427907881439243,0.22815883678712312,False,insufficient,200,,
467,1262,9.046661104971067,77,200,0.385,0.3203330967849892,0.4540013283488722,False,insufficient,200,,
531,695,9.046661104971067,128,200,0.64,0.5714152811080028,0.7033080274246877,False,insufficient,200,,
595,128,9.046661104971067,523,600,0.8716666666666667,0.8425209878774318,0.8960834809615906,False,insufficient,600,,
275,2963,9.046661104971069,3,200,0.015,0.005114237753504754,0.043165729115389295,False,insufficient,200,,
339,2396,9.046661104971069,15,200,0.075,0.04597491700833055,0.12004361066028794,False,insufficient,200,,
602,66,9.046687284909845,3557,4000,0.88925,0.8791487564211073,0.898604316966088,False,insufficient,4000,,
26,5169,9.046687284909847,0,200,0.0,0.0,0.018845326668962936,False,insufficient,200,,
90,4602,9.046687284909847,0,200,0.0,0.0,0.018845326668962936,False,insufficient,200,,
154,4035,9.046687284909847,0,200,0.0,0.0,0.018845326668962936,False,insufficient,200,,
218,3468,9.046687284909847,0,200,0.0,0.0,0.018845326668962936,False,insufficient,200,,
282,2901,9.046687284909847,3,200,0.015,0.005114237753504754,0.043165729115389295,False,insufficient,200,,
346,2334,9.046687284909847,16,200,0.08,0.04984058570487163,0.12598948869705726,False,insufficient,200,,
410,1767,9.046687284909847,39,200,0.195,0.1460552050050192,0.2554404442630482,False,insufficient,200,,
474,1200,9.046687284909847,85,200,0.425,0.3585361249314706,0.4942906740688738,False,insufficient,200,,
538,633,9.046687284909847,136,200,0.68,0.6124810151086787,0.7407346672904946,False,insufficient,200,,
161,3973,9.046713464848626,0,200,0.0,0.0,0.018845326668962936,False,insufficient,200,,
225,3406,9.046713464848626,0,200,0.0,0.0,0.018845326668962936,False,insufficient,200,,
289,2839,9.046713464848626,5,200,0.025,0.010724719583860124,0.05717834075165468,False,insufficient,200,,
353,2272,9.046713464848626,18,200,0.09,0.05768744866037736,0.13776571920817224,False,insufficient,200,,
417,1705,9.046713464848626,44,200,0.22,0.1681653832242373,0.2823879997103819,False,insufficient,200,,
481,1138,9.046713464848626,86,200,0.43,0.36334322282848375,0.4992951229051709,False,insufficient,200,,
33,5107,9.046713464848628,0,200,0.0,0.0,0.018845326668962936,False,insufficient,200,,
97,4540,9.046713464848628,0,200,0.0,0.0,0.018845326668962936,False,insufficient,200,,
545,571,9.046713464848628,145,200,0.725,0.6593166058798847,0.7822029971190819,False,insufficient,200,,
609,4,9.046713464848628,3602,4000,0.9005,0.8908360051515638,0.909395480761273,True,crossing,4000,crossing,4000
104,4478,9.046739644787406,0,200,0.0,0.0,0.018845326668962936,False,insufficient,200,,
168,3911,9.046739644787406,0,200,0.0,0.0,0.018845326668962936,False,insufficient,200,,
232,3344,9.046739644787406,0,200,0.0,0.0,0.018845326668962936,False,insufficient,200,,
552,509,9.046739644787406,150,200,0.75,0.6856590163422495,0.804918320323269,False,insufficient,200,,
40,5045,9.046739644787408,0,200,0.0,0.0,0.018845326668962936,False,insufficient,200,,
296,2777,9.046739644787408,5,200,0.025,0.010724719583860124,0.05717834075165468,False,insufficient,200,,
360,2210,9.046739644787408,19,200,0.095,0.061663102507449205,0.14360161209441077,False,insufficient,200,,
424,1643,9.046739644787408,50,200,0.25,0.195081679676731,0.3143409836577504,False,insufficient,200,,
488,1076,9.046739644787408,91,200,0.455,0.3874821925827813,0.5242138868174252,False,insufficient,200,,
47,4983,9.046765824726187,0,200,0.0,0.0,0.018845326668962936,False,insufficient,200,,
111,4416,9.046765824726187,0,200,0.0,0.0,0.018845326668962936,False,insufficient,200,,
175,3849,9.046765824726187,0,200,0.0,0.0,0.018845326668962936,False,insufficient,200,,
239,3282,9.046765824726187,1,200,0.005,0.0008831687058453758,0.02777370469642793,False,insufficient,200,,
303,2715,9.046765824726187,6,200,0.03,0.013820314259191425,0.06389429280963374,False,insufficient,200,,
367,2148,9.046765824726187,21,200,0.105,0.06970748770124899,0.15518032036723173,False,insufficient,200,,
431,1581,9.046765824726187,53,200,0.265,0.2086815410670056,0.33017576246740693,False,insufficient,200,,
495,1014,9.046765824726187,94,200,0.47,0.4020475482110944,0.5390831713890433,False,insufficient,200,,
559,447,9.046765824726187,155,200,0.775,0.7122587671141067,0.8273763032179636,False,insufficient,200,,
310,2653,9.046792004664965,7,200,0.035,0.01705554191525804,0.0704706118868775,False,insufficient,200,,
54,4921,9.046792004664967,0,200,0.0,0.0,0.018845326668962936,False,insufficient,200,,
118,4354,9.046792004664967,0,200,0.0,0.0,0.018845326668962936,False,insufficient,200,,
182,3787,9.046792004664967,0,200,0.0,0.0,0.018845326668962936,False,insufficient,200,,
246,3220,9.046792004664967,3,200,0.015,0.005114237753504754,0.043165729115389295,False,insufficient,200,,
374,2086,9.046792004664967,25,200,0.125,0.0861197445025044,0.1780142504992178,False,insufficient,200,,
438,1519,9.046792004664967,58,200,0.29,0.23154025564693195,0.3563747815540324,False,insufficient,200,,
502,952,9.046792004664967,102,200,0.51,0.44118587625055616,0.5784372172160646,False,insufficient,200,,
566,385,9.046792004664967,159,200,0.795,0.7337430189543738,0.8451382383109382,False,insufficient,200,,
61,4859,9.046818184603746,0,200,0.0,0.0,0.018845326668962936,False,insufficient,200,,
381,2024,9.046818184603746,28,200,0.14,0.09866982605979482,0.1948988091418585,False,insufficient,200,,
445,1457,9.046818184603746,62,200,0.31,0.2499894479224967,0.37717177621170916,False,insufficient,200,,
509,890,9.046818184603746,111,200,0.555,0.4857330235838182,0.6221939904825959,False,insufficient,200,,
573,323,9.046818184603746,162,200,0.81,0.7499876124094633,0.8583282850557797,False,insufficient,200,,
125,4292,9.046818184603747,0,200,0.0,0.0,0.018845326668962936,False,insufficient,200,,
189,3725,9.046818184603747,0,200,0.0,0.0,0.018845326668962936,False,insufficient,200,,
253,3158,9.046818184603747,3,200,0.015,0.005114237753504754,0.043165729115389295,False,insufficient,200,,
317,2591,9.046818184603747,8,200,0.04,0.0204056319610195,0.0769320685744264,False,insufficient,200,,
4,5364,9.046844364542526,0,200,0.0,0.0,0.018845326668962936,False,insufficient,200,,
68,4797,9.046844364542526,0,200,0.0,0.0,0.018845326668962936,False,insufficient,200,,
132,4230,9.046844364542526,0,200,0.0,0.0,0.018845326668962936,False,insufficient,200,,
196,3663,9.046844364542526,0,200,0.0,0.0,0.018845326668962936,False,insufficient,200,,
260,3096,9.046844364542526,3,200,0.015,0.005114237753504754,0.043165729115389295,False,insufficient,200,,
324,2529,9.046844364542526,8,200,0.04,0.0204056319610195,0.0769320685744264,False,insufficient,200,,
388,1962,9.046844364542526,30,200,0.15,0.10713593533492477,0.20605579333334925,False,insufficient,200,,
452,1395,9.046844364542526,68,200,0.34,0.2779154592508567,0.4081150452832114,False,insufficient,200,,
516,828,9.046844364542526,118,200,0.59,0.5207645897876366,0.65584325141195,False,insufficient,200,,
580,261,9.046844364542526,166,200,0.83,0.7718411632128768,0.8757209211856076,False,insufficient,200,,
75,4735,9.046870544481306,0,200,0.0,0.0,0.018845326668962936,False,insufficient,200,,
139,4168,9.046870544481306,0,200,0.0,0.0,0.018845326668962936,False,insufficient,200,,
203,3601,9.046870544481306,0,200,0.0,0.0,0.018845326668962936,False,insufficient,200,,
267,3034,9.046870544481306,3,200,0.015,0.005114237753504754,0.043165729115389295,False,insufficient,200,,
331,2467,9.046870544481306,10,200,0.05,0.027382645473457017,0.08957814852860962,False,insufficient,200,,
395,1900,9.046870544481306,33,200,0.165,0.11996855297651625,0.22265781589168893,False,insufficient,200,,
459,1333,9.046870544481306,71,200,0.355,0.2919862749369033,0.4234788697970958,False,insufficient,200,,
523,766,9.046870544481306,124,200,0.62,0.5510671796046104,0.6844099419948385,False,insufficient,200,,
587,199,9.046870544481306,167,200,0.835,0.777342184108311,0.8800314470234837,False,insufficient,200,,
11,5302,9.046870544481308,0,200,0.0,0.0,0.018845326668962936,False,insufficient,200,,
530,704,9.046896724420085,128,200,0.64,0.5714152811080028,0.7033080274246877,False,insufficient,200,,
18,5240,9.046896724420087,0,200,0.0,0.0,0.018845326668962936,False,insufficient,200,,
82,4673,9.046896724420087,0,200,0.0,0.0,0.018845326668962936,False,insufficient,200,,
146,4106,9.046896724420087,0,200,0.0,0.0,0.018845326668962936,False,insufficient,200,,
210,3539,9.046896724420087,0,200,0.0,0.0,0.018845326668962936,False,insufficient,200,,
274,2972,9.046896724420087,3,200,0.015,0.005114237753504754,0.043165729115389295,False,insufficient,200,,
338,2405,9.046896724420087,15,200,0.075,0.04597491700833055,0.12004361066028794,False,insufficient,200,,
402,1838,9.046896724420087,34,200,0.17,0.12427907881439243,0.22815883678712312,False,insufficient,200,,
466,1271,9.046896724420087,77,200,0.385,0.3203330967849892,0.4540013283488722,False,insufficient,200,,
594,137,9.046896724420087,519,600,0.865,0.8353232824473261,0.8900326757398752,False,insufficient,600,,
89,4611,9.046922904358865,0,200,0.0,0.0,0.018845326668962936,False,insufficient,200,,
153,4044,9.046922904358865,0,200,0.0,0.0,0.018845326668962936,False,insufficient,200,,
217,3477,9.046922904358865,0,200,0.0,0.0,0.018845326668962936,False,insufficient,200,,
281,2910,9.046922904358865,3,200,0.015,0.005114237753504754,0.043165729115389295,False,insufficient,200,,
345,2343,9.046922904358865,15,200,0.075,0.04597491700833055,0.12004361066028794,False,insufficient,200,,
409,1776,9.046922904358865,39,200,0.195,0.1460552050050192,0.2554404442630482,False,insufficient,200,,
473,1209,9.046922904358865,85,200,0.425,0.3585361249314706,0.4942906740688738,False,insufficient,200,,
537,642,9.046922904358865,133,200,0.665,0.5970219115283492,0.7267591306708931,False,insufficient,200,,
601,75,9.046922904358865,3549,4000,0.88725,0.8770744617564183,0.8966824494039963,False,insufficient,4000,,
25,5178,9.046922904358867,0,200,0.0,0.0,0.018845326668962936,False,insufficient,200,,
32,5116,9.046949084297646,0,200,0.0,0.0,0.018845326668962936,False,insufficient,200,,
160,3982,9.046949084297646,0,200,0.0,0.0,0.018845326668962936,False,insufficient,200,,
224,3415,9.046949084297646,0,200,0.0,0.0,0.018845326668962936,False,insufficient,200,,
288,2848,9.046949084297646,4,200,0.02,0.007804426362159347,0.05028708724004506,False,insufficient,200,,
352,2281,9.046949084297646,18,200,0.09,0.05768744866037736,0.13776571920817224,False,insufficient,200,,
416,1714,9.046949084297646,43,200,0.215,0.16371876218582487,0.277023074015484,False,insufficient,200,,
480,1147,9.046949084297646,86,200,0.43,0.36334322282848375,0.4992951229051709,False,insufficient,200,,
544,580,9.046949084297646,144,200,0.72,0.6540769535890598,0.7776311026765964,False,insufficient,200,,
608,13,9.046949084297646,3598,4000,0.8995,0.8897957393622715,0.908437665437175,False,crossing,4000,crossing,4000
96,4549,9.046949084297648,0,200,0.0,0.0,0.018845326668962936,False,insufficient,200,,
39,5054,9.046975264236426,0,200,0.0,0.0,0.018845326668962936,False,insufficient,200,,
103,4487,9.046975264236426,0,200,0.0,0.0,0.018845326668962936,False,insufficient,200,,
167,3920,9.046975264236426,0,200,0.0,0.0,0.018845326668962936,False,insufficient,200,,
231,3353,9.046975264236426,0,200,0.0,0.0,0.018845326668962936,False,insufficient,200,,
295,2786,9.046975264236426,5,200,0.025,0.010724719583860124,0.05717834075165468,False,insufficient,200,,
359,2219,9.046975264236426,19,200,0.095,0.061663102507449205,0.14360161209441077,False,insufficient,200,,
423,1652,9.046975264236426,49,200,0.245,0.1905686805032898,0.3090424360978812,False,insufficient,200,,
487,1085,9.046975264236426,90,200,0.45,0.38264068350836655,0.5192438491585296,False,insufficient,200,,
551,518,9.046975264236426,150,200,0.75,0.6856590163422495,0.804918320323269,False,insufficient,200,,
46,4992,9.047001444175205,0,200,0.0,0.0,0.018845326668962936,False,insufficient,200,,
558,456,9.047001444175205,155,200,0.775,0.7122587671141067,0.8273763032179636,False,insufficient,200,,
110,4425,9.047001444175207,0,200,0.0,0.0,0.018845326668962936,False,insufficient,200,,
174,3858,9.047001444175207,0,200,0.0,0.0,0.018845326668962936,False,insufficient,200,,
238,3291,9.047001444175207,1,200,0.005,0.0008831687058453758,0.02777370469642793,False,insufficient,200,,
302,2724,9.047001444175207,6,200,0.03,0.013820314259191425,0.06389429280963374,False,insufficient,200,,
366,2157,9.047001444175207,21,200,0.105,0.06970748770124899,0.15518032036723173,False,insufficient,200,,
430,1590,9.047001444175207,52,200,0.26,0.2041383002358024,0.32490745656529973,False,insufficient,200,,
494,1023,9.047001444175207,94,200,0.47,0.4020475482110944,0.5390831713890433,False,insufficient,200,,
373,2095,9.047027624113985,24,200,0.12,0.0819799268161472,0.17234252145226464,False,insufficient,200,,
437,1528,9.047027624113985,57,200,0.285,0.22695002962622268,0.35115346084143123,False,insufficient,200,,
501,961,9.047027624113985,101,200,0.505,0.4362699998026278,0.5735415469306826,False,insufficient,200,,
565,394,9.047027624113985,158,200,0.79,0.7283538308774716,0.84071587965453,False,insufficient,200,,
53,4930,9.047027624113987,0,200,0.0,0.0,0.018845326668962936,False,insufficient,200,,
117,4363,9.047027624113987,0,200,0.0,0.0,0.018845326668962936,False,insufficient,200,,
181,3796,9.047027624113987,0,200,0.0,0.0,0.018845326668962936,False,insufficient,200,,
245,3229,9.047027624113987,3,200,0.015,0.005114237753504754,0.043165729115389295,False,insufficient,200,,
309,2662,9.047027624113987,7,200,0.035,0.01705554191525804,0.0704706118868775,False,insufficient,200,,
124,4308,9.058782416626167,1,200,0.005,0.0008831687058453758,0.02777370469642793,False,insufficient,200,,
188,3741,9.058782416626167,3,200,0.015,0.005114237753504754,0.043165729115389295,False,insufficient,200,,
252,3174,9.058782416626167,7,200,0.035,0.01705554191525804,0.0704706118868775,False,insufficient,200,,
316,2607,9.058782416626167,10,200,0.05,0.027382645473457017,0.08957814852860962,False,insufficient,200,,
380,2040,9.058782416626167,34,200,0.17,0.12427907881439243,0.22815883678712312,False,insufficient,200,,
444,1473,9.058782416626167,72,200,0.36,0.2966919725753122,0.4285847188919973,False,insufficient,200,,
508,906,9.058782416626167,113,200,0.565,0.4957073620520242,0.6318427454810105,False,insufficient,200,,
60,4875,9.058782416626169,0,200,0.0,0.0,0.018845326668962936,False,insufficient,200,,
572,339,9.058782416626169,158,200,0.79,0.7283538308774716,0.84071587965453,False,insufficient,200,,
3,5380,9.058808596564948,0,200,0.0,0.0,0.018845326668962936,False,insufficient,200,,
67,4813,9.058808596564948,0,200,0.0,0.0,0.018845326668962936,False,insufficient,200,,
131,4246,9.058808596564948,1,200,0.005,0.0008831687058453758,0.02777370469642793,False,insufficient,200,,
195,3679,9.058808596564948,3,200,0.015,0.005114237753504754,0.043165729115389295,False,insufficient,200,,
259,3112,9.058808596564948,8,200,0.04,0.0204056319610195,0.0769320685744264,False,insufficient,200,,
323,2545,9.058808596564948,11,200,0.055,0.03098534156570805,0.09578699916966896,False,insufficient,200,,
387,1978,9.058808596564948,37,200,0.185,0.1373019276778717,0.24457062812357494,False,insufficient,200,,
451,1411,9.058808596564948,75,200,0.375,0.310854368105246,0.4438569635619946,False,insufficient,200,,
515,844,9.058808596564948,118,200,0.59,0.5207645897876366,0.65584325141195,False,insufficient,200,,
579,277,9.058808596564948,165,200,0.825,0.7663556880107202,0.8713948496544538,False,insufficient,200,,
330,2483,9.058834776503726,13,200,0.065,0.03837635449161451,0.10801907971038324,False,insufficient,200,,
10,5318,9.058834776503728,0,200,0.0,0.0,0.018845326668962936,False,insufficient,200,,
74,4751,9.058834776503728,0,200,0.0,0.0,0.018845326668962936,False,insufficient,200,,
138,4184,9.058834776503728,1,200,0.005,0.0008831687058453758,0.02777370469642793,False,insufficient,200,,
202,3617,9.058834776503728,3,200,0.015,0.005114237753504754,0.043165729115389295,False,insufficient,200,,
266,3050,9.058834776503728,8,200,0.04,0.0204056319610195,0.0769320685744264,False,insufficient,200,,
394,1916,9.058834776503728,39,200,0.195,0.1460552050050192,0.2554404442630482,False,insufficient,200,,
458,1349,9.058834776503728,78,200,0.39,0.3250834308878392,0.4590625409793326,False,insufficient,200,,
522,782,9.058834776503728,119,200,0.595,0.5257971002635867,0.6606222876693102,False,insufficient,200,,
586,215,9.058834776503728,166,200,0.83,0.7718411632128768,0.8757209211856076,False,insufficient,200,,
17,5256,9.058860956442507,0,200,0.0,0.0,0.018845326668962936,False,insufficient,200,,
401,1854,9.058860956442507,41,200,0.205,0.15486176168906182,0.2662569810456263,False,insufficient,200,,
465,1287,9.058860956442507,86,200,0.43,0.36334322282848375,0.4992951229051709,False,insufficient,200,,
529,720,9.058860956442507,126,200,0.63,0.5612262986885862,0.6938739163774834,False,insufficient,200,,
593,153,9.058860956442507,168,200,0.84,0.782859297881253,0.884325879983852,False,insufficient,200,,
81,4689,9.058860956442508,0,200,0.0,0.0,0.018845326668962936,False,insufficient,200,,
145,4122,9.058860956442508,1,200,0.005,0.0008831687058453758,0.02777370469642793,False,insufficient,200,,
209,3555,9.058860956442508,3,200,0.015,0.005114237753504754,0.043165729115389295,False,insufficient,200,,
273,2988,9.058860956442508,8,200,0.04,0.0204056319610195,0.0769320685744264,False,insufficient,200,,
337,2421,9.058860956442508,15,200,0.075,0.04597491700833055,0.12004361066028794,False,insufficient,200,,
24,5194,9.058887136381287,0,200,0.0,0.0,0.018845326668962936,False,insufficient,200,,
88,4627,9.058887136381287,0,200,0.0,0.0,0.018845326668962936,False,insufficient,200,,
152,4060,9.058887136381287,1,200,0.005,0.0008831687058453758,0.02777370469642793,False,insufficient,200,,
216,3493,9.058887136381287,3,200,0.015,0.005114237753504754,0.043165729115389295,False,insufficient,200,,
280,2926,9.058887136381287,8,200,0.04,0.0204056319610195,0.0769320685744264,False,insufficient,200,,
344,2359,9.058887136381287,20,200,0.1,0.06567044845124732,0.14940581288392302,False,insufficient,200,,
408,1792,9.058887136381287,44,200,0.22,0.1681653832242373,0.2823879997103819,False,insufficient,200,,
472,1225,9.058887136381287,88,200,0.44,0.3729781920017676,0.5092832471985078,False,insufficient,200,,
536,658,9.058887136381287,133,200,0.665,0.5970219115283492,0.7267591306708931,False,insufficient,200,,
600,91,9.058887136381287,522,600,0.87,0.840719438353528,0.894572902822539,False,insufficient,600,,
543,596,9.058913316320066,136,200,0.68,0.6124810151086787,0.7407346672904946,False,insufficient,200,,
607,29,9.058913316320066,3580,4000,0.895,0.885118004031669,0.904124035757521,False,crossing,4000,crossing,4000
31,5132,9.058913316320067,0,200,0.0,0.0,0.018845326668962936,False,insufficient,200,,
95,4565,9.058913316320067,0,200,0.0,0.0,0.018845326668962936,False,insufficient,200,,
159,3998,9.058913316320067,2,200,0.01,0.0027466581088489593,0.035721762026734716,False,insufficient,200,,
223,3431,9.058913316320067,4,200,0.02,0.007804426362159347,0.05028708724004506,False,insufficient,200,,
287,2864,9.058913316320067,8,200,0.04,0.0204056319610195,0.0769320685744264,False,insufficient,200,,
351,2297,9.058913316320067,22,200,0.11,0.07377244436816725,0.16092691043362384,False,insufficient,200,,
415,1730,9.058913316320067,50,200,0.25,0.195081679676731,0.3143409836577504,False,insufficient,200,,
479,1163,9.058913316320067,92,200,0.46,0.39233051748177505,0.529177108651742,False,insufficient,200,,
38,5070,9.058939496258848,0,200,0.0,0.0,0.018845326668962936,False,insufficient,200,,
102,4503,9.058939496258848,0,200,0.0,0.0,0.018845326668962936,False,insufficient,200,,
166,3936,9.058939496258848,3,200,0.015,0.005114237753504754,0.043165729115389295,False,insufficient,200,,
230,3369,9.058939496258848,5,200,0.025,0.010724719583860124,0.05717834075165468,False,insufficient,200,,
294,2802,9.058939496258848,9,200,0.045,0.02385254288504434,0.08329670438371192,False,insufficient,200,,
358,2235,9.058939496258848,26,200,0.13,0.09028202253521182,0.18366351919982074,False,insufficient,200,,
422,1668,9.058939496258848,54,200,0.27,0.2132344977387029,0.33543435252902004,False,insufficient,200,,
486,1101,9.058939496258848,94,200,0.47,0.4020475482110944,0.5390831713890433,False,insufficient,200,,
550,534,9.058939496258848,139,200,0.695,0.6280144784717092,0.7546358441273952,False,insufficient,200,,
109,4441,9.058965676197626,1,200,0.005,0.0008831687058453758,0.02777370469642793,False,insufficient,200,,
173,3874,9.058965676197626,3,200,0.015,0.005114237753504754,0.043165729115389295,False,insufficient,200,,
237,3307,9.058965676197626,5,200,0.025,0.010724719583860124,0.05717834075165468,False,insufficient,200,,
301,2740,9.058965676197626,10,200,0.05,0.027382645473457017,0.08957814852860962,False,insufficient,200,,
365,2173,9.058965676197626,28,200,0.14,0.09866982605979482,0.1948988091418585,False,insufficient,200,,
429,1606,9.058965676197626,58,200,0.29,0.23154025564693195,0.3563747815540324,False,insufficient,200,,
493,1039,9.058965676197626,101,200,0.505,0.4362699998026278,0.5735415469306826,False,insufficient,200,,
557,472,9.058965676197626,149,200,0.745,0.6803707412567906,0.8003950486754174,False,insufficient,200,,
45,5008,9.058965676197628,0,200,0.0,0.0,0.018845326668962936,False,insufficient,200,,
52,4946,9.058991856136407,0,200,0.0,0.0,0.018845326668962936,False,insufficient,200,,
116,4379,9.058991856136407,1,200,0.005,0.0008831687058453758,0.02777370469642793,False,insufficient,200,,
244,3245,9.058991856136407,7,200,0.035,0.01705554191525804,0.0704706118868775,False,insufficient,200,,
308,2678,9.058991856136407,10,200,0.05,0.027382645473457017,0.08957814852860962,False,insufficient,200,,
372,2111,9.058991856136407,29,200,0.145,0.10289350613885,0.20048667579611365,False,insufficient,200,,
436,1544,9.058991856136407,66,200,0.33,0.26857425825421716,0.3978331528132302,False,insufficient,200,,
500,977,9.058991856136407,104,200,0.52,0.45103785019149595,0.5882083367417457,False,insufficient,200,,
564,410,9.058991856136407,154,200,0.77,0.7069169558159164,0.8229065677828437,False,insufficient,200,,
180,3812,9.058991856136409,3,200,0.015,0.005114237753504754,0.043165729115389295,False,insufficient,200,,
59,4884,9.059018036075187,0,200,0.0,0.0,0.018845326668962936,False,insufficient,200,,
123,4317,9.059018036075187,1,200,0.005,0.0008831687058453758,0.02777370469642793,False,insufficient,200,,
187,3750,9.059018036075187,3,200,0.015,0.005114237753504754,0.043165729115389295,False,insufficient,200,,
251,3183,9.059018036075187,7,200,0.035,0.01705554191525804,0.0704706118868775,False,insufficient,200,,
315,2616,9.059018036075187,10,200,0.05,0.027382645473457017,0.08957814852860962,False,insufficient,200,,
379,2049,9.059018036075187,34,200,0.17,0.12427907881439243,0.22815883678712312,False,insufficient,200,,
443,1482,9.059018036075187,72,200,0.36,0.2966919725753122,0.4285847188919973,False,insufficient,200,,
507,915,9.059018036075187,112,200,0.56,0.4907167528014922,0.6270218079982324,False,insufficient,200,,
571,348,9.059018036075187,157,200,0.785,0.722976925984516,0.8362812378141752,False,insufficient,200,,
2,5389,9.059044216013966,0,200,0.0,0.0,0.018845326668962936,False,insufficient,200,,
66,4822,9.059044216013966,0,200,0.0,0.0,0.018845326668962936,False,insufficient,200,,
322,2554,9.059044216013966,11,200,0.055,0.03098534156570805,0.09578699916966896,False,insufficient,200,,
386,1987,9.059044216013966,37,200,0.185,0.1373019276778717,0.24457062812357494,False,insufficient,200,,
450,1420,9.059044216013966,75,200,0.375,0.310854368105246,0.4438569635619946,False,insufficient,200,,
514,853,9.059044216013966,118,200,0.59,0.5207645897876366,0.65584325141195,False,insufficient,200,,
578,286,9.059044216013966,165,200,0.825,0.7663556880107202,0.8713948496544538,False,insufficient,200,,
130,4255,9.059044216013968,1,200,0.005,0.0008831687058453758,0.02777370469642793,False,insufficient,200,,
194,3688,9.059044216013968,3,200,0.015,0.005114237753504754,0.043165729115389295,False,insufficient,200,,
258,3121,9.059044216013968,8,200,0.04,0.0204056319610195,0.0769320685744264,False,insufficient,200,,
9,5327,9.059070395952746,0,200,0.0,0.0,0.018845326668962936,False,insufficient,200,,
73,4760,9.059070395952746,0,200,0.0,0.0,0.018845326668962936,False,insufficient,200,,
137,4193,9.059070395952746,1,200,0.005,0.0008831687058453758,0.02777370469642793,False,insufficient,200,,
201,3626,9.059070395952746,3,200,0.015,0.005114237753504754,0.043165729115389295,False,insufficient,200,,
265,3059,9.059070395952746,8,200,0.04,0.0204056319610195,0.0769320685744264,False,insufficient,200,,
393,1925,9.059070395952746,38,200,0.19,0.1416717149442203,0.25001238759053673,False,insufficient,200,,
457,1358,9.059070395952746,77,200,0.385,0.3203330967849892,0.4540013283488722,False,insufficient,200,,
521,791,9.059070395952746,119,200,0.595,0.5257971002635867,0.6606222876693102,False,insufficient,200,,
585,224,9.059070395952746,166,200,0.83,0.7718411632128768,0.8757209211856076,False,insufficient,200,,
329,2492,9.059070395952748,13,200,0.065,0.03837635449161451,0.10801907971038324,False,insufficient,200,,
16,5265,9.059096575891527,0,200,0.0,0.0,0.018845326668962936,False,insufficient,200,,
80,4698,9.059096575891527,0,200,0.0,0.0,0.018845326668962936,False,insufficient,200,,
144,4131,9.059096575891527,1,200,0.005,0.0008831687058453758,0.02777370469642793,False,insufficient,200,,
208,3564,9.059096575891527,3,200,0.015,0.005114237753504754,0.043165729115389295,False,insufficient,200,,
272,2997,9.059096575891527,8,200,0.04,0.0204056319610195,0.0769320685744264,False,insufficient,200,,
336,2430,9.059096575891527,15,200,0.075,0.04597491700833055,0.12004361066028794,False,insufficient,200,,
400,1863,9.059096575891527,40,200,0.2,0.15045200891679145,0.2608551870845863,False,insufficient,200,,
464,1296,9.059096575891527,85,200,0.425,0.3585361249314706,0.4942906740688738,False,insufficient,200,,
528,729,9.059096575891527,125,200,0.625,0.5561430364380054,0.6891456318947539,False,insufficient,200,,
592,162,9.059096575891527,167,200,0.835,0.777342184108311,0.8800314470234837,False,insufficient,200,,
279,2935,9.059122755830305,8,200,0.04,0.0204056319610195,0.0769320685744264,False,insufficient,200,,
343,2368,9.059122755830305,20,200,0.1,0.06567044845124732,0.14940581288392302,False,insufficient,200,,
407,1801,9.059122755830305,43,200,0.215,0.16371876218582487,0.277023074015484,False,insufficient,200,,
471,1234,9.059122755830305,88,200,0.44,0.3729781920017676,0.5092832471985078,False,insufficient,200,,
535,667,9.059122755830305,132,200,0.66,0.5918849547167886,0.7220845407491433,False,insufficient,200,,
23,5203,9.059122755830307,0,200,0.0,0.0,0.018845326668962936,False,insufficient,200,,
87,4636,9.059122755830307,0,200,0.0,0.0,0.018845326668962936,False,insufficient,200,,
151,4069,9.059122755830307,1,200,0.005,0.0008831687058453758,0.02777370469642793,False,insufficient,200,,
215,3502,9.059122755830307,3,200,0.015,0.005114237753504754,0.043165729115389295,False,insufficient,200,,
599,100,9.059122755830307,521,600,0.8683333333333333,0.8389193193028053,0.8930608942103065,False,insufficient,600,,
94,4574,9.059148935769086,0,200,0.0,0.0,0.018845326668962936,False,insufficient,200,,
158,4007,9.059148935769086,2,200,0.01,0.0027466581088489593,0.035721762026734716,False,insufficient,200,,
222,3440,9.059148935769086,4,200,0.02,0.007804426362159347,0.05028708724004506,False,insufficient,200,,
606,38,9.059148935769086,3574,4000,0.8935,0.8835599801287923,0.9026849379903119,False,crossing,4000,crossing,4000
30,5141,9.059148935769088,0,200,0.0,0.0,0.018845326668962936,False,insufficient,200,,
286,2873,9.059148935769088,8,200,0.04,0.0204056319610195,0.0769320685744264,False,insufficient,200,,
350,2306,9.059148935769088,22,200,0.11,0.07377244436816725,0.16092691043362384,False,insufficient,200,,
414,1739,9.059148935769088,49,200,0.245,0.1905686805032898,0.3090424360978812,False,insufficient,200,,
478,1172,9.059148935769088,92,200,0.46,0.39233051748177505,0.529177108651742,False,insufficient,200,,
542,605,9.059148935769088,135,200,0.675,0.607319850609677,0.7360842850561861,False,insufficient,200,,
37,5079,9.059175115707866,0,200,0.0,0.0,0.018845326668962936,False,insufficient,200,,
101,4512,9.059175115707866,0,200,0.0,0.0,0.018845326668962936,False,insufficient,200,,
165,3945,9.059175115707866,2,200,0.01,0.0027466581088489593,0.035721762026734716,False,insufficient,200,,
229,3378,9.059175115707866,5,200,0.025,0.010724719583860124,0.05717834075165468,False,insufficient,200,,
293,2811,9.059175115707866,9,200,0.045,0.02385254288504434,0.08329670438371192,False,insufficient,200,,
357,2244,9.059175115707866,25,200,0.125,0.0861197445025044,0.1780142504992178,False,insufficient,200,,
421,1677,9.059175115707866,54,200,0.27,0.2132344977387029,0.33543435252902004,False,insufficient,200,,
485,1110,9.059175115707866,94,200,0.47,0.4020475482110944,0.5390831713890433,False,insufficient,200,,
549,543,9.059175115707866,138,200,0.69,0.6228282237882907,0.7500105520775032,False,insufficient,200,,
300,2749,9.059201295646645,10,200,0.05,0.027382645473457017,0.08957814852860962,False,insufficient,200,,
44,5017,9.059201295646647,0,200,0.0,0.0,0.018845326668962936,False,insufficient,200,,
108,4450,9.059201295646647,1,200,0.005,0.0008831687058453758,0.02777370469642793,False,insufficient,200,,
172,3883,9.059201295646647,3,200,0.015,0.005114237753504754,0.043165729115389295,False,insufficient,200,,
236,3316,9.059201295646647,5,200,0.025,0.010724719583860124,0.05717834075165468,False,insufficient,200,,
364,2182,9.059201295646647,27,200,0.135,0.09446570427968658,0.18929138418865638,False,insufficient,200,,
428,1615,9.059201295646647,58,200,0.29,0.23154025564693195,0.3563747815540324,False,insufficient,200,,
492,1048,9.059201295646647,99,200,0.495,0.4264584530693174,0.5637300001973722,False,insufficient,200,,
556,481,9.059201295646647,148,200,0.74,0.6750925434347002,0.7958616997641975,False,insufficient,200,,
51,4955,9.059227475585425,0,200,0.0,0.0,0.018845326668962936,False,insufficient,200,,
563,419,9.059227475585425,154,200,0.77,0.7069169558159164,0.8229065677828437,False,insufficient,200,,
115,4388,9.059227475585427,1,200,0.005,0.0008831687058453758,0.02777370469642793,False,insufficient,200,,
179,3821,9.059227475585427,3,200,0.015,0.005114237753504754,0.043165729115389295,False,insufficient,200,,
243,3254,9.059227475585427,7,200,0.035,0.01705554191525804,0.0704706118868775,False,insufficient,200,,
307,2687,9.059227475585427,10,200,0.05,0.027382645473457017,0.08957814852860962,False,insufficient,200,,
371,2120,9.059227475585427,29,200,0.145,0.10289350613885,0.20048667579611365,False,insufficient,200,,
435,1553,9.059227475585427,66,200,0.33,0.26857425825421716,0.3978331528132302,False,insufficient,200,,
499,986,9.059227475585427,104,200,0.52,0.45103785019149595,0.5882083367417457,False,insufficient,200,,
58,4893,9.059253655524206,0,200,0.0,0.0,0.018845326668962936,False,insufficient,200,,
122,4326,9.059253655524206,1,200,0.005,0.0008831687058453758,0.02777370469642793,False,insufficient,200,,
186,3759,9.059253655524206,3,200,0.015,0.005114237753504754,0.043165729115389295,False,insufficient,200,,
250,3192,9.059253655524206,7,200,0.035,0.01705554191525804,0.0704706118868775,False,insufficient,200,,
314,2625,9.059253655524206,10,200,0.05,0.027382645473457017,0.08957814852860962,False,insufficient,200,,
378,2058,9.059253655524206,33,200,0.165,0.11996855297651625,0.22265781589168893,False,insufficient,200,,
442,1491,9.059253655524206,72,200,0.36,0.2966919725753122,0.4285847188919973,False,insufficient,200,,
506,924,9.059253655524206,110,200,0.55,0.48075615084147033,0.6173593164916334,False,insufficient,200,,
570,357,9.059253655524206,157,200,0.785,0.722976925984516,0.8362812378141752,False,insufficient,200,,
129,4264,9.059279835462986,1,200,0.005,0.0008831687058453758,0.02777370469642793,False,insufficient,200,,
193,3697,9.059279835462986,3,200,0.015,0.005114237753504754,0.043165729115389295,False,insufficient,200,,
257,3130,9.059279835462986,8,200,0.04,0.0204056319610195,0.0769320685744264,False,insufficient,200,,
321,2563,9.059279835462986,10,200,0.05,0.027382645473457017,0.08957814852860962,False,insufficient,200,,
385,1996,9.059279835462986,37,200,0.185,0.1373019276778717,0.24457062812357494,False,insufficient,200,,
449,1429,9.059279835462986,75,200,0.375,0.310854368105246,0.4438569635619946,False,insufficient,200,,
513,862,9.059279835462986,118,200,0.59,0.5207645897876366,0.65584325141195,False,insufficient,200,,
577,295,9.059279835462986,164,200,0.82,0.7608852492032754,0.8670537417285882,False,insufficient,200,,
1,5398,9.059279835462988,0,200,0.0,0.0,0.018845326668962936,False,insufficient,200,,
65,4831,9.059279835462988,0,200,0.0,0.0,0.018845326668962936,False,insufficient,200,,
8,5336,9.059306015401766,0,200,0.0,0.0,0.018845326668962936,False,insufficient,200,,
72,4769,9.059306015401766,0,200,0.0,0.0,0.018845326668962936,False,insufficient,200,,
136,4202,9.059306015401766,1,200,0.005,0.0008831687058453758,0.02777370469642793,False,insufficient,200,,
200,3635,9.059306015401766,3,200,0.015,0.005114237753504754,0.043165729115389295,False,insufficient,200,,
264,3068,9.059306015401766,8,200,0.04,0.0204056319610195,0.0769320685744264,False,insufficient,200,,
328,2501,9.059306015401766,13,200,0.065,0.03837635449161451,0.10801907971038324,False,insufficient,200,,
392,1934,9.059306015401766,38,200,0.19,0.1416717149442203,0.25001238759053673,False,insufficient,200,,
456,1367,9.059306015401766,76,200,0.38,0.31559005800516143,0.44893282039538956,False,insufficient,200,,
520,800,9.059306015401766,119,200,0.595,0.5257971002635867,0.6606222876693102,False,insufficient,200,,
584,233,9.059306015401766,166,200,0.83,0.7718411632128768,0.8757209211856076,False,insufficient,200,,
79,4707,9.059332195340545,0,200,0.0,0.0,0.018845326668962936,False,insufficient,200,,
143,4140,9.059332195340545,1,200,0.005,0.0008831687058453758,0.02777370469642793,False,insufficient,200,,
207,3573,9.059332195340545,3,200,0.015,0.005114237753504754,0.043165729115389295,False,insufficient,200,,
271,3006,9.059332195340545,8,200,0.04,0.0204056319610195,0.0769320685744264,False,insufficient,200,,
335,2439,9.059332195340545,15,200,0.075,0.04597491700833055,0.12004361066028794,False,insufficient,200,,
399,1872,9.059332195340545,40,200,0.2,0.15045200891679145,0.2608551870845863,False,insufficient,200,,
463,1305,9.059332195340545,82,200,0.41,0.3441567485880499,0.4792354102123633,False,insufficient,200,,
527,738,9.059332195340545,124,200,0.62,0.5510671796046104,0.6844099419948385,False,insufficient,200,,
591,171,9.059332195340545,167,200,0.835,0.777342184108311,0.8800314470234837,False,insufficient,200,,
15,5274,9.059332195340547,0,200,0.0,0.0,0.018845326668962936,False,insufficient,200,,
22,5212,9.059358375279325,0,200,0.0,0.0,0.018845326668962936,False,insufficient,200,,
150,4078,9.059358375279325,1,200,0.005,0.0008831687058453758,0.02777370469642793,False,insufficient,200,,
214,3511,9.059358375279325,3,200,0.015,0.005114237753504754,0.043165729115389295,False,insufficient,200,,
278,2944,9.059358375279325,8,200,0.04,0.0204056319610195,0.0769320685744264,False,insufficient,200,,
342,2377,9.059358375279325,19,200,0.095,0.061663102507449205,0.14360161209441077,False,insufficient,200,,
406,1810,9.059358375279325,41,200,0.205,0.15486176168906182,0.2662569810456263,False,insufficient,200,,
470,1243,9.059358375279325,88,200,0.44,0.3729781920017676,0.5092832471985078,False,insufficient,200,,
534,676,9.059358375279325,130,200,0.65,0.5816346428084853,0.7127117591908259,False,insufficient,200,,
598,109,9.059358375279325,519,600,0.865,0.8353232824473261,0.8900326757398752,False,insufficient,600,,
86,4645,9.059358375279327,0,200,0.0,0.0,0.018845326668962936,False,insufficient,200,,
29,5150,9.059384555218106,0,200,0.0,0.0,0.018845326668962936,False,insufficient,200,,
93,4583,9.059384555218106,0,200,0.0,0.0,0.018845326668962936,False,insufficient,200,,
157,4016,9.059384555218106,2,200,0.01,0.0027466581088489593,0.035721762026734716,False,insufficient,200,,
221,3449,9.059384555218106,4,200,0.02,0.007804426362159347,0.05028708724004506,False,insufficient,200,,
285,2882,9.059384555218106,8,200,0.04,0.0204056319610195,0.0769320685744264,False,insufficient,200,,
349,2315,9.059384555218106,21,200,0.105,0.06970748770124899,0.15518032036723173,False,insufficient,200,,
413,1748,9.059384555218106,48,200,0.24,0.1860661595414933,0.3037334103263674,False,insufficient,200,,
477,1181,9.059384555218106,92,200,0.46,0.39233051748177505,0.529177108651742,False,insufficient,200,,
541,614,9.059384555218106,134,200,0.67,0.6021668471867698,0.7314257417457829,False,insufficient,200,,
605,47,9.059384555218106,3569,4000,0.89225,0.8822620792849006,0.9014852374424658,False,crossing,4000,crossing,4000
36,5088,9.059410735156884,0,200,0.0,0.0,0.018845326668962936,False,insufficient,200,,
548,552,9.059410735156884,138,200,0.69,0.6228282237882907,0.7500105520775032,False,insufficient,200,,
100,4521,9.059410735156886,0,200,0.0,0.0,0.018845326668962936,False,insufficient,200,,
164,3954,9.059410735156886,2,200,0.01,0.0027466581088489593,0.035721762026734716,False,insufficient,200,,
228,3387,9.059410735156886,5,200,0.025,0.010724719583860124,0.05717834075165468,False,insufficient,200,,
292,2820,9.059410735156886,9,200,0.045,0.02385254288504434,0.08329670438371192,False,insufficient,200,,
356,2253,9.059410735156886,25,200,0.125,0.0861197445025044,0.1780142504992178,False,insufficient,200,,
420,1686,9.059410735156886,52,200,0.26,0.2041383002358024,0.32490745656529973,False,insufficient,200,,
484,1119,9.059410735156886,93,200,0.465,0.3971856410502652,0.5341335318165621,False,insufficient,200,,
363,2191,9.059436915095665,27,200,0.135,0.09446570427968658,0.18929138418865638,False,insufficient,200,,
427,1624,9.059436915095665,57,200,0.285,0.22695002962622268,0.35115346084143123,False,insufficient,200,,
491,1057,9.059436915095665,98,200,0.49,0.42156278278393533,0.5588141237494437,False,insufficient,200,,
43,5026,9.059436915095667,0,200,0.0,0.0,0.018845326668962936,False,insufficient,200,,
107,4459,9.059436915095667,1,200,0.005,0.0008831687058453758,0.02777370469642793,False,insufficient,200,,
171,3892,9.059436915095667,3,200,0.015,0.005114237753504754,0.043165729115389295,False,insufficient,200,,
235,3325,9.059436915095667,5,200,0.025,0.010724719583860124,0.05717834075165468,False,insufficient,200,,
299,2758,9.059436915095667,10,200,0.05,0.027382645473457017,0.08957814852860962,False,insufficient,200,,
555,490,9.059436915095667,144,200,0.72,0.6540769535890598,0.7776311026765964,False,insufficient,200,,
114,4397,9.059463095034445,1,200,0.005,0.0008831687058453758,0.02777370469642793,False,insufficient,200,,
178,3830,9.059463095034445,3,200,0.015,0.005114237753504754,0.043165729115389295,False,insufficient,200,,
242,3263,9.059463095034445,7,200,0.035,0.01705554191525804,0.0704706118868775,False,insufficient,200,,
306,2696,9.059463095034445,10,200,0.05,0.027382645473457017,0.08957814852860962,False,insufficient,200,,
370,2129,9.059463095034445,29,200,0.145,0.10289350613885,0.20048667579611365,False,insufficient,200,,
434,1562,9.059463095034445,66,200,0.33,0.26857425825421716,0.3978331528132302,False,insufficient,200,,
498,995,9.059463095034445,104,200,0.52,0.45103785019149595,0.5882083367417457,False,insufficient,200,,
562,428,9.059463095034445,153,200,0.765,0.7015863106396482,0.8184256662258015,False,insufficient,200,,
50,4964,9.059463095034447,0,200,0.0,0.0,0.018845326668962936,False,insufficient,200,,
57,4902,9.059489274973226,0,200,0.0,0.0,0.018845326668962936,False,insufficient,200,,
121,4335,9.059489274973226,1,200,0.005,0.0008831687058453758,0.02777370469642793,False,insufficient,200,,
185,3768,9.059489274973226,3,200,0.015,0.005114237753504754,0.043165729115389295,False,insufficient,200,,
249,3201,9.059489274973226,7,200,0.035,0.01705554191525804,0.0704706118868775,False,insufficient,200,,
313,2634,9.059489274973226,10,200,0.05,0.027382645473457017,0.08957814852860962,False,insufficient,200,,
377,2067,9.059489274973226,32,200,0.16,0.11567412001614788,0.2171407021187469,False,insufficient,200,,
441,1500,9.059489274973226,69,200,0.345,0.2825979433061415,0.41324410796123684,False,insufficient,200,,
505,933,9.059489274973226,109,200,0.545,0.47578611318257474,0.6125178074172186,False,insufficient,200,,
569,366,9.059489274973226,157,200,0.785,0.722976925984516,0.8362812378141752,False,insufficient,200,,
576,304,9.059515454912004,163,200,0.815,0.755429371876425,0.8626980723221283,False,insufficient,200,,
0,5407,9.059515454912006,0,200,0.0,0.0,0.018845326668962936,False,insufficient,200,,
64,4840,9.059515454912006,0,200,0.0,0.0,0.018845326668962936,False,insufficient,200,,
128,4273,9.059515454912006,1,200,0.005,0.0008831687058453758,0.02777370469642793,False,insufficient,200,,
192,3706,9.059515454912006,3,200,0.015,0.005114237753504754,0.043165729115389295,False,insufficient,200,,
256,3139,9.059515454912006,8,200,0.04,0.0204056319610195,0.0769320685744264,False,insufficient,200,,
320,2572,9.059515454912006,10,200,0.05,0.027382645473457017,0.08957814852860962,False,insufficient,200,,
384,2005,9.059515454912006,36,200,0.18,0.13294625827141174,0.2391147507967245,False,insufficient,200,,
448,1438,9.059515454912006,74,200,0.37,0.30612608362251653,0.4387737013114137,False,insufficient,200,,
512,871,9.059515454912006,117,200,0.585,0.5157391484647247,0.6510571460015516,False,insufficient,200,,
7,5345,9.059541634850785,0,200,0.0,0.0,0.018845326668962936,False,insufficient,200,,
71,4778,9.059541634850785,0,200,0.0,0.0,0.018845326668962936,False,insufficient,200,,
135,4211,9.059541634850785,1,200,0.005,0.0008831687058453758,0.02777370469642793,False,insufficient,200,,
199,3644,9.059541634850785,3,200,0.015,0.005114237753504754,0.043165729115389295,False,insufficient,200,,
263,3077,9.059541634850785,8,200,0.04,0.0204056319610195,0.0769320685744264,False,insufficient,200,,
327,2510,9.059541634850785,12,200,0.06,0.03465219410651454,0.10193169336217282,False,insufficient,200,,
391,1943,9.059541634850785,38,200,0.19,0.1416717149442203,0.25001238759053673,False,insufficient,200,,
455,1376,9.059541634850785,76,200,0.38,0.31559005800516143,0.44893282039538956,False,insufficient,200,,
519,809,9.059541634850785,119,200,0.595,0.5257971002635867,0.6606222876693102,False,insufficient,200,,
583,242,9.059541634850785,165,200,0.825,0.7663556880107202,0.8713948496544538,False,insufficient,200,,
14,5283,9.059567814789565,0,200,0.0,0.0,0.018845326668962936,False,insufficient,200,,
78,4716,9.059567814789565,0,200,0.0,0.0,0.018845326668962936,False,insufficient,200,,
142,4149,9.059567814789565,1,200,0.005,0.0008831687058453758,0.02777370469642793,False,insufficient,200,,
206,3582,9.059567814789565,3,200,0.015,0.005114237753504754,0.043165729115389295,False,insufficient,200,,
270,3015,9.059567814789565,8,200,0.04,0.0204056319610195,0.0769320685744264,False,insufficient,200,,
334,2448,9.059567814789565,14,200,0.07,0.04215217166140097,0.11405480927390717,False,insufficient,200,,
398,1881,9.059567814789565,39,200,0.195,0.1460552050050192,0.2554404442630482,False,insufficient,200,,
462,1314,9.059567814789565,80,200,0.4,0.3346057851761492,0.46916328015764336,False,insufficient,200,,
526,747,9.059567814789565,123,200,0.615,0.5459986716511277,0.6796669032150108,False,insufficient,200,,
590,180,9.059567814789565,167,200,0.835,0.777342184108311,0.8800314470234837,False,insufficient,200,,
21,5221,9.059593994728344,0,200,0.0,0.0,0.018845326668962936,False,insufficient,200,,
597,118,9.059593994728344,171,200,0.855,0.7995133242038862,0.8971064938611499,False,insufficient,200,,
85,4654,9.059593994728345,0,200,0.0,0.0,0.018845326668962936,False,insufficient,200,,
149,4087,9.059593994728345,1,200,0.005,0.0008831687058453758,0.02777370469642793,False,insufficient,200,,
213,3520,9.059593994728345,3,200,0.015,0.005114237753504754,0.043165729115389295,False,insufficient,200,,
277,2953,9.059593994728345,8,200,0.04,0.0204056319610195,0.0769320685744264,False,insufficient,200,,
341,2386,9.059593994728345,19,200,0.095,0.061663102507449205,0.14360161209441077,False,insufficient,200,,
405,1819,9.059593994728345,41,200,0.205,0.15486176168906182,0.2662569810456263,False,insufficient,200,,
469,1252,9.059593994728345,88,200,0.44,0.3729781920017676,0.5092832471985078,False,insufficient,200,,
533,685,9.059593994728345,129,200,0.645,0.5765211302029042,0.7080137250630966,False,insufficient,200,,
156,4025,9.059620174667124,2,200,0.01,0.0027466581088489593,0.035721762026734716,False,insufficient,200,,
220,3458,9.059620174667124,3,200,0.015,0.005114237753504754,0.043165729115389295,False,insufficient,200,,
284,2891,9.059620174667124,8,200,0.04,0.0204056319610195,0.0769320685744264,False,insufficient,200,,
348,2324,9.059620174667124,21,200,0.105,0.06970748770124899,0.15518032036723173,False,insufficient,200,,
412,1757,9.059620174667124,47,200,0.235,0.18157433377419854,0.2984136893603518,False,insufficient,200,,
476,1190,9.059620174667124,92,200,0.46,0.39233051748177505,0.529177108651742,False,insufficient,200,,
28,5159,9.059620174667126,0,200,0.0,0.0,0.018845326668962936,False,insufficient,200,,
92,4592,9.059620174667126,0,200,0.0,0.0,0.018845326668962936,False,insufficient,200,,
540,623,9.059620174667126,134,200,0.67,0.6021668471867698,0.7314257417457829,False,insufficient,200,,
604,56,9.059620174667126,3563,4000,0.89075,0.8807051317900759,0.9000450632672051,False,crossing,4000,crossing,4000
99,4530,9.059646354605905,0,200,0.0,0.0,0.018845326668962936,False,insufficient,200,,
163,3963,9.059646354605905,2,200,0.01,0.0027466581088489593,0.035721762026734716,False,insufficient,200,,
227,3396,9.059646354605905,5,200,0.025,0.010724719583860124,0.05717834075165468,False,insufficient,200,,
419,1695,9.059646354605905,51,200,0.255,0.19960495132458245,0.3196292587432093,False,insufficient,200,,
483,1128,9.059646354605905,93,200,0.465,0.3971856410502652,0.5341335318165621,False,insufficient,200,,
547,561,9.059646354605905,138,200,0.69,0.6228282237882907,0.7500105520775032,False,insufficient,200,,
35,5097,9.059646354605906,0,200,0.0,0.0,0.018845326668962936,False,insufficient,200,,
291,2829,9.059646354605906,9,200,0.045,0.02385254288504434,0.08329670438371192,False,insufficient,200,,
355,2262,9.059646354605906,25,200,0.125,0.0861197445025044,0.1780142504992178,False,insufficient,200,,
42,5035,9.059672534544685,0,200,0.0,0.0,0.018845326668962936,False,insufficient,200,,
106,4468,9.059672534544685,0,200,0.0,0.0,0.018845326668962936,False,insufficient,200,,
170,3901,9.059672534544685,3,200,0.015,0.005114237753504754,0.043165729115389295,False,insufficient,200,,
234,3334,9.059672534544685,5,200,0.025,0.010724719583860124,0.05717834075165468,False,insufficient,200,,
298,2767,9.059672534544685,10,200,0.05,0.027382645473457017,0.08957814852860962,False,insufficient,200,,
362,2200,9.059672534544685,27,200,0.135,0.09446570427968658,0.18929138418865638,False,insufficient,200,,
426,1633,9.059672534544685,57,200,0.285,0.22695002962622268,0.35115346084143123,False,insufficient,200,,
490,1066,9.059672534544685,97,200,0.485,0.41667385119216255,0.5538915086079063,False,insufficient,200,,
554,499,9.059672534544685,142,200,0.71,0.6436252184459675,0.768459744353068,False,insufficient,200,,
177,3839,9.059698714483464,3,200,0.015,0.005114237753504754,0.043165729115389295,False,insufficient,200,,
241,3272,9.059698714483464,6,200,0.03,0.013820314259191425,0.06389429280963374,False,insufficient,200,,
305,2705,9.059698714483464,10,200,0.05,0.027382645473457017,0.08957814852860962,False,insufficient,200,,
369,2138,9.059698714483464,29,200,0.145,0.10289350613885,0.20048667579611365,False,insufficient,200,,
433,1571,9.059698714483464,64,200,0.32,0.2592653327095053,0.38751898489132125,False,insufficient,200,,
497,1004,9.059698714483464,103,200,0.515,0.44610849139209374,0.5833261488078374,False,insufficient,200,,
561,437,9.059698714483464,150,200,0.75,0.6856590163422495,0.804918320323269,False,insufficient,200,,
49,4973,9.059698714483465,0,200,0.0,0.0,0.018845326668962936,False,insufficient,200,,
113,4406,9.059698714483465,1,200,0.005,0.0008831687058453758,0.02777370469642793,False,insufficient,200,,
56,4911,9.059724894422244,0,200,0.0,0.0,0.018845326668962936,False,insufficient,200,,
120,4344,9.059724894422244,1,200,0.005,0.0008831687058453758,0.02777370469642793,False,insufficient,200,,
184,3777,9.059724894422244,3,200,0.015,0.005114237753504754,0.043165729115389295,False,insufficient,200,,
248,3210,9.059724894422244,7,200,0.035,0.01705554191525804,0.0704706118868775,False,insufficient,200,,
312,2643,9.059724894422244,10,200,0.05,0.027382645473457017,0.08957814852860962,False,insufficient,200,,
376,2076,9.059724894422244,31,200,0.155,0.11139636898322336,0.21160690641836105,False,insufficient,200,,
440,1509,9.059724894422244,69,200,0.345,0.2825979433061415,0.41324410796123684,False,insufficient,200,,
504,942,9.059724894422244,107,200,0.535,0.46586646818343785,0.6028143589497348,False,insufficient,200,,
568,375,9.059724894422244,156,200,0.78,0.7176120002896181,0.8318346167757626,False,insufficient,200,,
63,4849,9.059751074361024,0,200,0.0,0.0,0.018845326668962936,False,insufficient,200,,
127,4282,9.059751074361024,1,200,0.005,0.0008831687058453758,0.02777370469642793,False,insufficient,200,,
191,3715,9.059751074361024,3,200,0.015,0.005114237753504754,0.043165729115389295,False,insufficient,200,,
255,3148,9.059751074361024,8,200,0.04,0.0204056319610195,0.0769320685744264,False,insufficient,200,,
319,2581,9.059751074361024,10,200,0.05,0.027382645473457017,0.08957814852860962,False,insufficient,200,,
383,2014,9.059751074361024,35,200,0.175,0.1286051503455461,0.23364431198927976,False,insufficient,200,,
447,1447,9.059751074361024,73,200,0.365,0.30140526417602626,0.4336829740245936,False,insufficient,200,,
511,880,9.059751074361024,116,200,0.58,0.5107207388477095,0.6462640088852564,False,insufficient,200,,
575,313,9.059751074361024,162,200,0.81,0.7499876124094633,0.8583282850557797,False,insufficient,200,,
70,4787,9.059777254299803,0,200,0.0,0.0,0.018845326668962936,False,insufficient,200,,
6,5354,9.059777254299805,0,200,0.0,0.0,0.018845326668962936,False,insufficient,200,,
134,4220,9.059777254299805,1,200,0.005,0.0008831687058453758,0.02777370469642793,False,insufficient,200,,
198,3653,9.059777254299805,3,200,0.015,0.005114237753504754,0.043165729115389295,False,insufficient,200,,
262,3086,9.059777254299805,8,200,0.04,0.0204056319610195,0.0769320685744264,False,insufficient,200,,
326,2519,9.059777254299805,12,200,0.06,0.03465219410651454,0.10193169336217282,False,insufficient,200,,
390,1952,9.059777254299805,38,200,0.19,0.1416717149442203,0.25001238759053673,False,insufficient,200,,
454,1385,9.059777254299805,76,200,0.38,0.31559005800516143,0.44893282039538956,False,insufficient,200,,
518,818,9.059777254299805,119,200,0.595,0.5257971002635867,0.6606222876693102,False,insufficient,200,,
582,251,9.059777254299805,165,200,0.825,0.7663556880107202,0.8713948496544538,False,insufficient,200,,
397,1890,9.059803434238583,39,200,0.195,0.1460552050050192,0.2554404442630482,False,insufficient,200,,
461,1323,9.059803434238583,79,200,0.395,0.3298410096426624,0.4641165089578198,False,insufficient,200,,
525,756,9.059803434238583,121,200,0.605,0.5358834910421801,0.6701589903573376,False,insufficient,200,,
13,5292,9.059803434238585,0,200,0.0,0.0,0.018845326668962936,False,insufficient,200,,
77,4725,9.059803434238585,0,200,0.0,0.0,0.018845326668962936,False,insufficient,200,,
141,4158,9.059803434238585,1,200,0.005,0.0008831687058453758,0.02777370469642793,False,insufficient,200,,
205,3591,9.059803434238585,3,200,0.015,0.005114237753504754,0.043165729115389295,False,insufficient,200,,
269,3024,9.059803434238585,8,200,0.04,0.0204056319610195,0.0769320685744264,False,insufficient,200,,
333,2457,9.059803434238585,14,200,0.07,0.04215217166140097,0.11405480927390717,False,insufficient,200,,
589,189,9.059803434238585,167,200,0.835,0.777342184108311,0.8800314470234837,False,insufficient,200,,
84,4663,9.059829614177364,0,200,0.0,0.0,0.018845326668962936,False,insufficient,200,,
148,4096,9.059829614177364,1,200,0.005,0.0008831687058453758,0.02777370469642793,False,insufficient,200,,
212,3529,9.059829614177364,3,200,0.015,0.005114237753504754,0.043165729115389295,False,insufficient,200,,
276,2962,9.059829614177364,8,200,0.04,0.0204056319610195,0.0769320685744264,False,insufficient,200,,
340,2395,9.059829614177364,19,200,0.095,0.061663102507449205,0.14360161209441077,False,insufficient,200,,
404,1828,9.059829614177364,41,200,0.205,0.15486176168906182,0.2662569810456263,False,insufficient,200,,
468,1261,9.059829614177364,88,200,0.44,0.3729781920017676,0.5092832471985078,False,insufficient,200,,
532,694,9.059829614177364,127,200,0.635,0.5663170259754063,0.6985947358239737,False,insufficient,200,,
596,127,9.059829614177364,169,200,0.845,0.7883930935816389,0.8886036310167766,False,insufficient,200,,
20,5230,9.059829614177366,0,200,0.0,0.0,0.018845326668962936,False,insufficient,200,,
27,5168,9.059855794116144,0,200,0.0,0.0,0.018845326668962936,False,insufficient,200,,
91,4601,9.059855794116144,0,200,0.0,0.0,0.018845326668962936,False,insufficient,200,,
155,4034,9.059855794116144,2,200,0.01,0.0027466581088489593,0.035721762026734716,False,insufficient,200,,
219,3467,9.059855794116144,3,200,0.015,0.005114237753504754,0.043165729115389295,False,insufficient,200,,
283,2900,9.059855794116144,8,200,0.04,0.0204056319610195,0.0769320685744264,False,insufficient,200,,
347,2333,9.059855794116144,21,200,0.105,0.06970748770124899,0.15518032036723173,False,insufficient,200,,
411,1766,9.059855794116144,46,200,0.23,0.1770934322171564,0.2930830441840836,False,insufficient,200,,
475,1199,9.059855794116144,92,200,0.46,0.39233051748177505,0.529177108651742,False,insufficient,200,,
539,632,9.059855794116144,134,200,0.67,0.6021668471867698,0.7314257417457829,False,insufficient,200,,
603,65,9.059855794116144,525,600,0.875,0.846128472866618,0.899100251298315,False,insufficient,600,,
546,570,9.059881974054923,138,200,0.69,0.6228282237882907,0.7500105520775032,False,insufficient,200,,
610,3,9.059881974054923,3601,4000,0.90025,0.8905759118807802,0.909156053753709,True,crossing,4000,crossing,4000
34,5106,9.059881974054925,0,200,0.0,0.0,0.018845326668962936,False,insufficient,200,,
98,4539,9.059881974054925,0,200,0.0,0.0,0.018845326668962936,False,insufficient,200,,
162,3972,9.059881974054925,2,200,0.01,0.0027466581088489593,0.035721762026734716,False,insufficient,200,,
226,3405,9.059881974054925,5,200,0.025,0.010724719583860124,0.05717834075165468,False,insufficient,200,,
290,2838,9.059881974054925,9,200,0.045,0.02385254288504434,0.08329670438371192,False,insufficient,200,,
354,2271,9.059881974054925,25,200,0.125,0.0861197445025044,0.1780142504992178,False,insufficient,200,,
418,1704,9.059881974054925,51,200,0.255,0.19960495132458245,0.3196292587432093,False,insufficient,200,,
482,1137,9.059881974054925,93,200,0.465,0.3971856410502652,0.5341335318165621,False,insufficient,200,,
41,5044,9.059908153993703,0,200,0.0,0.0,0.018845326668962936,False,insufficient,200,,
105,4477,9.059908153993703,0,200,0.0,0.0,0.018845326668962936,False,insufficient,200,,
169,3910,9.059908153993703,3,200,0.015,0.005114237753504754,0.043165729115389295,False,insufficient,200,,
233,3343,9.059908153993703,5,200,0.025,0.010724719583860124,0.05717834075165468,False,insufficient,200,,
297,2776,9.059908153993703,10,200,0.05,0.027382645473457017,0.08957814852860962,False,insufficient,200,,
361,2209,9.059908153993703,27,200,0.135,0.09446570427968658,0.18929138418865638,False,insufficient,200,,
425,1642,9.059908153993703,57,200,0.285,0.22695002962622268,0.35115346084143123,False,insufficient,200,,
489,1075,9.059908153993703,97,200,0.485,0.41667385119216255,0.5538915086079063,False,insufficient,200,,
553,508,9.059908153993703,142,200,0.71,0.6436252184459675,0.768459744353068,False,insufficient,200,,
240,3281,9.059934333932484,5,200,0.025,0.010724719583860124,0.05717834075165468,False,insufficient,200,,
304,2714,9.059934333932484,10,200,0.05,0.027382645473457017,0.08957814852860962,False,insufficient,200,,
368,2147,9.059934333932484,29,200,0.145,0.10289350613885,0.20048667579611365,False,insufficient,200,,
432,1580,9.059934333932484,61,200,0.305,0.2453641558726048,0.3719855215282907,False,insufficient,200,,
496,1013,9.059934333932484,102,200,0.51,0.44118587625055616,0.5784372172160646,False,insufficient,200,,
560,446,9.059934333932484,150,200,0.75,0.6856590163422495,0.804918320323269,False,insufficient,200,,
48,4982,9.059934333932485,0,200,0.0,0.0,0.018845326668962936,False,insufficient,200,,
112,4415,9.059934333932485,1,200,0.005,0.0008831687058453758,0.02777370469642793,False,insufficient,200,,
176,3848,9.059934333932485,3,200,0.015,0.005114237753504754,0.043165729115389295,False,insufficient,200,,
55,4920,9.059960513871264,0,200,0.0,0.0,0.018845326668962936,False,insufficient,200,,
119,4353,9.059960513871264,1,200,0.005,0.0008831687058453758,0.02777370469642793,False,insufficient,200,,
183,3786,9.059960513871264,3,200,0.015,0.005114237753504754,0.043165729115389295,False,insufficient,200,,
247,3219,9.059960513871264,7,200,0.035,0.01705554191525804,0.0704706118868775,False,insufficient,200,,
311,2652,9.059960513871264,10,200,0.05,0.027382645473457017,0.08957814852860962,False,insufficient,200,,
375,2085,9.059960513871264,31,200,0.155,0.11139636898322336,0.21160690641836105,False,insufficient,200,,
439,1518,9.059960513871264,69,200,0.345,0.2825979433061415,0.41324410796123684,False,insufficient,200,,
503,951,9.059960513871264,106,200,0.53,0.4609168286109567,0.5979524517889057,False,insufficient,200,,
567,384,9.059960513871264,156,200,0.78,0.7176120002896181,0.8318346167757626,False,insufficient,200,,
62,4858,9.059986693810044,0,200,0.0,0.0,0.018845326668962936,False,insufficient,200,,
126,4291,9.059986693810044,1,200,0.005,0.0008831687058453758,0.02777370469642793,False,insufficient,200,,
190,3724,9.059986693810044,3,200,0.015,0.005114237753504754,0.043165729115389295,False,insufficient,200,,
254,3157,9.059986693810044,7,200,0.035,0.01705554191525804,0.0704706118868775,False,insufficient,200,,
318,2590,9.059986693810044,10,200,0.05,0.027382645473457017,0.08957814852860962,False,insufficient,200,,
382,2023,9.059986693810044,34,200,0.17,0.12427907881439243,0.22815883678712312,False,insufficient,200,,
446,1456,9.059986693810044,73,200,0.365,0.30140526417602626,0.4336829740245936,False,insufficient,200,,
510,889,9.059986693810044,114,200,0.57,0.5007048770948288,0.6366567771715163,False,insufficient,200,,
574,322,9.059986693810044,161,200,0.805,0.7445595557369519,0.8539447949949808,False,insufficient,200,,
389,1961,9.060012873748823,38,200,0.19,0.1416717149442203,0.25001238759053673,False,insufficient,200,,
453,1394,9.060012873748823,76,200,0.38,0.31559005800516143,0.44893282039538956,False,insufficient,200,,
517,827,9.060012873748823,119,200,0.595,0.5257971002635867,0.6606222876693102,False,insufficient,200,,
581,260,9.060012873748823,165,200,0.825,0.7663556880107202,0.8713948496544538,False,insufficient,200,,
5,5363,9.060012873748825,0,200,0.0,0.0,0.018845326668962936,False,insufficient,200,,
69,4796,9.060012873748825,0,200,0.0,0.0,0.018845326668962936,False,insufficient,200,,
133,4229,9.060012873748825,1,200,0.005,0.0008831687058453758,0.02777370469642793,False,insufficient,200,,
197,3662,9.060012873748825,3,200,0.015,0.005114237753504754,0.043165729115389295,False,insufficient,200,,
261,3095,9.060012873748825,8,200,0.04,0.0204056319610195,0.0769320685744264,False,insufficient,200,,
325,2528,9.060012873748825,11,200,0.055,0.03098534156570805,0.09578699916966896,False,insufficient,200,,
12,5301,9.060039053687603,0,200,0.0,0.0,0.018845326668962936,False,insufficient,200,,
76,4734,9.060039053687603,0,200,0.0,0.0,0.018845326668962936,False,insufficient,200,,
140,4167,9.060039053687603,1,200,0.005,0.0008831687058453758,0.02777370469642793,False,insufficient,200,,
204,3600,9.060039053687603,3,200,0.015,0.005114237753504754,0.043165729115389295,False,insufficient,200,,
268,3033,9.060039053687603,8,200,0.04,0.0204056319610195,0.0769320685744264,False,insufficient,200,,
332,2466,9.060039053687603,13,200,0.065,0.03837635449161451,0.10801907971038324,False,insufficient,200,,
396,1899,9.060039053687603,39,200,0.195,0.1460552050050192,0.2554404442630482,False,insufficient,200,,
460,1332,9.060039053687603,79,200,0.395,0.3298410096426624,0.4641165089578198,False,insufficient,200,,
524,765,9.060039053687603,120,200,0.6,0.5308367198423567,0.6653942148238506,False,insufficient,200,,
588,198,9.060039053687603,167,200,0.835,0.777342184108311,0.8800314470234837,False,insufficient,200,,
595,136,9.060065233626382,169,200,0.845,0.7883930935816389,0.8886036310167766,False,insufficient,200,,
19,5239,9.060065233626384,0,200,0.0,0.0,0.018845326668962936,False,insufficient,200,,
83,4672,9.060065233626384,0,200,0.0,0.0,0.018845326668962936,False,insufficient,200,,
147,4105,9.060065233626384,1,200,0.005,0.0008831687058453758,0.02777370469642793,False,insufficient,200,,
211,3538,9.060065233626384,3,200,0.015,0.005114237753504754,0.043165729115389295,False,insufficient,200,,
275,2971,9.060065233626384,8,200,0.04,0.0204056319610195,0.0769320685744264,False,insufficient,200,,
339,2404,9.060065233626384,18,200,0.09,0.05768744866037736,0.13776571920817224,False,insufficient,200,,
403,1837,9.060065233626384,41,200,0.205,0.15486176168906182,0.2662569810456263,False,insufficient,200,,
467,1270,9.060065233626384,87,200,0.435,0.36815725451898934,0.5042926379479759,False,insufficient,200,,
531,703,9.060065233626384,127,200,0.635,0.5663170259754063,0.6985947358239737,False,insufficient,200,,
26,5177,9.060091413565162,0,200,0.0,0.0,0.018845326668962936,False,insufficient,200,,
602,74,9.060091413565162,525,600,0.875,0.846128472866618,0.899100251298315,False,insufficient,600,,
90,4610,9.060091413565164,0,200,0.0,0.0,0.018845326668962936,False,insufficient,200,,
154,4043,9.060091413565164,2,200,0.01,0.0027466581088489593,0.035721762026734716,False,insufficient,200,,
218,3476,9.060091413565164,3,200,0.015,0.005114237753504754,0.043165729115389295,False,insufficient,200,,
282,2909,9.060091413565164,8,200,0.04,0.0204056319610195,0.0769320685744264,False,insufficient,200,,
346,2342,9.060091413565164,21,200,0.105,0.06970748770124899,0.15518032036723173,False,insufficient,200,,
410,1775,9.060091413565164,44,200,0.22,0.1681653832242373,0.2823879997103819,False,insufficient,200,,
474,1208,9.060091413565164,91,200,0.455,0.3874821925827813,0.5242138868174252,False,insufficient,200,,
538,641,9.060091413565164,134,200,0.67,0.6021668471867698,0.7314257417457829,False,insufficient,200,,
161,3981,9.060117593503943,2,200,0.01,0.0027466581088489593,0.035721762026734716,False,insufficient,200,,
225,3414,9.060117593503943,5,200,0.025,0.010724719583860124,0.05717834075165468,False,insufficient,200,,
289,2847,9.060117593503943,8,200,0.04,0.0204056319610195,0.0769320685744264,False,insufficient,200,,
353,2280,9.060117593503943,24,200,0.12,0.0819799268161472,0.17234252145226464,False,insufficient,200,,
417,1713,9.060117593503943,51,200,0.255,0.19960495132458245,0.3196292587432093,False,insufficient,200,,
481,1146,9.060117593503943,93,200,0.465,0.3971856410502652,0.5341335318165621,False,insufficient,200,,
33,5115,9.060117593503945,0,200,0.0,0.0,0.018845326668962936,False,insufficient,200,,
97,4548,9.060117593503945,0,200,0.0,0.0,0.018845326668962936,False,insufficient,200,,
545,579,9.060117593503945,138,200,0.69,0.6228282237882907,0.7500105520775032,False,insufficient,200,,
609,12,9.060117593503945,3593,4000,0.89825,0.8884958059471086,0.9072399974605999,False,crossing,4000,crossing,4000
40,5053,9.060143773442723,0,200,0.0,0.0,0.018845326668962936,False,insufficient,200,,
104,4486,9.060143773442723,0,200,0.0,0.0,0.018845326668962936,False,insufficient,200,,
168,3919,9.060143773442723,3,200,0.015,0.005114237753504754,0.043165729115389295,False,insufficient,200,,
232,3352,9.060143773442723,5,200,0.025,0.010724719583860124,0.05717834075165468,False,insufficient,200,,
360,2218,9.060143773442723,27,200,0.135,0.09446570427968658,0.18929138418865638,False,insufficient,200,,
424,1651,9.060143773442723,56,200,0.28,0.2223688973234035,0.3459230464109402,False,insufficient,200,,
488,1084,9.060143773442723,96,200,0.48,0.4117916632582544,0.548962149808504,False,insufficient,200,,
552,517,9.060143773442723,141,200,0.705,0.638412854206739,0.7638605618589861,False,insufficient,200,,
296,2785,9.060143773442725,10,200,0.05,0.027382645473457017,0.08957814852860962,False,insufficient,200,,
47,4991,9.060169953381504,0,200,0.0,0.0,0.018845326668962936,False,insufficient,200,,
111,4424,9.060169953381504,1,200,0.005,0.0008831687058453758,0.02777370469642793,False,insufficient,200,,
175,3857,9.060169953381504,3,200,0.015,0.005114237753504754,0.043165729115389295,False,insufficient,200,,
239,3290,9.060169953381504,5,200,0.025,0.010724719583860124,0.05717834075165468,False,insufficient,200,,
303,2723,9.060169953381504,10,200,0.05,0.027382645473457017,0.08957814852860962,False,insufficient,200,,
367,2156,9.060169953381504,29,200,0.145,0.10289350613885,0.20048667579611365,False,insufficient,200,,
431,1589,9.060169953381504,60,200,0.3,0.24074744639257037,0.3667906842750147,False,insufficient,200,,
495,1022,9.060169953381504,101,200,0.505,0.4362699998026278,0.5735415469306826,False,insufficient,200,,
559,455,9.060169953381504,150,200,0.75,0.6856590163422495,0.804918320323269,False,insufficient,200,,
118,4362,9.060196133320282,1,200,0.005,0.0008831687058453758,0.02777370469642793,False,insufficient,200,,
182,3795,9.060196133320282,3,200,0.015,0.005114237753504754,0.043165729115389295,False,insufficient,200,,
246,3228,9.060196133320282,7,200,0.035,0.01705554191525804,0.0704706118868775,False,insufficient,200,,
310,2661,9.060196133320282,10,200,0.05,0.027382645473457017,0.08957814852860962,False,insufficient,200,,
374,2094,9.060196133320282,30,200,0.15,0.10713593533492477,0.20605579333334925,False,insufficient,200,,
438,1527,9.060196133320282,69,200,0.345,0.2825979433061415,0.41324410796123684,False,insufficient,200,,
502,960,9.060196133320282,105,200,0.525,0.45597395960896836,0.5930837740575836,False,insufficient,200,,
566,393,9.060196133320282,155,200,0.775,0.7122587671141067,0.8273763032179636,False,insufficient,200,,
54,4929,9.060196133320284,0,200,0.0,0.0,0.018845326668962936,False,insufficient,200,,
61,4867,9.060222313259063,0,200,0.0,0.0,0.018845326668962936,False,insufficient,200,,
125,4300,9.060222313259063,1,200,0.005,0.0008831687058453758,0.02777370469642793,False,insufficient,200,,
189,3733,9.060222313259063,3,200,0.015,0.005114237753504754,0.043165729115389295,False,insufficient,200,,
253,3166,9.060222313259063,7,200,0.035,0.01705554191525804,0.0704706118868775,False,insufficient,200,,
317,2599,9.060222313259063,10,200,0.05,0.027382645473457017,0.08957814852860962,False,insufficient,200,,
381,2032,9.060222313259063,34,200,0.17,0.12427907881439243,0.22815883678712312,False,insufficient,200,,
445,1465,9.060222313259063,73,200,0.365,0.30140526417602626,0.4336829740245936,False,insufficient,200,,
509,898,9.060222313259063,114,200,0.57,0.5007048770948288,0.6366567771715163,False,insufficient,200,,
573,331,9.060222313259063,160,200,0.8,0.7391448129154138,0.8495479910832086,False,insufficient,200,,
580,269,9.060248493197841,165,200,0.825,0.7663556880107202,0.8713948496544538,False,insufficient,200,,
4,5372,9.060248493197843,0,200,0.0,0.0,0.018845326668962936,False,insufficient,200,,
68,4805,9.060248493197843,0,200,0.0,0.0,0.018845326668962936,False,insufficient,200,,
132,4238,9.060248493197843,1,200,0.005,0.0008831687058453758,0.02777370469642793,False,insufficient,200,,
196,3671,9.060248493197843,3,200,0.015,0.005114237753504754,0.043165729115389295,False,insufficient,200,,
260,3104,9.060248493197843,8,200,0.04,0.0204056319610195,0.0769320685744264,False,insufficient,200,,
324,2537,9.060248493197843,11,200,0.055,0.03098534156570805,0.09578699916966896,False,insufficient,200,,
388,1970,9.060248493197843,37,200,0.185,0.1373019276778717,0.24457062812357494,False,insufficient,200,,
452,1403,9.060248493197843,76,200,0.38,0.31559005800516143,0.44893282039538956,False,insufficient,200,,
516,836,9.060248493197843,119,200,0.595,0.5257971002635867,0.6606222876693102,False,insufficient,200,,
75,4743,9.060274673136622,0,200,0.0,0.0,0.018845326668962936,False,insufficient,200,,
139,4176,9.060274673136622,1,200,0.005,0.0008831687058453758,0.02777370469642793,False,insufficient,200,,
203,3609,9.060274673136622,3,200,0.015,0.005114237753504754,0.043165729115389295,False,insufficient,200,,
267,3042,9.060274673136622,8,200,0.04,0.0204056319610195,0.0769320685744264,False,insufficient,200,,
331,2475,9.060274673136622,13,200,0.065,0.03837635449161451,0.10801907971038324,False,insufficient,200,,
395,1908,9.060274673136622,39,200,0.195,0.1460552050050192,0.2554404442630482,False,insufficient,200,,
459,1341,9.060274673136622,79,200,0.395,0.3298410096426624,0.4641165089578198,False,insufficient,200,,
523,774,9.060274673136622,120,200,0.6,0.5308367198423567,0.6653942148238506,False,insufficient,200,,
11,5310,9.060274673136623,0,200,0.0,0.0,0.018845326668962936,False,insufficient,200,,
587,207,9.060274673136623,167,200,0.835,0.777342184108311,0.8800314470234837,False,insufficient,200,,
210,3547,9.060300853075402,3,200,0.015,0.005114237753504754,0.043165729115389295,False,insufficient,200,,
274,2980,9.060300853075402,8,200,0.04,0.0204056319610195,0.0769320685744264,False,insufficient,200,,
338,2413,9.060300853075402,17,200,0.085,0.05374574998400461,0.13189587115123463,False,insufficient,200,,
402,1846,9.060300853075402,41,200,0.205,0.15486176168906182,0.2662569810456263,False,insufficient,200,,
466,1279,9.060300853075402,86,200,0.43,0.36334322282848375,0.4992951229051709,False,insufficient,200,,
530,712,9.060300853075402,127,200,0.635,0.5663170259754063,0.6985947358239737,False,insufficient,200,,
18,5248,9.060300853075404,0,200,0.0,0.0,0.018845326668962936,False,insufficient,200,,
82,4681,9.060300853075404,0,200,0.0,0.0,0.018845326668962936,False,insufficient,200,,
146,4114,9.060300853075404,1,200,0.005,0.0008831687058453758,0.02777370469642793,False,insufficient,200,,
594,145,9.060300853075404,168,200,0.84,0.782859297881253,0.884325879983852,False,insufficient,200,,
25,5186,9.060327033014183,0,200,0.0,0.0,0.018845326668962936,False,insufficient,200,,
89,4619,9.060327033014183,0,200,0.0,0.0,0.018845326668962936,False,insufficient,200,,
153,4052,9.060327033014183,1,200,0.005,0.0008831687058453758,0.02777370469642793,False,insufficient,200,,
217,3485,9.060327033014183,3,200,0.015,0.005114237753504754,0.043165729115389295,False,insufficient,200,,
281,2918,9.060327033014183,8,200,0.04,0.0204056319610195,0.0769320685744264,False,insufficient,200,,
345,2351,9.060327033014183,21,200,0.105,0.06970748770124899,0.15518032036723173,False,insufficient,200,,
409,1784,9.060327033014183,44,200,0.22,0.1681653832242373,0.2823879997103819,False,insufficient,200,,
473,1217,9.060327033014183,88,200,0.44,0.3729781920017676,0.5092832471985078,False,insufficient,200,,
537,650,9.060327033014183,134,200,0.67,0.6021668471867698,0.7314257417457829,False,insufficient,200,,
601,83,9.060327033014183,522,600,0.87,0.840719438353528,0.894572902822539,False,insufficient,600,,
32,5124,9.060353212952963,0,200,0.0,0.0,0.018845326668962936,False,insufficient,200,,
96,4557,9.060353212952963,0,200,0.0,0.0,0.018845326668962936,False,insufficient,200,,
160,3990,9.060353212952963,2,200,0.01,0.0027466581088489593,0.035721762026734716,False,insufficient,200,,
224,3423,9.060353212952963,5,200,0.025,0.010724719583860124,0.05717834075165468,False,insufficient,200,,
288,2856,9.060353212952963,8,200,0.04,0.0204056319610195,0.0769320685744264,False,insufficient,200,,
352,2289,9.060353212952963,23,200,0.115,0.07786373208518774,0.16664716944991373,False,insufficient,200,,
416,1722,9.060353212952963,50,200,0.25,0.195081679676731,0.3143409836577504,False,insufficient,200,,
480,1155,9.060353212952963,93,200,0.465,0.3971856410502652,0.5341335318165621,False,insufficient,200,,
544,588,9.060353212952963,137,200,0.685,0.6176504385930084,0.7453767905394755,False,insufficient,200,,
608,21,9.060353212952963,3589,4000,0.89725,0.8874561737657667,0.9062815485285515,False,crossing,4000,crossing,4000
359,2227,9.060379392891742,26,200,0.13,0.09028202253521182,0.18366351919982074,False,insufficient,200,,
423,1660,9.060379392891742,56,200,0.28,0.2223688973234035,0.3459230464109402,False,insufficient,200,,
487,1093,9.060379392891742,95,200,0.475,0.40691622594241644,0.5440260403910315,False,insufficient,200,,
551,526,9.060379392891742,140,200,0.7,0.6332093157249852,0.7592525536074295,False,insufficient,200,,
39,5062,9.060379392891743,0,200,0.0,0.0,0.018845326668962936,False,insufficient,200,,
103,4495,9.060379392891743,0,200,0.0,0.0,0.018845326668962936,False,insufficient,200,,
167,3928,9.060379392891743,3,200,0.015,0.005114237753504754,0.043165729115389295,False,insufficient,200,,
231,3361,9.060379392891743,5,200,0.025,0.010724719583860124,0.05717834075165468,False,insufficient,200,,
295,2794,9.060379392891743,10,200,0.05,0.027382645473457017,0.08957814852860962,False,insufficient,200,,
46,5000,9.060405572830522,0,200,0.0,0.0,0.018845326668962936,False,insufficient,200,,
110,4433,9.060405572830522,1,200,0.005,0.0008831687058453758,0.02777370469642793,False,insufficient,200,,
174,3866,9.060405572830522,3,200,0.015,0.005114237753504754,0.043165729115389295,False,insufficient,200,,
238,3299,9.060405572830522,5,200,0.025,0.010724719583860124,0.05717834075165468,False,insufficient,200,,
302,2732,9.060405572830522,10,200,0.05,0.027382645473457017,0.08957814852860962,False,insufficient,200,,
366,2165,9.060405572830522,29,200,0.145,0.10289350613885,0.20048667579611365,False,insufficient,200,,
430,1598,9.060405572830522,60,200,0.3,0.24074744639257037,0.3667906842750147,False,insufficient,200,,
494,1031,9.060405572830522,101,200,0.505,0.4362699998026278,0.5735415469306826,False,insufficient,200,,
558,464,9.060405572830522,150,200,0.75,0.6856590163422495,0.804918320323269,False,insufficient,200,,
565,402,9.0604317527693,154,200,0.77,0.7069169558159164,0.8229065677828437,False,insufficient,200,,
117,4371,9.060431752769302,1,200,0.005,0.0008831687058453758,0.02777370469642793,False,insufficient,200,,
181,3804,9.060431752769302,3,200,0.015,0.005114237753504754,0.043165729115389295,False,insufficient,200,,
245,3237,9.060431752769302,7,200,0.035,0.01705554191525804,0.0704706118868775,False,insufficient,200,,
309,2670,9.060431752769302,10,200,0.05,0.027382645473457017,0.08957814852860962,False,insufficient,200,,
373,2103,9.060431752769302,30,200,0.15,0.10713593533492477,0.20605579333334925,False,insufficient,200,,
437,1536,9.060431752769302,67,200,0.335,0.27324086932910685,0.4029780884716509,False,insufficient,200,,
501,969,9.060431752769302,104,200,0.52,0.45103785019149595,0.5882083367417457,False,insufficient,200,,
53,4938,9.060431752769304,0,200,0.0,0.0,0.018845326668962936,False,insufficient,200,,
611,0,9.069699451097392,3612,4000,0.903,0.8934379369399895,0.9117887517563233,True,crossing,4000,reliable,4000
60,4883,9.072186545281484,0,200,0.0,0.0,0.018845326668962936,False,insufficient,200,,
124,4316,9.072186545281484,0,200,0.0,0.0,0.018845326668962936,False,insufficient,200,,
188,3749,9.072186545281484,0,200,0.0,0.0,0.018845326668962936,False,insufficient,200,,
252,3182,9.072186545281484,1,200,0.005,0.0008831687058453758,0.02777370469642793,False,insufficient,200,,
316,2615,9.072186545281484,7,200,0.035,0.01705554191525804,0.0704706118868775,False,insufficient,200,,
380,2048,9.072186545281484,25,200,0.125,0.0861197445025044,0.1780142504992178,False,insufficient,200,,
444,1481,9.072186545281484,68,200,0.34,0.2779154592508567,0.4081150452832114,False,insufficient,200,,
508,914,9.072186545281484,116,200,0.58,0.5107207388477095,0.6462640088852564,False,insufficient,200,,
572,347,9.072186545281484,157,200,0.785,0.722976925984516,0.8362812378141752,False,insufficient,200,,
3,5388,9.072212725220265,0,200,0.0,0.0,0.018845326668962936,False,insufficient,200,,
67,4821,9.072212725220265,0,200,0.0,0.0,0.018845326668962936,False,insufficient,200,,
131,4254,9.072212725220265,0,200,0.0,0.0,0.018845326668962936,False,insufficient,200,,
195,3687,9.072212725220265,0,200,0.0,0.0,0.018845326668962936,False,insufficient,200,,
259,3120,9.072212725220265,2,200,0.01,0.0027466581088489593,0.035721762026734716,False,insufficient,200,,
323,2553,9.072212725220265,8,200,0.04,0.0204056319610195,0.0769320685744264,False,insufficient,200,,
387,1986,9.072212725220265,29,200,0.145,0.10289350613885,0.20048667579611365,False,insufficient,200,,
451,1419,9.072212725220265,71,200,0.355,0.2919862749369033,0.4234788697970958,False,insufficient,200,,
515,852,9.072212725220265,120,200,0.6,0.5308367198423567,0.6653942148238506,False,insufficient,200,,
579,285,9.072212725220265,166,200,0.83,0.7718411632128768,0.8757209211856076,False,insufficient,200,,
74,4759,9.072238905159043,0,200,0.0,0.0,0.018845326668962936,False,insufficient,200,,
138,4192,9.072238905159043,0,200,0.0,0.0,0.018845326668962936,False,insufficient,200,,
202,3625,9.072238905159043,1,200,0.005,0.0008831687058453758,0.02777370469642793,False,insufficient,200,,
266,3058,9.072238905159043,3,200,0.015,0.005114237753504754,0.043165729115389295,False,insufficient,200,,
330,2491,9.072238905159043,10,200,0.05,0.027382645473457017,0.08957814852860962,False,insufficient,200,,
394,1924,9.072238905159043,32,200,0.16,0.11567412001614788,0.2171407021187469,False,insufficient,200,,
458,1357,9.072238905159043,78,200,0.39,0.3250834308878392,0.4590625409793326,False,insufficient,200,,
522,790,9.072238905159043,124,200,0.62,0.5510671796046104,0.6844099419948385,False,insufficient,200,,
586,223,9.072238905159043,170,200,0.85,0.7939442066666507,0.8928640646650752,False,insufficient,200,,
10,5326,9.072238905159045,0,200,0.0,0.0,0.018845326668962936,False,insufficient,200,,
17,5264,9.072265085097824,0,200,0.0,0.0,0.018845326668962936,False,insufficient,200,,
81,4697,9.072265085097824,0,200,0.0,0.0,0.018845326668962936,False,insufficient,200,,
145,4130,9.072265085097824,0,200,0.0,0.0,0.018845326668962936,False,insufficient,200,,
209,3563,9.072265085097824,1,200,0.005,0.0008831687058453758,0.02777370469642793,False,insufficient,200,,
273,2996,9.072265085097824,3,200,0.015,0.005114237753504754,0.043165729115389295,False,insufficient,200,,
337,2429,9.072265085097824,15,200,0.075,0.04597491700833055,0.12004361066028794,False,insufficient,200,,
401,1862,9.072265085097824,35,200,0.175,0.1286051503455461,0.23364431198927976,False,insufficient,200,,
465,1295,9.072265085097824,86,200,0.43,0.36334322282848375,0.4992951229051709,False,insufficient,200,,
529,728,9.072265085097824,132,200,0.66,0.5918849547167886,0.7220845407491433,False,insufficient,200,,
593,161,9.072265085097824,509,600,0.8483333333333334,0.8174218388978084,0.8748128426598404,False,insufficient,600,,
600,99,9.072291265036602,525,600,0.875,0.846128472866618,0.899100251298315,False,insufficient,600,,
24,5202,9.072291265036604,0,200,0.0,0.0,0.018845326668962936,False,insufficient,200,,
88,4635,9.072291265036604,0,200,0.0,0.0,0.018845326668962936,False,insufficient,200,,
152,4068,9.072291265036604,0,200,0.0,0.0,0.018845326668962936,False,insufficient,200,,
216,3501,9.072291265036604,1,200,0.005,0.0008831687058453758,0.02777370469642793,False,insufficient,200,,
280,2934,9.072291265036604,4,200,0.02,0.007804426362159347,0.05028708724004506,False,insufficient,200,,
344,2367,9.072291265036604,17,200,0.085,0.05374574998400461,0.13189587115123463,False,insufficient,200,,
408,1800,9.072291265036604,37,200,0.185,0.1373019276778717,0.24457062812357494,False,insufficient,200,,
472,1233,9.072291265036604,93,200,0.465,0.3971856410502652,0.5341335318165621,False,insufficient,200,,
536,666,9.072291265036604,137,200,0.685,0.6176504385930084,0.7453767905394755,False,insufficient,200,,
31,5140,9.072317444975383,0,200,0.0,0.0,0.018845326668962936,False,insufficient,200,,
159,4006,9.072317444975383,0,200,0.0,0.0,0.018845326668962936,False,insufficient,200,,
223,3439,9.072317444975383,1,200,0.005,0.0008831687058453758,0.02777370469642793,False,insufficient,200,,
287,2872,9.072317444975383,5,200,0.025,0.010724719583860124,0.05717834075165468,False,insufficient,200,,
351,2305,9.072317444975383,18,200,0.09,0.05768744866037736,0.13776571920817224,False,insufficient,200,,
415,1738,9.072317444975383,44,200,0.22,0.1681653832242373,0.2823879997103819,False,insufficient,200,,
479,1171,9.072317444975383,94,200,0.47,0.4020475482110944,0.5390831713890433,False,insufficient,200,,
543,604,9.072317444975383,140,200,0.7,0.6332093157249852,0.7592525536074295,False,insufficient,200,,
607,37,9.072317444975383,3588,4000,0.897,0.8871963089367354,0.9060418930792352,False,crossing,4000,crossing,4000
95,4573,9.072317444975385,0,200,0.0,0.0,0.018845326668962936,False,insufficient,200,,
294,2810,9.072343624914163,5,200,0.025,0.010724719583860124,0.05717834075165468,False,insufficient,200,,
358,2243,9.072343624914163,21,200,0.105,0.06970748770124899,0.15518032036723173,False,insufficient,200,,
422,1676,9.072343624914163,51,200,0.255,0.19960495132458245,0.3196292587432093,False,insufficient,200,,
486,1109,9.072343624914163,98,200,0.49,0.42156278278393533,0.5588141237494437,False,insufficient,200,,
38,5078,9.072343624914165,0,200,0.0,0.0,0.018845326668962936,False,insufficient,200,,
102,4511,9.072343624914165,0,200,0.0,0.0,0.018845326668962936,False,insufficient,200,,
166,3944,9.072343624914165,0,200,0.0,0.0,0.018845326668962936,False,insufficient,200,,
230,3377,9.072343624914165,1,200,0.005,0.0008831687058453758,0.02777370469642793,False,insufficient,200,,
550,542,9.072343624914165,146,200,0.73,0.66456564747098,0.786765502261297,False,insufficient,200,,
45,5016,9.072369804852944,0,200,0.0,0.0,0.018845326668962936,False,insufficient,200,,
109,4449,9.072369804852944,0,200,0.0,0.0,0.018845326668962936,False,insufficient,200,,
173,3882,9.072369804852944,0,200,0.0,0.0,0.018845326668962936,False,insufficient,200,,
237,3315,9.072369804852944,1,200,0.005,0.0008831687058453758,0.02777370469642793,False,insufficient,200,,
301,2748,9.072369804852944,6,200,0.03,0.013820314259191425,0.06389429280963374,False,insufficient,200,,
365,2181,9.072369804852944,22,200,0.11,0.07377244436816725,0.16092691043362384,False,insufficient,200,,
429,1614,9.072369804852944,60,200,0.3,0.24074744639257037,0.3667906842750147,False,insufficient,200,,
493,1047,9.072369804852944,105,200,0.525,0.45597395960896836,0.5930837740575836,False,insufficient,200,,
557,480,9.072369804852944,150,200,0.75,0.6856590163422495,0.804918320323269,False,insufficient,200,,
52,4954,9.072395984791724,0,200,0.0,0.0,0.018845326668962936,False,insufficient,200,,
116,4387,9.072395984791724,0,200,0.0,0.0,0.018845326668962936,False,insufficient,200,,
180,3820,9.072395984791724,0,200,0.0,0.0,0.018845326668962936,False,insufficient,200,,
244,3253,9.072395984791724,1,200,0.005,0.0008831687058453758,0.02777370469642793,False,insufficient,200,,
308,2686,9.072395984791724,7,200,0.035,0.01705554191525804,0.0704706118868775,False,insufficient,200,,
372,2119,9.072395984791724,23,200,0.115,0.07786373208518774,0.16664716944991373,False,insufficient,200,,
436,1552,9.072395984791724,64,200,0.32,0.2592653327095053,0.38751898489132125,False,insufficient,200,,
500,985,9.072395984791724,108,200,0.54,0.4708228913482581,0.607669482518225,False,insufficient,200,,
564,418,9.072395984791724,153,200,0.765,0.7015863106396482,0.8184256662258015,False,insufficient,200,,
443,1490,9.072422164730503,68,200,0.34,0.2779154592508567,0.4081150452832114,False,insufficient,200,,
507,923,9.072422164730503,116,200,0.58,0.5107207388477095,0.6462640088852564,False,insufficient,200,,
571,356,9.072422164730503,156,200,0.78,0.7176120002896181,0.8318346167757626,False,insufficient,200,,
59,4892,9.072422164730504,0,200,0.0,0.0,0.018845326668962936,False,insufficient,200,,
123,4325,9.072422164730504,0,200,0.0,0.0,0.018845326668962936,False,insufficient,200,,
187,3758,9.072422164730504,0,200,0.0,0.0,0.018845326668962936,False,insufficient,200,,
251,3191,9.072422164730504,1,200,0.005,0.0008831687058453758,0.02777370469642793,False,insufficient,200,,
315,2624,9.072422164730504,7,200,0.035,0.01705554191525804,0.0704706118868775,False,insufficient,200,,
379,2057,9.072422164730504,25,200,0.125,0.0861197445025044,0.1780142504992178,False,insufficient,200,,
2,5397,9.072448344669283,0,200,0.0,0.0,0.018845326668962936,False,insufficient,200,,
66,4830,9.072448344669283,0,200,0.0,0.0,0.018845326668962936,False,insufficient,200,,
130,4263,9.072448344669283,0,200,0.0,0.0,0.018845326668962936,False,insufficient,200,,
194,3696,9.072448344669283,0,200,0.0,0.0,0.018845326668962936,False,insufficient,200,,
258,3129,9.072448344669283,2,200,0.01,0.0027466581088489593,0.035721762026734716,False,insufficient,200,,
322,2562,9.072448344669283,8,200,0.04,0.0204056319610195,0.0769320685744264,False,insufficient,200,,
386,1995,9.072448344669283,29,200,0.145,0.10289350613885,0.20048667579611365,False,insufficient,200,,
450,1428,9.072448344669283,71,200,0.355,0.2919862749369033,0.4234788697970958,False,insufficient,200,,
514,861,9.072448344669283,120,200,0.6,0.5308367198423567,0.6653942148238506,False,insufficient,200,,
578,294,9.072448344669283,164,200,0.82,0.7608852492032754,0.8670537417285882,False,insufficient,200,,
585,232,9.072474524608062,170,200,0.85,0.7939442066666507,0.8928640646650752,False,insufficient,200,,
9,5335,9.072474524608063,0,200,0.0,0.0,0.018845326668962936,False,insufficient,200,,
73,4768,9.072474524608063,0,200,0.0,0.0,0.018845326668962936,False,insufficient,200,,
137,4201,9.072474524608063,0,200,0.0,0.0,0.018845326668962936,False,insufficient,200,,
201,3634,9.072474524608063,1,200,0.005,0.0008831687058453758,0.02777370469642793,False,insufficient,200,,
265,3067,9.072474524608063,3,200,0.015,0.005114237753504754,0.043165729115389295,False,insufficient,200,,
329,2500,9.072474524608063,9,200,0.045,0.02385254288504434,0.08329670438371192,False,insufficient,200,,
393,1933,9.072474524608063,32,200,0.16,0.11567412001614788,0.2171407021187469,False,insufficient,200,,
457,1366,9.072474524608063,76,200,0.38,0.31559005800516143,0.44893282039538956,False,insufficient,200,,
521,799,9.072474524608063,124,200,0.62,0.5510671796046104,0.6844099419948385,False,insufficient,200,,
16,5273,9.072500704546844,0,200,0.0,0.0,0.018845326668962936,False,insufficient,200,,
80,4706,9.072500704546844,0,200,0.0,0.0,0.018845326668962936,False,insufficient,200,,
144,4139,9.072500704546844,0,200,0.0,0.0,0.018845326668962936,False,insufficient,200,,
208,3572,9.072500704546844,1,200,0.005,0.0008831687058453758,0.02777370469642793,False,insufficient,200,,
272,3005,9.072500704546844,3,200,0.015,0.005114237753504754,0.043165729115389295,False,insufficient,200,,
336,2438,9.072500704546844,15,200,0.075,0.04597491700833055,0.12004361066028794,False,insufficient,200,,
400,1871,9.072500704546844,34,200,0.17,0.12427907881439243,0.22815883678712312,False,insufficient,200,,
464,1304,9.072500704546844,84,200,0.42,0.3537359911147436,0.48927926115229037,False,insufficient,200,,
528,737,9.072500704546844,130,200,0.65,0.5816346428084853,0.7127117591908259,False,insufficient,200,,
592,170,9.072500704546844,507,600,0.845,0.8138562771631038,0.8717541490686344,False,insufficient,600,,
215,3510,9.072526884485622,1,200,0.005,0.0008831687058453758,0.02777370469642793,False,insufficient,200,,
279,2943,9.072526884485622,4,200,0.02,0.007804426362159347,0.05028708724004506,False,insufficient,200,,
343,2376,9.072526884485622,17,200,0.085,0.05374574998400461,0.13189587115123463,False,insufficient,200,,
407,1809,9.072526884485622,37,200,0.185,0.1373019276778717,0.24457062812357494,False,insufficient,200,,
471,1242,9.072526884485622,92,200,0.46,0.39233051748177505,0.529177108651742,False,insufficient,200,,
535,675,9.072526884485622,137,200,0.685,0.6176504385930084,0.7453767905394755,False,insufficient,200,,
23,5211,9.072526884485624,0,200,0.0,0.0,0.018845326668962936,False,insufficient,200,,
87,4644,9.072526884485624,0,200,0.0,0.0,0.018845326668962936,False,insufficient,200,,
151,4077,9.072526884485624,0,200,0.0,0.0,0.018845326668962936,False,insufficient,200,,
599,108,9.072526884485624,523,600,0.8716666666666667,0.8425209878774318,0.8960834809615906,False,insufficient,600,,
30,5149,9.072553064424403,0,200,0.0,0.0,0.018845326668962936,False,insufficient,200,,
94,4582,9.072553064424403,0,200,0.0,0.0,0.018845326668962936,False,insufficient,200,,
158,4015,9.072553064424403,0,200,0.0,0.0,0.018845326668962936,False,insufficient,200,,
222,3448,9.072553064424403,1,200,0.005,0.0008831687058453758,0.02777370469642793,False,insufficient,200,,
350,2314,9.072553064424403,18,200,0.09,0.05768744866037736,0.13776571920817224,False,insufficient,200,,
414,1747,9.072553064424403,44,200,0.22,0.1681653832242373,0.2823879997103819,False,insufficient,200,,
478,1180,9.072553064424403,94,200,0.47,0.4020475482110944,0.5390831713890433,False,insufficient,200,,
542,613,9.072553064424403,140,200,0.7,0.6332093157249852,0.7592525536074295,False,insufficient,200,,
606,46,9.072553064424403,3579,4000,0.89475,0.8848582918257427,0.9038842276850997,False,crossing,4000,crossing,4000
286,2881,9.072553064424405,5,200,0.025,0.010724719583860124,0.05717834075165468,False,insufficient,200,,
37,5087,9.072579244363183,0,200,0.0,0.0,0.018845326668962936,False,insufficient,200,,
101,4520,9.072579244363183,0,200,0.0,0.0,0.018845326668962936,False,insufficient,200,,
165,3953,9.072579244363183,0,200,0.0,0.0,0.018845326668962936,False,insufficient,200,,
229,3386,9.072579244363183,1,200,0.005,0.0008831687058453758,0.02777370469642793,False,insufficient,200,,
293,2819,9.072579244363183,5,200,0.025,0.010724719583860124,0.05717834075165468,False,insufficient,200,,
357,2252,9.072579244363183,21,200,0.105,0.06970748770124899,0.15518032036723173,False,insufficient,200,,
421,1685,9.072579244363183,49,200,0.245,0.1905686805032898,0.3090424360978812,False,insufficient,200,,
485,1118,9.072579244363183,96,200,0.48,0.4117916632582544,0.548962149808504,False,insufficient,200,,
549,551,9.072579244363183,146,200,0.73,0.66456564747098,0.786765502261297,False,insufficient,200,,
172,3891,9.072605424301962,0,200,0.0,0.0,0.018845326668962936,False,insufficient,200,,
236,3324,9.072605424301962,1,200,0.005,0.0008831687058453758,0.02777370469642793,False,insufficient,200,,
300,2757,9.072605424301962,6,200,0.03,0.013820314259191425,0.06389429280963374,False,insufficient,200,,
364,2190,9.072605424301962,22,200,0.11,0.07377244436816725,0.16092691043362384,False,insufficient,200,,
428,1623,9.072605424301962,57,200,0.285,0.22695002962622268,0.35115346084143123,False,insufficient,200,,
492,1056,9.072605424301962,103,200,0.515,0.44610849139209374,0.5833261488078374,False,insufficient,200,,
556,489,9.072605424301962,149,200,0.745,0.6803707412567906,0.8003950486754174,False,insufficient,200,,
44,5025,9.072605424301964,0,200,0.0,0.0,0.018845326668962936,False,insufficient,200,,
108,4458,9.072605424301964,0,200,0.0,0.0,0.018845326668962936,False,insufficient,200,,
51,4963,9.072631604240742,0,200,0.0,0.0,0.018845326668962936,False,insufficient,200,,
115,4396,9.072631604240742,0,200,0.0,0.0,0.018845326668962936,False,insufficient,200,,
179,3829,9.072631604240742,0,200,0.0,0.0,0.018845326668962936,False,insufficient,200,,
243,3262,9.072631604240742,1,200,0.005,0.0008831687058453758,0.02777370469642793,False,insufficient,200,,
499,994,9.072631604240742,108,200,0.54,0.4708228913482581,0.607669482518225,False,insufficient,200,,
563,427,9.072631604240742,153,200,0.765,0.7015863106396482,0.8184256662258015,False,insufficient,200,,
307,2695,9.072631604240744,7,200,0.035,0.01705554191525804,0.0704706118868775,False,insufficient,200,,
371,2128,9.072631604240744,22,200,0.11,0.07377244436816725,0.16092691043362384,False,insufficient,200,,
435,1561,9.072631604240744,64,200,0.32,0.2592653327095053,0.38751898489132125,False,insufficient,200,,
570,365,9.07265778417952,156,200,0.78,0.7176120002896181,0.8318346167757626,False,insufficient,200,,
58,4901,9.072657784179523,0,200,0.0,0.0,0.018845326668962936,False,insufficient,200,,
122,4334,9.072657784179523,0,200,0.0,0.0,0.018845326668962936,False,insufficient,200,,
186,3767,9.072657784179523,0,200,0.0,0.0,0.018845326668962936,False,insufficient,200,,
250,3200,9.072657784179523,1,200,0.005,0.0008831687058453758,0.02777370469642793,False,insufficient,200,,
314,2633,9.072657784179523,7,200,0.035,0.01705554191525804,0.0704706118868775,False,insufficient,200,,
378,2066,9.072657784179523,25,200,0.125,0.0861197445025044,0.1780142504992178,False,insufficient,200,,
442,1499,9.072657784179523,68,200,0.34,0.2779154592508567,0.4081150452832114,False,insufficient,200,,
506,932,9.072657784179523,115,200,0.575,0.505709325931126,0.6414638750685293,False,insufficient,200,,
193,3705,9.072683964118301,0,200,0.0,0.0,0.018845326668962936,False,insufficient,200,,
257,3138,9.072683964118301,1,200,0.005,0.0008831687058453758,0.02777370469642793,False,insufficient,200,,
321,2571,9.072683964118301,8,200,0.04,0.0204056319610195,0.0769320685744264,False,insufficient,200,,
385,2004,9.072683964118301,29,200,0.145,0.10289350613885,0.20048667579611365,False,insufficient,200,,
449,1437,9.072683964118301,70,200,0.35,0.28728824080917403,0.4183653571915147,False,insufficient,200,,
513,870,9.072683964118301,119,200,0.595,0.5257971002635867,0.6606222876693102,False,insufficient,200,,
1,5406,9.072683964118303,0,200,0.0,0.0,0.018845326668962936,False,insufficient,200,,
65,4839,9.072683964118303,0,200,0.0,0.0,0.018845326668962936,False,insufficient,200,,
129,4272,9.072683964118303,0,200,0.0,0.0,0.018845326668962936,False,insufficient,200,,
577,303,9.072683964118303,161,200,0.805,0.7445595557369519,0.8539447949949808,False,insufficient,200,,
200,3643,9.072710144057082,1,200,0.005,0.0008831687058453758,0.02777370469642793,False,insufficient,200,,
264,3076,9.072710144057082,3,200,0.015,0.005114237753504754,0.043165729115389295,False,insufficient,200,,
8,5344,9.072710144057083,0,200,0.0,0.0,0.018845326668962936,False,insufficient,200,,
72,4777,9.072710144057083,0,200,0.0,0.0,0.018845326668962936,False,insufficient,200,,
136,4210,9.072710144057083,0,200,0.0,0.0,0.018845326668962936,False,insufficient,200,,
328,2509,9.072710144057083,9,200,0.045,0.02385254288504434,0.08329670438371192,False,insufficient,200,,
392,1942,9.072710144057083,31,200,0.155,0.11139636898322336,0.21160690641836105,False,insufficient,200,,
456,1375,9.072710144057083,74,200,0.37,0.30612608362251653,0.4387737013114137,False,insufficient,200,,
520,808,9.072710144057083,124,200,0.62,0.5510671796046104,0.6844099419948385,False,insufficient,200,,
584,241,9.072710144057083,170,200,0.85,0.7939442066666507,0.8928640646650752,False,insufficient,200,,
15,5282,9.072736323995862,0,200,0.0,0.0,0.018845326668962936,False,insufficient,200,,
79,4715,9.072736323995862,0,200,0.0,0.0,0.018845326668962936,False,insufficient,200,,
143,4148,9.072736323995862,0,200,0.0,0.0,0.018845326668962936,False,insufficient,200,,
207,3581,9.072736323995862,1,200,0.005,0.0008831687058453758,0.02777370469642793,False,insufficient,200,,
271,3014,9.072736323995862,3,200,0.015,0.005114237753504754,0.043165729115389295,False,insufficient,200,,
335,2447,9.072736323995862,13,200,0.065,0.03837635449161451,0.10801907971038324,False,insufficient,200,,
399,1880,9.072736323995862,34,200,0.17,0.12427907881439243,0.22815883678712312,False,insufficient,200,,
463,1313,9.072736323995862,81,200,0.405,0.3393777123306897,0.4742028997364132,False,insufficient,200,,
527,746,9.072736323995862,129,200,0.645,0.5765211302029042,0.7080137250630966,False,insufficient,200,,
591,179,9.072736323995862,506,600,0.8433333333333334,0.812075230591194,0.8702230679775891,False,insufficient,600,,
22,5220,9.072762503934642,0,200,0.0,0.0,0.018845326668962936,False,insufficient,200,,
86,4653,9.072762503934642,0,200,0.0,0.0,0.018845326668962936,False,insufficient,200,,
150,4086,9.072762503934642,0,200,0.0,0.0,0.018845326668962936,False,insufficient,200,,
214,3519,9.072762503934642,1,200,0.005,0.0008831687058453758,0.02777370469642793,False,insufficient,200,,
278,2952,9.072762503934642,4,200,0.02,0.007804426362159347,0.05028708724004506,False,insufficient,200,,
342,2385,9.072762503934642,17,200,0.085,0.05374574998400461,0.13189587115123463,False,insufficient,200,,
406,1818,9.072762503934642,36,200,0.18,0.13294625827141174,0.2391147507967245,False,insufficient,200,,
470,1251,9.072762503934642,90,200,0.45,0.38264068350836655,0.5192438491585296,False,insufficient,200,,
534,684,9.072762503934642,137,200,0.685,0.6176504385930084,0.7453767905394755,False,insufficient,200,,
598,117,9.072762503934642,518,600,0.8633333333333333,0.8335273212604672,0.8885165092637787,False,insufficient,600,,
349,2323,9.072788683873421,18,200,0.09,0.05768744866037736,0.13776571920817224,False,insufficient,200,,
413,1756,9.072788683873421,43,200,0.215,0.16371876218582487,0.277023074015484,False,insufficient,200,,
477,1189,9.072788683873421,93,200,0.465,0.3971856410502652,0.5341335318165621,False,insufficient,200,,
541,622,9.072788683873421,138,200,0.69,0.6228282237882907,0.7500105520775032,False,insufficient,200,,
605,55,9.072788683873421,3573,4000,0.89325,0.8833003672948437,0.9024450305459131,False,crossing,4000,crossing,4000
29,5158,9.072788683873423,0,200,0.0,0.0,0.018845326668962936,False,insufficient,200,,
93,4591,9.072788683873423,0,200,0.0,0.0,0.018845326668962936,False,insufficient,200,,
157,4024,9.072788683873423,0,200,0.0,0.0,0.018845326668962936,False,insufficient,200,,
221,3457,9.072788683873423,1,200,0.005,0.0008831687058453758,0.02777370469642793,False,insufficient,200,,
285,2890,9.072788683873423,5,200,0.025,0.010724719583860124,0.05717834075165468,False,insufficient,200,,
36,5096,9.072814863812201,0,200,0.0,0.0,0.018845326668962936,False,insufficient,200,,
100,4529,9.072814863812201,0,200,0.0,0.0,0.018845326668962936,False,insufficient,200,,
164,3962,9.072814863812201,0,200,0.0,0.0,0.018845326668962936,False,insufficient,200,,
228,3395,9.072814863812201,1,200,0.005,0.0008831687058453758,0.02777370469642793,False,insufficient,200,,
292,2828,9.072814863812201,5,200,0.025,0.010724719583860124,0.05717834075165468,False,insufficient,200,,
356,2261,9.072814863812201,20,200,0.1,0.06567044845124732,0.14940581288392302,False,insufficient,200,,
420,1694,9.072814863812201,48,200,0.24,0.1860661595414933,0.3037334103263674,False,insufficient,200,,
484,1127,9.072814863812201,95,200,0.475,0.40691622594241644,0.5440260403910315,False,insufficient,200,,
548,560,9.072814863812201,144,200,0.72,0.6540769535890598,0.7776311026765964,False,insufficient,200,,
107,4467,9.072841043750982,0,200,0.0,0.0,0.018845326668962936,False,insufficient,200,,
171,3900,9.072841043750982,0,200,0.0,0.0,0.018845326668962936,False,insufficient,200,,
235,3333,9.072841043750982,1,200,0.005,0.0008831687058453758,0.02777370469642793,False,insufficient,200,,
299,2766,9.072841043750982,5,200,0.025,0.010724719583860124,0.05717834075165468,False,insufficient,200,,
363,2199,9.072841043750982,22,200,0.11,0.07377244436816725,0.16092691043362384,False,insufficient,200,,
427,1632,9.072841043750982,56,200,0.28,0.2223688973234035,0.3459230464109402,False,insufficient,200,,
491,1065,9.072841043750982,103,200,0.515,0.44610849139209374,0.5833261488078374,False,insufficient,200,,
555,498,9.072841043750982,148,200,0.74,0.6750925434347002,0.7958616997641975,False,insufficient,200,,
43,5034,9.072841043750984,0,200,0.0,0.0,0.018845326668962936,False,insufficient,200,,
50,4972,9.072867223689762,0,200,0.0,0.0,0.018845326668962936,False,insufficient,200,,
114,4405,9.072867223689762,0,200,0.0,0.0,0.018845326668962936,False,insufficient,200,,
178,3838,9.072867223689762,0,200,0.0,0.0,0.018845326668962936,False,insufficient,200,,
242,3271,9.072867223689762,1,200,0.005,0.0008831687058453758,0.02777370469642793,False,insufficient,200,,
306,2704,9.072867223689762,7,200,0.035,0.01705554191525804,0.0704706118868775,False,insufficient,200,,
370,2137,9.072867223689762,22,200,0.11,0.07377244436816725,0.16092691043362384,False,insufficient,200,,
434,1570,9.072867223689762,63,200,0.315,0.2546232094605245,0.38234956140699167,False,insufficient,200,,
498,1003,9.072867223689762,108,200,0.54,0.4708228913482581,0.607669482518225,False,insufficient,200,,
562,436,9.072867223689762,153,200,0.765,0.7015863106396482,0.8184256662258015,False,insufficient,200,,
185,3776,9.072893403628541,0,200,0.0,0.0,0.018845326668962936,False,insufficient,200,,
249,3209,9.072893403628541,1,200,0.005,0.0008831687058453758,0.02777370469642793,False,insufficient,200,,
313,2642,9.072893403628541,7,200,0.035,0.01705554191525804,0.0704706118868775,False,insufficient,200,,
441,1508,9.072893403628541,68,200,0.34,0.2779154592508567,0.4081150452832114,False,insufficient,200,,
505,941,9.072893403628541,114,200,0.57,0.5007048770948288,0.6366567771715163,False,insufficient,200,,
569,374,9.072893403628541,155,200,0.775,0.7122587671141067,0.8273763032179636,False,insufficient,200,,
57,4910,9.072893403628543,0,200,0.0,0.0,0.018845326668962936,False,insufficient,200,,
121,4343,9.072893403628543,0,200,0.0,0.0,0.018845326668962936,False,insufficient,200,,
377,2075,9.072893403628543,25,200,0.125,0.0861197445025044,0.1780142504992178,False,insufficient,200,,
0,5415,9.072919583567321,0,200,0.0,0.0,0.018845326668962936,False,insufficient,200,,
64,4848,9.072919583567321,0,200,0.0,0.0,0.018845326668962936,False,insufficient,200,,
320,2580,9.072919583567321,8,200,0.04,0.0204056319610195,0.0769320685744264,False,insufficient,200,,
384,2013,9.072919583567321,29,200,0.145,0.10289350613885,0.20048667579611365,False,insufficient,200,,
448,1446,9.072919583567321,70,200,0.35,0.28728824080917403,0.4183653571915147,False,insufficient,200,,
512,879,9.072919583567321,117,200,0.585,0.5157391484647247,0.6510571460015516,False,insufficient,200,,
576,312,9.072919583567321,161,200,0.805,0.7445595557369519,0.8539447949949808,False,insufficient,200,,
128,4281,9.072919583567323,0,200,0.0,0.0,0.018845326668962936,False,insufficient,200,,
192,3714,9.072919583567323,0,200,0.0,0.0,0.018845326668962936,False,insufficient,200,,
256,3147,9.072919583567323,1,200,0.005,0.0008831687058453758,0.02777370469642793,False,insufficient,200,,
7,5353,9.072945763506102,0,200,0.0,0.0,0.018845326668962936,False,insufficient,200,,
71,4786,9.072945763506102,0,200,0.0,0.0,0.018845326668962936,False,insufficient,200,,
135,4219,9.072945763506102,0,200,0.0,0.0,0.018845326668962936,False,insufficient,200,,
199,3652,9.072945763506102,1,200,0.005,0.0008831687058453758,0.02777370469642793,False,insufficient,200,,
263,3085,9.072945763506102,3,200,0.015,0.005114237753504754,0.043165729115389295,False,insufficient,200,,
327,2518,9.072945763506102,9,200,0.045,0.02385254288504434,0.08329670438371192,False,insufficient,200,,
391,1951,9.072945763506102,30,200,0.15,0.10713593533492477,0.20605579333334925,False,insufficient,200,,
455,1384,9.072945763506102,73,200,0.365,0.30140526417602626,0.4336829740245936,False,insufficient,200,,
519,817,9.072945763506102,124,200,0.62,0.5510671796046104,0.6844099419948385,False,insufficient,200,,
583,250,9.072945763506102,169,200,0.845,0.7883930935816389,0.8886036310167766,False,insufficient,200,,
590,188,9.07297194344488,170,200,0.85,0.7939442066666507,0.8928640646650752,False,insufficient,200,,
14,5291,9.072971943444882,0,200,0.0,0.0,0.018845326668962936,False,insufficient,200,,
78,4724,9.072971943444882,0,200,0.0,0.0,0.018845326668962936,False,insufficient,200,,
142,4157,9.072971943444882,0,200,0.0,0.0,0.018845326668962936,False,insufficient,200,,
206,3590,9.072971943444882,1,200,0.005,0.0008831687058453758,0.02777370469642793,False,insufficient,200,,
270,3023,9.072971943444882,3,200,0.015,0.005114237753504754,0.043165729115389295,False,insufficient,200,,
334,2456,9.072971943444882,13,200,0.065,0.03837635449161451,0.10801907971038324,False,insufficient,200,,
398,1889,9.072971943444882,34,200,0.17,0.12427907881439243,0.22815883678712312,False,insufficient,200,,
462,1322,9.072971943444882,80,200,0.4,0.3346057851761492,0.46916328015764336,False,insufficient,200,,
526,755,9.072971943444882,127,200,0.635,0.5663170259754063,0.6985947358239737,False,insufficient,200,,
21,5229,9.07299812338366,0,200,0.0,0.0,0.018845326668962936,False,insufficient,200,,
469,1260,9.07299812338366,89,200,0.445,0.377806009517404,0.5142669764161818,False,insufficient,200,,
533,693,9.07299812338366,137,200,0.685,0.6176504385930084,0.7453767905394755,False,insufficient,200,,
597,126,9.07299812338366,516,600,0.86,0.8299394097317884,0.8854801654665472,False,insufficient,600,,
85,4662,9.072998123383663,0,200,0.0,0.0,0.018845326668962936,False,insufficient,200,,
149,4095,9.072998123383663,0,200,0.0,0.0,0.018845326668962936,False,insufficient,200,,
213,3528,9.072998123383663,1,200,0.005,0.0008831687058453758,0.02777370469642793,False,insufficient,200,,
277,2961,9.072998123383663,4,200,0.02,0.007804426362159347,0.05028708724004506,False,insufficient,200,,
341,2394,9.072998123383663,16,200,0.08,0.04984058570487163,0.12598948869705726,False,insufficient,200,,
405,1827,9.072998123383663,36,200,0.18,0.13294625827141174,0.2391147507967245,False,insufficient,200,,
92,4600,9.073024303322441,0,200,0.0,0.0,0.018845326668962936,False,insufficient,200,,
156,4033,9.073024303322441,0,200,0.0,0.0,0.018845326668962936,False,insufficient,200,,
220,3466,9.073024303322441,1,200,0.005,0.0008831687058453758,0.02777370469642793,False,insufficient,200,,
284,2899,9.073024303322441,5,200,0.025,0.010724719583860124,0.05717834075165468,False,insufficient,200,,
348,2332,9.073024303322441,18,200,0.09,0.05768744866037736,0.13776571920817224,False,insufficient,200,,
412,1765,9.073024303322441,41,200,0.205,0.15486176168906182,0.2662569810456263,False,insufficient,200,,
476,1198,9.073024303322441,93,200,0.465,0.3971856410502652,0.5341335318165621,False,insufficient,200,,
540,631,9.073024303322441,137,200,0.685,0.6176504385930084,0.7453767905394755,False,insufficient,200,,
604,64,9.073024303322441,3567,4000,0.89175,0.8817430325768879,0.9010052435937834,False,crossing,4000,crossing,4000
28,5167,9.073024303322443,0,200,0.0,0.0,0.018845326668962936,False,insufficient,200,,
35,5105,9.073050483261222,0,200,0.0,0.0,0.018845326668962936,False,insufficient,200,,
99,4538,9.073050483261222,0,200,0.0,0.0,0.018845326668962936,False,insufficient,200,,
163,3971,9.073050483261222,0,200,0.0,0.0,0.018845326668962936,False,insufficient,200,,
227,3404,9.073050483261222,1,200,0.005,0.0008831687058453758,0.02777370469642793,False,insufficient,200,,
291,2837,9.073050483261222,5,200,0.025,0.010724719583860124,0.05717834075165468,False,insufficient,200,,
355,2270,9.073050483261222,20,200,0.1,0.06567044845124732,0.14940581288392302,False,insufficient,200,,
419,1703,9.073050483261222,46,200,0.23,0.1770934322171564,0.2930830441840836,False,insufficient,200,,
483,1136,9.073050483261222,95,200,0.475,0.40691622594241644,0.5440260403910315,False,insufficient,200,,
547,569,9.073050483261222,143,200,0.715,0.6488465391585686,0.7730499703737773,False,insufficient,200,,
611,2,9.073050483261222,3619,4000,0.90475,0.8952603923752509,0.9134629382694951,True,crossing,4000,reliable,4000
42,5043,9.073076663200002,0,200,0.0,0.0,0.018845326668962936,False,insufficient,200,,
106,4476,9.073076663200002,0,200,0.0,0.0,0.018845326668962936,False,insufficient,200,,
170,3909,9.073076663200002,0,200,0.0,0.0,0.018845326668962936,False,insufficient,200,,
234,3342,9.073076663200002,1,200,0.005,0.0008831687058453758,0.02777370469642793,False,insufficient,200,,
298,2775,9.073076663200002,5,200,0.025,0.010724719583860124,0.05717834075165468,False,insufficient,200,,
362,2208,9.073076663200002,21,200,0.105,0.06970748770124899,0.15518032036723173,False,insufficient,200,,
426,1641,9.073076663200002,55,200,0.275,0.21779700288091797,0.3406833941201153,False,insufficient,200,,
490,1074,9.073076663200002,102,200,0.51,0.44118587625055616,0.5784372172160646,False,insufficient,200,,
554,507,9.073076663200002,148,200,0.74,0.6750925434347002,0.7958616997641975,False,insufficient,200,,
49,4981,9.07310284313878,0,200,0.0,0.0,0.018845326668962936,False,insufficient,200,,
177,3847,9.07310284313878,0,200,0.0,0.0,0.018845326668962936,False,insufficient,200,,
241,3280,9.07310284313878,1,200,0.005,0.0008831687058453758,0.02777370469642793,False,insufficient,200,,
305,2713,9.07310284313878,7,200,0.035,0.01705554191525804,0.0704706118868775,False,insufficient,200,,
369,2146,9.07310284313878,22,200,0.11,0.07377244436816725,0.16092691043362384,False,insufficient,200,,
433,1579,9.07310284313878,63,200,0.315,0.2546232094605245,0.38234956140699167,False,insufficient,200,,
497,1012,9.07310284313878,108,200,0.54,0.4708228913482581,0.607669482518225,False,insufficient,200,,
561,445,9.07310284313878,152,200,0.76,0.6962665896736326,0.8139338404585067,False,insufficient,200,,
113,4414,9.073102843138782,0,200,0.0,0.0,0.018845326668962936,False,insufficient,200,,
56,4919,9.073129023077561,0,200,0.0,0.0,0.018845326668962936,False,insufficient,200,,
120,4352,9.073129023077561,0,200,0.0,0.0,0.018845326668962936,False,insufficient,200,,
184,3785,9.073129023077561,0,200,0.0,0.0,0.018845326668962936,False,insufficient,200,,
248,3218,9.073129023077561,1,200,0.005,0.0008831687058453758,0.02777370469642793,False,insufficient,200,,
312,2651,9.073129023077561,7,200,0.035,0.01705554191525804,0.0704706118868775,False,insufficient,200,,
376,2084,9.073129023077561,25,200,0.125,0.0861197445025044,0.1780142504992178,False,insufficient,200,,
440,1517,9.073129023077561,68,200,0.34,0.2779154592508567,0.4081150452832114,False,insufficient,200,,
504,950,9.073129023077561,113,200,0.565,0.4957073620520242,0.6318427454810105,False,insufficient,200,,
568,383,9.073129023077561,155,200,0.775,0.7122587671141067,0.8273763032179636,False,insufficient,200,,
575,321,9.07315520301634,161,200,0.805,0.7445595557369519,0.8539447949949808,False,insufficient,200,,
63,4857,9.073155203016341,0,200,0.0,0.0,0.018845326668962936,False,insufficient,200,,
127,4290,9.073155203016341,0,200,0.0,0.0,0.018845326668962936,False,insufficient,200,,
191,3723,9.073155203016341,0,200,0.0,0.0,0.018845326668962936,False,insufficient,200,,
255,3156,9.073155203016341,1,200,0.005,0.0008831687058453758,0.02777370469642793,False,insufficient,200,,
319,2589,9.073155203016341,8,200,0.04,0.0204056319610195,0.0769320685744264,False,insufficient,200,,
383,2022,9.073155203016341,28,200,0.14,0.09866982605979482,0.1948988091418585,False,insufficient,200,,
447,1455,9.073155203016341,68,200,0.34,0.2779154592508567,0.4081150452832114,False,insufficient,200,,
511,888,9.073155203016341,117,200,0.585,0.5157391484647247,0.6510571460015516,False,insufficient,200,,
70,4795,9.07318138295512,0,200,0.0,0.0,0.018845326668962936,False,insufficient,200,,
134,4228,9.07318138295512,0,200,0.0,0.0,0.018845326668962936,False,insufficient,200,,
198,3661,9.07318138295512,0,200,0.0,0.0,0.018845326668962936,False,insufficient,200,,
262,3094,9.07318138295512,3,200,0.015,0.005114237753504754,0.043165729115389295,False,insufficient,200,,
326,2527,9.07318138295512,8,200,0.04,0.0204056319610195,0.0769320685744264,False,insufficient,200,,
390,1960,9.07318138295512,30,200,0.15,0.10713593533492477,0.20605579333334925,False,insufficient,200,,
454,1393,9.07318138295512,71,200,0.355,0.2919862749369033,0.4234788697970958,False,insufficient,200,,
518,826,9.07318138295512,122,200,0.61,0.5409374590206674,0.6749165691121608,False,insufficient,200,,
6,5362,9.073181382955122,0,200,0.0,0.0,0.018845326668962936,False,insufficient,200,,
582,259,9.073181382955122,167,200,0.835,0.777342184108311,0.8800314470234837,False,insufficient,200,,
77,4733,9.0732075628939,0,200,0.0,0.0,0.018845326668962936,False,insufficient,200,,
141,4166,9.0732075628939,0,200,0.0,0.0,0.018845326668962936,False,insufficient,200,,
205,3599,9.0732075628939,1,200,0.005,0.0008831687058453758,0.02777370469642793,False,insufficient,200,,
269,3032,9.0732075628939,3,200,0.015,0.005114237753504754,0.043165729115389295,False,insufficient,200,,
333,2465,9.0732075628939,13,200,0.065,0.03837635449161451,0.10801907971038324,False,insufficient,200,,
397,1898,9.0732075628939,33,200,0.165,0.11996855297651625,0.22265781589168893,False,insufficient,200,,
461,1331,9.0732075628939,80,200,0.4,0.3346057851761492,0.46916328015764336,False,insufficient,200,,
525,764,9.0732075628939,126,200,0.63,0.5612262986885862,0.6938739163774834,False,insufficient,200,,
589,197,9.0732075628939,170,200,0.85,0.7939442066666507,0.8928640646650752,False,insufficient,200,,
13,5300,9.073207562893902,0,200,0.0,0.0,0.018845326668962936,False,insufficient,200,,
20,5238,9.07323374283268,0,200,0.0,0.0,0.018845326668962936,False,insufficient,200,,
84,4671,9.07323374283268,0,200,0.0,0.0,0.018845326668962936,False,insufficient,200,,
148,4104,9.07323374283268,0,200,0.0,0.0,0.018845326668962936,False,insufficient,200,,
212,3537,9.07323374283268,1,200,0.005,0.0008831687058453758,0.02777370469642793,False,insufficient,200,,
276,2970,9.07323374283268,4,200,0.02,0.007804426362159347,0.05028708724004506,False,insufficient,200,,
340,2403,9.07323374283268,16,200,0.08,0.04984058570487163,0.12598948869705726,False,insufficient,200,,
404,1836,9.07323374283268,36,200,0.18,0.13294625827141174,0.2391147507967245,False,insufficient,200,,
468,1269,9.07323374283268,87,200,0.435,0.36815725451898934,0.5042926379479759,False,insufficient,200,,
532,702,9.07323374283268,136,200,0.68,0.6124810151086787,0.7407346672904946,False,insufficient,200,,
596,135,9.07323374283268,515,600,0.8583333333333333,0.8281474197527905,0.8839600277825898,False,insufficient,600,,
155,4042,9.07325992277146,0,200,0.0,0.0,0.018845326668962936,False,insufficient,200,,
219,3475,9.07325992277146,1,200,0.005,0.0008831687058453758,0.02777370469642793,False,insufficient,200,,
283,2908,9.07325992277146,5,200,0.025,0.010724719583860124,0.05717834075165468,False,insufficient,200,,
411,1774,9.07325992277146,39,200,0.195,0.1460552050050192,0.2554404442630482,False,insufficient,200,,
475,1207,9.07325992277146,93,200,0.465,0.3971856410502652,0.5341335318165621,False,insufficient,200,,
539,640,9.07325992277146,137,200,0.685,0.6176504385930084,0.7453767905394755,False,insufficient,200,,
603,73,9.07325992277146,3564,4000,0.891,0.8809645830293532,0.9002851323062753,False,crossing,4000,crossing,4000
27,5176,9.073259922771461,0,200,0.0,0.0,0.018845326668962936,False,insufficient,200,,
91,4609,9.073259922771461,0,200,0.0,0.0,0.018845326668962936,False,insufficient,200,,
347,2341,9.073259922771461,17,200,0.085,0.05374574998400461,0.13189587115123463,False,insufficient,200,,
34,5114,9.07328610271024,0,200,0.0,0.0,0.018845326668962936,False,insufficient,200,,
290,2846,9.07328610271024,5,200,0.025,0.010724719583860124,0.05717834075165468,False,insufficient,200,,
354,2279,9.07328610271024,19,200,0.095,0.061663102507449205,0.14360161209441077,False,insufficient,200,,
418,1712,9.07328610271024,44,200,0.22,0.1681653832242373,0.2823879997103819,False,insufficient,200,,
482,1145,9.07328610271024,95,200,0.475,0.40691622594241644,0.5440260403910315,False,insufficient,200,,
546,578,9.07328610271024,141,200,0.705,0.638412854206739,0.7638605618589861,False,insufficient,200,,
610,11,9.07328610271024,3609,4000,0.90225,0.8926571649438271,0.9110709629174429,True,crossing,4000,crossing,4000
98,4547,9.073286102710242,0,200,0.0,0.0,0.018845326668962936,False,insufficient,200,,
162,3980,9.073286102710242,0,200,0.0,0.0,0.018845326668962936,False,insufficient,200,,
226,3413,9.073286102710242,1,200,0.005,0.0008831687058453758,0.02777370469642793,False,insufficient,200,,
41,5052,9.07331228264902,0,200,0.0,0.0,0.018845326668962936,False,insufficient,200,,
105,4485,9.07331228264902,0,200,0.0,0.0,0.018845326668962936,False,insufficient,200,,
169,3918,9.07331228264902,0,200,0.0,0.0,0.018845326668962936,False,insufficient,200,,
233,3351,9.07331228264902,1,200,0.005,0.0008831687058453758,0.02777370469642793,False,insufficient,200,,
297,2784,9.07331228264902,5,200,0.025,0.010724719583860124,0.05717834075165468,False,insufficient,200,,
361,2217,9.07331228264902,21,200,0.105,0.06970748770124899,0.15518032036723173,False,insufficient,200,,
425,1650,9.07331228264902,54,200,0.27,0.2132344977387029,0.33543435252902004,False,insufficient,200,,
489,1083,9.07331228264902,100,200,0.5,0.43136085907267824,0.5686391409273218,False,insufficient,200,,
553,516,9.07331228264902,147,200,0.735,0.669824237532593,0.7913184589329944,False,insufficient,200,,
560,454,9.073338462587799,152,200,0.76,0.6962665896736326,0.8139338404585067,False,insufficient,200,,
112,4423,9.0733384625878,0,200,0.0,0.0,0.018845326668962936,False,insufficient,200,,
176,3856,9.0733384625878,0,200,0.0,0.0,0.018845326668962936,False,insufficient,200,,
240,3289,9.0733384625878,1,200,0.005,0.0008831687058453758,0.02777370469642793,False,insufficient,200,,
304,2722,9.0733384625878,7,200,0.035,0.01705554191525804,0.0704706118868775,False,insufficient,200,,
368,2155,9.0733384625878,22,200,0.11,0.07377244436816725,0.16092691043362384,False,insufficient,200,,
432,1588,9.0733384625878,62,200,0.31,0.2499894479224967,0.37717177621170916,False,insufficient,200,,
496,1021,9.0733384625878,108,200,0.54,0.4708228913482581,0.607669482518225,False,insufficient,200,,
48,4990,9.073338462587802,0,200,0.0,0.0,0.018845326668962936,False,insufficient,200,,
439,1526,9.07336464252658,67,200,0.335,0.27324086932910685,0.4029780884716509,False,insufficient,200,,
503,959,9.07336464252658,112,200,0.56,0.4907167528014922,0.6270218079982324,False,insufficient,200,,
55,4928,9.073364642526581,0,200,0.0,0.0,0.018845326668962936,False,insufficient,200,,
119,4361,9.073364642526581,0,200,0.0,0.0,0.018845326668962936,False,insufficient,200,,
183,3794,9.073364642526581,0,200,0.0,0.0,0.018845326668962936,False,insufficient,200,,
247,3227,9.073364642526581,1,200,0.005,0.0008831687058453758,0.02777370469642793,False,insufficient,200,,
311,2660,9.073364642526581,7,200,0.035,0.01705554191525804,0.0704706118868775,False,insufficient,200,,
375,2093,9.073364642526581,25,200,0.125,0.0861197445025044,0.1780142504992178,False,insufficient,200,,
567,392,9.073364642526581,155,200,0.775,0.7122587671141067,0.8273763032179636,False,insufficient,200,,
126,4299,9.07339082246536,0,200,0.0,0.0,0.018845326668962936,False,insufficient,200,,
190,3732,9.07339082246536,0,200,0.0,0.0,0.018845326668962936,False,insufficient,200,,
254,3165,9.07339082246536,1,200,0.005,0.0008831687058453758,0.02777370469642793,False,insufficient,200,,
318,2598,9.07339082246536,8,200,0.04,0.0204056319610195,0.0769320685744264,False,insufficient,200,,
382,2031,9.07339082246536,27,200,0.135,0.09446570427968658,0.18929138418865638,False,insufficient,200,,
446,1464,9.07339082246536,68,200,0.34,0.2779154592508567,0.4081150452832114,False,insufficient,200,,
510,897,9.07339082246536,117,200,0.585,0.5157391484647247,0.6510571460015516,False,insufficient,200,,
574,330,9.07339082246536,161,200,0.805,0.7445595557369519,0.8539447949949808,False,insufficient,200,,
62,4866,9.073390822465361,0,200,0.0,0.0,0.018845326668962936,False,insufficient,200,,
5,5371,9.07341700240414,0,200,0.0,0.0,0.018845326668962936,False,insufficient,200,,
69,4804,9.07341700240414,0,200,0.0,0.0,0.018845326668962936,False,insufficient,200,,
133,4237,9.07341700240414,0,200,0.0,0.0,0.018845326668962936,False,insufficient,200,,
197,3670,9.07341700240414,0,200,0.0,0.0,0.018845326668962936,False,insufficient,200,,
261,3103,9.07341700240414,3,200,0.015,0.005114237753504754,0.043165729115389295,False,insufficient,200,,
325,2536,9.07341700240414,8,200,0.04,0.0204056319610195,0.0769320685744264,False,insufficient,200,,
389,1969,9.07341700240414,30,200,0.15,0.10713593533492477,0.20605579333334925,False,insufficient,200,,
453,1402,9.07341700240414,71,200,0.355,0.2919862749369033,0.4234788697970958,False,insufficient,200,,
517,835,9.07341700240414,121,200,0.605,0.5358834910421801,0.6701589903573376,False,insufficient,200,,
581,268,9.07341700240414,166,200,0.83,0.7718411632128768,0.8757209211856076,False,insufficient,200,,
588,206,9.073443182342919,170,200,0.85,0.7939442066666507,0.8928640646650752,False,insufficient,200,,
12,5309,9.07344318234292,0,200,0.0,0.0,0.018845326668962936,False,insufficient,200,,
76,4742,9.07344318234292,0,200,0.0,0.0,0.018845326668962936,False,insufficient,200,,
140,4175,9.07344318234292,0,200,0.0,0.0,0.018845326668962936,False,insufficient,200,,
204,3608,9.07344318234292,1,200,0.005,0.0008831687058453758,0.02777370469642793,False,insufficient,200,,
268,3041,9.07344318234292,3,200,0.015,0.005114237753504754,0.043165729115389295,False,insufficient,200,,
332,2474,9.07344318234292,10,200,0.05,0.027382645473457017,0.08957814852860962,False,insufficient,200,,
396,1907,9.07344318234292,32,200,0.16,0.11567412001614788,0.2171407021187469,False,insufficient,200,,
460,1340,9.07344318234292,79,200,0.395,0.3298410096426624,0.4641165089578198,False,insufficient,200,,
524,773,9.07344318234292,126,200,0.63,0.5612262986885862,0.6938739163774834,False,insufficient,200,,
19,5247,9.073469362281699,0,200,0.0,0.0,0.018845326668962936,False,insufficient,200,,
275,2979,9.073469362281699,3,200,0.015,0.005114237753504754,0.043165729115389295,False,insufficient,200,,
339,2412,9.073469362281699,16,200,0.08,0.04984058570487163,0.12598948869705726,False,insufficient,200,,
467,1278,9.073469362281699,87,200,0.435,0.36815725451898934,0.5042926379479759,False,insufficient,200,,
595,144,9.073469362281699,512,600,0.8533333333333334,0.8227790869518379,0.8793919775946768,False,insufficient,600,,
83,4680,9.0734693622817,0,200,0.0,0.0,0.018845326668962936,False,insufficient,200,,
147,4113,9.0734693622817,0,200,0.0,0.0,0.018845326668962936,False,insufficient,200,,
211,3546,9.0734693622817,1,200,0.005,0.0008831687058453758,0.02777370469642793,False,insufficient,200,,
403,1845,9.0734693622817,36,200,0.18,0.13294625827141174,0.2391147507967245,False,insufficient,200,,
531,711,9.0734693622817,134,200,0.67,0.6021668471867698,0.7314257417457829,False,insufficient,200,,
26,5185,9.07349554222048,0,200,0.0,0.0,0.018845326668962936,False,insufficient,200,,
346,2350,9.07349554222048,17,200,0.085,0.05374574998400461,0.13189587115123463,False,insufficient,200,,
410,1783,9.07349554222048,39,200,0.195,0.1460552050050192,0.2554404442630482,False,insufficient,200,,
474,1216,9.07349554222048,93,200,0.465,0.3971856410502652,0.5341335318165621,False,insufficient,200,,
538,649,9.07349554222048,137,200,0.685,0.6176504385930084,0.7453767905394755,False,insufficient,200,,
602,82,9.07349554222048,3554,4000,0.8885,0.878370780101499,0.8978837324506536,False,insufficient,4000,,
90,4618,9.073495542220481,0,200,0.0,0.0,0.018845326668962936,False,insufficient,200,,
154,4051,9.073495542220481,0,200,0.0,0.0,0.018845326668962936,False,insufficient,200,,
218,3484,9.073495542220481,1,200,0.005,0.0008831687058453758,0.02777370469642793,False,insufficient,200,,
282,2917,9.073495542220481,5,200,0.025,0.010724719583860124,0.05717834075165468,False,insufficient,200,,
97,4556,9.07352172215926,0,200,0.0,0.0,0.018845326668962936,False,insufficient,200,,
161,3989,9.07352172215926,0,200,0.0,0.0,0.018845326668962936,False,insufficient,200,,
225,3422,9.07352172215926,1,200,0.005,0.0008831687058453758,0.02777370469642793,False,insufficient,200,,
289,2855,9.07352172215926,5,200,0.025,0.010724719583860124,0.05717834075165468,False,insufficient,200,,
353,2288,9.07352172215926,18,200,0.09,0.05768744866037736,0.13776571920817224,False,insufficient,200,,
417,1721,9.07352172215926,44,200,0.22,0.1681653832242373,0.2823879997103819,False,insufficient,200,,
481,1154,9.07352172215926,95,200,0.475,0.40691622594241644,0.5440260403910315,False,insufficient,200,,
545,587,9.07352172215926,141,200,0.705,0.638412854206739,0.7638605618589861,False,insufficient,200,,
609,20,9.07352172215926,3600,4000,0.9,0.8903158365319537,0.908916608824188,True,crossing,4000,crossing,4000
33,5123,9.073521722159262,0,200,0.0,0.0,0.018845326668962936,False,insufficient,200,,
40,5061,9.07354790209804,0,200,0.0,0.0,0.018845326668962936,False,insufficient,200,,
104,4494,9.07354790209804,0,200,0.0,0.0,0.018845326668962936,False,insufficient,200,,
168,3927,9.07354790209804,0,200,0.0,0.0,0.018845326668962936,False,insufficient,200,,
232,3360,9.07354790209804,1,200,0.005,0.0008831687058453758,0.02777370469642793,False,insufficient,200,,
296,2793,9.07354790209804,5,200,0.025,0.010724719583860124,0.05717834075165468,False,insufficient,200,,
360,2226,9.07354790209804,21,200,0.105,0.06970748770124899,0.15518032036723173,False,insufficient,200,,
424,1659,9.07354790209804,52,200,0.26,0.2041383002358024,0.32490745656529973,False,insufficient,200,,
488,1092,9.07354790209804,99,200,0.495,0.4264584530693174,0.5637300001973722,False,insufficient,200,,
552,525,9.07354790209804,147,200,0.735,0.669824237532593,0.7913184589329944,False,insufficient,200,,
111,4432,9.073574082036819,0,200,0.0,0.0,0.018845326668962936,False,insufficient,200,,
495,1030,9.073574082036819,107,200,0.535,0.46586646818343785,0.6028143589497348,False,insufficient,200,,
559,463,9.073574082036819,150,200,0.75,0.6856590163422495,0.804918320323269,False,insufficient,200,,
47,4999,9.07357408203682,0,200,0.0,0.0,0.018845326668962936,False,insufficient,200,,
175,3865,9.07357408203682,0,200,0.0,0.0,0.018845326668962936,False,insufficient,200,,
239,3298,9.07357408203682,1,200,0.005,0.0008831687058453758,0.02777370469642793,False,insufficient,200,,
303,2731,9.07357408203682,7,200,0.035,0.01705554191525804,0.0704706118868775,False,insufficient,200,,
367,2164,9.07357408203682,22,200,0.11,0.07377244436816725,0.16092691043362384,False,insufficient,200,,
431,1597,9.07357408203682,62,200,0.31,0.2499894479224967,0.37717177621170916,False,insufficient,200,,
54,4937,9.0736002619756,0,200,0.0,0.0,0.018845326668962936,False,insufficient,200,,
118,4370,9.0736002619756,0,200,0.0,0.0,0.018845326668962936,False,insufficient,200,,
182,3803,9.0736002619756,0,200,0.0,0.0,0.018845326668962936,False,insufficient,200,,
246,3236,9.0736002619756,1,200,0.005,0.0008831687058453758,0.02777370469642793,False,insufficient,200,,
310,2669,9.0736002619756,7,200,0.035,0.01705554191525804,0.0704706118868775,False,insufficient,200,,
374,2102,9.0736002619756,24,200,0.12,0.0819799268161472,0.17234252145226464,False,insufficient,200,,
438,1535,9.0736002619756,67,200,0.335,0.27324086932910685,0.4029780884716509,False,insufficient,200,,
502,968,9.0736002619756,110,200,0.55,0.48075615084147033,0.6173593164916334,False,insufficient,200,,
566,401,9.0736002619756,155,200,0.775,0.7122587671141067,0.8273763032179636,False,insufficient,200,,
317,2607,9.073626441914378,8,200,0.04,0.0204056319610195,0.0769320685744264,False,insufficient,200,,
381,2040,9.073626441914378,25,200,0.125,0.0861197445025044,0.1780142504992178,False,insufficient,200,,
445,1473,9.073626441914378,68,200,0.34,0.2779154592508567,0.4081150452832114,False,insufficient,200,,
509,906,9.073626441914378,116,200,0.58,0.5107207388477095,0.6462640088852564,False,insufficient,200,,
573,339,9.073626441914378,159,200,0.795,0.7337430189543738,0.8451382383109382,False,insufficient,200,,
61,4875,9.07362644191438,0,200,0.0,0.0,0.018845326668962936,False,insufficient,200,,
125,4308,9.07362644191438,0,200,0.0,0.0,0.018845326668962936,False,insufficient,200,,
189,3741,9.07362644191438,0,200,0.0,0.0,0.018845326668962936,False,insufficient,200,,
253,3174,9.07362644191438,1,200,0.005,0.0008831687058453758,0.02777370469642793,False,insufficient,200,,
4,5380,9.073652621853158,0,200,0.0,0.0,0.018845326668962936,False,insufficient,200,,
68,4813,9.073652621853158,0,200,0.0,0.0,0.018845326668962936,False,insufficient,200,,
580,277,9.073652621853158,166,200,0.83,0.7718411632128768,0.8757209211856076,False,insufficient,200,,
132,4246,9.07365262185316,0,200,0.0,0.0,0.018845326668962936,False,insufficient,200,,
196,3679,9.07365262185316,0,200,0.0,0.0,0.018845326668962936,False,insufficient,200,,
260,3112,9.07365262185316,3,200,0.015,0.005114237753504754,0.043165729115389295,False,insufficient,200,,
324,2545,9.07365262185316,8,200,0.04,0.0204056319610195,0.0769320685744264,False,insufficient,200,,
388,1978,9.07365262185316,29,200,0.145,0.10289350613885,0.20048667579611365,False,insufficient,200,,
452,1411,9.07365262185316,70,200,0.35,0.28728824080917403,0.4183653571915147,False,insufficient,200,,
516,844,9.07365262185316,120,200,0.6,0.5308367198423567,0.6653942148238506,False,insufficient,200,,
75,4751,9.073678801791939,0,200,0.0,0.0,0.018845326668962936,False,insufficient,200,,
139,4184,9.073678801791939,0,200,0.0,0.0,0.018845326668962936,False,insufficient,200,,
203,3617,9.073678801791939,1,200,0.005,0.0008831687058453758,0.02777370469642793,False,insufficient,200,,
267,3050,9.073678801791939,3,200,0.015,0.005114237753504754,0.043165729115389295,False,insufficient,200,,
331,2483,9.073678801791939,10,200,0.05,0.027382645473457017,0.08957814852860962,False,insufficient,200,,
395,1916,9.073678801791939,32,200,0.16,0.11567412001614788,0.2171407021187469,False,insufficient,200,,
459,1349,9.073678801791939,78,200,0.39,0.3250834308878392,0.4590625409793326,False,insufficient,200,,
523,782,9.073678801791939,126,200,0.63,0.5612262986885862,0.6938739163774834,False,insufficient,200,,
11,5318,9.07367880179194,0,200,0.0,0.0,0.018845326668962936,False,insufficient,200,,
587,215,9.07367880179194,170,200,0.85,0.7939442066666507,0.8928640646650752,False,insufficient,200,,
18,5256,9.07370498173072,0,200,0.0,0.0,0.018845326668962936,False,insufficient,200,,
82,4689,9.07370498173072,0,200,0.0,0.0,0.018845326668962936,False,insufficient,200,,
146,4122,9.07370498173072,0,200,0.0,0.0,0.018845326668962936,False,insufficient,200,,
210,3555,9.07370498173072,1,200,0.005,0.0008831687058453758,0.02777370469642793,False,insufficient,200,,
274,2988,9.07370498173072,3,200,0.015,0.005114237753504754,0.043165729115389295,False,insufficient,200,,
338,2421,9.07370498173072,15,200,0.075,0.04597491700833055,0.12004361066028794,False,insufficient,200,,
402,1854,9.07370498173072,35,200,0.175,0.1286051503455461,0.23364431198927976,False,insufficient,200,,
466,1287,9.07370498173072,86,200,0.43,0.36334322282848375,0.4992951229051709,False,insufficient,200,,
530,720,9.07370498173072,134,200,0.67,0.6021668471867698,0.7314257417457829,False,insufficient,200,,
594,153,9.07370498173072,510,600,0.85,0.8192063848324036,0.8763404243882004,False,insufficient,600,,
25,5194,9.0737311616695,0,200,0.0,0.0,0.018845326668962936,False,insufficient,200,,
89,4627,9.0737311616695,0,200,0.0,0.0,0.018845326668962936,False,insufficient,200,,
153,4060,9.0737311616695,0,200,0.0,0.0,0.018845326668962936,False,insufficient,200,,
217,3493,9.0737311616695,1,200,0.005,0.0008831687058453758,0.02777370469642793,False,insufficient,200,,
281,2926,9.0737311616695,5,200,0.025,0.010724719583860124,0.05717834075165468,False,insufficient,200,,
345,2359,9.0737311616695,17,200,0.085,0.05374574998400461,0.13189587115123463,False,insufficient,200,,
409,1792,9.0737311616695,37,200,0.185,0.1373019276778717,0.24457062812357494,False,insufficient,200,,
473,1225,9.0737311616695,93,200,0.465,0.3971856410502652,0.5341335318165621,False,insufficient,200,,
537,658,9.0737311616695,137,200,0.685,0.6176504385930084,0.7453767905394755,False,insufficient,200,,
601,91,9.0737311616695,3546,4000,0.8865,0.8762968540916564,0.8959614962337155,False,insufficient,4000,,
96,4565,9.073757341608278,0,200,0.0,0.0,0.018845326668962936,False,insufficient,200,,
160,3998,9.073757341608278,0,200,0.0,0.0,0.018845326668962936,False,insufficient,200,,
224,3431,9.073757341608278,1,200,0.005,0.0008831687058453758,0.02777370469642793,False,insufficient,200,,
288,2864,9.073757341608278,5,200,0.025,0.010724719583860124,0.05717834075165468,False,insufficient,200,,
352,2297,9.073757341608278,18,200,0.09,0.05768744866037736,0.13776571920817224,False,insufficient,200,,
416,1730,9.073757341608278,44,200,0.22,0.1681653832242373,0.2823879997103819,False,insufficient,200,,
480,1163,9.073757341608278,94,200,0.47,0.4020475482110944,0.5390831713890433,False,insufficient,200,,
544,596,9.073757341608278,142,200,0.71,0.6436252184459675,0.768459744353068,False,insufficient,200,,
608,29,9.073757341608278,3595,4000,0.89875,0.8890157265450942,0.9077191174193097,False,crossing,4000,crossing,4000
32,5132,9.07375734160828,0,200,0.0,0.0,0.018845326668962936,False,insufficient,200,,
39,5070,9.073783521547059,0,200,0.0,0.0,0.018845326668962936,False,insufficient,200,,
103,4503,9.073783521547059,0,200,0.0,0.0,0.018845326668962936,False,insufficient,200,,
167,3936,9.073783521547059,0,200,0.0,0.0,0.018845326668962936,False,insufficient,200,,
231,3369,9.073783521547059,1,200,0.005,0.0008831687058453758,0.02777370469642793,False,insufficient,200,,
295,2802,9.073783521547059,5,200,0.025,0.010724719583860124,0.05717834075165468,False,insufficient,200,,
359,2235,9.073783521547059,21,200,0.105,0.06970748770124899,0.15518032036723173,False,insufficient,200,,
423,1668,9.073783521547059,51,200,0.255,0.19960495132458245,0.3196292587432093,False,insufficient,200,,
487,1101,9.073783521547059,99,200,0.495,0.4264584530693174,0.5637300001973722,False,insufficient,200,,
551,534,9.073783521547059,147,200,0.735,0.669824237532593,0.7913184589329944,False,insufficient,200,,
558,472,9.073809701485837,150,200,0.75,0.6856590163422495,0.804918320323269,False,insufficient,200,,
46,5008,9.073809701485839,0,200,0.0,0.0,0.018845326668962936,False,insufficient,200,,
110,4441,9.073809701485839,0,200,0.0,0.0,0.018845326668962936,False,insufficient,200,,
174,3874,9.073809701485839,0,200,0.0,0.0,0.018845326668962936,False,insufficient,200,,
238,3307,9.073809701485839,1,200,0.005,0.0008831687058453758,0.02777370469642793,False,insufficient,200,,
302,2740,9.073809701485839,7,200,0.035,0.01705554191525804,0.0704706118868775,False,insufficient,200,,
366,2173,9.073809701485839,22,200,0.11,0.07377244436816725,0.16092691043362384,False,insufficient,200,,
430,1606,9.073809701485839,60,200,0.3,0.24074744639257037,0.3667906842750147,False,insufficient,200,,
494,1039,9.073809701485839,104,200,0.52,0.45103785019149595,0.5882083367417457,False,insufficient,200,,
53,4946,9.073835881424618,0,200,0.0,0.0,0.018845326668962936,False,insufficient,200,,
245,3245,9.073835881424618,1,200,0.005,0.0008831687058453758,0.02777370469642793,False,insufficient,200,,
309,2678,9.073835881424618,7,200,0.035,0.01705554191525804,0.0704706118868775,False,insufficient,200,,
437,1544,9.073835881424618,65,200,0.325,0.263915714943814,0.392680149390323,False,insufficient,200,,
565,410,9.073835881424618,154,200,0.77,0.7069169558159164,0.8229065677828437,False,insufficient,200,,
117,4379,9.07383588142462,0,200,0.0,0.0,0.018845326668962936,False,insufficient,200,,
181,3812,9.07383588142462,0,200,0.0,0.0,0.018845326668962936,False,insufficient,200,,
373,2111,9.07383588142462,24,200,0.12,0.0819799268161472,0.17234252145226464,False,insufficient,200,,
501,977,9.07383588142462,110,200,0.55,0.48075615084147033,0.6173593164916334,False,insufficient,200,,
617,0,9.158763602826662,3653,4000,0.91325,0.9041260499188938,0.9215809701896701,True,reliable,4000,reliable,4000
