N_A,N_B,cost_元,x,m,p_hat,ci_lower,ci_upper
0,2706,4.533946517660789,0,25,0.0,0.0,0.13319225276039096
0,4059,6.800919776491184,0,25,0.0,0.0,0.13319225276039096
0,4736,7.935244163947338,0,25,0.0,0.0,0.13319225276039096
0,5074,8.501568599634458,0,25,0.0,0.0,0.13319225276039096
0,5243,8.78473081747802,0,25,0.0,0.0,0.13319225276039096
0,5328,8.927149684440757,0,25,0.0,0.0,0.13319225276039096
0,5349,8.962335522160961,0,25,0.0,0.0,0.13319225276039096
0,5351,8.96568655432479,0,100,0.0,0.0,0.03699349876899627
0,5352,8.967362070406706,0,100,0.0,0.0,0.03699349876899627
0,5353,8.96903758648862,0,100,0.0,0.0,0.03699349876899627
0,5354,8.970713102570533,0,100,0.0,0.0,0.03699349876899627
0,5355,8.972388618652449,0,100,0.0,0.0,0.03699349876899627
0,5356,8.974064134734363,0,100,0.0,0.0,0.03699349876899627
0,5357,8.975739650816278,0,100,0.0,0.0,0.03699349876899627
0,5358,8.977415166898192,0,100,0.0,0.0,0.03699349876899627
0,5359,8.979090682980107,0,200,0.0,0.0,0.018845326668962936
0,5391,9.032707197601372,0,200,0.0,0.0,0.018845326668962936
0,5399,9.046111326256689,0,200,0.0,0.0,0.018845326668962936
0,5407,9.059515454912006,0,200,0.0,0.0,0.018845326668962936
0,5415,9.072919583567321,0,200,0.0,0.0,0.018845326668962936
1,2697,4.53371089821177,0,25,0.0,0.0,0.13319225276039096
1,4050,6.800684157042165,0,25,0.0,0.0,0.13319225276039096
1,4727,7.935008544498319,0,25,0.0,0.0,0.13319225276039096
1,5065,8.50133298018544,0,25,0.0,0.0,0.13319225276039096
1,5235,8.786170714110915,0,25,0.0,0.0,0.13319225276039096
1,5319,8.926914064991736,0,25,0.0,0.0,0.13319225276039096
1,5340,8.962099902711943,0,25,0.0,0.0,0.13319225276039096
1,5342,8.965450934875772,0,100,0.0,0.0,0.03699349876899627
1,5343,8.967126450957686,0,100,0.0,0.0,0.03699349876899627
1,5344,8.968801967039601,0,100,0.0,0.0,0.03699349876899627
1,5345,8.970477483121515,0,100,0.0,0.0,0.03699349876899627
1,5346,8.97215299920343,0,100,0.0,0.0,0.03699349876899627
1,5347,8.973828515285344,0,100,0.0,0.0,0.03699349876899627
1,5348,8.97550403136726,0,100,0.0,0.0,0.03699349876899627
1,5349,8.977179547449174,0,100,0.0,0.0,0.03699349876899627
1,5350,8.978855063531089,0,200,0.0,0.0,0.018845326668962936
1,5382,9.032471578152354,0,200,0.0,0.0,0.018845326668962936
1,5390,9.04587570680767,0,200,0.0,0.0,0.018845326668962936
1,5398,9.059279835462988,0,200,0.0,0.0,0.018845326668962936
1,5406,9.072683964118303,0,200,0.0,0.0,0.018845326668962936
2,2688,4.533475278762751,0,25,0.0,0.0,0.13319225276039096
2,4042,6.802124053675059,0,25,0.0,0.0,0.13319225276039096
2,4718,7.9347729250493,0,25,0.0,0.0,0.13319225276039096
2,5057,8.502772876818334,0,25,0.0,0.0,0.13319225276039096
2,5226,8.785935094661895,0,25,0.0,0.0,0.13319225276039096
2,5310,8.926678445542716,0,25,0.0,0.0,0.13319225276039096
2,5331,8.961864283262923,0,25,0.0,0.0,0.13319225276039096
2,5333,8.965215315426752,0,100,0.0,0.0,0.03699349876899627
2,5334,8.966890831508666,0,100,0.0,0.0,0.03699349876899627
2,5335,8.968566347590581,0,100,0.0,0.0,0.03699349876899627
2,5336,8.970241863672495,0,100,0.0,0.0,0.03699349876899627
2,5337,8.97191737975441,0,100,0.0,0.0,0.03699349876899627
2,5338,8.973592895836324,0,100,0.0,0.0,0.03699349876899627
2,5339,8.97526841191824,0,100,0.0,0.0,0.03699349876899627
2,5340,8.976943928000154,0,100,0.0,0.0,0.03699349876899627
2,5341,8.978619444082067,0,200,0.0,0.0,0.018845326668962936
2,5373,9.032235958703334,0,200,0.0,0.0,0.018845326668962936
2,5381,9.04564008735865,0,200,0.0,0.0,0.018845326668962936
2,5389,9.059044216013966,0,200,0.0,0.0,0.018845326668962936
2,5397,9.072448344669283,0,200,0.0,0.0,0.018845326668962936
3,2679,4.533239659313732,0,25,0.0,0.0,0.13319225276039096
3,4033,6.801888434226041,0,25,0.0,0.0,0.13319225276039096
3,4709,7.934537305600281,0,25,0.0,0.0,0.13319225276039096
3,5048,8.502537257369315,0,25,0.0,0.0,0.13319225276039096
3,5217,8.785699475212876,0,25,0.0,0.0,0.13319225276039096
3,5301,8.926442826093698,0,25,0.0,0.0,0.13319225276039096
3,5323,8.963304179895818,0,25,0.0,0.0,0.13319225276039096
3,5324,8.964979695977734,0,100,0.0,0.0,0.03699349876899627
3,5325,8.966655212059647,0,100,0.0,0.0,0.03699349876899627
3,5326,8.968330728141563,0,100,0.0,0.0,0.03699349876899627
3,5327,8.970006244223477,0,100,0.0,0.0,0.03699349876899627
3,5328,8.971681760305392,0,100,0.0,0.0,0.03699349876899627
3,5329,8.973357276387306,0,100,0.0,0.0,0.03699349876899627
3,5330,8.97503279246922,0,100,0.0,0.0,0.03699349876899627
3,5331,8.976708308551135,0,100,0.0,0.0,0.03699349876899627
3,5332,8.978383824633049,0,200,0.0,0.0,0.018845326668962936
3,5364,9.032000339254315,0,200,0.0,0.0,0.018845326668962936
3,5372,9.045404467909632,0,200,0.0,0.0,0.018845326668962936
3,5380,9.058808596564948,0,200,0.0,0.0,0.018845326668962936
3,5388,9.072212725220265,0,200,0.0,0.0,0.018845326668962936
4,2671,4.534679555946627,0,25,0.0,0.0,0.13319225276039096
4,4024,6.801652814777022,0,25,0.0,0.0,0.13319225276039096
4,4701,7.935977202233176,0,25,0.0,0.0,0.13319225276039096
4,5039,8.502301637920295,0,25,0.0,0.0,0.13319225276039096
4,5208,8.785463855763854,0,25,0.0,0.0,0.13319225276039096
4,5293,8.927882722726592,0,25,0.0,0.0,0.13319225276039096
4,5314,8.963068560446798,0,25,0.0,0.0,0.13319225276039096
4,5316,8.966419592610627,0,100,0.0,0.0,0.03699349876899627
4,5317,8.968095108692541,0,100,0.0,0.0,0.03699349876899627
4,5318,8.969770624774457,0,100,0.0,0.0,0.03699349876899627
4,5319,8.97144614085637,0,100,0.0,0.0,0.03699349876899627
4,5320,8.973121656938286,0,100,0.0,0.0,0.03699349876899627
4,5321,8.9747971730202,0,100,0.0,0.0,0.03699349876899627
4,5322,8.976472689102115,0,100,0.0,0.0,0.03699349876899627
4,5323,8.978148205184029,0,100,0.0,0.0,0.03699349876899627
4,5324,8.979823721265944,0,200,0.0,0.0,0.018845326668962936
4,5356,9.033440235887209,0,200,0.0,0.0,0.018845326668962936
4,5364,9.046844364542526,0,200,0.0,0.0,0.018845326668962936
4,5372,9.060248493197843,0,200,0.0,0.0,0.018845326668962936
4,5380,9.073652621853158,0,200,0.0,0.0,0.018845326668962936
5,2662,4.534443936497608,0,25,0.0,0.0,0.13319225276039096
5,4015,6.8014171953280025,0,25,0.0,0.0,0.13319225276039096
5,4692,7.935741582784157,0,25,0.0,0.0,0.13319225276039096
5,5030,8.502066018471277,0,25,0.0,0.0,0.13319225276039096
5,5199,8.785228236314836,0,25,0.0,0.0,0.13319225276039096
5,5284,8.927647103277573,0,25,0.0,0.0,0.13319225276039096
5,5305,8.96283294099778,0,25,0.0,0.0,0.13319225276039096
5,5307,8.966183973161609,0,100,0.0,0.0,0.03699349876899627
5,5308,8.967859489243523,0,100,0.0,0.0,0.03699349876899627
5,5309,8.969535005325438,0,100,0.0,0.0,0.03699349876899627
5,5310,8.971210521407352,0,100,0.0,0.0,0.03699349876899627
5,5311,8.972886037489268,0,100,0.0,0.0,0.03699349876899627
5,5312,8.974561553571181,0,100,0.0,0.0,0.03699349876899627
5,5313,8.976237069653097,0,100,0.0,0.0,0.03699349876899627
5,5314,8.97791258573501,0,100,0.0,0.0,0.03699349876899627
5,5315,8.979588101816926,0,200,0.0,0.0,0.018845326668962936
5,5347,9.03320461643819,0,200,0.0,0.0,0.018845326668962936
5,5355,9.046608745093508,0,200,0.0,0.0,0.018845326668962936
5,5363,9.060012873748825,0,200,0.0,0.0,0.018845326668962936
5,5371,9.07341700240414,0,200,0.0,0.0,0.018845326668962936
6,2653,4.534208317048588,0,25,0.0,0.0,0.13319225276039096
6,4006,6.801181575878982,0,25,0.0,0.0,0.13319225276039096
6,4683,7.935505963335137,0,25,0.0,0.0,0.13319225276039096
6,5021,8.501830399022259,0,25,0.0,0.0,0.13319225276039096
6,5190,8.784992616865818,0,25,0.0,0.0,0.13319225276039096
6,5275,8.927411483828555,0,25,0.0,0.0,0.13319225276039096
6,5296,8.962597321548762,0,25,0.0,0.0,0.13319225276039096
6,5298,8.96594835371259,0,100,0.0,0.0,0.03699349876899627
6,5299,8.967623869794505,0,100,0.0,0.0,0.03699349876899627
6,5300,8.96929938587642,0,100,0.0,0.0,0.03699349876899627
6,5301,8.970974901958334,0,100,0.0,0.0,0.03699349876899627
6,5302,8.97265041804025,0,100,0.0,0.0,0.03699349876899627
6,5303,8.974325934122163,0,100,0.0,0.0,0.03699349876899627
6,5304,8.976001450204079,0,100,0.0,0.0,0.03699349876899627
6,5305,8.977676966285992,0,100,0.0,0.0,0.03699349876899627
6,5306,8.979352482367906,0,200,0.0,0.0,0.018845326668962936
6,5338,9.032968996989172,0,200,0.0,0.0,0.018845326668962936
6,5346,9.04637312564449,0,200,0.0,0.0,0.018845326668962936
6,5354,9.059777254299805,0,200,0.0,0.0,0.018845326668962936
6,5362,9.073181382955122,0,200,0.0,0.0,0.018845326668962936
7,2644,4.533972697599569,0,25,0.0,0.0,0.13319225276039096
7,3997,6.800945956429963,0,25,0.0,0.0,0.13319225276039096
7,4674,7.935270343886118,0,25,0.0,0.0,0.13319225276039096
7,5012,8.501594779573239,0,25,0.0,0.0,0.13319225276039096
7,5181,8.784756997416798,0,25,0.0,0.0,0.13319225276039096
7,5266,8.927175864379535,0,25,0.0,0.0,0.13319225276039096
7,5287,8.962361702099741,0,25,0.0,0.0,0.13319225276039096
7,5289,8.96571273426357,0,100,0.0,0.0,0.03699349876899627
7,5290,8.967388250345484,0,100,0.0,0.0,0.03699349876899627
7,5291,8.9690637664274,0,100,0.0,0.0,0.03699349876899627
7,5292,8.970739282509314,0,100,0.0,0.0,0.03699349876899627
7,5293,8.972414798591227,0,100,0.0,0.0,0.03699349876899627
7,5294,8.974090314673143,0,100,0.0,0.0,0.03699349876899627
7,5295,8.975765830755057,0,100,0.0,0.0,0.03699349876899627
7,5296,8.977441346836972,0,100,0.0,0.0,0.03699349876899627
7,5297,8.979116862918886,0,200,0.0,0.0,0.018845326668962936
7,5329,9.032733377540152,0,200,0.0,0.0,0.018845326668962936
7,5337,9.04613750619547,0,200,0.0,0.0,0.018845326668962936
7,5345,9.059541634850785,0,200,0.0,0.0,0.018845326668962936
7,5353,9.072945763506102,0,200,0.0,0.0,0.018845326668962936
8,2635,4.5337370781505495,0,25,0.0,0.0,0.13319225276039096
8,3988,6.800710336980945,0,25,0.0,0.0,0.13319225276039096
8,4665,7.935034724437099,0,25,0.0,0.0,0.13319225276039096
8,5003,8.501359160124219,0,25,0.0,0.0,0.13319225276039096
8,5173,8.786196894049693,0,25,0.0,0.0,0.13319225276039096
8,5257,8.926940244930517,0,25,0.0,0.0,0.13319225276039096
8,5278,8.962126082650723,0,25,0.0,0.0,0.13319225276039096
8,5280,8.965477114814552,0,100,0.0,0.0,0.03699349876899627
8,5281,8.967152630896466,0,100,0.0,0.0,0.03699349876899627
8,5282,8.96882814697838,0,100,0.0,0.0,0.03699349876899627
8,5283,8.970503663060295,0,100,0.0,0.0,0.03699349876899627
8,5284,8.97217917914221,0,100,0.0,0.0,0.03699349876899627
8,5285,8.973854695224125,0,100,0.0,0.0,0.03699349876899627
8,5286,8.975530211306038,0,100,0.0,0.0,0.03699349876899627
8,5287,8.977205727387954,0,100,0.0,0.0,0.03699349876899627
8,5288,8.978881243469868,0,200,0.0,0.0,0.018845326668962936
8,5320,9.032497758091134,0,200,0.0,0.0,0.018845326668962936
8,5328,9.045901886746451,0,200,0.0,0.0,0.018845326668962936
8,5336,9.059306015401766,0,200,0.0,0.0,0.018845326668962936
8,5344,9.072710144057083,0,200,0.0,0.0,0.018845326668962936
9,2626,4.533501458701531,0,25,0.0,0.0,0.13319225276039096
9,3980,6.80215023361384,0,25,0.0,0.0,0.13319225276039096
9,4656,7.93479910498808,0,25,0.0,0.0,0.13319225276039096
9,4995,8.502799056757114,0,25,0.0,0.0,0.13319225276039096
9,5164,8.785961274600673,0,25,0.0,0.0,0.13319225276039096
9,5248,8.926704625481497,0,25,0.0,0.0,0.13319225276039096
9,5269,8.961890463201701,0,25,0.0,0.0,0.13319225276039096
9,5271,8.96524149536553,0,100,0.0,0.0,0.03699349876899627
9,5272,8.966917011447446,0,100,0.0,0.0,0.03699349876899627
9,5273,8.96859252752936,0,100,0.0,0.0,0.03699349876899627
9,5274,8.970268043611275,0,100,0.0,0.0,0.03699349876899627
9,5275,8.97194355969319,0,100,0.0,0.0,0.03699349876899627
9,5276,8.973619075775105,0,100,0.0,0.0,0.03699349876899627
9,5277,8.975294591857018,0,100,0.0,0.0,0.03699349876899627
9,5278,8.976970107938934,0,100,0.0,0.0,0.03699349876899627
9,5279,8.978645624020848,0,200,0.0,0.0,0.018845326668962936
9,5311,9.032262138642114,0,200,0.0,0.0,0.018845326668962936
9,5319,9.04566626729743,0,200,0.0,0.0,0.018845326668962936
9,5327,9.059070395952746,0,200,0.0,0.0,0.018845326668962936
9,5335,9.072474524608063,0,200,0.0,0.0,0.018845326668962936
10,2617,4.533265839252511,0,25,0.0,0.0,0.13319225276039096
10,3971,6.80191461416482,0,25,0.0,0.0,0.13319225276039096
10,4647,7.93456348553906,0,25,0.0,0.0,0.13319225276039096
10,4986,8.502563437308096,0,25,0.0,0.0,0.13319225276039096
10,5155,8.785725655151655,0,25,0.0,0.0,0.13319225276039096
10,5239,8.926469006032479,0,25,0.0,0.0,0.13319225276039096
10,5261,8.963330359834599,0,25,0.0,0.0,0.13319225276039096
10,5262,8.965005875916512,0,100,0.0,0.0,0.03699349876899627
10,5263,8.966681391998428,0,100,0.0,0.0,0.03699349876899627
10,5264,8.968356908080342,0,100,0.0,0.0,0.03699349876899627
10,5265,8.970032424162257,0,100,0.0,0.0,0.03699349876899627
10,5266,8.97170794024417,0,100,0.0,0.0,0.03699349876899627
10,5267,8.973383456326086,0,100,0.0,0.0,0.03699349876899627
10,5268,8.975058972408,0,100,0.0,0.0,0.03699349876899627
10,5269,8.976734488489914,0,100,0.0,0.0,0.03699349876899627
10,5270,8.97841000457183,0,200,0.0,0.0,0.018845326668962936
10,5302,9.032026519193096,0,200,0.0,0.0,0.018845326668962936
10,5310,9.045430647848411,0,200,0.0,0.0,0.018845326668962936
10,5318,9.058834776503728,0,200,0.0,0.0,0.018845326668962936
10,5326,9.072238905159045,0,200,0.0,0.0,0.018845326668962936
11,2609,4.534705735885407,0,25,0.0,0.0,0.13319225276039096
11,3962,6.801678994715801,0,25,0.0,0.0,0.13319225276039096
11,4638,7.934327866090041,0,25,0.0,0.0,0.13319225276039096
11,4977,8.502327817859078,0,25,0.0,0.0,0.13319225276039096
11,5146,8.785490035702637,0,25,0.0,0.0,0.13319225276039096
11,5231,8.927908902665374,0,25,0.0,0.0,0.13319225276039096
11,5252,8.96309474038558,0,25,0.0,0.0,0.13319225276039096
11,5254,8.96644577254941,0,100,0.0,0.0,0.03699349876899627
11,5255,8.968121288631323,0,100,0.0,0.0,0.03699349876899627
11,5256,8.969796804713237,0,100,0.0,0.0,0.03699349876899627
11,5257,8.971472320795153,0,100,0.0,0.0,0.03699349876899627
11,5258,8.973147836877066,0,100,0.0,0.0,0.03699349876899627
11,5259,8.974823352958982,0,100,0.0,0.0,0.03699349876899627
11,5260,8.976498869040896,0,100,0.0,0.0,0.03699349876899627
11,5261,8.978174385122811,0,100,0.0,0.0,0.03699349876899627
11,5262,8.979849901204725,0,200,0.0,0.0,0.018845326668962936
11,5294,9.033466415825991,0,200,0.0,0.0,0.018845326668962936
11,5302,9.046870544481308,0,200,0.0,0.0,0.018845326668962936
11,5310,9.060274673136623,0,200,0.0,0.0,0.018845326668962936
11,5318,9.07367880179194,0,200,0.0,0.0,0.018845326668962936
12,2600,4.534470116436387,0,25,0.0,0.0,0.13319225276039096
12,3953,6.801443375266782,0,25,0.0,0.0,0.13319225276039096
12,4630,7.935767762722937,0,25,0.0,0.0,0.13319225276039096
12,4968,8.502092198410056,0,25,0.0,0.0,0.13319225276039096
12,5137,8.785254416253617,0,25,0.0,0.0,0.13319225276039096
12,5222,8.927673283216354,0,25,0.0,0.0,0.13319225276039096
12,5243,8.96285912093656,0,25,0.0,0.0,0.13319225276039096
12,5245,8.966210153100388,0,100,0.0,0.0,0.03699349876899627
12,5246,8.967885669182303,0,100,0.0,0.0,0.03699349876899627
12,5247,8.969561185264217,0,100,0.0,0.0,0.03699349876899627
12,5248,8.971236701346132,0,100,0.0,0.0,0.03699349876899627
12,5249,8.972912217428046,0,100,0.0,0.0,0.03699349876899627
12,5250,8.974587733509962,0,100,0.0,0.0,0.03699349876899627
12,5251,8.976263249591875,0,100,0.0,0.0,0.03699349876899627
12,5252,8.977938765673791,0,100,0.0,0.0,0.03699349876899627
12,5253,8.979614281755705,0,200,0.0,0.0,0.018845326668962936
12,5285,9.033230796376971,0,200,0.0,0.0,0.018845326668962936
12,5293,9.046634925032286,0,200,0.0,0.0,0.018845326668962936
12,5301,9.060039053687603,0,200,0.0,0.0,0.018845326668962936
12,5309,9.07344318234292,0,200,0.0,0.0,0.018845326668962936
13,2591,4.534234496987368,0,25,0.0,0.0,0.13319225276039096
13,3944,6.801207755817763,0,25,0.0,0.0,0.13319225276039096
13,4621,7.935532143273917,0,25,0.0,0.0,0.13319225276039096
13,4959,8.501856578961037,0,25,0.0,0.0,0.13319225276039096
13,5128,8.785018796804598,0,25,0.0,0.0,0.13319225276039096
13,5213,8.927437663767336,0,25,0.0,0.0,0.13319225276039096
13,5234,8.96262350148754,0,25,0.0,0.0,0.13319225276039096
13,5236,8.96597453365137,0,100,0.0,0.0,0.03699349876899627
13,5237,8.967650049733285,0,100,0.0,0.0,0.03699349876899627
13,5238,8.969325565815199,0,100,0.0,0.0,0.03699349876899627
13,5239,8.971001081897114,0,100,0.0,0.0,0.03699349876899627
13,5240,8.972676597979028,0,100,0.0,0.0,0.03699349876899627
13,5241,8.974352114060943,0,100,0.0,0.0,0.03699349876899627
13,5242,8.976027630142857,0,100,0.0,0.0,0.03699349876899627
13,5243,8.977703146224773,0,100,0.0,0.0,0.03699349876899627
13,5244,8.979378662306686,0,200,0.0,0.0,0.018845326668962936
13,5276,9.032995176927953,0,200,0.0,0.0,0.018845326668962936
13,5284,9.046399305583268,0,200,0.0,0.0,0.018845326668962936
13,5292,9.059803434238585,0,200,0.0,0.0,0.018845326668962936
13,5300,9.073207562893902,0,200,0.0,0.0,0.018845326668962936
14,2582,4.533998877538349,0,25,0.0,0.0,0.13319225276039096
14,3935,6.800972136368744,0,25,0.0,0.0,0.13319225276039096
14,4612,7.935296523824898,0,25,0.0,0.0,0.13319225276039096
14,4950,8.501620959512017,0,25,0.0,0.0,0.13319225276039096
14,5119,8.784783177355578,0,25,0.0,0.0,0.13319225276039096
14,5204,8.927202044318316,0,25,0.0,0.0,0.13319225276039096
14,5225,8.96238788203852,0,25,0.0,0.0,0.13319225276039096
14,5227,8.96573891420235,0,100,0.0,0.0,0.03699349876899627
14,5228,8.967414430284265,0,100,0.0,0.0,0.03699349876899627
14,5229,8.969089946366179,0,100,0.0,0.0,0.03699349876899627
14,5230,8.970765462448094,0,100,0.0,0.0,0.03699349876899627
14,5231,8.972440978530008,0,100,0.0,0.0,0.03699349876899627
14,5232,8.974116494611922,0,100,0.0,0.0,0.03699349876899627
14,5233,8.975792010693837,0,100,0.0,0.0,0.03699349876899627
14,5234,8.97746752677575,0,100,0.0,0.0,0.03699349876899627
14,5235,8.979143042857666,0,200,0.0,0.0,0.018845326668962936
14,5267,9.032759557478933,0,200,0.0,0.0,0.018845326668962936
14,5275,9.046163686134248,0,200,0.0,0.0,0.018845326668962936
14,5283,9.059567814789565,0,200,0.0,0.0,0.018845326668962936
14,5291,9.072971943444882,0,200,0.0,0.0,0.018845326668962936
15,2573,4.53376325808933,0,25,0.0,0.0,0.13319225276039096
15,3926,6.8007365169197245,0,25,0.0,0.0,0.13319225276039096
15,4603,7.935060904375879,0,25,0.0,0.0,0.13319225276039096
15,4941,8.501385340062999,0,25,0.0,0.0,0.13319225276039096
15,5111,8.786223073988474,0,25,0.0,0.0,0.13319225276039096
15,5195,8.926966424869297,0,25,0.0,0.0,0.13319225276039096
15,5216,8.962152262589502,0,25,0.0,0.0,0.13319225276039096
15,5218,8.965503294753331,0,100,0.0,0.0,0.03699349876899627
15,5219,8.967178810835247,0,100,0.0,0.0,0.03699349876899627
15,5220,8.96885432691716,0,100,0.0,0.0,0.03699349876899627
15,5221,8.970529842999074,0,100,0.0,0.0,0.03699349876899627
15,5222,8.97220535908099,0,100,0.0,0.0,0.03699349876899627
15,5223,8.973880875162903,0,100,0.0,0.0,0.03699349876899627
15,5224,8.975556391244819,0,100,0.0,0.0,0.03699349876899627
15,5225,8.977231907326733,0,100,0.0,0.0,0.03699349876899627
15,5226,8.978907423408648,0,200,0.0,0.0,0.018845326668962936
15,5258,9.032523938029913,0,200,0.0,0.0,0.018845326668962936
15,5266,9.04592806668523,0,200,0.0,0.0,0.018845326668962936
15,5274,9.059332195340547,0,200,0.0,0.0,0.018845326668962936
15,5282,9.072736323995862,0,200,0.0,0.0,0.018845326668962936
16,2564,4.533527638640311,0,25,0.0,0.0,0.13319225276039096
16,3918,6.80217641355262,0,25,0.0,0.0,0.13319225276039096
16,4594,7.93482528492686,0,25,0.0,0.0,0.13319225276039096
16,4933,8.502825236695895,0,25,0.0,0.0,0.13319225276039096
16,5102,8.785987454539455,0,25,0.0,0.0,0.13319225276039096
16,5186,8.926730805420277,0,25,0.0,0.0,0.13319225276039096
16,5207,8.961916643140484,0,25,0.0,0.0,0.13319225276039096
16,5209,8.965267675304311,0,100,0.0,0.0,0.03699349876899627
16,5210,8.966943191386225,0,100,0.0,0.0,0.03699349876899627
16,5211,8.968618707468142,0,100,0.0,0.0,0.03699349876899627
16,5212,8.970294223550056,0,100,0.0,0.0,0.03699349876899627
16,5213,8.97196973963197,0,100,0.0,0.0,0.03699349876899627
16,5214,8.973645255713883,0,100,0.0,0.0,0.03699349876899627
16,5215,8.9753207717958,0,100,0.0,0.0,0.03699349876899627
16,5216,8.976996287877714,0,100,0.0,0.0,0.03699349876899627
16,5217,8.978671803959628,0,200,0.0,0.0,0.018845326668962936
16,5249,9.032288318580893,0,200,0.0,0.0,0.018845326668962936
16,5257,9.04569244723621,0,200,0.0,0.0,0.018845326668962936
16,5265,9.059096575891527,0,200,0.0,0.0,0.018845326668962936
16,5273,9.072500704546844,0,200,0.0,0.0,0.018845326668962936
17,2555,4.5332920191912915,0,25,0.0,0.0,0.13319225276039096
17,3909,6.8019407941036,0,25,0.0,0.0,0.13319225276039096
17,4585,7.934589665477841,0,25,0.0,0.0,0.13319225276039096
17,4924,8.502589617246874,0,25,0.0,0.0,0.13319225276039096
17,5093,8.785751835090435,0,25,0.0,0.0,0.13319225276039096
17,5177,8.926495185971257,0,25,0.0,0.0,0.13319225276039096
17,5199,8.963356539773377,0,25,0.0,0.0,0.13319225276039096
17,5200,8.965032055855293,0,100,0.0,0.0,0.03699349876899627
17,5201,8.966707571937206,0,100,0.0,0.0,0.03699349876899627
17,5202,8.968383088019122,0,100,0.0,0.0,0.03699349876899627
17,5203,8.970058604101036,0,100,0.0,0.0,0.03699349876899627
17,5204,8.971734120182951,0,100,0.0,0.0,0.03699349876899627
17,5205,8.973409636264865,0,100,0.0,0.0,0.03699349876899627
17,5206,8.97508515234678,0,100,0.0,0.0,0.03699349876899627
17,5207,8.976760668428694,0,100,0.0,0.0,0.03699349876899627
17,5208,8.978436184510608,0,200,0.0,0.0,0.018845326668962936
17,5240,9.032052699131874,0,200,0.0,0.0,0.018845326668962936
17,5248,9.045456827787191,0,200,0.0,0.0,0.018845326668962936
17,5256,9.058860956442507,0,200,0.0,0.0,0.018845326668962936
17,5264,9.072265085097824,0,200,0.0,0.0,0.018845326668962936
18,2547,4.534731915824186,0,25,0.0,0.0,0.13319225276039096
18,3900,6.801705174654581,0,25,0.0,0.0,0.13319225276039096
18,4576,7.934354046028821,0,25,0.0,0.0,0.13319225276039096
18,4915,8.502353997797856,0,25,0.0,0.0,0.13319225276039096
18,5084,8.785516215641417,0,25,0.0,0.0,0.13319225276039096
18,5169,8.927935082604154,0,25,0.0,0.0,0.13319225276039096
18,5190,8.963120920324359,0,25,0.0,0.0,0.13319225276039096
18,5192,8.966471952488188,0,100,0.0,0.0,0.03699349876899627
18,5193,8.968147468570104,0,100,0.0,0.0,0.03699349876899627
18,5194,8.969822984652017,0,100,0.0,0.0,0.03699349876899627
18,5195,8.971498500733933,0,100,0.0,0.0,0.03699349876899627
18,5196,8.973174016815847,0,100,0.0,0.0,0.03699349876899627
18,5197,8.97484953289776,0,100,0.0,0.0,0.03699349876899627
18,5198,8.976525048979676,0,100,0.0,0.0,0.03699349876899627
18,5199,8.97820056506159,0,100,0.0,0.0,0.03699349876899627
18,5200,8.979876081143505,0,200,0.0,0.0,0.018845326668962936
18,5232,9.03349259576477,0,200,0.0,0.0,0.018845326668962936
18,5240,9.046896724420087,0,200,0.0,0.0,0.018845326668962936
18,5248,9.060300853075404,0,200,0.0,0.0,0.018845326668962936
18,5256,9.07370498173072,0,200,0.0,0.0,0.018845326668962936
19,2538,4.534496296375168,0,25,0.0,0.0,0.13319225276039096
19,3891,6.801469555205562,0,25,0.0,0.0,0.13319225276039096
19,4568,7.935793942661717,0,25,0.0,0.0,0.13319225276039096
19,4906,8.502118378348836,0,25,0.0,0.0,0.13319225276039096
19,5075,8.785280596192395,0,25,0.0,0.0,0.13319225276039096
19,5160,8.927699463155133,0,25,0.0,0.0,0.13319225276039096
19,5181,8.962885300875339,0,25,0.0,0.0,0.13319225276039096
19,5183,8.966236333039168,0,100,0.0,0.0,0.03699349876899627
19,5184,8.967911849121082,0,100,0.0,0.0,0.03699349876899627
19,5185,8.969587365202997,0,100,0.0,0.0,0.03699349876899627
19,5186,8.971262881284911,0,100,0.0,0.0,0.03699349876899627
19,5187,8.972938397366827,0,100,0.0,0.0,0.03699349876899627
19,5188,8.97461391344874,0,100,0.0,0.0,0.03699349876899627
19,5189,8.976289429530656,0,100,0.0,0.0,0.03699349876899627
19,5190,8.97796494561257,0,100,0.0,0.0,0.03699349876899627
19,5191,8.979640461694485,0,200,0.0,0.0,0.018845326668962936
19,5223,9.03325697631575,0,200,0.0,0.0,0.018845326668962936
19,5231,9.046661104971067,0,200,0.0,0.0,0.018845326668962936
19,5239,9.060065233626384,0,200,0.0,0.0,0.018845326668962936
19,5247,9.073469362281699,0,200,0.0,0.0,0.018845326668962936
20,2529,4.534260676926149,0,25,0.0,0.0,0.13319225276039096
20,3882,6.801233935756543,0,25,0.0,0.0,0.13319225276039096
20,4559,7.935558323212698,0,25,0.0,0.0,0.13319225276039096
20,4897,8.501882758899818,0,25,0.0,0.0,0.13319225276039096
20,5066,8.785044976743377,0,25,0.0,0.0,0.13319225276039096
20,5151,8.927463843706114,0,25,0.0,0.0,0.13319225276039096
20,5172,8.96264968142632,0,25,0.0,0.0,0.13319225276039096
20,5174,8.96600071359015,0,100,0.0,0.0,0.03699349876899627
20,5175,8.967676229672064,0,100,0.0,0.0,0.03699349876899627
20,5176,8.969351745753979,0,100,0.0,0.0,0.03699349876899627
20,5177,8.971027261835893,0,100,0.0,0.0,0.03699349876899627
20,5178,8.972702777917808,0,100,0.0,0.0,0.03699349876899627
20,5179,8.974378293999722,0,100,0.0,0.0,0.03699349876899627
20,5180,8.976053810081638,0,100,0.0,0.0,0.03699349876899627
20,5181,8.977729326163551,0,100,0.0,0.0,0.03699349876899627
20,5182,8.979404842245467,0,200,0.0,0.0,0.018845326668962936
20,5214,9.033021356866731,0,200,0.0,0.0,0.018845326668962936
20,5222,9.046425485522049,0,200,0.0,0.0,0.018845326668962936
20,5230,9.059829614177366,0,200,0.0,0.0,0.018845326668962936
20,5238,9.07323374283268,0,200,0.0,0.0,0.018845326668962936
21,2520,4.534025057477129,0,25,0.0,0.0,0.13319225276039096
21,3873,6.800998316307523,0,25,0.0,0.0,0.13319225276039096
21,4550,7.935322703763678,0,25,0.0,0.0,0.13319225276039096
21,4888,8.501647139450798,0,25,0.0,0.0,0.13319225276039096
21,5057,8.784809357294357,0,25,0.0,0.0,0.13319225276039096
21,5142,8.927228224257094,0,25,0.0,0.0,0.13319225276039096
21,5163,8.9624140619773,0,25,0.0,0.0,0.13319225276039096
21,5165,8.96576509414113,0,100,0.0,0.0,0.03699349876899627
21,5166,8.967440610223044,0,100,0.0,0.0,0.03699349876899627
21,5167,8.969116126304959,0,100,0.0,0.0,0.03699349876899627
21,5168,8.970791642386873,0,100,0.0,0.0,0.03699349876899627
21,5169,8.972467158468788,0,100,0.0,0.0,0.03699349876899627
21,5170,8.974142674550702,0,100,0.0,0.0,0.03699349876899627
21,5171,8.975818190632618,0,100,0.0,0.0,0.03699349876899627
21,5172,8.977493706714531,0,100,0.0,0.0,0.03699349876899627
21,5173,8.979169222796445,0,200,0.0,0.0,0.018845326668962936
21,5205,9.032785737417711,0,200,0.0,0.0,0.018845326668962936
21,5213,9.046189866073028,0,200,0.0,0.0,0.018845326668962936
21,5221,9.059593994728344,0,200,0.0,0.0,0.018845326668962936
21,5229,9.07299812338366,0,200,0.0,0.0,0.018845326668962936
22,2511,4.533789438028109,0,25,0.0,0.0,0.13319225276039096
22,3864,6.800762696858504,0,25,0.0,0.0,0.13319225276039096
22,4541,7.935087084314659,0,25,0.0,0.0,0.13319225276039096
22,4879,8.50141152000178,0,25,0.0,0.0,0.13319225276039096
22,5049,8.786249253927254,0,25,0.0,0.0,0.13319225276039096
22,5133,8.926992604808076,0,25,0.0,0.0,0.13319225276039096
22,5154,8.962178442528282,0,25,0.0,0.0,0.13319225276039096
22,5156,8.965529474692111,0,100,0.0,0.0,0.03699349876899627
22,5157,8.967204990774025,0,100,0.0,0.0,0.03699349876899627
22,5158,8.96888050685594,0,100,0.0,0.0,0.03699349876899627
22,5159,8.970556022937854,0,100,0.0,0.0,0.03699349876899627
22,5160,8.972231539019768,0,100,0.0,0.0,0.03699349876899627
22,5161,8.973907055101684,0,100,0.0,0.0,0.03699349876899627
22,5162,8.975582571183597,0,100,0.0,0.0,0.03699349876899627
22,5163,8.977258087265513,0,100,0.0,0.0,0.03699349876899627
22,5164,8.978933603347427,0,200,0.0,0.0,0.018845326668962936
22,5196,9.032550117968693,0,200,0.0,0.0,0.018845326668962936
22,5204,9.04595424662401,0,200,0.0,0.0,0.018845326668962936
22,5212,9.059358375279325,0,200,0.0,0.0,0.018845326668962936
22,5220,9.072762503934642,0,200,0.0,0.0,0.018845326668962936
23,2502,4.53355381857909,0,25,0.0,0.0,0.13319225276039096
23,3856,6.802202593491399,0,25,0.0,0.0,0.13319225276039096
23,4532,7.934851464865639,0,25,0.0,0.0,0.13319225276039096
23,4870,8.50117590055276,0,25,0.0,0.0,0.13319225276039096
23,5040,8.786013634478234,0,25,0.0,0.0,0.13319225276039096
23,5124,8.926756985359058,0,25,0.0,0.0,0.13319225276039096
23,5145,8.961942823079264,0,25,0.0,0.0,0.13319225276039096
23,5147,8.965293855243093,0,100,0.0,0.0,0.03699349876899627
23,5148,8.966969371325007,0,100,0.0,0.0,0.03699349876899627
23,5149,8.96864488740692,0,100,0.0,0.0,0.03699349876899627
23,5150,8.970320403488836,0,100,0.0,0.0,0.03699349876899627
23,5151,8.97199591957075,0,100,0.0,0.0,0.03699349876899627
23,5152,8.973671435652665,0,100,0.0,0.0,0.03699349876899627
23,5153,8.97534695173458,0,100,0.0,0.0,0.03699349876899627
23,5154,8.977022467816495,0,100,0.0,0.0,0.03699349876899627
23,5155,8.978697983898408,0,200,0.0,0.0,0.018845326668962936
23,5187,9.032314498519675,0,200,0.0,0.0,0.018845326668962936
23,5195,9.045718627174992,0,200,0.0,0.0,0.018845326668962936
23,5203,9.059122755830307,0,200,0.0,0.0,0.018845326668962936
23,5211,9.072526884485624,0,200,0.0,0.0,0.018845326668962936
24,2493,4.533318199130072,0,25,0.0,0.0,0.13319225276039096
24,3847,6.801966974042381,0,25,0.0,0.0,0.13319225276039096
24,4523,7.934615845416621,0,25,0.0,0.0,0.13319225276039096
24,4862,8.502615797185655,0,25,0.0,0.0,0.13319225276039096
24,5031,8.785778015029214,0,25,0.0,0.0,0.13319225276039096
24,5115,8.926521365910038,0,25,0.0,0.0,0.13319225276039096
24,5137,8.963382719712158,0,25,0.0,0.0,0.13319225276039096
24,5138,8.965058235794071,0,100,0.0,0.0,0.03699349876899627
24,5139,8.966733751875987,0,100,0.0,0.0,0.03699349876899627
24,5140,8.9684092679579,0,100,0.0,0.0,0.03699349876899627
24,5141,8.970084784039816,0,100,0.0,0.0,0.03699349876899627
24,5142,8.97176030012173,0,100,0.0,0.0,0.03699349876899627
24,5143,8.973435816203645,0,100,0.0,0.0,0.03699349876899627
24,5144,8.97511133228556,0,100,0.0,0.0,0.03699349876899627
24,5145,8.976786848367475,0,100,0.0,0.0,0.03699349876899627
24,5146,8.978462364449388,0,200,0.0,0.0,0.018845326668962936
24,5178,9.032078879070655,0,200,0.0,0.0,0.018845326668962936
24,5186,9.04548300772597,0,200,0.0,0.0,0.018845326668962936
24,5194,9.058887136381287,0,200,0.0,0.0,0.018845326668962936
24,5202,9.072291265036604,0,200,0.0,0.0,0.018845326668962936
25,2485,4.5347580957629665,0,25,0.0,0.0,0.13319225276039096
25,3838,6.801731354593361,0,25,0.0,0.0,0.13319225276039096
25,4514,7.934380225967601,0,25,0.0,0.0,0.13319225276039096
25,4853,8.502380177736637,0,25,0.0,0.0,0.13319225276039096
25,5022,8.785542395580196,0,25,0.0,0.0,0.13319225276039096
25,5107,8.927961262542933,0,25,0.0,0.0,0.13319225276039096
25,5128,8.96314710026314,0,25,0.0,0.0,0.13319225276039096
25,5130,8.966498132426969,0,100,0.0,0.0,0.03699349876899627
25,5131,8.968173648508882,0,100,0.0,0.0,0.03699349876899627
25,5132,8.969849164590798,0,100,0.0,0.0,0.03699349876899627
25,5133,8.971524680672712,0,100,0.0,0.0,0.03699349876899627
25,5134,8.973200196754627,0,100,0.0,0.0,0.03699349876899627
25,5135,8.97487571283654,0,100,0.0,0.0,0.03699349876899627
25,5136,8.976551228918455,0,100,0.0,0.0,0.03699349876899627
25,5137,8.97822674500037,0,100,0.0,0.0,0.03699349876899627
25,5138,8.979902261082284,0,200,0.0,0.0,0.018845326668962936
25,5170,9.03351877570355,0,200,0.0,0.0,0.018845326668962936
25,5178,9.046922904358867,0,200,0.0,0.0,0.018845326668962936
25,5186,9.060327033014183,0,200,0.0,0.0,0.018845326668962936
25,5194,9.0737311616695,0,200,0.0,0.0,0.018845326668962936
26,2476,4.534522476313947,0,25,0.0,0.0,0.13319225276039096
26,3829,6.801495735144342,0,25,0.0,0.0,0.13319225276039096
26,4506,7.9358201226004965,0,25,0.0,0.0,0.13319225276039096
26,4844,8.502144558287617,0,25,0.0,0.0,0.13319225276039096
26,5013,8.785306776131176,0,25,0.0,0.0,0.13319225276039096
26,5098,8.927725643093913,0,25,0.0,0.0,0.13319225276039096
26,5119,8.96291148081412,0,25,0.0,0.0,0.13319225276039096
26,5121,8.966262512977949,0,100,0.0,0.0,0.03699349876899627
26,5122,8.967938029059862,0,100,0.0,0.0,0.03699349876899627
26,5123,8.969613545141778,0,100,0.0,0.0,0.03699349876899627
26,5124,8.971289061223692,0,100,0.0,0.0,0.03699349876899627
26,5125,8.972964577305605,0,100,0.0,0.0,0.03699349876899627
26,5126,8.97464009338752,0,100,0.0,0.0,0.03699349876899627
26,5127,8.976315609469435,0,100,0.0,0.0,0.03699349876899627
26,5128,8.97799112555135,0,100,0.0,0.0,0.03699349876899627
26,5129,8.979666641633264,0,200,0.0,0.0,0.018845326668962936
26,5161,9.03328315625453,0,200,0.0,0.0,0.018845326668962936
26,5169,9.046687284909847,0,200,0.0,0.0,0.018845326668962936
26,5177,9.060091413565162,0,200,0.0,0.0,0.018845326668962936
26,5185,9.07349554222048,0,200,0.0,0.0,0.018845326668962936
27,2467,4.534286856864928,0,25,0.0,0.0,0.13319225276039096
27,3820,6.801260115695323,0,25,0.0,0.0,0.13319225276039096
27,4497,7.935584503151477,0,25,0.0,0.0,0.13319225276039096
27,4835,8.501908938838596,0,25,0.0,0.0,0.13319225276039096
27,5004,8.785071156682157,0,25,0.0,0.0,0.13319225276039096
27,5089,8.927490023644895,0,25,0.0,0.0,0.13319225276039096
27,5110,8.962675861365101,0,25,0.0,0.0,0.13319225276039096
27,5112,8.966026893528928,0,100,0.0,0.0,0.03699349876899627
27,5113,8.967702409610844,0,100,0.0,0.0,0.03699349876899627
27,5114,8.969377925692758,0,100,0.0,0.0,0.03699349876899627
27,5115,8.971053441774673,0,100,0.0,0.0,0.03699349876899627
27,5116,8.972728957856587,0,100,0.0,0.0,0.03699349876899627
27,5117,8.974404473938502,0,100,0.0,0.0,0.03699349876899627
27,5118,8.976079990020416,0,100,0.0,0.0,0.03699349876899627
27,5119,8.977755506102332,0,100,0.0,0.0,0.03699349876899627
27,5120,8.979431022184245,0,200,0.0,0.0,0.018845326668962936
27,5152,9.033047536805512,0,200,0.0,0.0,0.018845326668962936
27,5160,9.046451665460827,0,200,0.0,0.0,0.018845326668962936
27,5168,9.059855794116144,0,200,0.0,0.0,0.018845326668962936
27,5176,9.073259922771461,0,200,0.0,0.0,0.018845326668962936
28,2458,4.534051237415909,0,25,0.0,0.0,0.13319225276039096
28,3811,6.801024496246304,0,25,0.0,0.0,0.13319225276039096
28,4488,7.935348883702458,0,25,0.0,0.0,0.13319225276039096
28,4826,8.501673319389578,0,25,0.0,0.0,0.13319225276039096
28,4995,8.784835537233139,0,25,0.0,0.0,0.13319225276039096
28,5080,8.927254404195876,0,25,0.0,0.0,0.13319225276039096
28,5101,8.962440241916081,0,25,0.0,0.0,0.13319225276039096
28,5103,8.96579127407991,0,100,0.0,0.0,0.03699349876899627
28,5104,8.967466790161826,0,100,0.0,0.0,0.03699349876899627
28,5105,8.96914230624374,0,100,0.0,0.0,0.03699349876899627
28,5106,8.970817822325655,0,100,0.0,0.0,0.03699349876899627
28,5107,8.972493338407569,0,100,0.0,0.0,0.03699349876899627
28,5108,8.974168854489484,0,100,0.0,0.0,0.03699349876899627
28,5109,8.975844370571398,0,100,0.0,0.0,0.03699349876899627
28,5110,8.977519886653313,0,100,0.0,0.0,0.03699349876899627
28,5111,8.979195402735227,0,200,0.0,0.0,0.018845326668962936
28,5143,9.032811917356494,0,200,0.0,0.0,0.018845326668962936
28,5151,9.046216046011809,0,200,0.0,0.0,0.018845326668962936
28,5159,9.059620174667126,0,200,0.0,0.0,0.018845326668962936
28,5167,9.073024303322443,0,200,0.0,0.0,0.018845326668962936
29,2449,4.533815617966889,0,25,0.0,0.0,0.13319225276039096
29,3802,6.8007888767972835,0,25,0.0,0.0,0.13319225276039096
29,4479,7.935113264253438,0,25,0.0,0.0,0.13319225276039096
29,4817,8.501437699940558,0,25,0.0,0.0,0.13319225276039096
29,4986,8.784599917784119,0,25,0.0,0.0,0.13319225276039096
29,5071,8.927018784746856,0,25,0.0,0.0,0.13319225276039096
29,5092,8.96220462246706,0,25,0.0,0.0,0.13319225276039096
29,5094,8.96555565463089,0,100,0.0,0.0,0.03699349876899627
29,5095,8.967231170712806,0,100,0.0,0.0,0.03699349876899627
29,5096,8.96890668679472,0,100,0.0,0.0,0.03699349876899627
29,5097,8.970582202876635,0,100,0.0,0.0,0.03699349876899627
29,5098,8.972257718958549,0,100,0.0,0.0,0.03699349876899627
29,5099,8.973933235040462,0,100,0.0,0.0,0.03699349876899627
29,5100,8.975608751122378,0,100,0.0,0.0,0.03699349876899627
29,5101,8.977284267204292,0,100,0.0,0.0,0.03699349876899627
29,5102,8.978959783286207,0,200,0.0,0.0,0.018845326668962936
29,5134,9.032576297907474,0,200,0.0,0.0,0.018845326668962936
29,5142,9.045980426562789,0,200,0.0,0.0,0.018845326668962936
29,5150,9.059384555218106,0,200,0.0,0.0,0.018845326668962936
29,5158,9.072788683873423,0,200,0.0,0.0,0.018845326668962936
30,2440,4.533579998517871,0,25,0.0,0.0,0.13319225276039096
30,3794,6.80222877343018,0,25,0.0,0.0,0.13319225276039096
30,4470,7.93487764480442,0,25,0.0,0.0,0.13319225276039096
30,4808,8.50120208049154,0,25,0.0,0.0,0.13319225276039096
30,4978,8.786039814417014,0,25,0.0,0.0,0.13319225276039096
30,5062,8.926783165297838,0,25,0.0,0.0,0.13319225276039096
30,5083,8.961969003018043,0,25,0.0,0.0,0.13319225276039096
30,5085,8.965320035181872,0,100,0.0,0.0,0.03699349876899627
30,5086,8.966995551263787,0,100,0.0,0.0,0.03699349876899627
30,5087,8.968671067345701,0,100,0.0,0.0,0.03699349876899627
30,5088,8.970346583427615,0,100,0.0,0.0,0.03699349876899627
30,5089,8.97202209950953,0,100,0.0,0.0,0.03699349876899627
30,5090,8.973697615591444,0,100,0.0,0.0,0.03699349876899627
30,5091,8.97537313167336,0,100,0.0,0.0,0.03699349876899627
30,5092,8.977048647755273,0,100,0.0,0.0,0.03699349876899627
30,5093,8.978724163837189,0,200,0.0,0.0,0.018845326668962936
30,5125,9.032340678458453,0,200,0.0,0.0,0.018845326668962936
30,5133,9.04574480711377,0,200,0.0,0.0,0.018845326668962936
30,5141,9.059148935769088,0,200,0.0,0.0,0.018845326668962936
30,5149,9.072553064424403,0,200,0.0,0.0,0.018845326668962936
31,2431,4.5333443790688515,0,25,0.0,0.0,0.13319225276039096
31,3785,6.801993153981161,0,25,0.0,0.0,0.13319225276039096
31,4461,7.934642025355401,0,25,0.0,0.0,0.13319225276039096
31,4800,8.502641977124433,0,25,0.0,0.0,0.13319225276039096
31,4969,8.785804194967994,0,25,0.0,0.0,0.13319225276039096
31,5053,8.926547545848816,0,25,0.0,0.0,0.13319225276039096
31,5075,8.963408899650936,0,25,0.0,0.0,0.13319225276039096
31,5076,8.965084415732852,0,100,0.0,0.0,0.03699349876899627
31,5077,8.966759931814765,0,100,0.0,0.0,0.03699349876899627
31,5078,8.968435447896681,0,100,0.0,0.0,0.03699349876899627
31,5079,8.970110963978595,0,100,0.0,0.0,0.03699349876899627
31,5080,8.97178648006051,0,100,0.0,0.0,0.03699349876899627
31,5081,8.973461996142424,0,100,0.0,0.0,0.03699349876899627
31,5082,8.97513751222434,0,100,0.0,0.0,0.03699349876899627
31,5083,8.976813028306253,0,100,0.0,0.0,0.03699349876899627
31,5084,8.978488544388169,0,200,0.0,0.0,0.018845326668962936
31,5116,9.032105059009433,0,200,0.0,0.0,0.018845326668962936
31,5124,9.04550918766475,0,200,0.0,0.0,0.018845326668962936
31,5132,9.058913316320067,0,200,0.0,0.0,0.018845326668962936
31,5140,9.072317444975383,0,200,0.0,0.0,0.018845326668962936
32,2423,4.534784275701746,0,25,0.0,0.0,0.13319225276039096
32,3776,6.801757534532141,0,25,0.0,0.0,0.13319225276039096
32,4452,7.9344064059063815,0,25,0.0,0.0,0.13319225276039096
32,4791,8.502406357675415,0,25,0.0,0.0,0.13319225276039096
32,4960,8.785568575518976,0,25,0.0,0.0,0.13319225276039096
32,5044,8.926311926399798,0,25,0.0,0.0,0.13319225276039096
32,5066,8.963173280201918,0,25,0.0,0.0,0.13319225276039096
32,5068,8.966524312365747,0,100,0.0,0.0,0.03699349876899627
32,5069,8.968199828447663,0,100,0.0,0.0,0.03699349876899627
32,5070,8.969875344529576,0,100,0.0,0.0,0.03699349876899627
32,5071,8.971550860611492,0,100,0.0,0.0,0.03699349876899627
32,5072,8.973226376693406,0,100,0.0,0.0,0.03699349876899627
32,5073,8.974901892775321,0,100,0.0,0.0,0.03699349876899627
32,5074,8.976577408857235,0,100,0.0,0.0,0.03699349876899627
32,5075,8.978252924939149,0,100,0.0,0.0,0.03699349876899627
32,5076,8.979928441021064,0,200,0.0,0.0,0.018845326668962936
32,5108,9.03354495564233,0,200,0.0,0.0,0.018845326668962936
32,5116,9.046949084297646,0,200,0.0,0.0,0.018845326668962936
32,5124,9.060353212952963,0,200,0.0,0.0,0.018845326668962936
32,5132,9.07375734160828,0,200,0.0,0.0,0.018845326668962936
33,2414,4.534548656252727,0,25,0.0,0.0,0.13319225276039096
33,3767,6.801521915083121,0,25,0.0,0.0,0.13319225276039096
33,4444,7.935846302539276,0,25,0.0,0.0,0.13319225276039096
33,4782,8.502170738226397,0,25,0.0,0.0,0.13319225276039096
33,4951,8.785332956069958,0,25,0.0,0.0,0.13319225276039096
33,5036,8.927751823032695,0,25,0.0,0.0,0.13319225276039096
33,5057,8.9629376607529,0,25,0.0,0.0,0.13319225276039096
33,5059,8.966288692916729,0,100,0.0,0.0,0.03699349876899627
33,5060,8.967964208998644,0,100,0.0,0.0,0.03699349876899627
33,5061,8.969639725080558,0,100,0.0,0.0,0.03699349876899627
33,5062,8.971315241162474,0,100,0.0,0.0,0.03699349876899627
33,5063,8.972990757244387,0,100,0.0,0.0,0.03699349876899627
33,5064,8.974666273326301,0,100,0.0,0.0,0.03699349876899627
33,5065,8.976341789408217,0,100,0.0,0.0,0.03699349876899627
33,5066,8.97801730549013,0,100,0.0,0.0,0.03699349876899627
33,5067,8.979692821572046,0,200,0.0,0.0,0.018845326668962936
33,5099,9.03330933619331,0,200,0.0,0.0,0.018845326668962936
33,5107,9.046713464848628,0,200,0.0,0.0,0.018845326668962936
33,5115,9.060117593503945,0,200,0.0,0.0,0.018845326668962936
33,5123,9.073521722159262,0,200,0.0,0.0,0.018845326668962936
34,2405,4.534313036803708,0,25,0.0,0.0,0.13319225276039096
34,3758,6.801286295634102,0,25,0.0,0.0,0.13319225276039096
34,4435,7.935610683090257,0,25,0.0,0.0,0.13319225276039096
34,4773,8.501935118777377,0,25,0.0,0.0,0.13319225276039096
34,4942,8.785097336620936,0,25,0.0,0.0,0.13319225276039096
34,5027,8.927516203583673,0,25,0.0,0.0,0.13319225276039096
34,5048,8.96270204130388,0,25,0.0,0.0,0.13319225276039096
34,5050,8.966053073467709,0,100,0.0,0.0,0.03699349876899627
34,5051,8.967728589549623,0,100,0.0,0.0,0.03699349876899627
34,5052,8.969404105631538,0,100,0.0,0.0,0.03699349876899627
34,5053,8.971079621713452,0,100,0.0,0.0,0.03699349876899627
34,5054,8.972755137795367,0,100,0.0,0.0,0.03699349876899627
34,5055,8.974430653877281,0,100,0.0,0.0,0.03699349876899627
34,5056,8.976106169959197,0,100,0.0,0.0,0.03699349876899627
34,5057,8.97778168604111,0,100,0.0,0.0,0.03699349876899627
34,5058,8.979457202123026,0,200,0.0,0.0,0.018845326668962936
34,5090,9.03307371674429,0,200,0.0,0.0,0.018845326668962936
34,5098,9.046477845399608,0,200,0.0,0.0,0.018845326668962936
34,5106,9.059881974054925,0,200,0.0,0.0,0.018845326668962936
34,5114,9.07328610271024,0,200,0.0,0.0,0.018845326668962936
35,2396,4.534077417354689,0,25,0.0,0.0,0.13319225276039096
35,3749,6.801050676185083,0,25,0.0,0.0,0.13319225276039096
35,4426,7.935375063641239,0,25,0.0,0.0,0.13319225276039096
35,4764,8.501699499328359,0,25,0.0,0.0,0.13319225276039096
35,4933,8.784861717171918,0,25,0.0,0.0,0.13319225276039096
35,5018,8.927280584134655,0,25,0.0,0.0,0.13319225276039096
35,5039,8.962466421854861,0,25,0.0,0.0,0.13319225276039096
35,5041,8.96581745401869,0,100,0.0,0.0,0.03699349876899627
35,5042,8.967492970100604,0,100,0.0,0.0,0.03699349876899627
35,5043,8.96916848618252,0,100,0.0,0.0,0.03699349876899627
35,5044,8.970844002264434,0,100,0.0,0.0,0.03699349876899627
35,5045,8.972519518346349,0,100,0.0,0.0,0.03699349876899627
35,5046,8.974195034428263,0,100,0.0,0.0,0.03699349876899627
35,5047,8.975870550510178,0,100,0.0,0.0,0.03699349876899627
35,5048,8.977546066592092,0,100,0.0,0.0,0.03699349876899627
35,5049,8.979221582674008,0,200,0.0,0.0,0.018845326668962936
35,5081,9.032838097295272,0,200,0.0,0.0,0.018845326668962936
35,5089,9.04624222595059,0,200,0.0,0.0,0.018845326668962936
35,5097,9.059646354605906,0,200,0.0,0.0,0.018845326668962936
35,5105,9.073050483261222,0,200,0.0,0.0,0.018845326668962936
36,2387,4.533841797905669,0,25,0.0,0.0,0.13319225276039096
36,3740,6.800815056736064,0,25,0.0,0.0,0.13319225276039096
36,4417,7.9351394441922185,0,25,0.0,0.0,0.13319225276039096
36,4755,8.501463879879338,0,25,0.0,0.0,0.13319225276039096
36,4924,8.784626097722898,0,25,0.0,0.0,0.13319225276039096
36,5009,8.927044964685635,0,25,0.0,0.0,0.13319225276039096
36,5030,8.962230802405841,0,25,0.0,0.0,0.13319225276039096
36,5032,8.96558183456967,0,100,0.0,0.0,0.03699349876899627
36,5033,8.967257350651584,0,100,0.0,0.0,0.03699349876899627
36,5034,8.9689328667335,0,100,0.0,0.0,0.03699349876899627
36,5035,8.970608382815414,0,100,0.0,0.0,0.03699349876899627
36,5036,8.972283898897329,0,100,0.0,0.0,0.03699349876899627
36,5037,8.973959414979243,0,100,0.0,0.0,0.03699349876899627
36,5038,8.975634931061158,0,100,0.0,0.0,0.03699349876899627
36,5039,8.977310447143072,0,100,0.0,0.0,0.03699349876899627
36,5040,8.978985963224986,0,200,0.0,0.0,0.018845326668962936
36,5072,9.032602477846252,0,200,0.0,0.0,0.018845326668962936
36,5080,9.04600660650157,0,200,0.0,0.0,0.018845326668962936
36,5088,9.059410735156884,0,200,0.0,0.0,0.018845326668962936
36,5096,9.072814863812201,0,200,0.0,0.0,0.018845326668962936
37,2378,4.53360617845665,0,25,0.0,0.0,0.13319225276039096
37,3732,6.802254953368959,0,25,0.0,0.0,0.13319225276039096
37,4408,7.934903824743199,0,25,0.0,0.0,0.13319225276039096
37,4746,8.50122826043032,0,25,0.0,0.0,0.13319225276039096
37,4916,8.786065994355795,0,25,0.0,0.0,0.13319225276039096
37,5000,8.926809345236617,0,25,0.0,0.0,0.13319225276039096
37,5021,8.961995182956823,0,25,0.0,0.0,0.13319225276039096
37,5023,8.965346215120652,0,100,0.0,0.0,0.03699349876899627
37,5024,8.967021731202566,0,100,0.0,0.0,0.03699349876899627
37,5025,8.968697247284481,0,100,0.0,0.0,0.03699349876899627
37,5026,8.970372763366395,0,100,0.0,0.0,0.03699349876899627
37,5027,8.972048279448309,0,100,0.0,0.0,0.03699349876899627
37,5028,8.973723795530224,0,100,0.0,0.0,0.03699349876899627
37,5029,8.975399311612138,0,100,0.0,0.0,0.03699349876899627
37,5030,8.977074827694054,0,100,0.0,0.0,0.03699349876899627
37,5031,8.978750343775967,0,200,0.0,0.0,0.018845326668962936
37,5063,9.032366858397234,0,200,0.0,0.0,0.018845326668962936
37,5071,9.045770987052551,0,200,0.0,0.0,0.018845326668962936
37,5079,9.059175115707866,0,200,0.0,0.0,0.018845326668962936
37,5087,9.072579244363183,0,200,0.0,0.0,0.018845326668962936
38,2369,4.533370559007631,0,25,0.0,0.0,0.13319225276039096
38,3723,6.80201933391994,0,25,0.0,0.0,0.13319225276039096
38,4399,7.93466820529418,0,25,0.0,0.0,0.13319225276039096
38,4738,8.502668157063216,0,25,0.0,0.0,0.13319225276039096
38,4907,8.785830374906775,0,25,0.0,0.0,0.13319225276039096
38,4991,8.926573725787598,0,25,0.0,0.0,0.13319225276039096
38,5012,8.961759563507805,0,25,0.0,0.0,0.13319225276039096
38,5014,8.965110595671634,0,100,0.0,0.0,0.03699349876899627
38,5015,8.966786111753548,0,100,0.0,0.0,0.03699349876899627
38,5016,8.968461627835461,0,100,0.0,0.0,0.03699349876899627
38,5017,8.970137143917377,0,100,0.0,0.0,0.03699349876899627
38,5018,8.97181265999929,0,100,0.0,0.0,0.03699349876899627
38,5019,8.973488176081206,0,100,0.0,0.0,0.03699349876899627
38,5020,8.97516369216312,0,100,0.0,0.0,0.03699349876899627
38,5021,8.976839208245035,0,100,0.0,0.0,0.03699349876899627
38,5022,8.97851472432695,0,200,0.0,0.0,0.018845326668962936
38,5054,9.032131238948216,0,200,0.0,0.0,0.018845326668962936
38,5062,9.045535367603533,0,200,0.0,0.0,0.018845326668962936
38,5070,9.058939496258848,0,200,0.0,0.0,0.018845326668962936
38,5078,9.072343624914165,0,200,0.0,0.0,0.018845326668962936
39,2361,4.534810455640526,0,25,0.0,0.0,0.13319225276039096
39,3714,6.801783714470921,0,25,0.0,0.0,0.13319225276039096
39,4390,7.934432585845161,0,25,0.0,0.0,0.13319225276039096
39,4729,8.502432537614196,0,25,0.0,0.0,0.13319225276039096
39,4898,8.785594755457755,0,25,0.0,0.0,0.13319225276039096
39,4982,8.926338106338578,0,25,0.0,0.0,0.13319225276039096
39,5004,8.963199460140698,0,25,0.0,0.0,0.13319225276039096
39,5006,8.966550492304528,0,100,0.0,0.0,0.03699349876899627
39,5007,8.968226008386441,0,100,0.0,0.0,0.03699349876899627
39,5008,8.969901524468357,0,100,0.0,0.0,0.03699349876899627
39,5009,8.97157704055027,0,100,0.0,0.0,0.03699349876899627
39,5010,8.973252556632186,0,100,0.0,0.0,0.03699349876899627
39,5011,8.9749280727141,0,100,0.0,0.0,0.03699349876899627
39,5012,8.976603588796015,0,100,0.0,0.0,0.03699349876899627
39,5013,8.97827910487793,0,100,0.0,0.0,0.03699349876899627
39,5014,8.979954620959845,0,200,0.0,0.0,0.018845326668962936
39,5046,9.03357113558111,0,200,0.0,0.0,0.018845326668962936
39,5054,9.046975264236426,0,200,0.0,0.0,0.018845326668962936
39,5062,9.060379392891743,0,200,0.0,0.0,0.018845326668962936
39,5070,9.073783521547059,0,200,0.0,0.0,0.018845326668962936
40,2352,4.534574836191507,0,25,0.0,0.0,0.13319225276039096
40,3705,6.801548095021902,0,25,0.0,0.0,0.13319225276039096
40,4382,7.9358724824780555,0,25,0.0,0.0,0.13319225276039096
40,4720,8.502196918165176,0,25,0.0,0.0,0.13319225276039096
40,4889,8.785359136008736,0,25,0.0,0.0,0.13319225276039096
40,4974,8.927778002971474,0,25,0.0,0.0,0.13319225276039096
40,4995,8.96296384069168,0,25,0.0,0.0,0.13319225276039096
40,4997,8.96631487285551,0,100,0.0,0.0,0.03699349876899627
40,4998,8.967990388937423,0,100,0.0,0.0,0.03699349876899627
40,4999,8.969665905019339,0,100,0.0,0.0,0.03699349876899627
40,5000,8.971341421101252,0,100,0.0,0.0,0.03699349876899627
40,5001,8.973016937183168,0,100,0.0,0.0,0.03699349876899627
40,5002,8.974692453265082,0,100,0.0,0.0,0.03699349876899627
40,5003,8.976367969346995,0,100,0.0,0.0,0.03699349876899627
40,5004,8.97804348542891,0,100,0.0,0.0,0.03699349876899627
40,5005,8.979719001510825,0,200,0.0,0.0,0.018845326668962936
40,5037,9.033335516132091,0,200,0.0,0.0,0.018845326668962936
40,5045,9.046739644787408,0,200,0.0,0.0,0.018845326668962936
40,5053,9.060143773442723,0,200,0.0,0.0,0.018845326668962936
40,5061,9.07354790209804,0,200,0.0,0.0,0.018845326668962936
41,2343,4.534339216742488,0,25,0.0,0.0,0.13319225276039096
41,3696,6.801312475572883,0,25,0.0,0.0,0.13319225276039096
41,4373,7.935636863029037,0,25,0.0,0.0,0.13319225276039096
41,4711,8.501961298716157,0,25,0.0,0.0,0.13319225276039096
41,4880,8.785123516559716,0,25,0.0,0.0,0.13319225276039096
41,4965,8.927542383522454,0,25,0.0,0.0,0.13319225276039096
41,4986,8.96272822124266,0,25,0.0,0.0,0.13319225276039096
41,4988,8.96607925340649,0,100,0.0,0.0,0.03699349876899627
41,4989,8.967754769488403,0,100,0.0,0.0,0.03699349876899627
41,4990,8.969430285570319,0,100,0.0,0.0,0.03699349876899627
41,4991,8.971105801652232,0,100,0.0,0.0,0.03699349876899627
41,4992,8.972781317734146,0,100,0.0,0.0,0.03699349876899627
41,4993,8.974456833816062,0,100,0.0,0.0,0.03699349876899627
41,4994,8.976132349897975,0,100,0.0,0.0,0.03699349876899627
41,4995,8.97780786597989,0,100,0.0,0.0,0.03699349876899627
41,4996,8.979483382061805,0,200,0.0,0.0,0.018845326668962936
41,5028,9.033099896683071,0,200,0.0,0.0,0.018845326668962936
41,5036,9.046504025338388,0,200,0.0,0.0,0.018845326668962936
41,5044,9.059908153993703,0,200,0.0,0.0,0.018845326668962936
41,5052,9.07331228264902,0,200,0.0,0.0,0.018845326668962936
42,2334,4.534103597293469,0,25,0.0,0.0,0.13319225276039096
42,3687,6.8010768561238635,0,25,0.0,0.0,0.13319225276039096
42,4364,7.935401243580018,0,25,0.0,0.0,0.13319225276039096
42,4702,8.501725679267137,0,25,0.0,0.0,0.13319225276039096
42,4871,8.784887897110698,0,25,0.0,0.0,0.13319225276039096
42,4956,8.927306764073435,0,25,0.0,0.0,0.13319225276039096
42,4977,8.962492601793642,0,25,0.0,0.0,0.13319225276039096
42,4979,8.96584363395747,0,100,0.0,0.0,0.03699349876899627
42,4980,8.967519150039385,0,100,0.0,0.0,0.03699349876899627
42,4981,8.969194666121298,0,100,0.0,0.0,0.03699349876899627
42,4982,8.970870182203214,0,100,0.0,0.0,0.03699349876899627
42,4983,8.972545698285128,0,100,0.0,0.0,0.03699349876899627
42,4984,8.974221214367043,0,100,0.0,0.0,0.03699349876899627
42,4985,8.975896730448957,0,100,0.0,0.0,0.03699349876899627
42,4986,8.977572246530872,0,100,0.0,0.0,0.03699349876899627
42,4987,8.979247762612786,0,200,0.0,0.0,0.018845326668962936
42,5019,9.032864277234053,0,200,0.0,0.0,0.018845326668962936
42,5027,9.046268405889368,0,200,0.0,0.0,0.018845326668962936
42,5035,9.059672534544685,0,200,0.0,0.0,0.018845326668962936
42,5043,9.073076663200002,0,200,0.0,0.0,0.018845326668962936
43,2325,4.53386797784445,0,25,0.0,0.0,0.13319225276039096
43,3678,6.800841236674844,0,25,0.0,0.0,0.13319225276039096
43,4355,7.935165624130999,0,25,0.0,0.0,0.13319225276039096
43,4693,8.501490059818119,0,25,0.0,0.0,0.13319225276039096
43,4862,8.784652277661678,0,25,0.0,0.0,0.13319225276039096
43,4947,8.927071144624417,0,25,0.0,0.0,0.13319225276039096
43,4968,8.96225698234462,0,25,0.0,0.0,0.13319225276039096
43,4970,8.965608014508451,0,100,0.0,0.0,0.03699349876899627
43,4971,8.967283530590365,0,100,0.0,0.0,0.03699349876899627
43,4972,8.968959046672278,0,100,0.0,0.0,0.03699349876899627
43,4973,8.970634562754196,0,100,0.0,0.0,0.03699349876899627
43,4974,8.97231007883611,0,100,0.0,0.0,0.03699349876899627
43,4975,8.973985594918023,0,100,0.0,0.0,0.03699349876899627
43,4976,8.975661110999937,0,100,0.0,0.0,0.03699349876899627
43,4977,8.977336627081854,0,100,0.0,0.0,0.03699349876899627
43,4978,8.979012143163768,0,200,0.0,0.0,0.018845326668962936
43,5010,9.032628657785033,0,200,0.0,0.0,0.018845326668962936
43,5018,9.04603278644035,0,200,0.0,0.0,0.018845326668962936
43,5026,9.059436915095667,0,200,0.0,0.0,0.018845326668962936
43,5034,9.072841043750984,0,200,0.0,0.0,0.018845326668962936
44,2316,4.5336323583954306,0,25,0.0,0.0,0.13319225276039096
44,3669,6.800605617225824,0,25,0.0,0.0,0.13319225276039096
44,4346,7.934930004681979,0,25,0.0,0.0,0.13319225276039096
44,4684,8.501254440369099,0,25,0.0,0.0,0.13319225276039096
44,4854,8.786092174294573,0,25,0.0,0.0,0.13319225276039096
44,4938,8.926835525175397,0,25,0.0,0.0,0.13319225276039096
44,4959,8.962021362895602,0,25,0.0,0.0,0.13319225276039096
44,4961,8.96537239505943,0,100,0.0,0.0,0.03699349876899627
44,4962,8.967047911141346,0,100,0.0,0.0,0.03699349876899627
44,4963,8.96872342722326,0,100,0.0,0.0,0.03699349876899627
44,4964,8.970398943305176,0,100,0.0,0.0,0.03699349876899627
44,4965,8.97207445938709,0,100,0.0,0.0,0.03699349876899627
44,4966,8.973749975469003,0,100,0.0,0.0,0.03699349876899627
44,4967,8.975425491550919,0,100,0.0,0.0,0.03699349876899627
44,4968,8.977101007632832,0,100,0.0,0.0,0.03699349876899627
44,4969,8.978776523714748,0,200,0.0,0.0,0.018845326668962936
44,5001,9.032393038336014,0,200,0.0,0.0,0.018845326668962936
44,5009,9.04579716699133,0,200,0.0,0.0,0.018845326668962936
44,5017,9.059201295646647,0,200,0.0,0.0,0.018845326668962936
44,5025,9.072605424301964,0,200,0.0,0.0,0.018845326668962936
45,2307,4.533396738946411,0,25,0.0,0.0,0.13319225276039096
45,3661,6.802045513858721,0,25,0.0,0.0,0.13319225276039096
45,4337,7.934694385232961,0,25,0.0,0.0,0.13319225276039096
45,4676,8.502694337001994,0,25,0.0,0.0,0.13319225276039096
45,4845,8.785856554845555,0,25,0.0,0.0,0.13319225276039096
45,4929,8.926599905726379,0,25,0.0,0.0,0.13319225276039096
45,4950,8.961785743446583,0,25,0.0,0.0,0.13319225276039096
45,4952,8.965136775610413,0,100,0.0,0.0,0.03699349876899627
45,4953,8.966812291692328,0,100,0.0,0.0,0.03699349876899627
45,4954,8.968487807774242,0,100,0.0,0.0,0.03699349876899627
45,4955,8.970163323856156,0,100,0.0,0.0,0.03699349876899627
45,4956,8.971838839938071,0,100,0.0,0.0,0.03699349876899627
45,4957,8.973514356019985,0,100,0.0,0.0,0.03699349876899627
45,4958,8.9751898721019,0,100,0.0,0.0,0.03699349876899627
45,4959,8.976865388183814,0,100,0.0,0.0,0.03699349876899627
45,4960,8.97854090426573,0,200,0.0,0.0,0.018845326668962936
45,4992,9.032157418886994,0,200,0.0,0.0,0.018845326668962936
45,5000,9.045561547542311,0,200,0.0,0.0,0.018845326668962936
45,5008,9.058965676197628,0,200,0.0,0.0,0.018845326668962936
45,5016,9.072369804852944,0,200,0.0,0.0,0.018845326668962936
46,2299,4.534836635579306,0,25,0.0,0.0,0.13319225276039096
46,3652,6.801809894409701,0,25,0.0,0.0,0.13319225276039096
46,4328,7.934458765783941,0,25,0.0,0.0,0.13319225276039096
46,4667,8.502458717552976,0,25,0.0,0.0,0.13319225276039096
46,4836,8.785620935396535,0,25,0.0,0.0,0.13319225276039096
46,4920,8.926364286277357,0,25,0.0,0.0,0.13319225276039096
46,4942,8.963225640079477,0,25,0.0,0.0,0.13319225276039096
46,4944,8.966576672243306,0,100,0.0,0.0,0.03699349876899627
46,4945,8.968252188325222,0,100,0.0,0.0,0.03699349876899627
46,4946,8.969927704407135,0,100,0.0,0.0,0.03699349876899627
46,4947,8.971603220489051,0,100,0.0,0.0,0.03699349876899627
46,4948,8.973278736570965,0,100,0.0,0.0,0.03699349876899627
46,4949,8.97495425265288,0,100,0.0,0.0,0.03699349876899627
46,4950,8.976629768734794,0,100,0.0,0.0,0.03699349876899627
46,4951,8.97830528481671,0,100,0.0,0.0,0.03699349876899627
46,4952,8.979980800898623,0,200,0.0,0.0,0.018845326668962936
46,4984,9.03359731551989,0,200,0.0,0.0,0.018845326668962936
46,4992,9.047001444175205,0,200,0.0,0.0,0.018845326668962936
46,5000,9.060405572830522,0,200,0.0,0.0,0.018845326668962936
46,5008,9.073809701485839,0,200,0.0,0.0,0.018845326668962936
47,2290,4.534601016130287,0,25,0.0,0.0,0.13319225276039096
47,3643,6.801574274960681,0,25,0.0,0.0,0.13319225276039096
47,4320,7.935898662416836,0,25,0.0,0.0,0.13319225276039096
47,4658,8.502223098103956,0,25,0.0,0.0,0.13319225276039096
47,4827,8.785385315947517,0,25,0.0,0.0,0.13319225276039096
47,4912,8.927804182910254,0,25,0.0,0.0,0.13319225276039096
47,4933,8.962990020630459,0,25,0.0,0.0,0.13319225276039096
47,4935,8.966341052794288,0,100,0.0,0.0,0.03699349876899627
47,4936,8.968016568876203,0,100,0.0,0.0,0.03699349876899627
47,4937,8.969692084958117,0,100,0.0,0.0,0.03699349876899627
47,4938,8.971367601040033,0,100,0.0,0.0,0.03699349876899627
47,4939,8.973043117121946,0,100,0.0,0.0,0.03699349876899627
47,4940,8.974718633203862,0,100,0.0,0.0,0.03699349876899627
47,4941,8.976394149285776,0,100,0.0,0.0,0.03699349876899627
47,4942,8.97806966536769,0,100,0.0,0.0,0.03699349876899627
47,4943,8.979745181449605,0,200,0.0,0.0,0.018845326668962936
47,4975,9.033361696070871,0,200,0.0,0.0,0.018845326668962936
47,4983,9.046765824726187,0,200,0.0,0.0,0.018845326668962936
47,4991,9.060169953381504,0,200,0.0,0.0,0.018845326668962936
47,4999,9.07357408203682,0,200,0.0,0.0,0.018845326668962936
48,2281,4.534365396681268,0,25,0.0,0.0,0.13319225276039096
48,3634,6.801338655511662,0,25,0.0,0.0,0.13319225276039096
48,4311,7.935663042967817,0,25,0.0,0.0,0.13319225276039096
48,4649,8.501987478654936,0,25,0.0,0.0,0.13319225276039096
48,4818,8.785149696498497,0,25,0.0,0.0,0.13319225276039096
48,4903,8.927568563461236,0,25,0.0,0.0,0.13319225276039096
48,4924,8.962754401181439,0,25,0.0,0.0,0.13319225276039096
48,4926,8.96610543334527,0,100,0.0,0.0,0.03699349876899627
48,4927,8.967780949427183,0,100,0.0,0.0,0.03699349876899627
48,4928,8.969456465509097,0,100,0.0,0.0,0.03699349876899627
48,4929,8.971131981591014,0,100,0.0,0.0,0.03699349876899627
48,4930,8.972807497672928,0,100,0.0,0.0,0.03699349876899627
48,4931,8.974483013754842,0,100,0.0,0.0,0.03699349876899627
48,4932,8.976158529836756,0,100,0.0,0.0,0.03699349876899627
48,4933,8.97783404591867,0,100,0.0,0.0,0.03699349876899627
48,4934,8.979509562000587,0,200,0.0,0.0,0.018845326668962936
48,4966,9.033126076621851,0,200,0.0,0.0,0.018845326668962936
48,4974,9.046530205277168,0,200,0.0,0.0,0.018845326668962936
48,4982,9.059934333932485,0,200,0.0,0.0,0.018845326668962936
48,4990,9.073338462587802,0,200,0.0,0.0,0.018845326668962936
49,2272,4.534129777232248,0,25,0.0,0.0,0.13319225276039096
49,3625,6.801103036062643,0,25,0.0,0.0,0.13319225276039096
49,4302,7.935427423518798,0,25,0.0,0.0,0.13319225276039096
49,4640,8.501751859205918,0,25,0.0,0.0,0.13319225276039096
49,4809,8.784914077049477,0,25,0.0,0.0,0.13319225276039096
49,4894,8.927332944012214,0,25,0.0,0.0,0.13319225276039096
49,4915,8.96251878173242,0,25,0.0,0.0,0.13319225276039096
49,4917,8.96586981389625,0,100,0.0,0.0,0.03699349876899627
49,4918,8.967545329978163,0,100,0.0,0.0,0.03699349876899627
49,4919,8.969220846060079,0,100,0.0,0.0,0.03699349876899627
49,4920,8.970896362141993,0,100,0.0,0.0,0.03699349876899627
49,4921,8.972571878223908,0,100,0.0,0.0,0.03699349876899627
49,4922,8.974247394305822,0,100,0.0,0.0,0.03699349876899627
49,4923,8.975922910387737,0,100,0.0,0.0,0.03699349876899627
49,4924,8.977598426469651,0,100,0.0,0.0,0.03699349876899627
49,4925,8.979273942551567,0,200,0.0,0.0,0.018845326668962936
49,4957,9.032890457172831,0,200,0.0,0.0,0.018845326668962936
49,4965,9.046294585828148,0,200,0.0,0.0,0.018845326668962936
49,4973,9.059698714483465,0,200,0.0,0.0,0.018845326668962936
49,4981,9.07310284313878,0,200,0.0,0.0,0.018845326668962936
50,2263,4.533894157783229,0,25,0.0,0.0,0.13319225276039096
50,3616,6.800867416613624,0,25,0.0,0.0,0.13319225276039096
50,4293,7.935191804069778,0,25,0.0,0.0,0.13319225276039096
50,4631,8.5015162397569,0,25,0.0,0.0,0.13319225276039096
50,4800,8.784678457600458,0,25,0.0,0.0,0.13319225276039096
50,4885,8.927097324563196,0,25,0.0,0.0,0.13319225276039096
50,4906,8.962283162283402,0,25,0.0,0.0,0.13319225276039096
50,4908,8.965634194447231,0,100,0.0,0.0,0.03699349876899627
50,4909,8.967309710529145,0,100,0.0,0.0,0.03699349876899627
50,4910,8.96898522661106,0,100,0.0,0.0,0.03699349876899627
50,4911,8.970660742692974,0,100,0.0,0.0,0.03699349876899627
50,4912,8.97233625877489,0,100,0.0,0.0,0.03699349876899627
50,4913,8.974011774856804,0,100,0.0,0.0,0.03699349876899627
50,4914,8.975687290938719,0,100,0.0,0.0,0.03699349876899627
50,4915,8.977362807020633,0,100,0.0,0.0,0.03699349876899627
50,4916,8.979038323102548,0,200,0.0,0.0,0.018845326668962936
50,4948,9.032654837723813,0,200,0.0,0.0,0.018845326668962936
50,4956,9.04605896637913,0,200,0.0,0.0,0.018845326668962936
50,4964,9.059463095034447,0,200,0.0,0.0,0.018845326668962936
50,4972,9.072867223689762,0,200,0.0,0.0,0.018845326668962936
51,2254,4.53365853833421,0,25,0.0,0.0,0.13319225276039096
51,3607,6.800631797164604,0,25,0.0,0.0,0.13319225276039096
51,4284,7.934956184620759,0,25,0.0,0.0,0.13319225276039096
51,4622,8.50128062030788,0,25,0.0,0.0,0.13319225276039096
51,4792,8.786118354233354,0,25,0.0,0.0,0.13319225276039096
51,4876,8.926861705114176,0,25,0.0,0.0,0.13319225276039096
51,4897,8.962047542834382,0,25,0.0,0.0,0.13319225276039096
51,4899,8.965398574998211,0,100,0.0,0.0,0.03699349876899627
51,4900,8.967074091080125,0,100,0.0,0.0,0.03699349876899627
51,4901,8.96874960716204,0,100,0.0,0.0,0.03699349876899627
51,4902,8.970425123243954,0,100,0.0,0.0,0.03699349876899627
51,4903,8.97210063932587,0,100,0.0,0.0,0.03699349876899627
51,4904,8.973776155407784,0,100,0.0,0.0,0.03699349876899627
51,4905,8.975451671489699,0,100,0.0,0.0,0.03699349876899627
51,4906,8.977127187571613,0,100,0.0,0.0,0.03699349876899627
51,4907,8.978802703653527,0,200,0.0,0.0,0.018845326668962936
51,4939,9.032419218274793,0,200,0.0,0.0,0.018845326668962936
51,4947,9.04582334693011,0,200,0.0,0.0,0.018845326668962936
51,4955,9.059227475585425,0,200,0.0,0.0,0.018845326668962936
51,4963,9.072631604240742,0,200,0.0,0.0,0.018845326668962936
52,2245,4.533422918885191,0,25,0.0,0.0,0.13319225276039096
52,3599,6.8020716937975,0,25,0.0,0.0,0.13319225276039096
52,4275,7.93472056517174,0,25,0.0,0.0,0.13319225276039096
52,4614,8.502720516940775,0,25,0.0,0.0,0.13319225276039096
52,4783,8.785882734784336,0,25,0.0,0.0,0.13319225276039096
52,4867,8.926626085665157,0,25,0.0,0.0,0.13319225276039096
52,4888,8.961811923385364,0,25,0.0,0.0,0.13319225276039096
52,4890,8.965162955549193,0,100,0.0,0.0,0.03699349876899627
52,4891,8.966838471631107,0,100,0.0,0.0,0.03699349876899627
52,4892,8.968513987713022,0,100,0.0,0.0,0.03699349876899627
52,4893,8.970189503794936,0,100,0.0,0.0,0.03699349876899627
52,4894,8.97186501987685,0,100,0.0,0.0,0.03699349876899627
52,4895,8.973540535958765,0,100,0.0,0.0,0.03699349876899627
52,4896,8.975216052040679,0,100,0.0,0.0,0.03699349876899627
52,4897,8.976891568122594,0,100,0.0,0.0,0.03699349876899627
52,4898,8.978567084204508,0,200,0.0,0.0,0.018845326668962936
52,4930,9.032183598825775,0,200,0.0,0.0,0.018845326668962936
52,4938,9.045587727481092,0,200,0.0,0.0,0.018845326668962936
52,4946,9.058991856136407,0,200,0.0,0.0,0.018845326668962936
52,4954,9.072395984791724,0,200,0.0,0.0,0.018845326668962936
53,2236,4.533187299436172,0,25,0.0,0.0,0.13319225276039096
53,3590,6.801836074348481,0,25,0.0,0.0,0.13319225276039096
53,4266,7.934484945722721,0,25,0.0,0.0,0.13319225276039096
53,4605,8.502484897491755,0,25,0.0,0.0,0.13319225276039096
53,4774,8.785647115335316,0,25,0.0,0.0,0.13319225276039096
53,4858,8.926390466216137,0,25,0.0,0.0,0.13319225276039096
53,4880,8.963251820018257,0,25,0.0,0.0,0.13319225276039096
53,4882,8.966602852182088,0,100,0.0,0.0,0.03699349876899627
53,4883,8.968278368264002,0,100,0.0,0.0,0.03699349876899627
53,4884,8.969953884345916,0,100,0.0,0.0,0.03699349876899627
53,4885,8.97162940042783,0,100,0.0,0.0,0.03699349876899627
53,4886,8.973304916509747,0,100,0.0,0.0,0.03699349876899627
53,4887,8.97498043259166,0,100,0.0,0.0,0.03699349876899627
53,4888,8.976655948673574,0,100,0.0,0.0,0.03699349876899627
53,4889,8.978331464755488,0,100,0.0,0.0,0.03699349876899627
53,4890,8.980006980837405,0,200,0.0,0.0,0.018845326668962936
53,4922,9.03362349545867,0,200,0.0,0.0,0.018845326668962936
53,4930,9.047027624113987,0,200,0.0,0.0,0.018845326668962936
53,4938,9.060431752769304,0,200,0.0,0.0,0.018845326668962936
53,4946,9.073835881424618,0,200,0.0,0.0,0.018845326668962936
54,2228,4.534627196069067,0,25,0.0,0.0,0.13319225276039096
54,3581,6.801600454899462,0,25,0.0,0.0,0.13319225276039096
54,4258,7.935924842355616,0,25,0.0,0.0,0.13319225276039096
54,4596,8.502249278042736,0,25,0.0,0.0,0.13319225276039096
54,4765,8.785411495886297,0,25,0.0,0.0,0.13319225276039096
54,4850,8.927830362849033,0,25,0.0,0.0,0.13319225276039096
54,4871,8.963016200569239,0,25,0.0,0.0,0.13319225276039096
54,4873,8.966367232733068,0,100,0.0,0.0,0.03699349876899627
54,4874,8.968042748814982,0,100,0.0,0.0,0.03699349876899627
54,4875,8.969718264896898,0,100,0.0,0.0,0.03699349876899627
54,4876,8.971393780978811,0,100,0.0,0.0,0.03699349876899627
54,4877,8.973069297060727,0,100,0.0,0.0,0.03699349876899627
54,4878,8.97474481314264,0,100,0.0,0.0,0.03699349876899627
54,4879,8.976420329224556,0,100,0.0,0.0,0.03699349876899627
54,4880,8.97809584530647,0,100,0.0,0.0,0.03699349876899627
54,4881,8.979771361388385,0,200,0.0,0.0,0.018845326668962936
54,4913,9.03338787600965,0,200,0.0,0.0,0.018845326668962936
54,4921,9.046792004664967,0,200,0.0,0.0,0.018845326668962936
54,4929,9.060196133320284,0,200,0.0,0.0,0.018845326668962936
54,4937,9.0736002619756,0,200,0.0,0.0,0.018845326668962936
55,2219,4.534391576620048,0,25,0.0,0.0,0.13319225276039096
55,3572,6.801364835450442,0,25,0.0,0.0,0.13319225276039096
55,4249,7.935689222906596,0,25,0.0,0.0,0.13319225276039096
55,4587,8.502013658593716,0,25,0.0,0.0,0.13319225276039096
55,4756,8.785175876437277,0,25,0.0,0.0,0.13319225276039096
55,4841,8.927594743400014,0,25,0.0,0.0,0.13319225276039096
55,4862,8.96278058112022,0,25,0.0,0.0,0.13319225276039096
55,4864,8.96613161328405,0,100,0.0,0.0,0.03699349876899627
55,4865,8.967807129365964,0,100,0.0,0.0,0.03699349876899627
55,4866,8.96948264544788,0,100,0.0,0.0,0.03699349876899627
55,4867,8.971158161529793,0,100,0.0,0.0,0.03699349876899627
55,4868,8.972833677611709,0,100,0.0,0.0,0.03699349876899627
55,4869,8.974509193693622,0,100,0.0,0.0,0.03699349876899627
55,4870,8.976184709775536,0,100,0.0,0.0,0.03699349876899627
55,4871,8.977860225857452,0,100,0.0,0.0,0.03699349876899627
55,4872,8.979535741939365,0,200,0.0,0.0,0.018845326668962936
55,4904,9.033152256560632,0,200,0.0,0.0,0.018845326668962936
55,4912,9.046556385215949,0,200,0.0,0.0,0.018845326668962936
55,4920,9.059960513871264,0,200,0.0,0.0,0.018845326668962936
55,4928,9.073364642526581,0,200,0.0,0.0,0.018845326668962936
56,2210,4.534155957171029,0,25,0.0,0.0,0.13319225276039096
56,3563,6.8011292160014225,0,25,0.0,0.0,0.13319225276039096
56,4240,7.935453603457578,0,25,0.0,0.0,0.13319225276039096
56,4578,8.501778039144698,0,25,0.0,0.0,0.13319225276039096
56,4747,8.784940256988257,0,25,0.0,0.0,0.13319225276039096
56,4832,8.927359123950994,0,25,0.0,0.0,0.13319225276039096
56,4853,8.9625449616712,0,25,0.0,0.0,0.13319225276039096
56,4855,8.96589599383503,0,100,0.0,0.0,0.03699349876899627
56,4856,8.967571509916944,0,100,0.0,0.0,0.03699349876899627
56,4857,8.96924702599886,0,100,0.0,0.0,0.03699349876899627
56,4858,8.970922542080773,0,100,0.0,0.0,0.03699349876899627
56,4859,8.972598058162687,0,100,0.0,0.0,0.03699349876899627
56,4860,8.974273574244602,0,100,0.0,0.0,0.03699349876899627
56,4861,8.975949090326516,0,100,0.0,0.0,0.03699349876899627
56,4862,8.977624606408432,0,100,0.0,0.0,0.03699349876899627
56,4863,8.979300122490345,0,200,0.0,0.0,0.018845326668962936
56,4895,9.032916637111612,0,200,0.0,0.0,0.018845326668962936
56,4903,9.046320765766929,0,200,0.0,0.0,0.018845326668962936
56,4911,9.059724894422244,0,200,0.0,0.0,0.018845326668962936
56,4919,9.073129023077561,0,200,0.0,0.0,0.018845326668962936
57,2201,4.53392033772201,0,25,0.0,0.0,0.13319225276039096
57,3554,6.800893596552404,0,25,0.0,0.0,0.13319225276039096
57,4231,7.935217984008559,0,25,0.0,0.0,0.13319225276039096
57,4569,8.501542419695678,0,25,0.0,0.0,0.13319225276039096
57,4738,8.784704637539239,0,25,0.0,0.0,0.13319225276039096
57,4823,8.927123504501976,0,25,0.0,0.0,0.13319225276039096
57,4844,8.962309342222182,0,25,0.0,0.0,0.13319225276039096
57,4846,8.96566037438601,0,100,0.0,0.0,0.03699349876899627
57,4847,8.967335890467925,0,100,0.0,0.0,0.03699349876899627
57,4848,8.96901140654984,0,100,0.0,0.0,0.03699349876899627
57,4849,8.970686922631755,0,100,0.0,0.0,0.03699349876899627
57,4850,8.972362438713668,0,100,0.0,0.0,0.03699349876899627
57,4851,8.974037954795584,0,100,0.0,0.0,0.03699349876899627
57,4852,8.975713470877498,0,100,0.0,0.0,0.03699349876899627
57,4853,8.977388986959413,0,100,0.0,0.0,0.03699349876899627
57,4854,8.979064503041327,0,200,0.0,0.0,0.018845326668962936
57,4886,9.032681017662593,0,200,0.0,0.0,0.018845326668962936
57,4894,9.046085146317909,0,200,0.0,0.0,0.018845326668962936
57,4902,9.059489274973226,0,200,0.0,0.0,0.018845326668962936
57,4910,9.072893403628543,0,200,0.0,0.0,0.018845326668962936
58,2192,4.53368471827299,0,25,0.0,0.0,0.13319225276039096
58,3545,6.800657977103385,0,25,0.0,0.0,0.13319225276039096
58,4222,7.93498236455954,0,25,0.0,0.0,0.13319225276039096
58,4560,8.50130680024666,0,25,0.0,0.0,0.13319225276039096
58,4730,8.786144534172134,0,25,0.0,0.0,0.13319225276039096
58,4814,8.926887885052956,0,25,0.0,0.0,0.13319225276039096
58,4835,8.96207372277316,0,25,0.0,0.0,0.13319225276039096
58,4837,8.96542475493699,0,100,0.0,0.0,0.03699349876899627
58,4838,8.967100271018905,0,100,0.0,0.0,0.03699349876899627
58,4839,8.96877578710082,0,100,0.0,0.0,0.03699349876899627
58,4840,8.970451303182735,0,100,0.0,0.0,0.03699349876899627
58,4841,8.972126819264648,0,100,0.0,0.0,0.03699349876899627
58,4842,8.973802335346564,0,100,0.0,0.0,0.03699349876899627
58,4843,8.975477851428478,0,100,0.0,0.0,0.03699349876899627
58,4844,8.977153367510393,0,100,0.0,0.0,0.03699349876899627
58,4845,8.978828883592307,0,200,0.0,0.0,0.018845326668962936
58,4877,9.032445398213573,0,200,0.0,0.0,0.018845326668962936
58,4885,9.045849526868889,0,200,0.0,0.0,0.018845326668962936
58,4893,9.059253655524206,0,200,0.0,0.0,0.018845326668962936
58,4901,9.072657784179523,0,200,0.0,0.0,0.018845326668962936
59,2183,4.53344909882397,0,25,0.0,0.0,0.13319225276039096
59,3537,6.80209787373628,0,25,0.0,0.0,0.13319225276039096
59,4213,7.93474674511052,0,25,0.0,0.0,0.13319225276039096
59,4552,8.502746696879555,0,25,0.0,0.0,0.13319225276039096
59,4721,8.785908914723114,0,25,0.0,0.0,0.13319225276039096
59,4805,8.926652265603938,0,25,0.0,0.0,0.13319225276039096
59,4826,8.961838103324142,0,25,0.0,0.0,0.13319225276039096
59,4828,8.965189135487972,0,100,0.0,0.0,0.03699349876899627
59,4829,8.966864651569887,0,100,0.0,0.0,0.03699349876899627
59,4830,8.9685401676518,0,100,0.0,0.0,0.03699349876899627
59,4831,8.970215683733716,0,100,0.0,0.0,0.03699349876899627
59,4832,8.97189119981563,0,100,0.0,0.0,0.03699349876899627
59,4833,8.973566715897546,0,100,0.0,0.0,0.03699349876899627
59,4834,8.97524223197946,0,100,0.0,0.0,0.03699349876899627
59,4835,8.976917748061373,0,100,0.0,0.0,0.03699349876899627
59,4836,8.978593264143289,0,200,0.0,0.0,0.018845326668962936
59,4868,9.032209778764555,0,200,0.0,0.0,0.018845326668962936
59,4876,9.04561390741987,0,200,0.0,0.0,0.018845326668962936
59,4884,9.059018036075187,0,200,0.0,0.0,0.018845326668962936
59,4892,9.072422164730504,0,200,0.0,0.0,0.018845326668962936
60,2174,4.533213479374951,0,25,0.0,0.0,0.13319225276039096
60,3528,6.80186225428726,0,25,0.0,0.0,0.13319225276039096
60,4204,7.9345111256615,0,25,0.0,0.0,0.13319225276039096
60,4543,8.502511077430535,0,25,0.0,0.0,0.13319225276039096
60,4712,8.785673295274096,0,25,0.0,0.0,0.13319225276039096
60,4796,8.92641664615492,0,25,0.0,0.0,0.13319225276039096
60,4818,8.96327799995704,0,25,0.0,0.0,0.13319225276039096
60,4819,8.964953516038953,0,100,0.0,0.0,0.03699349876899627
60,4820,8.966629032120869,0,100,0.0,0.0,0.03699349876899627
60,4821,8.968304548202783,0,100,0.0,0.0,0.03699349876899627
60,4822,8.969980064284696,0,100,0.0,0.0,0.03699349876899627
60,4823,8.971655580366612,0,100,0.0,0.0,0.03699349876899627
60,4824,8.973331096448526,0,100,0.0,0.0,0.03699349876899627
60,4825,8.975006612530441,0,100,0.0,0.0,0.03699349876899627
60,4826,8.976682128612355,0,100,0.0,0.0,0.03699349876899627
60,4827,8.97835764469427,0,200,0.0,0.0,0.018845326668962936
60,4859,9.031974159315535,0,200,0.0,0.0,0.018845326668962936
60,4867,9.045378287970852,0,200,0.0,0.0,0.018845326668962936
60,4875,9.058782416626169,0,200,0.0,0.0,0.018845326668962936
60,4883,9.072186545281484,0,200,0.0,0.0,0.018845326668962936
61,2166,4.534653376007847,0,25,0.0,0.0,0.13319225276039096
61,3519,6.801626634838241,0,25,0.0,0.0,0.13319225276039096
61,4196,7.935951022294397,0,25,0.0,0.0,0.13319225276039096
61,4534,8.502275457981517,0,25,0.0,0.0,0.13319225276039096
61,4703,8.785437675825076,0,25,0.0,0.0,0.13319225276039096
61,4788,8.927856542787813,0,25,0.0,0.0,0.13319225276039096
61,4809,8.963042380508018,0,25,0.0,0.0,0.13319225276039096
61,4811,8.966393412671847,0,100,0.0,0.0,0.03699349876899627
61,4812,8.968068928753762,0,100,0.0,0.0,0.03699349876899627
61,4813,8.969744444835676,0,100,0.0,0.0,0.03699349876899627
61,4814,8.971419960917592,0,100,0.0,0.0,0.03699349876899627
61,4815,8.973095476999505,0,100,0.0,0.0,0.03699349876899627
61,4816,8.974770993081421,0,100,0.0,0.0,0.03699349876899627
61,4817,8.976446509163335,0,100,0.0,0.0,0.03699349876899627
61,4818,8.97812202524525,0,100,0.0,0.0,0.03699349876899627
61,4819,8.979797541327164,0,200,0.0,0.0,0.018845326668962936
61,4851,9.03341405594843,0,200,0.0,0.0,0.018845326668962936
61,4859,9.046818184603746,0,200,0.0,0.0,0.018845326668962936
61,4867,9.060222313259063,0,200,0.0,0.0,0.018845326668962936
61,4875,9.07362644191438,0,200,0.0,0.0,0.018845326668962936
62,2157,4.5344177565588275,0,25,0.0,0.0,0.13319225276039096
62,3510,6.801391015389222,0,25,0.0,0.0,0.13319225276039096
62,4187,7.935715402845377,0,25,0.0,0.0,0.13319225276039096
62,4525,8.502039838532497,0,25,0.0,0.0,0.13319225276039096
62,4694,8.785202056376058,0,25,0.0,0.0,0.13319225276039096
62,4779,8.927620923338795,0,25,0.0,0.0,0.13319225276039096
62,4800,8.962806761059,0,25,0.0,0.0,0.13319225276039096
62,4802,8.966157793222829,0,100,0.0,0.0,0.03699349876899627
62,4803,8.967833309304744,0,100,0.0,0.0,0.03699349876899627
62,4804,8.969508825386658,0,100,0.0,0.0,0.03699349876899627
62,4805,8.971184341468573,0,100,0.0,0.0,0.03699349876899627
62,4806,8.972859857550487,0,100,0.0,0.0,0.03699349876899627
62,4807,8.974535373632403,0,100,0.0,0.0,0.03699349876899627
62,4808,8.976210889714316,0,100,0.0,0.0,0.03699349876899627
62,4809,8.97788640579623,0,100,0.0,0.0,0.03699349876899627
62,4810,8.979561921878146,0,200,0.0,0.0,0.018845326668962936
62,4842,9.033178436499412,0,200,0.0,0.0,0.018845326668962936
62,4850,9.046582565154727,0,200,0.0,0.0,0.018845326668962936
62,4858,9.059986693810044,0,200,0.0,0.0,0.018845326668962936
62,4866,9.073390822465361,0,200,0.0,0.0,0.018845326668962936
63,2148,4.534182137109808,0,25,0.0,0.0,0.13319225276039096
63,3501,6.801155395940203,0,25,0.0,0.0,0.13319225276039096
63,4178,7.9354797833963575,0,25,0.0,0.0,0.13319225276039096
63,4516,8.501804219083477,0,25,0.0,0.0,0.13319225276039096
63,4685,8.784966436927037,0,25,0.0,0.0,0.13319225276039096
63,4770,8.927385303889775,0,25,0.0,0.0,0.13319225276039096
63,4791,8.96257114160998,0,25,0.0,0.0,0.13319225276039096
63,4793,8.965922173773809,0,100,0.0,0.0,0.03699349876899627
63,4794,8.967597689855724,0,100,0.0,0.0,0.03699349876899627
63,4795,8.969273205937638,0,100,0.0,0.0,0.03699349876899627
63,4796,8.970948722019553,0,100,0.0,0.0,0.03699349876899627
63,4797,8.972624238101467,0,100,0.0,0.0,0.03699349876899627
63,4798,8.97429975418338,0,100,0.0,0.0,0.03699349876899627
63,4799,8.975975270265296,0,100,0.0,0.0,0.03699349876899627
63,4800,8.97765078634721,0,100,0.0,0.0,0.03699349876899627
63,4801,8.979326302429126,0,200,0.0,0.0,0.018845326668962936
63,4833,9.032942817050392,0,200,0.0,0.0,0.018845326668962936
63,4841,9.046346945705707,0,200,0.0,0.0,0.018845326668962936
63,4849,9.059751074361024,0,200,0.0,0.0,0.018845326668962936
63,4857,9.073155203016341,0,200,0.0,0.0,0.018845326668962936
64,2139,4.533946517660789,0,25,0.0,0.0,0.13319225276039096
64,3492,6.800919776491184,0,25,0.0,0.0,0.13319225276039096
64,4169,7.935244163947338,0,25,0.0,0.0,0.13319225276039096
64,4507,8.501568599634458,0,25,0.0,0.0,0.13319225276039096
64,4676,8.784730817478017,0,25,0.0,0.0,0.13319225276039096
64,4761,8.927149684440757,0,25,0.0,0.0,0.13319225276039096
64,4782,8.962335522160961,0,25,0.0,0.0,0.13319225276039096
64,4784,8.96568655432479,0,100,0.0,0.0,0.03699349876899627
64,4785,8.967362070406704,0,100,0.0,0.0,0.03699349876899627
64,4786,8.96903758648862,0,100,0.0,0.0,0.03699349876899627
64,4787,8.970713102570533,0,100,0.0,0.0,0.03699349876899627
64,4788,8.972388618652449,0,100,0.0,0.0,0.03699349876899627
64,4789,8.974064134734363,0,100,0.0,0.0,0.03699349876899627
64,4790,8.975739650816278,0,100,0.0,0.0,0.03699349876899627
64,4791,8.977415166898192,0,100,0.0,0.0,0.03699349876899627
64,4792,8.979090682980107,0,200,0.0,0.0,0.018845326668962936
64,4824,9.032707197601372,0,200,0.0,0.0,0.018845326668962936
64,4832,9.046111326256689,0,200,0.0,0.0,0.018845326668962936
64,4840,9.059515454912006,0,200,0.0,0.0,0.018845326668962936
64,4848,9.072919583567321,0,200,0.0,0.0,0.018845326668962936
65,2130,4.53371089821177,0,25,0.0,0.0,0.13319225276039096
65,3483,6.800684157042165,0,25,0.0,0.0,0.13319225276039096
65,4160,7.935008544498319,0,25,0.0,0.0,0.13319225276039096
65,4498,8.50133298018544,0,25,0.0,0.0,0.13319225276039096
65,4668,8.786170714110915,0,25,0.0,0.0,0.13319225276039096
65,4752,8.926914064991736,0,25,0.0,0.0,0.13319225276039096
65,4773,8.962099902711943,0,25,0.0,0.0,0.13319225276039096
65,4775,8.965450934875772,0,100,0.0,0.0,0.03699349876899627
65,4776,8.967126450957686,0,100,0.0,0.0,0.03699349876899627
65,4777,8.968801967039601,0,100,0.0,0.0,0.03699349876899627
65,4778,8.970477483121515,0,100,0.0,0.0,0.03699349876899627
65,4779,8.97215299920343,0,100,0.0,0.0,0.03699349876899627
65,4780,8.973828515285344,0,100,0.0,0.0,0.03699349876899627
65,4781,8.97550403136726,0,100,0.0,0.0,0.03699349876899627
65,4782,8.977179547449174,0,100,0.0,0.0,0.03699349876899627
65,4783,8.978855063531089,0,200,0.0,0.0,0.018845326668962936
65,4815,9.032471578152354,0,200,0.0,0.0,0.018845326668962936
65,4823,9.04587570680767,0,200,0.0,0.0,0.018845326668962936
65,4831,9.059279835462988,0,200,0.0,0.0,0.018845326668962936
65,4839,9.072683964118303,0,200,0.0,0.0,0.018845326668962936
66,2121,4.533475278762751,0,25,0.0,0.0,0.13319225276039096
66,3475,6.802124053675059,0,25,0.0,0.0,0.13319225276039096
66,4151,7.934772925049299,0,25,0.0,0.0,0.13319225276039096
66,4490,8.502772876818334,0,25,0.0,0.0,0.13319225276039096
66,4659,8.785935094661895,0,25,0.0,0.0,0.13319225276039096
66,4743,8.926678445542716,0,25,0.0,0.0,0.13319225276039096
66,4764,8.961864283262923,0,25,0.0,0.0,0.13319225276039096
66,4766,8.965215315426752,0,100,0.0,0.0,0.03699349876899627
66,4767,8.966890831508666,0,100,0.0,0.0,0.03699349876899627
66,4768,8.968566347590581,0,100,0.0,0.0,0.03699349876899627
66,4769,8.970241863672495,0,100,0.0,0.0,0.03699349876899627
66,4770,8.97191737975441,0,100,0.0,0.0,0.03699349876899627
66,4771,8.973592895836324,0,100,0.0,0.0,0.03699349876899627
66,4772,8.97526841191824,0,100,0.0,0.0,0.03699349876899627
66,4773,8.976943928000154,0,100,0.0,0.0,0.03699349876899627
66,4774,8.978619444082069,0,200,0.0,0.0,0.018845326668962936
66,4806,9.032235958703334,0,200,0.0,0.0,0.018845326668962936
66,4814,9.04564008735865,0,200,0.0,0.0,0.018845326668962936
66,4822,9.059044216013966,0,200,0.0,0.0,0.018845326668962936
66,4830,9.072448344669283,0,200,0.0,0.0,0.018845326668962936
67,2112,4.533239659313731,0,25,0.0,0.0,0.13319225276039096
67,3466,6.80188843422604,0,25,0.0,0.0,0.13319225276039096
67,4142,7.93453730560028,0,25,0.0,0.0,0.13319225276039096
67,4481,8.502537257369315,0,25,0.0,0.0,0.13319225276039096
67,4650,8.785699475212875,0,25,0.0,0.0,0.13319225276039096
67,4734,8.926442826093698,0,25,0.0,0.0,0.13319225276039096
67,4756,8.963304179895818,0,25,0.0,0.0,0.13319225276039096
67,4757,8.964979695977732,0,100,0.0,0.0,0.03699349876899627
67,4758,8.966655212059647,0,100,0.0,0.0,0.03699349876899627
67,4759,8.968330728141561,0,100,0.0,0.0,0.03699349876899627
67,4760,8.970006244223477,0,100,0.0,0.0,0.03699349876899627
67,4761,8.97168176030539,0,100,0.0,0.0,0.03699349876899627
67,4762,8.973357276387306,0,100,0.0,0.0,0.03699349876899627
67,4763,8.97503279246922,0,100,0.0,0.0,0.03699349876899627
67,4764,8.976708308551135,0,100,0.0,0.0,0.03699349876899627
67,4765,8.978383824633049,0,200,0.0,0.0,0.018845326668962936
67,4797,9.032000339254315,0,200,0.0,0.0,0.018845326668962936
67,4805,9.045404467909632,0,200,0.0,0.0,0.018845326668962936
67,4813,9.058808596564948,0,200,0.0,0.0,0.018845326668962936
67,4821,9.072212725220265,0,200,0.0,0.0,0.018845326668962936
68,2104,4.534679555946627,0,25,0.0,0.0,0.13319225276039096
68,3457,6.801652814777022,0,25,0.0,0.0,0.13319225276039096
68,4134,7.935977202233176,0,25,0.0,0.0,0.13319225276039096
68,4472,8.502301637920295,0,25,0.0,0.0,0.13319225276039096
68,4641,8.785463855763856,0,25,0.0,0.0,0.13319225276039096
68,4726,8.927882722726594,0,25,0.0,0.0,0.13319225276039096
68,4747,8.963068560446798,0,25,0.0,0.0,0.13319225276039096
68,4749,8.966419592610627,0,100,0.0,0.0,0.03699349876899627
68,4750,8.968095108692543,0,100,0.0,0.0,0.03699349876899627
68,4751,8.969770624774457,0,100,0.0,0.0,0.03699349876899627
68,4752,8.971446140856372,0,100,0.0,0.0,0.03699349876899627
68,4753,8.973121656938286,0,100,0.0,0.0,0.03699349876899627
68,4754,8.974797173020201,0,100,0.0,0.0,0.03699349876899627
68,4755,8.976472689102115,0,100,0.0,0.0,0.03699349876899627
68,4756,8.978148205184029,0,100,0.0,0.0,0.03699349876899627
68,4757,8.979823721265944,0,200,0.0,0.0,0.018845326668962936
68,4789,9.033440235887209,0,200,0.0,0.0,0.018845326668962936
68,4797,9.046844364542526,0,200,0.0,0.0,0.018845326668962936
68,4805,9.060248493197843,0,200,0.0,0.0,0.018845326668962936
68,4813,9.073652621853158,0,200,0.0,0.0,0.018845326668962936
69,2095,4.534443936497608,0,25,0.0,0.0,0.13319225276039096
69,3448,6.8014171953280025,0,25,0.0,0.0,0.13319225276039096
69,4125,7.935741582784157,0,25,0.0,0.0,0.13319225276039096
69,4463,8.502066018471277,0,25,0.0,0.0,0.13319225276039096
69,4632,8.785228236314836,0,25,0.0,0.0,0.13319225276039096
69,4717,8.927647103277575,0,25,0.0,0.0,0.13319225276039096
69,4738,8.96283294099778,0,25,0.0,0.0,0.13319225276039096
69,4740,8.966183973161609,0,100,0.0,0.0,0.03699349876899627
69,4741,8.967859489243523,0,100,0.0,0.0,0.03699349876899627
69,4742,8.969535005325438,0,100,0.0,0.0,0.03699349876899627
69,4743,8.971210521407352,0,100,0.0,0.0,0.03699349876899627
69,4744,8.972886037489268,0,100,0.0,0.0,0.03699349876899627
69,4745,8.974561553571181,0,100,0.0,0.0,0.03699349876899627
69,4746,8.976237069653095,0,100,0.0,0.0,0.03699349876899627
69,4747,8.97791258573501,0,100,0.0,0.0,0.03699349876899627
69,4748,8.979588101816926,0,200,0.0,0.0,0.018845326668962936
69,4780,9.03320461643819,0,200,0.0,0.0,0.018845326668962936
69,4788,9.046608745093508,0,200,0.0,0.0,0.018845326668962936
69,4796,9.060012873748825,0,200,0.0,0.0,0.018845326668962936
69,4804,9.07341700240414,0,200,0.0,0.0,0.018845326668962936
70,2086,4.534208317048588,0,25,0.0,0.0,0.13319225276039096
70,3439,6.801181575878982,0,25,0.0,0.0,0.13319225276039096
70,4116,7.935505963335137,0,25,0.0,0.0,0.13319225276039096
70,4454,8.501830399022257,0,25,0.0,0.0,0.13319225276039096
70,4623,8.784992616865818,0,25,0.0,0.0,0.13319225276039096
70,4708,8.927411483828553,0,25,0.0,0.0,0.13319225276039096
70,4729,8.96259732154876,0,25,0.0,0.0,0.13319225276039096
70,4731,8.965948353712589,0,100,0.0,0.0,0.03699349876899627
70,4732,8.967623869794505,0,100,0.0,0.0,0.03699349876899627
70,4733,8.969299385876418,0,100,0.0,0.0,0.03699349876899627
70,4734,8.970974901958332,0,100,0.0,0.0,0.03699349876899627
70,4735,8.972650418040248,0,100,0.0,0.0,0.03699349876899627
70,4736,8.974325934122163,0,100,0.0,0.0,0.03699349876899627
70,4737,8.976001450204077,0,100,0.0,0.0,0.03699349876899627
70,4738,8.97767696628599,0,100,0.0,0.0,0.03699349876899627
70,4739,8.979352482367906,0,200,0.0,0.0,0.018845326668962936
70,4771,9.032968996989172,0,200,0.0,0.0,0.018845326668962936
70,4779,9.04637312564449,0,200,0.0,0.0,0.018845326668962936
70,4787,9.059777254299803,0,200,0.0,0.0,0.018845326668962936
70,4795,9.07318138295512,0,200,0.0,0.0,0.018845326668962936
71,2077,4.533972697599569,0,25,0.0,0.0,0.13319225276039096
71,3430,6.800945956429963,0,25,0.0,0.0,0.13319225276039096
71,4107,7.935270343886118,0,25,0.0,0.0,0.13319225276039096
71,4445,8.501594779573239,0,25,0.0,0.0,0.13319225276039096
71,4614,8.784756997416798,0,25,0.0,0.0,0.13319225276039096
71,4699,8.927175864379535,0,25,0.0,0.0,0.13319225276039096
71,4720,8.962361702099741,0,25,0.0,0.0,0.13319225276039096
71,4722,8.96571273426357,0,100,0.0,0.0,0.03699349876899627
71,4723,8.967388250345484,0,100,0.0,0.0,0.03699349876899627
71,4724,8.9690637664274,0,100,0.0,0.0,0.03699349876899627
71,4725,8.970739282509314,0,100,0.0,0.0,0.03699349876899627
71,4726,8.97241479859123,0,100,0.0,0.0,0.03699349876899627
71,4727,8.974090314673143,0,100,0.0,0.0,0.03699349876899627
71,4728,8.975765830755059,0,100,0.0,0.0,0.03699349876899627
71,4729,8.977441346836972,0,100,0.0,0.0,0.03699349876899627
71,4730,8.979116862918888,0,200,0.0,0.0,0.018845326668962936
71,4762,9.032733377540152,0,200,0.0,0.0,0.018845326668962936
71,4770,9.04613750619547,0,200,0.0,0.0,0.018845326668962936
71,4778,9.059541634850785,0,200,0.0,0.0,0.018845326668962936
71,4786,9.072945763506102,0,200,0.0,0.0,0.018845326668962936
72,2068,4.5337370781505495,0,25,0.0,0.0,0.13319225276039096
72,3421,6.800710336980945,0,25,0.0,0.0,0.13319225276039096
72,4098,7.935034724437099,0,25,0.0,0.0,0.13319225276039096
72,4436,8.501359160124219,0,25,0.0,0.0,0.13319225276039096
72,4606,8.786196894049693,0,25,0.0,0.0,0.13319225276039096
72,4690,8.926940244930517,0,25,0.0,0.0,0.13319225276039096
72,4711,8.962126082650721,0,25,0.0,0.0,0.13319225276039096
72,4713,8.96547711481455,0,100,0.0,0.0,0.03699349876899627
72,4714,8.967152630896466,0,100,0.0,0.0,0.03699349876899627
72,4715,8.96882814697838,0,100,0.0,0.0,0.03699349876899627
72,4716,8.970503663060295,0,100,0.0,0.0,0.03699349876899627
72,4717,8.97217917914221,0,100,0.0,0.0,0.03699349876899627
72,4718,8.973854695224125,0,100,0.0,0.0,0.03699349876899627
72,4719,8.975530211306038,0,100,0.0,0.0,0.03699349876899627
72,4720,8.977205727387952,0,100,0.0,0.0,0.03699349876899627
72,4721,8.978881243469868,0,200,0.0,0.0,0.018845326668962936
72,4753,9.032497758091134,0,200,0.0,0.0,0.018845326668962936
72,4761,9.04590188674645,0,200,0.0,0.0,0.018845326668962936
72,4769,9.059306015401766,0,200,0.0,0.0,0.018845326668962936
72,4777,9.072710144057083,0,200,0.0,0.0,0.018845326668962936
73,2059,4.53350145870153,0,25,0.0,0.0,0.13319225276039096
73,3413,6.80215023361384,0,25,0.0,0.0,0.13319225276039096
73,4089,7.93479910498808,0,25,0.0,0.0,0.13319225276039096
73,4428,8.502799056757114,0,25,0.0,0.0,0.13319225276039096
73,4597,8.785961274600675,0,25,0.0,0.0,0.13319225276039096
73,4681,8.926704625481497,0,25,0.0,0.0,0.13319225276039096
73,4702,8.961890463201703,0,25,0.0,0.0,0.13319225276039096
73,4704,8.965241495365532,0,100,0.0,0.0,0.03699349876899627
73,4705,8.966917011447446,0,100,0.0,0.0,0.03699349876899627
73,4706,8.968592527529362,0,100,0.0,0.0,0.03699349876899627
73,4707,8.970268043611275,0,100,0.0,0.0,0.03699349876899627
73,4708,8.97194355969319,0,100,0.0,0.0,0.03699349876899627
73,4709,8.973619075775105,0,100,0.0,0.0,0.03699349876899627
73,4710,8.975294591857018,0,100,0.0,0.0,0.03699349876899627
73,4711,8.976970107938934,0,100,0.0,0.0,0.03699349876899627
73,4712,8.978645624020848,0,200,0.0,0.0,0.018845326668962936
73,4744,9.032262138642114,0,200,0.0,0.0,0.018845326668962936
73,4752,9.045666267297431,0,200,0.0,0.0,0.018845326668962936
73,4760,9.059070395952746,0,200,0.0,0.0,0.018845326668962936
73,4768,9.072474524608063,0,200,0.0,0.0,0.018845326668962936
74,2050,4.533265839252511,0,25,0.0,0.0,0.13319225276039096
74,3404,6.80191461416482,0,25,0.0,0.0,0.13319225276039096
74,4080,7.93456348553906,0,25,0.0,0.0,0.13319225276039096
74,4419,8.502563437308094,0,25,0.0,0.0,0.13319225276039096
74,4588,8.785725655151655,0,25,0.0,0.0,0.13319225276039096
74,4672,8.926469006032477,0,25,0.0,0.0,0.13319225276039096
74,4694,8.963330359834599,0,25,0.0,0.0,0.13319225276039096
74,4695,8.965005875916512,0,100,0.0,0.0,0.03699349876899627
74,4696,8.966681391998428,0,100,0.0,0.0,0.03699349876899627
74,4697,8.968356908080342,0,100,0.0,0.0,0.03699349876899627
74,4698,8.970032424162255,0,100,0.0,0.0,0.03699349876899627
74,4699,8.97170794024417,0,100,0.0,0.0,0.03699349876899627
74,4700,8.973383456326086,0,100,0.0,0.0,0.03699349876899627
74,4701,8.975058972408,0,100,0.0,0.0,0.03699349876899627
74,4702,8.976734488489914,0,100,0.0,0.0,0.03699349876899627
74,4703,8.97841000457183,0,200,0.0,0.0,0.018845326668962936
74,4735,9.032026519193096,0,200,0.0,0.0,0.018845326668962936
74,4743,9.045430647848411,0,200,0.0,0.0,0.018845326668962936
74,4751,9.058834776503728,0,200,0.0,0.0,0.018845326668962936
74,4759,9.072238905159043,0,200,0.0,0.0,0.018845326668962936
75,2042,4.534705735885407,0,25,0.0,0.0,0.13319225276039096
75,3395,6.801678994715801,0,25,0.0,0.0,0.13319225276039096
75,4071,7.934327866090041,0,25,0.0,0.0,0.13319225276039096
75,4410,8.502327817859076,0,25,0.0,0.0,0.13319225276039096
75,4579,8.785490035702637,0,25,0.0,0.0,0.13319225276039096
75,4664,8.927908902665372,0,25,0.0,0.0,0.13319225276039096
75,4685,8.963094740385579,0,25,0.0,0.0,0.13319225276039096
75,4687,8.966445772549408,0,100,0.0,0.0,0.03699349876899627
75,4688,8.968121288631323,0,100,0.0,0.0,0.03699349876899627
75,4689,8.969796804713237,0,100,0.0,0.0,0.03699349876899627
75,4690,8.97147232079515,0,100,0.0,0.0,0.03699349876899627
75,4691,8.973147836877066,0,100,0.0,0.0,0.03699349876899627
75,4692,8.974823352958982,0,100,0.0,0.0,0.03699349876899627
75,4693,8.976498869040896,0,100,0.0,0.0,0.03699349876899627
75,4694,8.97817438512281,0,100,0.0,0.0,0.03699349876899627
75,4695,8.979849901204723,0,200,0.0,0.0,0.018845326668962936
75,4727,9.033466415825991,0,200,0.0,0.0,0.018845326668962936
75,4735,9.046870544481306,0,200,0.0,0.0,0.018845326668962936
75,4743,9.060274673136622,0,200,0.0,0.0,0.018845326668962936
75,4751,9.073678801791939,0,200,0.0,0.0,0.018845326668962936
76,2033,4.534470116436387,0,25,0.0,0.0,0.13319225276039096
76,3386,6.801443375266782,0,25,0.0,0.0,0.13319225276039096
76,4063,7.935767762722937,0,25,0.0,0.0,0.13319225276039096
76,4401,8.502092198410057,0,25,0.0,0.0,0.13319225276039096
76,4570,8.785254416253617,0,25,0.0,0.0,0.13319225276039096
76,4655,8.927673283216354,0,25,0.0,0.0,0.13319225276039096
76,4676,8.96285912093656,0,25,0.0,0.0,0.13319225276039096
76,4678,8.96621015310039,0,100,0.0,0.0,0.03699349876899627
76,4679,8.967885669182303,0,100,0.0,0.0,0.03699349876899627
76,4680,8.969561185264219,0,100,0.0,0.0,0.03699349876899627
76,4681,8.971236701346132,0,100,0.0,0.0,0.03699349876899627
76,4682,8.972912217428048,0,100,0.0,0.0,0.03699349876899627
76,4683,8.974587733509962,0,100,0.0,0.0,0.03699349876899627
76,4684,8.976263249591875,0,100,0.0,0.0,0.03699349876899627
76,4685,8.977938765673791,0,100,0.0,0.0,0.03699349876899627
76,4686,8.979614281755705,0,200,0.0,0.0,0.018845326668962936
76,4718,9.033230796376971,0,200,0.0,0.0,0.018845326668962936
76,4726,9.046634925032288,0,200,0.0,0.0,0.018845326668962936
76,4734,9.060039053687603,0,200,0.0,0.0,0.018845326668962936
76,4742,9.07344318234292,0,200,0.0,0.0,0.018845326668962936
77,2024,4.534234496987368,0,25,0.0,0.0,0.13319225276039096
77,3377,6.801207755817764,0,25,0.0,0.0,0.13319225276039096
77,4054,7.935532143273917,0,25,0.0,0.0,0.13319225276039096
77,4392,8.501856578961037,0,25,0.0,0.0,0.13319225276039096
77,4561,8.785018796804598,0,25,0.0,0.0,0.13319225276039096
77,4646,8.927437663767334,0,25,0.0,0.0,0.13319225276039096
77,4667,8.96262350148754,0,25,0.0,0.0,0.13319225276039096
77,4669,8.96597453365137,0,100,0.0,0.0,0.03699349876899627
77,4670,8.967650049733283,0,100,0.0,0.0,0.03699349876899627
77,4671,8.969325565815199,0,100,0.0,0.0,0.03699349876899627
77,4672,8.971001081897112,0,100,0.0,0.0,0.03699349876899627
77,4673,8.972676597979028,0,100,0.0,0.0,0.03699349876899627
77,4674,8.974352114060942,0,100,0.0,0.0,0.03699349876899627
77,4675,8.976027630142857,0,100,0.0,0.0,0.03699349876899627
77,4676,8.977703146224771,0,100,0.0,0.0,0.03699349876899627
77,4677,8.979378662306686,0,200,0.0,0.0,0.018845326668962936
77,4709,9.032995176927951,0,200,0.0,0.0,0.018845326668962936
77,4717,9.046399305583268,0,200,0.0,0.0,0.018845326668962936
77,4725,9.059803434238585,0,200,0.0,0.0,0.018845326668962936
77,4733,9.0732075628939,0,200,0.0,0.0,0.018845326668962936
78,2015,4.533998877538348,0,25,0.0,0.0,0.13319225276039096
78,3368,6.800972136368744,0,25,0.0,0.0,0.13319225276039096
78,4045,7.935296523824897,0,25,0.0,0.0,0.13319225276039096
78,4383,8.501620959512017,0,25,0.0,0.0,0.13319225276039096
78,4552,8.784783177355578,0,25,0.0,0.0,0.13319225276039096
78,4637,8.927202044318316,0,25,0.0,0.0,0.13319225276039096
78,4658,8.96238788203852,0,25,0.0,0.0,0.13319225276039096
78,4660,8.96573891420235,0,100,0.0,0.0,0.03699349876899627
78,4661,8.967414430284265,0,100,0.0,0.0,0.03699349876899627
78,4662,8.969089946366179,0,100,0.0,0.0,0.03699349876899627
78,4663,8.970765462448094,0,100,0.0,0.0,0.03699349876899627
78,4664,8.972440978530008,0,100,0.0,0.0,0.03699349876899627
78,4665,8.974116494611923,0,100,0.0,0.0,0.03699349876899627
78,4666,8.975792010693837,0,100,0.0,0.0,0.03699349876899627
78,4667,8.977467526775753,0,100,0.0,0.0,0.03699349876899627
78,4668,8.979143042857666,0,200,0.0,0.0,0.018845326668962936
78,4700,9.032759557478933,0,200,0.0,0.0,0.018845326668962936
78,4708,9.046163686134248,0,200,0.0,0.0,0.018845326668962936
78,4716,9.059567814789565,0,200,0.0,0.0,0.018845326668962936
78,4724,9.072971943444882,0,200,0.0,0.0,0.018845326668962936
79,2006,4.53376325808933,0,25,0.0,0.0,0.13319225276039096
79,3359,6.8007365169197245,0,25,0.0,0.0,0.13319225276039096
79,4036,7.935060904375879,0,25,0.0,0.0,0.13319225276039096
79,4374,8.501385340062999,0,25,0.0,0.0,0.13319225276039096
79,4544,8.786223073988474,0,25,0.0,0.0,0.13319225276039096
79,4628,8.926966424869295,0,25,0.0,0.0,0.13319225276039096
79,4649,8.962152262589502,0,25,0.0,0.0,0.13319225276039096
79,4651,8.965503294753331,0,100,0.0,0.0,0.03699349876899627
79,4652,8.967178810835245,0,100,0.0,0.0,0.03699349876899627
79,4653,8.96885432691716,0,100,0.0,0.0,0.03699349876899627
79,4654,8.970529842999074,0,100,0.0,0.0,0.03699349876899627
79,4655,8.97220535908099,0,100,0.0,0.0,0.03699349876899627
79,4656,8.973880875162903,0,100,0.0,0.0,0.03699349876899627
79,4657,8.975556391244819,0,100,0.0,0.0,0.03699349876899627
79,4658,8.977231907326733,0,100,0.0,0.0,0.03699349876899627
79,4659,8.978907423408646,0,200,0.0,0.0,0.018845326668962936
79,4691,9.032523938029913,0,200,0.0,0.0,0.018845326668962936
79,4699,9.04592806668523,0,200,0.0,0.0,0.018845326668962936
79,4707,9.059332195340545,0,200,0.0,0.0,0.018845326668962936
79,4715,9.072736323995862,0,200,0.0,0.0,0.018845326668962936
80,1997,4.53352763864031,0,25,0.0,0.0,0.13319225276039096
80,3351,6.80217641355262,0,25,0.0,0.0,0.13319225276039096
80,4027,7.93482528492686,0,25,0.0,0.0,0.13319225276039096
80,4366,8.502825236695895,0,25,0.0,0.0,0.13319225276039096
80,4535,8.785987454539455,0,25,0.0,0.0,0.13319225276039096
80,4619,8.926730805420277,0,25,0.0,0.0,0.13319225276039096
80,4640,8.961916643140484,0,25,0.0,0.0,0.13319225276039096
80,4642,8.965267675304311,0,100,0.0,0.0,0.03699349876899627
80,4643,8.966943191386227,0,100,0.0,0.0,0.03699349876899627
80,4644,8.968618707468142,0,100,0.0,0.0,0.03699349876899627
80,4645,8.970294223550056,0,100,0.0,0.0,0.03699349876899627
80,4646,8.97196973963197,0,100,0.0,0.0,0.03699349876899627
80,4647,8.973645255713883,0,100,0.0,0.0,0.03699349876899627
80,4648,8.975320771795799,0,100,0.0,0.0,0.03699349876899627
80,4649,8.976996287877714,0,100,0.0,0.0,0.03699349876899627
80,4650,8.978671803959628,0,200,0.0,0.0,0.018845326668962936
80,4682,9.032288318580894,0,200,0.0,0.0,0.018845326668962936
80,4690,9.04569244723621,0,200,0.0,0.0,0.018845326668962936
80,4698,9.059096575891527,0,200,0.0,0.0,0.018845326668962936
80,4706,9.072500704546844,0,200,0.0,0.0,0.018845326668962936
81,1988,4.5332920191912915,0,25,0.0,0.0,0.13319225276039096
81,3342,6.8019407941036,0,25,0.0,0.0,0.13319225276039096
81,4018,7.93458966547784,0,25,0.0,0.0,0.13319225276039096
81,4357,8.502589617246874,0,25,0.0,0.0,0.13319225276039096
81,4526,8.785751835090435,0,25,0.0,0.0,0.13319225276039096
81,4610,8.926495185971257,0,25,0.0,0.0,0.13319225276039096
81,4632,8.963356539773379,0,25,0.0,0.0,0.13319225276039096
81,4633,8.965032055855293,0,100,0.0,0.0,0.03699349876899627
81,4634,8.966707571937206,0,100,0.0,0.0,0.03699349876899627
81,4635,8.968383088019122,0,100,0.0,0.0,0.03699349876899627
81,4636,8.970058604101036,0,100,0.0,0.0,0.03699349876899627
81,4637,8.971734120182951,0,100,0.0,0.0,0.03699349876899627
81,4638,8.973409636264865,0,100,0.0,0.0,0.03699349876899627
81,4639,8.97508515234678,0,100,0.0,0.0,0.03699349876899627
81,4640,8.976760668428694,0,100,0.0,0.0,0.03699349876899627
81,4641,8.97843618451061,0,200,0.0,0.0,0.018845326668962936
81,4673,9.032052699131874,0,200,0.0,0.0,0.018845326668962936
81,4681,9.045456827787191,0,200,0.0,0.0,0.018845326668962936
81,4689,9.058860956442508,0,200,0.0,0.0,0.018845326668962936
81,4697,9.072265085097824,0,200,0.0,0.0,0.018845326668962936
82,1980,4.534731915824187,0,25,0.0,0.0,0.13319225276039096
82,3333,6.801705174654581,0,25,0.0,0.0,0.13319225276039096
82,4009,7.934354046028821,0,25,0.0,0.0,0.13319225276039096
82,4348,8.502353997797856,0,25,0.0,0.0,0.13319225276039096
82,4517,8.785516215641415,0,25,0.0,0.0,0.13319225276039096
82,4602,8.927935082604153,0,25,0.0,0.0,0.13319225276039096
82,4623,8.963120920324359,0,25,0.0,0.0,0.13319225276039096
82,4625,8.966471952488188,0,100,0.0,0.0,0.03699349876899627
82,4626,8.968147468570102,0,100,0.0,0.0,0.03699349876899627
82,4627,8.969822984652017,0,100,0.0,0.0,0.03699349876899627
82,4628,8.971498500733931,0,100,0.0,0.0,0.03699349876899627
82,4629,8.973174016815847,0,100,0.0,0.0,0.03699349876899627
82,4630,8.97484953289776,0,100,0.0,0.0,0.03699349876899627
82,4631,8.976525048979676,0,100,0.0,0.0,0.03699349876899627
82,4632,8.97820056506159,0,100,0.0,0.0,0.03699349876899627
82,4633,8.979876081143505,0,200,0.0,0.0,0.018845326668962936
82,4665,9.03349259576477,0,200,0.0,0.0,0.018845326668962936
82,4673,9.046896724420087,0,200,0.0,0.0,0.018845326668962936
82,4681,9.060300853075404,0,200,0.0,0.0,0.018845326668962936
82,4689,9.07370498173072,0,200,0.0,0.0,0.018845326668962936
83,1971,4.534496296375167,0,25,0.0,0.0,0.13319225276039096
83,3324,6.801469555205562,0,25,0.0,0.0,0.13319225276039096
83,4001,7.935793942661716,0,25,0.0,0.0,0.13319225276039096
83,4339,8.502118378348836,0,25,0.0,0.0,0.13319225276039096
83,4508,8.785280596192397,0,25,0.0,0.0,0.13319225276039096
83,4593,8.927699463155134,0,25,0.0,0.0,0.13319225276039096
83,4614,8.962885300875339,0,25,0.0,0.0,0.13319225276039096
83,4616,8.966236333039168,0,100,0.0,0.0,0.03699349876899627
83,4617,8.967911849121084,0,100,0.0,0.0,0.03699349876899627
83,4618,8.969587365202997,0,100,0.0,0.0,0.03699349876899627
83,4619,8.971262881284913,0,100,0.0,0.0,0.03699349876899627
83,4620,8.972938397366827,0,100,0.0,0.0,0.03699349876899627
83,4621,8.974613913448742,0,100,0.0,0.0,0.03699349876899627
83,4622,8.976289429530656,0,100,0.0,0.0,0.03699349876899627
83,4623,8.97796494561257,0,100,0.0,0.0,0.03699349876899627
83,4624,8.979640461694485,0,200,0.0,0.0,0.018845326668962936
83,4656,9.033256976315752,0,200,0.0,0.0,0.018845326668962936
83,4664,9.046661104971067,0,200,0.0,0.0,0.018845326668962936
83,4672,9.060065233626384,0,200,0.0,0.0,0.018845326668962936
83,4680,9.0734693622817,0,200,0.0,0.0,0.018845326668962936
84,1962,4.534260676926148,0,25,0.0,0.0,0.13319225276039096
84,3315,6.801233935756543,0,25,0.0,0.0,0.13319225276039096
84,3992,7.935558323212698,0,25,0.0,0.0,0.13319225276039096
84,4330,8.501882758899818,0,25,0.0,0.0,0.13319225276039096
84,4499,8.785044976743377,0,25,0.0,0.0,0.13319225276039096
84,4584,8.927463843706114,0,25,0.0,0.0,0.13319225276039096
84,4605,8.96264968142632,0,25,0.0,0.0,0.13319225276039096
84,4607,8.96600071359015,0,100,0.0,0.0,0.03699349876899627
84,4608,8.967676229672064,0,100,0.0,0.0,0.03699349876899627
84,4609,8.969351745753979,0,100,0.0,0.0,0.03699349876899627
84,4610,8.971027261835893,0,100,0.0,0.0,0.03699349876899627
84,4611,8.972702777917807,0,100,0.0,0.0,0.03699349876899627
84,4612,8.974378293999722,0,100,0.0,0.0,0.03699349876899627
84,4613,8.976053810081636,0,100,0.0,0.0,0.03699349876899627
84,4614,8.977729326163551,0,100,0.0,0.0,0.03699349876899627
84,4615,8.979404842245465,0,200,0.0,0.0,0.018845326668962936
84,4647,9.033021356866731,0,200,0.0,0.0,0.018845326668962936
84,4655,9.046425485522049,0,200,0.0,0.0,0.018845326668962936
84,4663,9.059829614177364,0,200,0.0,0.0,0.018845326668962936
84,4671,9.07323374283268,0,200,0.0,0.0,0.018845326668962936
85,1953,4.534025057477129,0,25,0.0,0.0,0.13319225276039096
85,3306,6.800998316307523,0,25,0.0,0.0,0.13319225276039096
85,3983,7.935322703763678,0,25,0.0,0.0,0.13319225276039096
85,4321,8.501647139450798,0,25,0.0,0.0,0.13319225276039096
85,4490,8.784809357294357,0,25,0.0,0.0,0.13319225276039096
85,4575,8.927228224257096,0,25,0.0,0.0,0.13319225276039096
85,4596,8.962414061977302,0,25,0.0,0.0,0.13319225276039096
85,4598,8.96576509414113,0,100,0.0,0.0,0.03699349876899627
85,4599,8.967440610223044,0,100,0.0,0.0,0.03699349876899627
85,4600,8.969116126304959,0,100,0.0,0.0,0.03699349876899627
85,4601,8.970791642386875,0,100,0.0,0.0,0.03699349876899627
85,4602,8.972467158468788,0,100,0.0,0.0,0.03699349876899627
85,4603,8.974142674550702,0,100,0.0,0.0,0.03699349876899627
85,4604,8.975818190632618,0,100,0.0,0.0,0.03699349876899627
85,4605,8.977493706714533,0,100,0.0,0.0,0.03699349876899627
85,4606,8.979169222796447,0,200,0.0,0.0,0.018845326668962936
85,4638,9.032785737417711,0,200,0.0,0.0,0.018845326668962936
85,4646,9.046189866073028,0,200,0.0,0.0,0.018845326668962936
85,4654,9.059593994728345,0,200,0.0,0.0,0.018845326668962936
85,4662,9.072998123383663,0,200,0.0,0.0,0.018845326668962936
86,1944,4.533789438028109,0,25,0.0,0.0,0.13319225276039096
86,3297,6.800762696858504,0,25,0.0,0.0,0.13319225276039096
86,3974,7.935087084314659,0,25,0.0,0.0,0.13319225276039096
86,4312,8.501411520001778,0,25,0.0,0.0,0.13319225276039096
86,4482,8.786249253927252,0,25,0.0,0.0,0.13319225276039096
86,4566,8.926992604808076,0,25,0.0,0.0,0.13319225276039096
86,4587,8.96217844252828,0,25,0.0,0.0,0.13319225276039096
86,4589,8.965529474692111,0,100,0.0,0.0,0.03699349876899627
86,4590,8.967204990774025,0,100,0.0,0.0,0.03699349876899627
86,4591,8.968880506855939,0,100,0.0,0.0,0.03699349876899627
86,4592,8.970556022937854,0,100,0.0,0.0,0.03699349876899627
86,4593,8.97223153901977,0,100,0.0,0.0,0.03699349876899627
86,4594,8.973907055101684,0,100,0.0,0.0,0.03699349876899627
86,4595,8.975582571183597,0,100,0.0,0.0,0.03699349876899627
86,4596,8.977258087265513,0,100,0.0,0.0,0.03699349876899627
86,4597,8.978933603347429,0,200,0.0,0.0,0.018845326668962936
86,4629,9.032550117968693,0,200,0.0,0.0,0.018845326668962936
86,4637,9.04595424662401,0,200,0.0,0.0,0.018845326668962936
86,4645,9.059358375279327,0,200,0.0,0.0,0.018845326668962936
86,4653,9.072762503934642,0,200,0.0,0.0,0.018845326668962936
87,1935,4.53355381857909,0,25,0.0,0.0,0.13319225276039096
87,3289,6.802202593491399,0,25,0.0,0.0,0.13319225276039096
87,3965,7.934851464865639,0,25,0.0,0.0,0.13319225276039096
87,4303,8.50117590055276,0,25,0.0,0.0,0.13319225276039096
87,4473,8.786013634478234,0,25,0.0,0.0,0.13319225276039096
87,4557,8.926756985359058,0,25,0.0,0.0,0.13319225276039096
87,4578,8.961942823079262,0,25,0.0,0.0,0.13319225276039096
87,4580,8.965293855243091,0,100,0.0,0.0,0.03699349876899627
87,4581,8.966969371325007,0,100,0.0,0.0,0.03699349876899627
87,4582,8.96864488740692,0,100,0.0,0.0,0.03699349876899627
87,4583,8.970320403488836,0,100,0.0,0.0,0.03699349876899627
87,4584,8.97199591957075,0,100,0.0,0.0,0.03699349876899627
87,4585,8.973671435652665,0,100,0.0,0.0,0.03699349876899627
87,4586,8.97534695173458,0,100,0.0,0.0,0.03699349876899627
87,4587,8.977022467816493,0,100,0.0,0.0,0.03699349876899627
87,4588,8.978697983898408,0,200,0.0,0.0,0.018845326668962936
87,4620,9.032314498519675,0,200,0.0,0.0,0.018845326668962936
87,4628,9.04571862717499,0,200,0.0,0.0,0.018845326668962936
87,4636,9.059122755830307,0,200,0.0,0.0,0.018845326668962936
87,4644,9.072526884485624,0,200,0.0,0.0,0.018845326668962936
88,1926,4.533318199130071,0,25,0.0,0.0,0.13319225276039096
88,3280,6.801966974042381,0,25,0.0,0.0,0.13319225276039096
88,3956,7.934615845416621,0,25,0.0,0.0,0.13319225276039096
88,4295,8.502615797185655,0,25,0.0,0.0,0.13319225276039096
88,4464,8.785778015029216,0,25,0.0,0.0,0.13319225276039096
88,4548,8.926521365910038,0,25,0.0,0.0,0.13319225276039096
88,4570,8.963382719712158,0,25,0.0,0.0,0.13319225276039096
88,4571,8.965058235794073,0,100,0.0,0.0,0.03699349876899627
88,4572,8.966733751875987,0,100,0.0,0.0,0.03699349876899627
88,4573,8.968409267957902,0,100,0.0,0.0,0.03699349876899627
88,4574,8.970084784039816,0,100,0.0,0.0,0.03699349876899627
88,4575,8.97176030012173,0,100,0.0,0.0,0.03699349876899627
88,4576,8.973435816203645,0,100,0.0,0.0,0.03699349876899627
88,4577,8.97511133228556,0,100,0.0,0.0,0.03699349876899627
88,4578,8.976786848367475,0,100,0.0,0.0,0.03699349876899627
88,4579,8.978462364449388,0,200,0.0,0.0,0.018845326668962936
88,4611,9.032078879070655,0,200,0.0,0.0,0.018845326668962936
88,4619,9.045483007725972,0,200,0.0,0.0,0.018845326668962936
88,4627,9.058887136381287,0,200,0.0,0.0,0.018845326668962936
88,4635,9.072291265036604,0,200,0.0,0.0,0.018845326668962936
89,1918,4.5347580957629665,0,25,0.0,0.0,0.13319225276039096
89,3271,6.801731354593361,0,25,0.0,0.0,0.13319225276039096
89,3947,7.934380225967601,0,25,0.0,0.0,0.13319225276039096
89,4286,8.502380177736635,0,25,0.0,0.0,0.13319225276039096
89,4455,8.785542395580196,0,25,0.0,0.0,0.13319225276039096
89,4540,8.927961262542933,0,25,0.0,0.0,0.13319225276039096
89,4561,8.96314710026314,0,25,0.0,0.0,0.13319225276039096
89,4563,8.966498132426967,0,100,0.0,0.0,0.03699349876899627
89,4564,8.968173648508882,0,100,0.0,0.0,0.03699349876899627
89,4565,8.969849164590796,0,100,0.0,0.0,0.03699349876899627
89,4566,8.971524680672712,0,100,0.0,0.0,0.03699349876899627
89,4567,8.973200196754625,0,100,0.0,0.0,0.03699349876899627
89,4568,8.97487571283654,0,100,0.0,0.0,0.03699349876899627
89,4569,8.976551228918455,0,100,0.0,0.0,0.03699349876899627
89,4570,8.97822674500037,0,100,0.0,0.0,0.03699349876899627
89,4571,8.979902261082284,0,200,0.0,0.0,0.018845326668962936
89,4603,9.03351877570355,0,200,0.0,0.0,0.018845326668962936
89,4611,9.046922904358865,0,200,0.0,0.0,0.018845326668962936
89,4619,9.060327033014183,0,200,0.0,0.0,0.018845326668962936
89,4627,9.0737311616695,0,200,0.0,0.0,0.018845326668962936
90,1909,4.534522476313947,0,25,0.0,0.0,0.13319225276039096
90,3262,6.801495735144342,0,25,0.0,0.0,0.13319225276039096
90,3939,7.9358201226004965,0,25,0.0,0.0,0.13319225276039096
90,4277,8.502144558287617,0,25,0.0,0.0,0.13319225276039096
90,4446,8.785306776131176,0,25,0.0,0.0,0.13319225276039096
90,4531,8.927725643093915,0,25,0.0,0.0,0.13319225276039096
90,4552,8.96291148081412,0,25,0.0,0.0,0.13319225276039096
90,4554,8.966262512977949,0,100,0.0,0.0,0.03699349876899627
90,4555,8.967938029059862,0,100,0.0,0.0,0.03699349876899627
90,4556,8.969613545141778,0,100,0.0,0.0,0.03699349876899627
90,4557,8.971289061223693,0,100,0.0,0.0,0.03699349876899627
90,4558,8.972964577305607,0,100,0.0,0.0,0.03699349876899627
90,4559,8.97464009338752,0,100,0.0,0.0,0.03699349876899627
90,4560,8.976315609469436,0,100,0.0,0.0,0.03699349876899627
90,4561,8.977991125551352,0,100,0.0,0.0,0.03699349876899627
90,4562,8.979666641633266,0,200,0.0,0.0,0.018845326668962936
90,4594,9.03328315625453,0,200,0.0,0.0,0.018845326668962936
90,4602,9.046687284909847,0,200,0.0,0.0,0.018845326668962936
90,4610,9.060091413565164,0,200,0.0,0.0,0.018845326668962936
90,4618,9.073495542220481,0,200,0.0,0.0,0.018845326668962936
91,1900,4.534286856864927,0,25,0.0,0.0,0.13319225276039096
91,3253,6.801260115695323,0,25,0.0,0.0,0.13319225276039096
91,3930,7.935584503151477,0,25,0.0,0.0,0.13319225276039096
91,4268,8.501908938838596,0,25,0.0,0.0,0.13319225276039096
91,4437,8.785071156682157,0,25,0.0,0.0,0.13319225276039096
91,4522,8.927490023644895,0,25,0.0,0.0,0.13319225276039096
91,4543,8.9626758613651,0,25,0.0,0.0,0.13319225276039096
91,4545,8.96602689352893,0,100,0.0,0.0,0.03699349876899627
91,4546,8.967702409610844,0,100,0.0,0.0,0.03699349876899627
91,4547,8.969377925692758,0,100,0.0,0.0,0.03699349876899627
91,4548,8.971053441774673,0,100,0.0,0.0,0.03699349876899627
91,4549,8.972728957856589,0,100,0.0,0.0,0.03699349876899627
91,4550,8.974404473938502,0,100,0.0,0.0,0.03699349876899627
91,4551,8.976079990020416,0,100,0.0,0.0,0.03699349876899627
91,4552,8.97775550610233,0,100,0.0,0.0,0.03699349876899627
91,4553,8.979431022184245,0,200,0.0,0.0,0.018845326668962936
91,4585,9.033047536805512,0,200,0.0,0.0,0.018845326668962936
91,4593,9.046451665460829,0,200,0.0,0.0,0.018845326668962936
91,4601,9.059855794116144,0,200,0.0,0.0,0.018845326668962936
91,4609,9.073259922771461,0,200,0.0,0.0,0.018845326668962936
92,1891,4.534051237415909,0,25,0.0,0.0,0.13319225276039096
92,3244,6.801024496246304,0,25,0.0,0.0,0.13319225276039096
92,3921,7.935348883702457,0,25,0.0,0.0,0.13319225276039096
92,4259,8.501673319389578,0,25,0.0,0.0,0.13319225276039096
92,4428,8.784835537233139,0,25,0.0,0.0,0.13319225276039096
92,4513,8.927254404195875,0,25,0.0,0.0,0.13319225276039096
92,4534,8.962440241916081,0,25,0.0,0.0,0.13319225276039096
92,4536,8.96579127407991,0,100,0.0,0.0,0.03699349876899627
92,4537,8.967466790161826,0,100,0.0,0.0,0.03699349876899627
92,4538,8.96914230624374,0,100,0.0,0.0,0.03699349876899627
92,4539,8.970817822325653,0,100,0.0,0.0,0.03699349876899627
92,4540,8.972493338407569,0,100,0.0,0.0,0.03699349876899627
92,4541,8.974168854489482,0,100,0.0,0.0,0.03699349876899627
92,4542,8.975844370571398,0,100,0.0,0.0,0.03699349876899627
92,4543,8.977519886653312,0,100,0.0,0.0,0.03699349876899627
92,4544,8.979195402735227,0,200,0.0,0.0,0.018845326668962936
92,4576,9.032811917356492,0,200,0.0,0.0,0.018845326668962936
92,4584,9.046216046011809,0,200,0.0,0.0,0.018845326668962936
92,4592,9.059620174667126,0,200,0.0,0.0,0.018845326668962936
92,4600,9.073024303322441,0,200,0.0,0.0,0.018845326668962936
93,1882,4.533815617966889,0,25,0.0,0.0,0.13319225276039096
93,3235,6.800788876797284,0,25,0.0,0.0,0.13319225276039096
93,3912,7.935113264253438,0,25,0.0,0.0,0.13319225276039096
93,4250,8.501437699940558,0,25,0.0,0.0,0.13319225276039096
93,4419,8.784599917784119,0,25,0.0,0.0,0.13319225276039096
93,4504,8.927018784746856,0,25,0.0,0.0,0.13319225276039096
93,4525,8.96220462246706,0,25,0.0,0.0,0.13319225276039096
93,4527,8.96555565463089,0,100,0.0,0.0,0.03699349876899627
93,4528,8.967231170712806,0,100,0.0,0.0,0.03699349876899627
93,4529,8.96890668679472,0,100,0.0,0.0,0.03699349876899627
93,4530,8.970582202876635,0,100,0.0,0.0,0.03699349876899627
93,4531,8.972257718958549,0,100,0.0,0.0,0.03699349876899627
93,4532,8.973933235040464,0,100,0.0,0.0,0.03699349876899627
93,4533,8.975608751122378,0,100,0.0,0.0,0.03699349876899627
93,4534,8.977284267204293,0,100,0.0,0.0,0.03699349876899627
93,4535,8.978959783286207,0,200,0.0,0.0,0.018845326668962936
93,4567,9.032576297907474,0,200,0.0,0.0,0.018845326668962936
93,4575,9.045980426562789,0,200,0.0,0.0,0.018845326668962936
93,4583,9.059384555218106,0,200,0.0,0.0,0.018845326668962936
93,4591,9.072788683873423,0,200,0.0,0.0,0.018845326668962936
94,1873,4.533579998517871,0,25,0.0,0.0,0.13319225276039096
94,3227,6.80222877343018,0,25,0.0,0.0,0.13319225276039096
94,3903,7.93487764480442,0,25,0.0,0.0,0.13319225276039096
94,4241,8.50120208049154,0,25,0.0,0.0,0.13319225276039096
94,4411,8.786039814417014,0,25,0.0,0.0,0.13319225276039096
94,4495,8.926783165297836,0,25,0.0,0.0,0.13319225276039096
94,4516,8.961969003018043,0,25,0.0,0.0,0.13319225276039096
94,4518,8.965320035181872,0,100,0.0,0.0,0.03699349876899627
94,4519,8.966995551263786,0,100,0.0,0.0,0.03699349876899627
94,4520,8.968671067345701,0,100,0.0,0.0,0.03699349876899627
94,4521,8.970346583427615,0,100,0.0,0.0,0.03699349876899627
94,4522,8.97202209950953,0,100,0.0,0.0,0.03699349876899627
94,4523,8.973697615591444,0,100,0.0,0.0,0.03699349876899627
94,4524,8.97537313167336,0,100,0.0,0.0,0.03699349876899627
94,4525,8.977048647755273,0,100,0.0,0.0,0.03699349876899627
94,4526,8.978724163837187,0,200,0.0,0.0,0.018845326668962936
94,4558,9.032340678458453,0,200,0.0,0.0,0.018845326668962936
94,4566,9.04574480711377,0,200,0.0,0.0,0.018845326668962936
94,4574,9.059148935769086,0,200,0.0,0.0,0.018845326668962936
94,4582,9.072553064424403,0,200,0.0,0.0,0.018845326668962936
95,1864,4.533344379068851,0,25,0.0,0.0,0.13319225276039096
95,3218,6.801993153981161,0,25,0.0,0.0,0.13319225276039096
95,3894,7.934642025355401,0,25,0.0,0.0,0.13319225276039096
95,4233,8.502641977124435,0,25,0.0,0.0,0.13319225276039096
95,4402,8.785804194967994,0,25,0.0,0.0,0.13319225276039096
95,4486,8.926547545848818,0,25,0.0,0.0,0.13319225276039096
95,4508,8.963408899650938,0,25,0.0,0.0,0.13319225276039096
95,4509,8.965084415732852,0,100,0.0,0.0,0.03699349876899627
95,4510,8.966759931814767,0,100,0.0,0.0,0.03699349876899627
95,4511,8.968435447896681,0,100,0.0,0.0,0.03699349876899627
95,4512,8.970110963978597,0,100,0.0,0.0,0.03699349876899627
95,4513,8.97178648006051,0,100,0.0,0.0,0.03699349876899627
95,4514,8.973461996142424,0,100,0.0,0.0,0.03699349876899627
95,4515,8.97513751222434,0,100,0.0,0.0,0.03699349876899627
95,4516,8.976813028306253,0,100,0.0,0.0,0.03699349876899627
95,4517,8.978488544388169,0,200,0.0,0.0,0.018845326668962936
95,4549,9.032105059009435,0,200,0.0,0.0,0.018845326668962936
95,4557,9.04550918766475,0,200,0.0,0.0,0.018845326668962936
95,4565,9.058913316320067,0,200,0.0,0.0,0.018845326668962936
95,4573,9.072317444975385,0,200,0.0,0.0,0.018845326668962936
96,1856,4.534784275701746,0,25,0.0,0.0,0.13319225276039096
96,3209,6.801757534532141,0,25,0.0,0.0,0.13319225276039096
96,3885,7.934406405906381,0,25,0.0,0.0,0.13319225276039096
96,4224,8.502406357675415,0,25,0.0,0.0,0.13319225276039096
96,4393,8.785568575518976,0,25,0.0,0.0,0.13319225276039096
96,4477,8.926311926399798,0,25,0.0,0.0,0.13319225276039096
96,4499,8.963173280201918,0,25,0.0,0.0,0.13319225276039096
96,4501,8.966524312365747,0,100,0.0,0.0,0.03699349876899627
96,4502,8.968199828447663,0,100,0.0,0.0,0.03699349876899627
96,4503,8.969875344529576,0,100,0.0,0.0,0.03699349876899627
96,4504,8.97155086061149,0,100,0.0,0.0,0.03699349876899627
96,4505,8.973226376693406,0,100,0.0,0.0,0.03699349876899627
96,4506,8.974901892775321,0,100,0.0,0.0,0.03699349876899627
96,4507,8.976577408857235,0,100,0.0,0.0,0.03699349876899627
96,4508,8.978252924939149,0,100,0.0,0.0,0.03699349876899627
96,4509,8.979928441021064,0,200,0.0,0.0,0.018845326668962936
96,4541,9.03354495564233,0,200,0.0,0.0,0.018845326668962936
96,4549,9.046949084297648,0,200,0.0,0.0,0.018845326668962936
96,4557,9.060353212952963,0,200,0.0,0.0,0.018845326668962936
96,4565,9.073757341608278,0,200,0.0,0.0,0.018845326668962936
97,1847,4.534548656252727,0,25,0.0,0.0,0.13319225276039096
97,3200,6.801521915083121,0,25,0.0,0.0,0.13319225276039096
97,3877,7.935846302539276,0,25,0.0,0.0,0.13319225276039096
97,4215,8.502170738226397,0,25,0.0,0.0,0.13319225276039096
97,4384,8.785332956069956,0,25,0.0,0.0,0.13319225276039096
97,4469,8.927751823032693,0,25,0.0,0.0,0.13319225276039096
97,4490,8.9629376607529,0,25,0.0,0.0,0.13319225276039096
97,4492,8.966288692916729,0,100,0.0,0.0,0.03699349876899627
97,4493,8.967964208998643,0,100,0.0,0.0,0.03699349876899627
97,4494,8.969639725080558,0,100,0.0,0.0,0.03699349876899627
97,4495,8.971315241162472,0,100,0.0,0.0,0.03699349876899627
97,4496,8.972990757244387,0,100,0.0,0.0,0.03699349876899627
97,4497,8.974666273326301,0,100,0.0,0.0,0.03699349876899627
97,4498,8.976341789408217,0,100,0.0,0.0,0.03699349876899627
97,4499,8.97801730549013,0,100,0.0,0.0,0.03699349876899627
97,4500,8.979692821572046,0,200,0.0,0.0,0.018845326668962936
97,4532,9.03330933619331,0,200,0.0,0.0,0.018845326668962936
97,4540,9.046713464848628,0,200,0.0,0.0,0.018845326668962936
97,4548,9.060117593503945,0,200,0.0,0.0,0.018845326668962936
97,4556,9.07352172215926,0,200,0.0,0.0,0.018845326668962936
98,1838,4.534313036803708,0,25,0.0,0.0,0.13319225276039096
98,3191,6.801286295634103,0,25,0.0,0.0,0.13319225276039096
98,3868,7.935610683090257,0,25,0.0,0.0,0.13319225276039096
98,4206,8.501935118777377,0,25,0.0,0.0,0.13319225276039096
98,4375,8.785097336620938,0,25,0.0,0.0,0.13319225276039096
98,4460,8.927516203583675,0,25,0.0,0.0,0.13319225276039096
98,4481,8.96270204130388,0,25,0.0,0.0,0.13319225276039096
98,4483,8.966053073467709,0,100,0.0,0.0,0.03699349876899627
98,4484,8.967728589549624,0,100,0.0,0.0,0.03699349876899627
98,4485,8.969404105631538,0,100,0.0,0.0,0.03699349876899627
98,4486,8.971079621713454,0,100,0.0,0.0,0.03699349876899627
98,4487,8.972755137795367,0,100,0.0,0.0,0.03699349876899627
98,4488,8.974430653877283,0,100,0.0,0.0,0.03699349876899627
98,4489,8.976106169959197,0,100,0.0,0.0,0.03699349876899627
98,4490,8.97778168604111,0,100,0.0,0.0,0.03699349876899627
98,4491,8.979457202123026,0,200,0.0,0.0,0.018845326668962936
98,4523,9.033073716744292,0,200,0.0,0.0,0.018845326668962936
98,4531,9.046477845399608,0,200,0.0,0.0,0.018845326668962936
98,4539,9.059881974054925,0,200,0.0,0.0,0.018845326668962936
98,4547,9.073286102710242,0,200,0.0,0.0,0.018845326668962936
99,1829,4.5340774173546885,0,25,0.0,0.0,0.13319225276039096
99,3182,6.801050676185083,0,25,0.0,0.0,0.13319225276039096
99,3859,7.935375063641239,0,25,0.0,0.0,0.13319225276039096
99,4197,8.501699499328359,0,25,0.0,0.0,0.13319225276039096
99,4366,8.784861717171918,0,25,0.0,0.0,0.13319225276039096
99,4451,8.927280584134655,0,25,0.0,0.0,0.13319225276039096
99,4472,8.962466421854861,0,25,0.0,0.0,0.13319225276039096
99,4474,8.96581745401869,0,100,0.0,0.0,0.03699349876899627
99,4475,8.967492970100604,0,100,0.0,0.0,0.03699349876899627
99,4476,8.96916848618252,0,100,0.0,0.0,0.03699349876899627
99,4477,8.970844002264434,0,100,0.0,0.0,0.03699349876899627
99,4478,8.972519518346347,0,100,0.0,0.0,0.03699349876899627
99,4479,8.974195034428263,0,100,0.0,0.0,0.03699349876899627
99,4480,8.975870550510177,0,100,0.0,0.0,0.03699349876899627
99,4481,8.977546066592092,0,100,0.0,0.0,0.03699349876899627
99,4482,8.979221582674006,0,200,0.0,0.0,0.018845326668962936
99,4514,9.032838097295272,0,200,0.0,0.0,0.018845326668962936
99,4522,9.04624222595059,0,200,0.0,0.0,0.018845326668962936
99,4530,9.059646354605905,0,200,0.0,0.0,0.018845326668962936
99,4538,9.073050483261222,0,200,0.0,0.0,0.018845326668962936
100,1820,4.533841797905669,0,25,0.0,0.0,0.13319225276039096
100,3173,6.800815056736064,0,25,0.0,0.0,0.13319225276039096
100,3850,7.9351394441922185,0,25,0.0,0.0,0.13319225276039096
100,4188,8.501463879879338,0,25,0.0,0.0,0.13319225276039096
100,4357,8.784626097722898,0,25,0.0,0.0,0.13319225276039096
100,4442,8.927044964685635,0,25,0.0,0.0,0.13319225276039096
100,4463,8.962230802405841,0,25,0.0,0.0,0.13319225276039096
100,4465,8.96558183456967,0,100,0.0,0.0,0.03699349876899627
100,4466,8.967257350651584,0,100,0.0,0.0,0.03699349876899627
100,4467,8.9689328667335,0,100,0.0,0.0,0.03699349876899627
100,4468,8.970608382815414,0,100,0.0,0.0,0.03699349876899627
100,4469,8.972283898897329,0,100,0.0,0.0,0.03699349876899627
100,4470,8.973959414979243,0,100,0.0,0.0,0.03699349876899627
100,4471,8.975634931061158,0,100,0.0,0.0,0.03699349876899627
100,4472,8.977310447143072,0,100,0.0,0.0,0.03699349876899627
100,4473,8.978985963224988,0,200,0.0,0.0,0.018845326668962936
100,4505,9.032602477846252,0,200,0.0,0.0,0.018845326668962936
100,4513,9.04600660650157,0,200,0.0,0.0,0.018845326668962936
100,4521,9.059410735156886,0,200,0.0,0.0,0.018845326668962936
100,4529,9.072814863812201,0,200,0.0,0.0,0.018845326668962936
101,1811,4.53360617845665,0,25,0.0,0.0,0.13319225276039096
101,3165,6.802254953368959,0,25,0.0,0.0,0.13319225276039096
101,3841,7.934903824743199,0,25,0.0,0.0,0.13319225276039096
101,4179,8.50122826043032,0,25,0.0,0.0,0.13319225276039096
101,4349,8.786065994355795,0,25,0.0,0.0,0.13319225276039096
101,4433,8.926809345236617,0,25,0.0,0.0,0.13319225276039096
101,4454,8.961995182956823,0,25,0.0,0.0,0.13319225276039096
101,4456,8.96534621512065,0,100,0.0,0.0,0.03699349876899627
101,4457,8.967021731202566,0,100,0.0,0.0,0.03699349876899627
101,4458,8.968697247284481,0,100,0.0,0.0,0.03699349876899627
101,4459,8.970372763366395,0,100,0.0,0.0,0.03699349876899627
101,4460,8.972048279448309,0,100,0.0,0.0,0.03699349876899627
101,4461,8.973723795530224,0,100,0.0,0.0,0.03699349876899627
101,4462,8.97539931161214,0,100,0.0,0.0,0.03699349876899627
101,4463,8.977074827694054,0,100,0.0,0.0,0.03699349876899627
101,4464,8.978750343775967,0,200,0.0,0.0,0.018845326668962936
101,4496,9.032366858397234,0,200,0.0,0.0,0.018845326668962936
101,4504,9.04577098705255,0,200,0.0,0.0,0.018845326668962936
101,4512,9.059175115707866,0,200,0.0,0.0,0.018845326668962936
101,4520,9.072579244363183,0,200,0.0,0.0,0.018845326668962936
102,1802,4.533370559007631,0,25,0.0,0.0,0.13319225276039096
102,3156,6.80201933391994,0,25,0.0,0.0,0.13319225276039096
102,3832,7.93466820529418,0,25,0.0,0.0,0.13319225276039096
102,4171,8.502668157063216,0,25,0.0,0.0,0.13319225276039096
102,4340,8.785830374906775,0,25,0.0,0.0,0.13319225276039096
102,4424,8.926573725787598,0,25,0.0,0.0,0.13319225276039096
102,4445,8.961759563507803,0,25,0.0,0.0,0.13319225276039096
102,4447,8.965110595671632,0,100,0.0,0.0,0.03699349876899627
102,4448,8.966786111753546,0,100,0.0,0.0,0.03699349876899627
102,4449,8.968461627835461,0,100,0.0,0.0,0.03699349876899627
102,4450,8.970137143917377,0,100,0.0,0.0,0.03699349876899627
102,4451,8.97181265999929,0,100,0.0,0.0,0.03699349876899627
102,4452,8.973488176081204,0,100,0.0,0.0,0.03699349876899627
102,4453,8.975163692163118,0,100,0.0,0.0,0.03699349876899627
102,4454,8.976839208245034,0,100,0.0,0.0,0.03699349876899627
102,4455,8.97851472432695,0,200,0.0,0.0,0.018845326668962936
102,4487,9.032131238948214,0,200,0.0,0.0,0.018845326668962936
102,4495,9.04553536760353,0,200,0.0,0.0,0.018845326668962936
102,4503,9.058939496258848,0,200,0.0,0.0,0.018845326668962936
102,4511,9.072343624914165,0,200,0.0,0.0,0.018845326668962936
103,1794,4.534810455640526,0,25,0.0,0.0,0.13319225276039096
103,3147,6.801783714470921,0,25,0.0,0.0,0.13319225276039096
103,3823,7.934432585845161,0,25,0.0,0.0,0.13319225276039096
103,4162,8.502432537614196,0,25,0.0,0.0,0.13319225276039096
103,4331,8.785594755457756,0,25,0.0,0.0,0.13319225276039096
103,4415,8.926338106338578,0,25,0.0,0.0,0.13319225276039096
103,4437,8.963199460140698,0,25,0.0,0.0,0.13319225276039096
103,4439,8.966550492304528,0,100,0.0,0.0,0.03699349876899627
103,4440,8.968226008386443,0,100,0.0,0.0,0.03699349876899627
103,4441,8.969901524468357,0,100,0.0,0.0,0.03699349876899627
103,4442,8.97157704055027,0,100,0.0,0.0,0.03699349876899627
103,4443,8.973252556632186,0,100,0.0,0.0,0.03699349876899627
103,4444,8.9749280727141,0,100,0.0,0.0,0.03699349876899627
103,4445,8.976603588796015,0,100,0.0,0.0,0.03699349876899627
103,4446,8.97827910487793,0,100,0.0,0.0,0.03699349876899627
103,4447,8.979954620959845,0,200,0.0,0.0,0.018845326668962936
103,4479,9.03357113558111,0,200,0.0,0.0,0.018845326668962936
103,4487,9.046975264236426,0,200,0.0,0.0,0.018845326668962936
103,4495,9.060379392891743,0,200,0.0,0.0,0.018845326668962936
103,4503,9.073783521547059,0,200,0.0,0.0,0.018845326668962936
104,1785,4.534574836191507,0,25,0.0,0.0,0.13319225276039096
104,3138,6.801548095021902,0,25,0.0,0.0,0.13319225276039096
104,3815,7.9358724824780555,0,25,0.0,0.0,0.13319225276039096
104,4153,8.502196918165176,0,25,0.0,0.0,0.13319225276039096
104,4322,8.785359136008736,0,25,0.0,0.0,0.13319225276039096
104,4407,8.927778002971474,0,25,0.0,0.0,0.13319225276039096
104,4428,8.96296384069168,0,25,0.0,0.0,0.13319225276039096
104,4430,8.966314872855508,0,100,0.0,0.0,0.03699349876899627
104,4431,8.967990388937423,0,100,0.0,0.0,0.03699349876899627
104,4432,8.969665905019337,0,100,0.0,0.0,0.03699349876899627
104,4433,8.971341421101252,0,100,0.0,0.0,0.03699349876899627
104,4434,8.973016937183166,0,100,0.0,0.0,0.03699349876899627
104,4435,8.974692453265082,0,100,0.0,0.0,0.03699349876899627
104,4436,8.976367969346995,0,100,0.0,0.0,0.03699349876899627
104,4437,8.97804348542891,0,100,0.0,0.0,0.03699349876899627
104,4438,8.979719001510825,0,200,0.0,0.0,0.018845326668962936
104,4470,9.033335516132091,0,200,0.0,0.0,0.018845326668962936
104,4478,9.046739644787406,0,200,0.0,0.0,0.018845326668962936
104,4486,9.060143773442723,0,200,0.0,0.0,0.018845326668962936
104,4494,9.07354790209804,0,200,0.0,0.0,0.018845326668962936
105,1776,4.534339216742488,0,25,0.0,0.0,0.13319225276039096
105,3129,6.801312475572883,0,25,0.0,0.0,0.13319225276039096
105,3806,7.935636863029037,0,25,0.0,0.0,0.13319225276039096
105,4144,8.501961298716157,0,25,0.0,0.0,0.13319225276039096
105,4313,8.785123516559716,0,25,0.0,0.0,0.13319225276039096
105,4398,8.927542383522454,0,25,0.0,0.0,0.13319225276039096
105,4419,8.96272822124266,0,25,0.0,0.0,0.13319225276039096
105,4421,8.96607925340649,0,100,0.0,0.0,0.03699349876899627
105,4422,8.967754769488403,0,100,0.0,0.0,0.03699349876899627
105,4423,8.969430285570319,0,100,0.0,0.0,0.03699349876899627
105,4424,8.971105801652232,0,100,0.0,0.0,0.03699349876899627
105,4425,8.972781317734148,0,100,0.0,0.0,0.03699349876899627
105,4426,8.974456833816062,0,100,0.0,0.0,0.03699349876899627
105,4427,8.976132349897977,0,100,0.0,0.0,0.03699349876899627
105,4428,8.97780786597989,0,100,0.0,0.0,0.03699349876899627
105,4429,8.979483382061805,0,200,0.0,0.0,0.018845326668962936
105,4461,9.033099896683071,0,200,0.0,0.0,0.018845326668962936
105,4469,9.046504025338388,0,200,0.0,0.0,0.018845326668962936
105,4477,9.059908153993703,0,200,0.0,0.0,0.018845326668962936
105,4485,9.07331228264902,0,200,0.0,0.0,0.018845326668962936
106,1767,4.534103597293469,0,25,0.0,0.0,0.13319225276039096
106,3120,6.8010768561238635,0,25,0.0,0.0,0.13319225276039096
106,3797,7.935401243580018,0,25,0.0,0.0,0.13319225276039096
106,4135,8.501725679267139,0,25,0.0,0.0,0.13319225276039096
106,4304,8.784887897110698,0,25,0.0,0.0,0.13319225276039096
106,4389,8.927306764073435,0,25,0.0,0.0,0.13319225276039096
106,4410,8.962492601793642,0,25,0.0,0.0,0.13319225276039096
106,4412,8.96584363395747,0,100,0.0,0.0,0.03699349876899627
106,4413,8.967519150039385,0,100,0.0,0.0,0.03699349876899627
106,4414,8.9691946661213,0,100,0.0,0.0,0.03699349876899627
106,4415,8.970870182203214,0,100,0.0,0.0,0.03699349876899627
106,4416,8.972545698285128,0,100,0.0,0.0,0.03699349876899627
106,4417,8.974221214367041,0,100,0.0,0.0,0.03699349876899627
106,4418,8.975896730448957,0,100,0.0,0.0,0.03699349876899627
106,4419,8.977572246530872,0,100,0.0,0.0,0.03699349876899627
106,4420,8.979247762612786,0,200,0.0,0.0,0.018845326668962936
106,4452,9.032864277234053,0,200,0.0,0.0,0.018845326668962936
106,4460,9.046268405889368,0,200,0.0,0.0,0.018845326668962936
106,4468,9.059672534544685,0,200,0.0,0.0,0.018845326668962936
106,4476,9.073076663200002,0,200,0.0,0.0,0.018845326668962936
107,1758,4.53386797784445,0,25,0.0,0.0,0.13319225276039096
107,3111,6.800841236674844,0,25,0.0,0.0,0.13319225276039096
107,3788,7.935165624130998,0,25,0.0,0.0,0.13319225276039096
107,4126,8.501490059818119,0,25,0.0,0.0,0.13319225276039096
107,4295,8.784652277661678,0,25,0.0,0.0,0.13319225276039096
107,4380,8.927071144624415,0,25,0.0,0.0,0.13319225276039096
107,4401,8.962256982344622,0,25,0.0,0.0,0.13319225276039096
107,4403,8.965608014508451,0,100,0.0,0.0,0.03699349876899627
107,4404,8.967283530590365,0,100,0.0,0.0,0.03699349876899627
107,4405,8.968959046672278,0,100,0.0,0.0,0.03699349876899627
107,4406,8.970634562754194,0,100,0.0,0.0,0.03699349876899627
107,4407,8.97231007883611,0,100,0.0,0.0,0.03699349876899627
107,4408,8.973985594918023,0,100,0.0,0.0,0.03699349876899627
107,4409,8.975661110999937,0,100,0.0,0.0,0.03699349876899627
107,4410,8.977336627081852,0,100,0.0,0.0,0.03699349876899627
107,4411,8.979012143163768,0,200,0.0,0.0,0.018845326668962936
107,4443,9.032628657785033,0,200,0.0,0.0,0.018845326668962936
107,4451,9.04603278644035,0,200,0.0,0.0,0.018845326668962936
107,4459,9.059436915095667,1,200,0.005,0.0008831687058453758,0.02777370469642793
107,4467,9.072841043750982,0,200,0.0,0.0,0.018845326668962936
108,1749,4.53363235839543,0,25,0.0,0.0,0.13319225276039096
108,3102,6.800605617225824,0,25,0.0,0.0,0.13319225276039096
108,3779,7.934930004681979,0,25,0.0,0.0,0.13319225276039096
108,4117,8.501254440369099,0,25,0.0,0.0,0.13319225276039096
108,4287,8.786092174294573,0,25,0.0,0.0,0.13319225276039096
108,4371,8.926835525175397,0,25,0.0,0.0,0.13319225276039096
108,4392,8.962021362895603,0,25,0.0,0.0,0.13319225276039096
108,4394,8.96537239505943,0,100,0.0,0.0,0.03699349876899627
108,4395,8.967047911141346,0,100,0.0,0.0,0.03699349876899627
108,4396,8.96872342722326,0,100,0.0,0.0,0.03699349876899627
108,4397,8.970398943305176,0,100,0.0,0.0,0.03699349876899627
108,4398,8.97207445938709,0,100,0.0,0.0,0.03699349876899627
108,4399,8.973749975469005,0,100,0.0,0.0,0.03699349876899627
108,4400,8.975425491550919,0,100,0.0,0.0,0.03699349876899627
108,4401,8.977101007632834,0,100,0.0,0.0,0.03699349876899627
108,4402,8.978776523714748,0,200,0.0,0.0,0.018845326668962936
108,4434,9.032393038336014,0,200,0.0,0.0,0.018845326668962936
108,4442,9.04579716699133,0,200,0.0,0.0,0.018845326668962936
108,4450,9.059201295646647,1,200,0.005,0.0008831687058453758,0.02777370469642793
108,4458,9.072605424301964,0,200,0.0,0.0,0.018845326668962936
109,1740,4.533396738946411,0,25,0.0,0.0,0.13319225276039096
109,3094,6.802045513858721,0,25,0.0,0.0,0.13319225276039096
109,3770,7.934694385232961,0,25,0.0,0.0,0.13319225276039096
109,4109,8.502694337001994,0,25,0.0,0.0,0.13319225276039096
109,4278,8.785856554845555,0,25,0.0,0.0,0.13319225276039096
109,4362,8.926599905726377,0,25,0.0,0.0,0.13319225276039096
109,4383,8.961785743446583,0,25,0.0,0.0,0.13319225276039096
109,4385,8.965136775610413,0,100,0.0,0.0,0.03699349876899627
109,4386,8.966812291692326,0,100,0.0,0.0,0.03699349876899627
109,4387,8.968487807774242,0,100,0.0,0.0,0.03699349876899627
109,4388,8.970163323856156,0,100,0.0,0.0,0.03699349876899627
109,4389,8.971838839938071,0,100,0.0,0.0,0.03699349876899627
109,4390,8.973514356019985,0,100,0.0,0.0,0.03699349876899627
109,4391,8.9751898721019,0,100,0.0,0.0,0.03699349876899627
109,4392,8.976865388183814,0,100,0.0,0.0,0.03699349876899627
109,4393,8.978540904265728,0,200,0.0,0.0,0.018845326668962936
109,4425,9.032157418886994,0,200,0.0,0.0,0.018845326668962936
109,4433,9.045561547542311,0,200,0.0,0.0,0.018845326668962936
109,4441,9.058965676197626,1,200,0.005,0.0008831687058453758,0.02777370469642793
109,4449,9.072369804852944,0,200,0.0,0.0,0.018845326668962936
110,1732,4.534836635579306,0,25,0.0,0.0,0.13319225276039096
110,3085,6.8018098944097005,0,25,0.0,0.0,0.13319225276039096
110,3761,7.9344587657839405,0,25,0.0,0.0,0.13319225276039096
110,4100,8.502458717552976,0,25,0.0,0.0,0.13319225276039096
110,4269,8.785620935396535,0,25,0.0,0.0,0.13319225276039096
110,4353,8.926364286277359,0,25,0.0,0.0,0.13319225276039096
110,4375,8.963225640079479,0,25,0.0,0.0,0.13319225276039096
110,4377,8.966576672243308,0,100,0.0,0.0,0.03699349876899627
110,4378,8.968252188325222,0,100,0.0,0.0,0.03699349876899627
110,4379,8.969927704407137,0,100,0.0,0.0,0.03699349876899627
110,4380,8.971603220489051,0,100,0.0,0.0,0.03699349876899627
110,4381,8.973278736570965,0,100,0.0,0.0,0.03699349876899627
110,4382,8.97495425265288,0,100,0.0,0.0,0.03699349876899627
110,4383,8.976629768734794,0,100,0.0,0.0,0.03699349876899627
110,4384,8.97830528481671,0,100,0.0,0.0,0.03699349876899627
110,4385,8.979980800898623,0,200,0.0,0.0,0.018845326668962936
110,4417,9.03359731551989,0,200,0.0,0.0,0.018845326668962936
110,4425,9.047001444175207,0,200,0.0,0.0,0.018845326668962936
110,4433,9.060405572830522,1,200,0.005,0.0008831687058453758,0.02777370469642793
110,4441,9.073809701485839,0,200,0.0,0.0,0.018845326668962936
111,1723,4.534601016130287,0,25,0.0,0.0,0.13319225276039096
111,3076,6.801574274960681,0,25,0.0,0.0,0.13319225276039096
111,3753,7.935898662416836,0,25,0.0,0.0,0.13319225276039096
111,4091,8.502223098103956,0,25,0.0,0.0,0.13319225276039096
111,4260,8.785385315947515,0,25,0.0,0.0,0.13319225276039096
111,4345,8.927804182910252,0,25,0.0,0.0,0.13319225276039096
111,4366,8.962990020630459,0,25,0.0,0.0,0.13319225276039096
111,4368,8.966341052794288,0,100,0.0,0.0,0.03699349876899627
111,4369,8.968016568876202,0,100,0.0,0.0,0.03699349876899627
111,4370,8.969692084958117,0,100,0.0,0.0,0.03699349876899627
111,4371,8.971367601040031,0,100,0.0,0.0,0.03699349876899627
111,4372,8.973043117121946,0,100,0.0,0.0,0.03699349876899627
111,4373,8.97471863320386,0,100,0.0,0.0,0.03699349876899627
111,4374,8.976394149285776,0,100,0.0,0.0,0.03699349876899627
111,4375,8.97806966536769,0,100,0.0,0.0,0.03699349876899627
111,4376,8.979745181449605,0,200,0.0,0.0,0.018845326668962936
111,4408,9.03336169607087,0,200,0.0,0.0,0.018845326668962936
111,4416,9.046765824726187,0,200,0.0,0.0,0.018845326668962936
111,4424,9.060169953381504,1,200,0.005,0.0008831687058453758,0.02777370469642793
111,4432,9.073574082036819,0,200,0.0,0.0,0.018845326668962936
112,1714,4.534365396681268,0,25,0.0,0.0,0.13319225276039096
112,3067,6.801338655511662,0,25,0.0,0.0,0.13319225276039096
112,3744,7.935663042967817,0,25,0.0,0.0,0.13319225276039096
112,4082,8.501987478654936,0,25,0.0,0.0,0.13319225276039096
112,4251,8.785149696498497,0,25,0.0,0.0,0.13319225276039096
112,4336,8.927568563461234,0,25,0.0,0.0,0.13319225276039096
112,4357,8.962754401181439,0,25,0.0,0.0,0.13319225276039096
112,4359,8.96610543334527,0,100,0.0,0.0,0.03699349876899627
112,4360,8.967780949427183,0,100,0.0,0.0,0.03699349876899627
112,4361,8.969456465509097,0,100,0.0,0.0,0.03699349876899627
112,4362,8.971131981591013,0,100,0.0,0.0,0.03699349876899627
112,4363,8.972807497672928,0,100,0.0,0.0,0.03699349876899627
112,4364,8.974483013754842,0,100,0.0,0.0,0.03699349876899627
112,4365,8.976158529836756,0,100,0.0,0.0,0.03699349876899627
112,4366,8.977834045918671,0,100,0.0,0.0,0.03699349876899627
112,4367,8.979509562000587,0,200,0.0,0.0,0.018845326668962936
112,4399,9.033126076621851,0,200,0.0,0.0,0.018845326668962936
112,4407,9.046530205277168,0,200,0.0,0.0,0.018845326668962936
112,4415,9.059934333932485,1,200,0.005,0.0008831687058453758,0.02777370469642793
112,4423,9.0733384625878,0,200,0.0,0.0,0.018845326668962936
113,1705,4.534129777232248,0,25,0.0,0.0,0.13319225276039096
113,3058,6.801103036062643,0,25,0.0,0.0,0.13319225276039096
113,3735,7.935427423518798,0,25,0.0,0.0,0.13319225276039096
113,4073,8.501751859205918,0,25,0.0,0.0,0.13319225276039096
113,4242,8.784914077049478,0,25,0.0,0.0,0.13319225276039096
113,4327,8.927332944012216,0,25,0.0,0.0,0.13319225276039096
113,4348,8.96251878173242,0,25,0.0,0.0,0.13319225276039096
113,4350,8.96586981389625,0,100,0.0,0.0,0.03699349876899627
113,4351,8.967545329978165,0,100,0.0,0.0,0.03699349876899627
113,4352,8.969220846060079,0,100,0.0,0.0,0.03699349876899627
113,4353,8.970896362141994,0,100,0.0,0.0,0.03699349876899627
113,4354,8.972571878223908,0,100,0.0,0.0,0.03699349876899627
113,4355,8.974247394305824,0,100,0.0,0.0,0.03699349876899627
113,4356,8.975922910387737,0,100,0.0,0.0,0.03699349876899627
113,4357,8.977598426469651,0,100,0.0,0.0,0.03699349876899627
113,4358,8.979273942551567,0,200,0.0,0.0,0.018845326668962936
113,4390,9.032890457172833,0,200,0.0,0.0,0.018845326668962936
113,4398,9.046294585828148,0,200,0.0,0.0,0.018845326668962936
113,4406,9.059698714483465,1,200,0.005,0.0008831687058453758,0.02777370469642793
113,4414,9.073102843138782,0,200,0.0,0.0,0.018845326668962936
114,1696,4.533894157783229,0,25,0.0,0.0,0.13319225276039096
114,3049,6.800867416613624,0,25,0.0,0.0,0.13319225276039096
114,3726,7.935191804069779,0,25,0.0,0.0,0.13319225276039096
114,4064,8.5015162397569,0,25,0.0,0.0,0.13319225276039096
114,4233,8.784678457600458,0,25,0.0,0.0,0.13319225276039096
114,4318,8.927097324563196,0,25,0.0,0.0,0.13319225276039096
114,4339,8.962283162283402,0,25,0.0,0.0,0.13319225276039096
114,4341,8.965634194447231,0,100,0.0,0.0,0.03699349876899627
114,4342,8.967309710529145,0,100,0.0,0.0,0.03699349876899627
114,4343,8.96898522661106,0,100,0.0,0.0,0.03699349876899627
114,4344,8.970660742692974,0,100,0.0,0.0,0.03699349876899627
114,4345,8.972336258774888,0,100,0.0,0.0,0.03699349876899627
114,4346,8.974011774856804,0,100,0.0,0.0,0.03699349876899627
114,4347,8.975687290938717,0,100,0.0,0.0,0.03699349876899627
114,4348,8.977362807020633,0,100,0.0,0.0,0.03699349876899627
114,4349,8.979038323102547,0,200,0.0,0.0,0.018845326668962936
114,4381,9.032654837723813,0,200,0.0,0.0,0.018845326668962936
114,4389,9.04605896637913,0,200,0.0,0.0,0.018845326668962936
114,4397,9.059463095034445,1,200,0.005,0.0008831687058453758,0.02777370469642793
114,4405,9.072867223689762,0,200,0.0,0.0,0.018845326668962936
115,1687,4.53365853833421,0,25,0.0,0.0,0.13319225276039096
115,3040,6.800631797164604,0,25,0.0,0.0,0.13319225276039096
115,3717,7.934956184620759,0,25,0.0,0.0,0.13319225276039096
115,4055,8.50128062030788,0,25,0.0,0.0,0.13319225276039096
115,4225,8.786118354233354,0,25,0.0,0.0,0.13319225276039096
115,4309,8.926861705114176,0,25,0.0,0.0,0.13319225276039096
115,4330,8.962047542834382,0,25,0.0,0.0,0.13319225276039096
115,4332,8.965398574998211,0,100,0.0,0.0,0.03699349876899627
115,4333,8.967074091080125,0,100,0.0,0.0,0.03699349876899627
115,4334,8.96874960716204,0,100,0.0,0.0,0.03699349876899627
115,4335,8.970425123243954,0,100,0.0,0.0,0.03699349876899627
115,4336,8.97210063932587,0,100,0.0,0.0,0.03699349876899627
115,4337,8.973776155407784,0,100,0.0,0.0,0.03699349876899627
115,4338,8.975451671489699,0,100,0.0,0.0,0.03699349876899627
115,4339,8.977127187571613,0,100,0.0,0.0,0.03699349876899627
115,4340,8.978802703653528,0,200,0.0,0.0,0.018845326668962936
115,4372,9.032419218274793,0,200,0.0,0.0,0.018845326668962936
115,4380,9.04582334693011,0,200,0.0,0.0,0.018845326668962936
115,4388,9.059227475585427,1,200,0.005,0.0008831687058453758,0.02777370469642793
115,4396,9.072631604240742,0,200,0.0,0.0,0.018845326668962936
116,1678,4.533422918885191,0,25,0.0,0.0,0.13319225276039096
116,3032,6.8020716937975,0,25,0.0,0.0,0.13319225276039096
116,3708,7.93472056517174,0,25,0.0,0.0,0.13319225276039096
116,4047,8.502720516940775,0,25,0.0,0.0,0.13319225276039096
116,4216,8.785882734784334,0,25,0.0,0.0,0.13319225276039096
116,4300,8.926626085665157,0,25,0.0,0.0,0.13319225276039096
116,4321,8.961811923385362,0,25,0.0,0.0,0.13319225276039096
116,4323,8.965162955549191,0,100,0.0,0.0,0.03699349876899627
116,4324,8.966838471631107,0,100,0.0,0.0,0.03699349876899627
116,4325,8.96851398771302,0,100,0.0,0.0,0.03699349876899627
116,4326,8.970189503794936,0,100,0.0,0.0,0.03699349876899627
116,4327,8.97186501987685,0,100,0.0,0.0,0.03699349876899627
116,4328,8.973540535958765,0,100,0.0,0.0,0.03699349876899627
116,4329,8.975216052040679,0,100,0.0,0.0,0.03699349876899627
116,4330,8.976891568122594,0,100,0.0,0.0,0.03699349876899627
116,4331,8.978567084204508,0,200,0.0,0.0,0.018845326668962936
116,4363,9.032183598825775,0,200,0.0,0.0,0.018845326668962936
116,4371,9.04558772748109,0,200,0.0,0.0,0.018845326668962936
116,4379,9.058991856136407,1,200,0.005,0.0008831687058453758,0.02777370469642793
116,4387,9.072395984791724,0,200,0.0,0.0,0.018845326668962936
117,1669,4.533187299436172,0,25,0.0,0.0,0.13319225276039096
117,3023,6.801836074348481,0,25,0.0,0.0,0.13319225276039096
117,3699,7.934484945722721,0,25,0.0,0.0,0.13319225276039096
117,4038,8.502484897491755,0,25,0.0,0.0,0.13319225276039096
117,4207,8.785647115335316,0,25,0.0,0.0,0.13319225276039096
117,4291,8.926390466216137,0,25,0.0,0.0,0.13319225276039096
117,4313,8.963251820018257,0,25,0.0,0.0,0.13319225276039096
117,4315,8.966602852182088,0,100,0.0,0.0,0.03699349876899627
117,4316,8.968278368264002,0,100,0.0,0.0,0.03699349876899627
117,4317,8.969953884345916,0,100,0.0,0.0,0.03699349876899627
117,4318,8.971629400427831,0,100,0.0,0.0,0.03699349876899627
117,4319,8.973304916509747,0,100,0.0,0.0,0.03699349876899627
117,4320,8.97498043259166,0,100,0.0,0.0,0.03699349876899627
117,4321,8.976655948673574,0,100,0.0,0.0,0.03699349876899627
117,4322,8.978331464755488,0,100,0.0,0.0,0.03699349876899627
117,4323,8.980006980837404,0,200,0.0,0.0,0.018845326668962936
117,4355,9.03362349545867,0,200,0.0,0.0,0.018845326668962936
117,4363,9.047027624113987,0,200,0.0,0.0,0.018845326668962936
117,4371,9.060431752769302,1,200,0.005,0.0008831687058453758,0.02777370469642793
117,4379,9.07383588142462,0,200,0.0,0.0,0.018845326668962936
118,1661,4.534627196069067,0,25,0.0,0.0,0.13319225276039096
118,3014,6.801600454899462,0,25,0.0,0.0,0.13319225276039096
118,3691,7.935924842355616,0,25,0.0,0.0,0.13319225276039096
118,4029,8.502249278042736,0,25,0.0,0.0,0.13319225276039096
118,4198,8.785411495886297,0,25,0.0,0.0,0.13319225276039096
118,4283,8.927830362849033,0,25,0.0,0.0,0.13319225276039096
118,4304,8.963016200569239,0,25,0.0,0.0,0.13319225276039096
118,4306,8.966367232733068,0,100,0.0,0.0,0.03699349876899627
118,4307,8.968042748814984,0,100,0.0,0.0,0.03699349876899627
118,4308,8.969718264896898,0,100,0.0,0.0,0.03699349876899627
118,4309,8.971393780978811,0,100,0.0,0.0,0.03699349876899627
118,4310,8.973069297060725,0,100,0.0,0.0,0.03699349876899627
118,4311,8.97474481314264,0,100,0.0,0.0,0.03699349876899627
118,4312,8.976420329224556,0,100,0.0,0.0,0.03699349876899627
118,4313,8.97809584530647,0,100,0.0,0.0,0.03699349876899627
118,4314,8.979771361388384,0,200,0.0,0.0,0.018845326668962936
118,4346,9.03338787600965,0,200,0.0,0.0,0.018845326668962936
118,4354,9.046792004664967,0,200,0.0,0.0,0.018845326668962936
118,4362,9.060196133320282,1,200,0.005,0.0008831687058453758,0.02777370469642793
118,4370,9.0736002619756,0,200,0.0,0.0,0.018845326668962936
119,1652,4.534391576620048,0,25,0.0,0.0,0.13319225276039096
119,3005,6.801364835450442,0,25,0.0,0.0,0.13319225276039096
119,3682,7.935689222906596,0,25,0.0,0.0,0.13319225276039096
119,4020,8.502013658593716,0,25,0.0,0.0,0.13319225276039096
119,4189,8.785175876437277,0,25,0.0,0.0,0.13319225276039096
119,4274,8.927594743400014,0,25,0.0,0.0,0.13319225276039096
119,4295,8.96278058112022,0,25,0.0,0.0,0.13319225276039096
119,4297,8.966131613284048,0,100,0.0,0.0,0.03699349876899627
119,4298,8.967807129365964,0,100,0.0,0.0,0.03699349876899627
119,4299,8.969482645447878,0,100,0.0,0.0,0.03699349876899627
119,4300,8.971158161529793,0,100,0.0,0.0,0.03699349876899627
119,4301,8.972833677611707,0,100,0.0,0.0,0.03699349876899627
119,4302,8.974509193693622,0,100,0.0,0.0,0.03699349876899627
119,4303,8.976184709775536,0,100,0.0,0.0,0.03699349876899627
119,4304,8.977860225857452,0,100,0.0,0.0,0.03699349876899627
119,4305,8.979535741939365,0,200,0.0,0.0,0.018845326668962936
119,4337,9.033152256560632,0,200,0.0,0.0,0.018845326668962936
119,4345,9.046556385215947,0,200,0.0,0.0,0.018845326668962936
119,4353,9.059960513871264,1,200,0.005,0.0008831687058453758,0.02777370469642793
119,4361,9.073364642526581,0,200,0.0,0.0,0.018845326668962936
120,1643,4.534155957171029,0,25,0.0,0.0,0.13319225276039096
120,2996,6.8011292160014225,0,25,0.0,0.0,0.13319225276039096
120,3673,7.935453603457578,0,25,0.0,0.0,0.13319225276039096
120,4011,8.501778039144698,0,25,0.0,0.0,0.13319225276039096
120,4180,8.784940256988257,0,25,0.0,0.0,0.13319225276039096
120,4265,8.927359123950994,0,25,0.0,0.0,0.13319225276039096
120,4286,8.9625449616712,0,25,0.0,0.0,0.13319225276039096
120,4288,8.96589599383503,0,100,0.0,0.0,0.03699349876899627
120,4289,8.967571509916944,0,100,0.0,0.0,0.03699349876899627
120,4290,8.96924702599886,0,100,0.0,0.0,0.03699349876899627
120,4291,8.970922542080773,0,100,0.0,0.0,0.03699349876899627
120,4292,8.972598058162689,0,100,0.0,0.0,0.03699349876899627
120,4293,8.974273574244602,0,100,0.0,0.0,0.03699349876899627
120,4294,8.975949090326518,0,100,0.0,0.0,0.03699349876899627
120,4295,8.977624606408432,0,100,0.0,0.0,0.03699349876899627
120,4296,8.979300122490345,0,200,0.0,0.0,0.018845326668962936
120,4328,9.032916637111612,0,200,0.0,0.0,0.018845326668962936
120,4336,9.046320765766929,0,200,0.0,0.0,0.018845326668962936
120,4344,9.059724894422244,1,200,0.005,0.0008831687058453758,0.02777370469642793
120,4352,9.073129023077561,0,200,0.0,0.0,0.018845326668962936
121,1634,4.53392033772201,0,25,0.0,0.0,0.13319225276039096
121,2987,6.800893596552404,0,25,0.0,0.0,0.13319225276039096
121,3664,7.935217984008559,0,25,0.0,0.0,0.13319225276039096
121,4002,8.501542419695678,0,25,0.0,0.0,0.13319225276039096
121,4171,8.784704637539239,0,25,0.0,0.0,0.13319225276039096
121,4256,8.927123504501976,0,25,0.0,0.0,0.13319225276039096
121,4277,8.96230934222218,0,25,0.0,0.0,0.13319225276039096
121,4279,8.96566037438601,0,100,0.0,0.0,0.03699349876899627
121,4280,8.967335890467925,0,100,0.0,0.0,0.03699349876899627
121,4281,8.96901140654984,0,100,0.0,0.0,0.03699349876899627
121,4282,8.970686922631755,0,100,0.0,0.0,0.03699349876899627
121,4283,8.972362438713668,0,100,0.0,0.0,0.03699349876899627
121,4284,8.974037954795582,0,100,0.0,0.0,0.03699349876899627
121,4285,8.975713470877498,0,100,0.0,0.0,0.03699349876899627
121,4286,8.977388986959411,0,100,0.0,0.0,0.03699349876899627
121,4287,8.979064503041327,0,200,0.0,0.0,0.018845326668962936
121,4319,9.032681017662593,0,200,0.0,0.0,0.018845326668962936
121,4327,9.046085146317909,0,200,0.0,0.0,0.018845326668962936
121,4335,9.059489274973226,1,200,0.005,0.0008831687058453758,0.02777370469642793
121,4343,9.072893403628543,0,200,0.0,0.0,0.018845326668962936
122,1625,4.5336847182729905,0,25,0.0,0.0,0.13319225276039096
122,2978,6.800657977103385,0,25,0.0,0.0,0.13319225276039096
122,3655,7.934982364559539,0,25,0.0,0.0,0.13319225276039096
122,3993,8.50130680024666,0,25,0.0,0.0,0.13319225276039096
122,4163,8.786144534172134,0,25,0.0,0.0,0.13319225276039096
122,4247,8.926887885052956,0,25,0.0,0.0,0.13319225276039096
122,4268,8.962073722773162,0,25,0.0,0.0,0.13319225276039096
122,4270,8.965424754936992,0,100,0.0,0.0,0.03699349876899627
122,4271,8.967100271018907,0,100,0.0,0.0,0.03699349876899627
122,4272,8.968775787100821,0,100,0.0,0.0,0.03699349876899627
122,4273,8.970451303182735,0,100,0.0,0.0,0.03699349876899627
122,4274,8.972126819264648,0,100,0.0,0.0,0.03699349876899627
122,4275,8.973802335346564,0,100,0.0,0.0,0.03699349876899627
122,4276,8.97547785142848,0,100,0.0,0.0,0.03699349876899627
122,4277,8.977153367510393,0,100,0.0,0.0,0.03699349876899627
122,4278,8.978828883592307,1,200,0.005,0.0008831687058453758,0.02777370469642793
122,4310,9.032445398213573,0,200,0.0,0.0,0.018845326668962936
122,4318,9.04584952686889,0,200,0.0,0.0,0.018845326668962936
122,4326,9.059253655524206,1,200,0.005,0.0008831687058453758,0.02777370469642793
122,4334,9.072657784179523,0,200,0.0,0.0,0.018845326668962936
123,1616,4.53344909882397,0,25,0.0,0.0,0.13319225276039096
123,2970,6.80209787373628,0,25,0.0,0.0,0.13319225276039096
123,3646,7.93474674511052,0,25,0.0,0.0,0.13319225276039096
123,3985,8.502746696879555,0,25,0.0,0.0,0.13319225276039096
123,4154,8.785908914723114,0,25,0.0,0.0,0.13319225276039096
123,4238,8.926652265603938,0,25,0.0,0.0,0.13319225276039096
123,4259,8.961838103324144,0,25,0.0,0.0,0.13319225276039096
123,4261,8.965189135487972,0,100,0.0,0.0,0.03699349876899627
123,4262,8.966864651569885,0,100,0.0,0.0,0.03699349876899627
123,4263,8.9685401676518,0,100,0.0,0.0,0.03699349876899627
123,4264,8.970215683733716,0,100,0.0,0.0,0.03699349876899627
123,4265,8.97189119981563,0,100,0.0,0.0,0.03699349876899627
123,4266,8.973566715897544,0,100,0.0,0.0,0.03699349876899627
123,4267,8.97524223197946,0,100,0.0,0.0,0.03699349876899627
123,4268,8.976917748061375,0,100,0.0,0.0,0.03699349876899627
123,4269,8.978593264143289,1,200,0.005,0.0008831687058453758,0.02777370469642793
123,4301,9.032209778764553,0,200,0.0,0.0,0.018845326668962936
123,4309,9.04561390741987,0,200,0.0,0.0,0.018845326668962936
123,4317,9.059018036075187,1,200,0.005,0.0008831687058453758,0.02777370469642793
123,4325,9.072422164730504,0,200,0.0,0.0,0.018845326668962936
124,1607,4.533213479374951,0,25,0.0,0.0,0.13319225276039096
124,2961,6.80186225428726,0,25,0.0,0.0,0.13319225276039096
124,3637,7.9345111256615,0,25,0.0,0.0,0.13319225276039096
124,3976,8.502511077430535,0,25,0.0,0.0,0.13319225276039096
124,4145,8.785673295274096,0,25,0.0,0.0,0.13319225276039096
124,4229,8.926416646154918,0,25,0.0,0.0,0.13319225276039096
124,4251,8.963277999957038,0,25,0.0,0.0,0.13319225276039096
124,4252,8.964953516038953,0,100,0.0,0.0,0.03699349876899627
124,4253,8.966629032120867,0,100,0.0,0.0,0.03699349876899627
124,4254,8.968304548202783,0,100,0.0,0.0,0.03699349876899627
124,4255,8.969980064284696,0,100,0.0,0.0,0.03699349876899627
124,4256,8.971655580366612,0,100,0.0,0.0,0.03699349876899627
124,4257,8.973331096448526,0,100,0.0,0.0,0.03699349876899627
124,4258,8.975006612530441,0,100,0.0,0.0,0.03699349876899627
124,4259,8.976682128612355,0,100,0.0,0.0,0.03699349876899627
124,4260,8.978357644694269,1,200,0.005,0.0008831687058453758,0.02777370469642793
124,4292,9.031974159315535,0,200,0.0,0.0,0.018845326668962936
124,4300,9.045378287970852,0,200,0.0,0.0,0.018845326668962936
124,4308,9.058782416626167,1,200,0.005,0.0008831687058453758,0.02777370469642793
124,4316,9.072186545281484,0,200,0.0,0.0,0.018845326668962936
125,1599,4.534653376007847,0,25,0.0,0.0,0.13319225276039096
125,2952,6.801626634838241,0,25,0.0,0.0,0.13319225276039096
125,3629,7.935951022294397,0,25,0.0,0.0,0.13319225276039096
125,3967,8.502275457981517,0,25,0.0,0.0,0.13319225276039096
125,4136,8.785437675825076,0,25,0.0,0.0,0.13319225276039096
125,4221,8.927856542787813,0,25,0.0,0.0,0.13319225276039096
125,4242,8.96304238050802,0,25,0.0,0.0,0.13319225276039096
125,4244,8.966393412671849,0,100,0.0,0.0,0.03699349876899627
125,4245,8.968068928753762,0,100,0.0,0.0,0.03699349876899627
125,4246,8.969744444835678,0,100,0.0,0.0,0.03699349876899627
125,4247,8.971419960917592,0,100,0.0,0.0,0.03699349876899627
125,4248,8.973095476999505,0,100,0.0,0.0,0.03699349876899627
125,4249,8.974770993081421,0,100,0.0,0.0,0.03699349876899627
125,4250,8.976446509163335,0,100,0.0,0.0,0.03699349876899627
125,4251,8.97812202524525,0,100,0.0,0.0,0.03699349876899627
125,4252,8.979797541327164,0,200,0.0,0.0,0.018845326668962936
125,4284,9.03341405594843,0,200,0.0,0.0,0.018845326668962936
125,4292,9.046818184603747,0,200,0.0,0.0,0.018845326668962936
125,4300,9.060222313259063,1,200,0.005,0.0008831687058453758,0.02777370469642793
125,4308,9.07362644191438,0,200,0.0,0.0,0.018845326668962936
126,1590,4.5344177565588275,0,25,0.0,0.0,0.13319225276039096
126,2943,6.801391015389221,0,25,0.0,0.0,0.13319225276039096
126,3620,7.935715402845377,0,25,0.0,0.0,0.13319225276039096
126,3958,8.502039838532497,0,25,0.0,0.0,0.13319225276039096
126,4127,8.785202056376056,0,25,0.0,0.0,0.13319225276039096
126,4212,8.927620923338793,0,25,0.0,0.0,0.13319225276039096
126,4233,8.962806761059,0,25,0.0,0.0,0.13319225276039096
126,4235,8.966157793222829,0,100,0.0,0.0,0.03699349876899627
126,4236,8.967833309304742,0,100,0.0,0.0,0.03699349876899627
126,4237,8.969508825386658,0,100,0.0,0.0,0.03699349876899627
126,4238,8.971184341468572,0,100,0.0,0.0,0.03699349876899627
126,4239,8.972859857550487,0,100,0.0,0.0,0.03699349876899627
126,4240,8.974535373632401,0,100,0.0,0.0,0.03699349876899627
126,4241,8.976210889714316,0,100,0.0,0.0,0.03699349876899627
126,4242,8.97788640579623,0,100,0.0,0.0,0.03699349876899627
126,4243,8.979561921878146,0,200,0.0,0.0,0.018845326668962936
126,4275,9.03317843649941,0,200,0.0,0.0,0.018845326668962936
126,4283,9.046582565154727,0,200,0.0,0.0,0.018845326668962936
126,4291,9.059986693810044,1,200,0.005,0.0008831687058453758,0.02777370469642793
126,4299,9.07339082246536,0,200,0.0,0.0,0.018845326668962936
127,1581,4.534182137109808,0,25,0.0,0.0,0.13319225276039096
127,2934,6.801155395940203,0,25,0.0,0.0,0.13319225276039096
127,3611,7.9354797833963575,0,25,0.0,0.0,0.13319225276039096
127,3949,8.501804219083477,0,25,0.0,0.0,0.13319225276039096
127,4118,8.784966436927037,0,25,0.0,0.0,0.13319225276039096
127,4203,8.927385303889775,0,25,0.0,0.0,0.13319225276039096
127,4224,8.96257114160998,0,25,0.0,0.0,0.13319225276039096
127,4226,8.965922173773809,0,100,0.0,0.0,0.03699349876899627
127,4227,8.967597689855724,0,100,0.0,0.0,0.03699349876899627
127,4228,8.969273205937638,0,100,0.0,0.0,0.03699349876899627
127,4229,8.970948722019553,0,100,0.0,0.0,0.03699349876899627
127,4230,8.972624238101467,0,100,0.0,0.0,0.03699349876899627
127,4231,8.974299754183383,0,100,0.0,0.0,0.03699349876899627
127,4232,8.975975270265296,0,100,0.0,0.0,0.03699349876899627
127,4233,8.977650786347212,0,100,0.0,0.0,0.03699349876899627
127,4234,8.979326302429126,0,200,0.0,0.0,0.018845326668962936
127,4266,9.032942817050392,1,200,0.005,0.0008831687058453758,0.02777370469642793
127,4274,9.046346945705707,0,200,0.0,0.0,0.018845326668962936
127,4282,9.059751074361024,1,200,0.005,0.0008831687058453758,0.02777370469642793
127,4290,9.073155203016341,0,200,0.0,0.0,0.018845326668962936
128,1572,4.533946517660789,0,25,0.0,0.0,0.13319225276039096
128,2925,6.800919776491184,0,25,0.0,0.0,0.13319225276039096
128,3602,7.935244163947338,0,25,0.0,0.0,0.13319225276039096
128,3940,8.501568599634458,1,25,0.04,0.007096233423382075,0.1954406391161776
128,4109,8.784730817478017,0,25,0.0,0.0,0.13319225276039096
128,4194,8.927149684440757,0,25,0.0,0.0,0.13319225276039096
128,4215,8.962335522160961,0,25,0.0,0.0,0.13319225276039096
128,4217,8.96568655432479,0,100,0.0,0.0,0.03699349876899627
128,4218,8.967362070406704,0,100,0.0,0.0,0.03699349876899627
128,4219,8.96903758648862,0,100,0.0,0.0,0.03699349876899627
128,4220,8.970713102570535,0,100,0.0,0.0,0.03699349876899627
128,4221,8.972388618652449,0,100,0.0,0.0,0.03699349876899627
128,4222,8.974064134734363,0,100,0.0,0.0,0.03699349876899627
128,4223,8.975739650816276,0,100,0.0,0.0,0.03699349876899627
128,4224,8.977415166898192,0,100,0.0,0.0,0.03699349876899627
128,4225,8.979090682980107,0,200,0.0,0.0,0.018845326668962936
128,4257,9.032707197601372,1,200,0.005,0.0008831687058453758,0.02777370469642793
128,4265,9.046111326256689,0,200,0.0,0.0,0.018845326668962936
128,4273,9.059515454912006,1,200,0.005,0.0008831687058453758,0.02777370469642793
128,4281,9.072919583567323,0,200,0.0,0.0,0.018845326668962936
129,1563,4.53371089821177,0,25,0.0,0.0,0.13319225276039096
129,2916,6.800684157042165,0,25,0.0,0.0,0.13319225276039096
129,3593,7.935008544498319,0,25,0.0,0.0,0.13319225276039096
129,3931,8.50133298018544,1,25,0.04,0.007096233423382075,0.1954406391161776
129,4101,8.786170714110915,0,25,0.0,0.0,0.13319225276039096
129,4185,8.926914064991736,0,25,0.0,0.0,0.13319225276039096
129,4206,8.962099902711943,0,25,0.0,0.0,0.13319225276039096
129,4208,8.965450934875772,0,100,0.0,0.0,0.03699349876899627
129,4209,8.967126450957686,0,100,0.0,0.0,0.03699349876899627
129,4210,8.968801967039601,0,100,0.0,0.0,0.03699349876899627
129,4211,8.970477483121515,0,100,0.0,0.0,0.03699349876899627
129,4212,8.972152999203429,0,100,0.0,0.0,0.03699349876899627
129,4213,8.973828515285344,0,100,0.0,0.0,0.03699349876899627
129,4214,8.975504031367258,0,100,0.0,0.0,0.03699349876899627
129,4215,8.977179547449174,0,100,0.0,0.0,0.03699349876899627
129,4216,8.978855063531087,1,200,0.005,0.0008831687058453758,0.02777370469642793
129,4248,9.032471578152354,1,200,0.005,0.0008831687058453758,0.02777370469642793
129,4256,9.04587570680767,0,200,0.0,0.0,0.018845326668962936
129,4264,9.059279835462986,1,200,0.005,0.0008831687058453758,0.02777370469642793
129,4272,9.072683964118303,0,200,0.0,0.0,0.018845326668962936
130,1554,4.533475278762751,0,25,0.0,0.0,0.13319225276039096
130,2908,6.80212405367506,0,25,0.0,0.0,0.13319225276039096
130,3584,7.9347729250493,0,25,0.0,0.0,0.13319225276039096
130,3923,8.502772876818334,1,25,0.04,0.007096233423382075,0.1954406391161776
130,4092,8.785935094661895,0,25,0.0,0.0,0.13319225276039096
130,4176,8.926678445542716,0,25,0.0,0.0,0.13319225276039096
130,4197,8.961864283262923,0,25,0.0,0.0,0.13319225276039096
130,4199,8.965215315426752,0,100,0.0,0.0,0.03699349876899627
130,4200,8.966890831508666,0,100,0.0,0.0,0.03699349876899627
130,4201,8.968566347590581,0,100,0.0,0.0,0.03699349876899627
130,4202,8.970241863672495,0,100,0.0,0.0,0.03699349876899627
130,4203,8.97191737975441,0,100,0.0,0.0,0.03699349876899627
130,4204,8.973592895836324,0,100,0.0,0.0,0.03699349876899627
130,4205,8.97526841191824,0,100,0.0,0.0,0.03699349876899627
130,4206,8.976943928000154,0,100,0.0,0.0,0.03699349876899627
130,4207,8.978619444082069,1,200,0.005,0.0008831687058453758,0.02777370469642793
130,4239,9.032235958703334,1,200,0.005,0.0008831687058453758,0.02777370469642793
130,4247,9.04564008735865,0,200,0.0,0.0,0.018845326668962936
130,4255,9.059044216013968,1,200,0.005,0.0008831687058453758,0.02777370469642793
130,4263,9.072448344669283,0,200,0.0,0.0,0.018845326668962936
131,1545,4.533239659313731,0,25,0.0,0.0,0.13319225276039096
131,2899,6.80188843422604,0,25,0.0,0.0,0.13319225276039096
131,3575,7.93453730560028,0,25,0.0,0.0,0.13319225276039096
131,3914,8.502537257369315,1,25,0.04,0.007096233423382075,0.1954406391161776
131,4083,8.785699475212875,0,25,0.0,0.0,0.13319225276039096
131,4167,8.926442826093698,0,25,0.0,0.0,0.13319225276039096
131,4189,8.963304179895818,0,25,0.0,0.0,0.13319225276039096
131,4190,8.964979695977732,0,100,0.0,0.0,0.03699349876899627
131,4191,8.966655212059647,0,100,0.0,0.0,0.03699349876899627
131,4192,8.968330728141561,0,100,0.0,0.0,0.03699349876899627
131,4193,8.970006244223477,0,100,0.0,0.0,0.03699349876899627
131,4194,8.97168176030539,0,100,0.0,0.0,0.03699349876899627
131,4195,8.973357276387306,0,100,0.0,0.0,0.03699349876899627
131,4196,8.97503279246922,0,100,0.0,0.0,0.03699349876899627
131,4197,8.976708308551135,0,100,0.0,0.0,0.03699349876899627
131,4198,8.978383824633049,1,200,0.005,0.0008831687058453758,0.02777370469642793
131,4230,9.032000339254315,1,200,0.005,0.0008831687058453758,0.02777370469642793
131,4238,9.04540446790963,0,200,0.0,0.0,0.018845326668962936
131,4246,9.058808596564948,1,200,0.005,0.0008831687058453758,0.02777370469642793
131,4254,9.072212725220265,0,200,0.0,0.0,0.018845326668962936
132,1537,4.534679555946627,0,25,0.0,0.0,0.13319225276039096
132,2890,6.801652814777022,0,25,0.0,0.0,0.13319225276039096
132,3567,7.935977202233176,0,25,0.0,0.0,0.13319225276039096
132,3905,8.502301637920295,1,25,0.04,0.007096233423382075,0.1954406391161776
132,4074,8.785463855763856,0,25,0.0,0.0,0.13319225276039096
132,4159,8.927882722726594,0,25,0.0,0.0,0.13319225276039096
132,4180,8.963068560446798,0,25,0.0,0.0,0.13319225276039096
132,4182,8.966419592610627,0,100,0.0,0.0,0.03699349876899627
132,4183,8.968095108692543,0,100,0.0,0.0,0.03699349876899627
132,4184,8.969770624774457,0,100,0.0,0.0,0.03699349876899627
132,4185,8.971446140856372,0,100,0.0,0.0,0.03699349876899627
132,4186,8.973121656938286,0,100,0.0,0.0,0.03699349876899627
132,4187,8.9747971730202,0,100,0.0,0.0,0.03699349876899627
132,4188,8.976472689102115,0,100,0.0,0.0,0.03699349876899627
132,4189,8.978148205184029,0,100,0.0,0.0,0.03699349876899627
132,4190,8.979823721265944,0,200,0.0,0.0,0.018845326668962936
132,4222,9.03344023588721,1,200,0.005,0.0008831687058453758,0.02777370469642793
132,4230,9.046844364542526,0,200,0.0,0.0,0.018845326668962936
132,4238,9.060248493197843,1,200,0.005,0.0008831687058453758,0.02777370469642793
132,4246,9.07365262185316,0,200,0.0,0.0,0.018845326668962936
133,1528,4.534443936497608,0,25,0.0,0.0,0.13319225276039096
133,2881,6.8014171953280025,0,25,0.0,0.0,0.13319225276039096
133,3558,7.935741582784157,0,25,0.0,0.0,0.13319225276039096
133,3896,8.502066018471277,1,25,0.04,0.007096233423382075,0.1954406391161776
133,4065,8.785228236314836,0,25,0.0,0.0,0.13319225276039096
133,4150,8.927647103277575,0,25,0.0,0.0,0.13319225276039096
133,4171,8.96283294099778,0,25,0.0,0.0,0.13319225276039096
133,4173,8.966183973161609,0,100,0.0,0.0,0.03699349876899627
133,4174,8.967859489243523,0,100,0.0,0.0,0.03699349876899627
133,4175,8.969535005325437,0,100,0.0,0.0,0.03699349876899627
133,4176,8.971210521407352,0,100,0.0,0.0,0.03699349876899627
133,4177,8.972886037489268,0,100,0.0,0.0,0.03699349876899627
133,4178,8.974561553571181,0,100,0.0,0.0,0.03699349876899627
133,4179,8.976237069653095,0,100,0.0,0.0,0.03699349876899627
133,4180,8.97791258573501,0,100,0.0,0.0,0.03699349876899627
133,4181,8.979588101816926,0,200,0.0,0.0,0.018845326668962936
133,4213,9.03320461643819,1,200,0.005,0.0008831687058453758,0.02777370469642793
133,4221,9.046608745093508,0,200,0.0,0.0,0.018845326668962936
133,4229,9.060012873748825,1,200,0.005,0.0008831687058453758,0.02777370469642793
133,4237,9.07341700240414,0,200,0.0,0.0,0.018845326668962936
134,1519,4.534208317048588,0,25,0.0,0.0,0.13319225276039096
134,2872,6.801181575878982,0,25,0.0,0.0,0.13319225276039096
134,3549,7.935505963335137,0,25,0.0,0.0,0.13319225276039096
134,3887,8.501830399022257,1,25,0.04,0.007096233423382075,0.1954406391161776
134,4056,8.784992616865818,0,25,0.0,0.0,0.13319225276039096
134,4141,8.927411483828553,0,25,0.0,0.0,0.13319225276039096
134,4162,8.96259732154876,0,25,0.0,0.0,0.13319225276039096
134,4164,8.965948353712589,0,100,0.0,0.0,0.03699349876899627
134,4165,8.967623869794505,0,100,0.0,0.0,0.03699349876899627
134,4166,8.969299385876418,0,100,0.0,0.0,0.03699349876899627
134,4167,8.970974901958332,0,100,0.0,0.0,0.03699349876899627
134,4168,8.972650418040248,0,100,0.0,0.0,0.03699349876899627
134,4169,8.974325934122163,0,100,0.0,0.0,0.03699349876899627
134,4170,8.976001450204077,0,100,0.0,0.0,0.03699349876899627
134,4171,8.97767696628599,0,100,0.0,0.0,0.03699349876899627
134,4172,8.979352482367906,0,200,0.0,0.0,0.018845326668962936
134,4204,9.032968996989172,1,200,0.005,0.0008831687058453758,0.02777370469642793
134,4212,9.046373125644488,0,200,0.0,0.0,0.018845326668962936
134,4220,9.059777254299805,1,200,0.005,0.0008831687058453758,0.02777370469642793
134,4228,9.07318138295512,0,200,0.0,0.0,0.018845326668962936
135,1510,4.53397269759957,0,25,0.0,0.0,0.13319225276039096
135,2863,6.800945956429963,0,25,0.0,0.0,0.13319225276039096
135,3540,7.935270343886119,0,25,0.0,0.0,0.13319225276039096
135,3878,8.501594779573239,1,25,0.04,0.007096233423382075,0.1954406391161776
135,4047,8.784756997416798,0,25,0.0,0.0,0.13319225276039096
135,4132,8.927175864379535,0,25,0.0,0.0,0.13319225276039096
135,4153,8.962361702099741,0,25,0.0,0.0,0.13319225276039096
135,4155,8.96571273426357,0,100,0.0,0.0,0.03699349876899627
135,4156,8.967388250345484,0,100,0.0,0.0,0.03699349876899627
135,4157,8.9690637664274,0,100,0.0,0.0,0.03699349876899627
135,4158,8.970739282509314,0,100,0.0,0.0,0.03699349876899627
135,4159,8.97241479859123,0,100,0.0,0.0,0.03699349876899627
135,4160,8.974090314673143,0,100,0.0,0.0,0.03699349876899627
135,4161,8.975765830755059,0,100,0.0,0.0,0.03699349876899627
135,4162,8.977441346836972,0,100,0.0,0.0,0.03699349876899627
135,4163,8.979116862918886,0,200,0.0,0.0,0.018845326668962936
135,4195,9.032733377540152,1,200,0.005,0.0008831687058453758,0.02777370469642793
135,4203,9.04613750619547,0,200,0.0,0.0,0.018845326668962936
135,4211,9.059541634850785,1,200,0.005,0.0008831687058453758,0.02777370469642793
135,4219,9.072945763506102,0,200,0.0,0.0,0.018845326668962936
136,1501,4.5337370781505495,0,25,0.0,0.0,0.13319225276039096
136,2854,6.800710336980945,0,25,0.0,0.0,0.13319225276039096
136,3531,7.935034724437099,0,25,0.0,0.0,0.13319225276039096
136,3869,8.501359160124219,1,25,0.04,0.007096233423382075,0.1954406391161776
136,4039,8.786196894049693,0,25,0.0,0.0,0.13319225276039096
136,4123,8.926940244930517,0,25,0.0,0.0,0.13319225276039096
136,4144,8.962126082650721,0,25,0.0,0.0,0.13319225276039096
136,4146,8.96547711481455,0,100,0.0,0.0,0.03699349876899627
136,4147,8.967152630896466,0,100,0.0,0.0,0.03699349876899627
136,4148,8.96882814697838,0,100,0.0,0.0,0.03699349876899627
136,4149,8.970503663060295,0,100,0.0,0.0,0.03699349876899627
136,4150,8.97217917914221,0,100,0.0,0.0,0.03699349876899627
136,4151,8.973854695224123,0,100,0.0,0.0,0.03699349876899627
136,4152,8.975530211306038,0,100,0.0,0.0,0.03699349876899627
136,4153,8.977205727387952,0,100,0.0,0.0,0.03699349876899627
136,4154,8.978881243469868,1,200,0.005,0.0008831687058453758,0.02777370469642793
136,4186,9.032497758091134,1,200,0.005,0.0008831687058453758,0.02777370469642793
136,4194,9.04590188674645,0,200,0.0,0.0,0.018845326668962936
136,4202,9.059306015401766,1,200,0.005,0.0008831687058453758,0.02777370469642793
136,4210,9.072710144057083,0,200,0.0,0.0,0.018845326668962936
137,1492,4.53350145870153,0,25,0.0,0.0,0.13319225276039096
137,2846,6.802150233613839,0,25,0.0,0.0,0.13319225276039096
137,3522,7.93479910498808,0,25,0.0,0.0,0.13319225276039096
137,3861,8.502799056757114,1,25,0.04,0.007096233423382075,0.1954406391161776
137,4030,8.785961274600673,0,25,0.0,0.0,0.13319225276039096
137,4114,8.926704625481497,0,25,0.0,0.0,0.13319225276039096
137,4135,8.961890463201703,0,25,0.0,0.0,0.13319225276039096
137,4137,8.965241495365532,0,100,0.0,0.0,0.03699349876899627
137,4138,8.966917011447446,0,100,0.0,0.0,0.03699349876899627
137,4139,8.96859252752936,0,100,0.0,0.0,0.03699349876899627
137,4140,8.970268043611275,0,100,0.0,0.0,0.03699349876899627
137,4141,8.97194355969319,0,100,0.0,0.0,0.03699349876899627
137,4142,8.973619075775105,0,100,0.0,0.0,0.03699349876899627
137,4143,8.975294591857018,0,100,0.0,0.0,0.03699349876899627
137,4144,8.976970107938934,0,100,0.0,0.0,0.03699349876899627
137,4145,8.978645624020848,1,200,0.005,0.0008831687058453758,0.02777370469642793
137,4177,9.032262138642114,1,200,0.005,0.0008831687058453758,0.02777370469642793
137,4185,9.045666267297431,0,200,0.0,0.0,0.018845326668962936
137,4193,9.059070395952746,1,200,0.005,0.0008831687058453758,0.02777370469642793
137,4201,9.072474524608063,0,200,0.0,0.0,0.018845326668962936
138,1483,4.533265839252511,0,25,0.0,0.0,0.13319225276039096
138,2837,6.80191461416482,0,25,0.0,0.0,0.13319225276039096
138,3513,7.93456348553906,0,25,0.0,0.0,0.13319225276039096
138,3852,8.502563437308094,1,25,0.04,0.007096233423382075,0.1954406391161776
138,4021,8.785725655151655,0,25,0.0,0.0,0.13319225276039096
138,4105,8.926469006032477,0,25,0.0,0.0,0.13319225276039096
138,4127,8.963330359834597,0,25,0.0,0.0,0.13319225276039096
138,4128,8.965005875916512,0,100,0.0,0.0,0.03699349876899627
138,4129,8.966681391998428,0,100,0.0,0.0,0.03699349876899627
138,4130,8.968356908080342,0,100,0.0,0.0,0.03699349876899627
138,4131,8.970032424162255,0,100,0.0,0.0,0.03699349876899627
138,4132,8.97170794024417,0,100,0.0,0.0,0.03699349876899627
138,4133,8.973383456326086,0,100,0.0,0.0,0.03699349876899627
138,4134,8.975058972408,0,100,0.0,0.0,0.03699349876899627
138,4135,8.976734488489914,0,100,0.0,0.0,0.03699349876899627
138,4136,8.97841000457183,1,200,0.005,0.0008831687058453758,0.02777370469642793
138,4168,9.032026519193096,1,200,0.005,0.0008831687058453758,0.02777370469642793
138,4176,9.045430647848411,0,200,0.0,0.0,0.018845326668962936
138,4184,9.058834776503728,1,200,0.005,0.0008831687058453758,0.02777370469642793
138,4192,9.072238905159043,0,200,0.0,0.0,0.018845326668962936
139,1475,4.534705735885407,0,25,0.0,0.0,0.13319225276039096
139,2828,6.801678994715801,0,25,0.0,0.0,0.13319225276039096
139,3504,7.934327866090041,0,25,0.0,0.0,0.13319225276039096
139,3843,8.502327817859076,1,25,0.04,0.007096233423382075,0.1954406391161776
139,4012,8.785490035702637,0,25,0.0,0.0,0.13319225276039096
139,4097,8.927908902665372,0,25,0.0,0.0,0.13319225276039096
139,4118,8.963094740385579,0,25,0.0,0.0,0.13319225276039096
139,4120,8.966445772549408,0,100,0.0,0.0,0.03699349876899627
139,4121,8.968121288631323,0,100,0.0,0.0,0.03699349876899627
139,4122,8.969796804713237,0,100,0.0,0.0,0.03699349876899627
139,4123,8.97147232079515,0,100,0.0,0.0,0.03699349876899627
139,4124,8.973147836877066,0,100,0.0,0.0,0.03699349876899627
139,4125,8.974823352958982,0,100,0.0,0.0,0.03699349876899627
139,4126,8.976498869040896,0,100,0.0,0.0,0.03699349876899627
139,4127,8.97817438512281,0,100,0.0,0.0,0.03699349876899627
139,4128,8.979849901204723,0,200,0.0,0.0,0.018845326668962936
139,4160,9.033466415825991,1,200,0.005,0.0008831687058453758,0.02777370469642793
139,4168,9.046870544481306,0,200,0.0,0.0,0.018845326668962936
139,4176,9.060274673136622,1,200,0.005,0.0008831687058453758,0.02777370469642793
139,4184,9.073678801791939,0,200,0.0,0.0,0.018845326668962936
140,1466,4.5344701164363865,0,25,0.0,0.0,0.13319225276039096
140,2819,6.801443375266782,0,25,0.0,0.0,0.13319225276039096
140,3496,7.935767762722937,0,25,0.0,0.0,0.13319225276039096
140,3834,8.502092198410057,1,25,0.04,0.007096233423382075,0.1954406391161776
140,4003,8.785254416253617,0,25,0.0,0.0,0.13319225276039096
140,4088,8.927673283216354,0,25,0.0,0.0,0.13319225276039096
140,4109,8.96285912093656,0,25,0.0,0.0,0.13319225276039096
140,4111,8.966210153100388,0,100,0.0,0.0,0.03699349876899627
140,4112,8.967885669182303,0,100,0.0,0.0,0.03699349876899627
140,4113,8.969561185264219,0,100,0.0,0.0,0.03699349876899627
140,4114,8.971236701346132,0,100,0.0,0.0,0.03699349876899627
140,4115,8.972912217428046,0,100,0.0,0.0,0.03699349876899627
140,4116,8.97458773350996,0,100,0.0,0.0,0.03699349876899627
140,4117,8.976263249591875,0,100,0.0,0.0,0.03699349876899627
140,4118,8.977938765673791,0,100,0.0,0.0,0.03699349876899627
140,4119,8.979614281755705,0,200,0.0,0.0,0.018845326668962936
140,4151,9.03323079637697,1,200,0.005,0.0008831687058453758,0.02777370469642793
140,4159,9.046634925032286,0,200,0.0,0.0,0.018845326668962936
140,4167,9.060039053687603,1,200,0.005,0.0008831687058453758,0.02777370469642793
140,4175,9.07344318234292,0,200,0.0,0.0,0.018845326668962936
141,1457,4.534234496987368,0,25,0.0,0.0,0.13319225276039096
141,2810,6.801207755817762,0,25,0.0,0.0,0.13319225276039096
141,3487,7.935532143273917,0,25,0.0,0.0,0.13319225276039096
141,3825,8.501856578961037,0,25,0.0,0.0,0.13319225276039096
141,3994,8.785018796804597,0,25,0.0,0.0,0.13319225276039096
141,4079,8.927437663767334,0,25,0.0,0.0,0.13319225276039096
141,4100,8.96262350148754,0,25,0.0,0.0,0.13319225276039096
141,4102,8.96597453365137,0,100,0.0,0.0,0.03699349876899627
141,4103,8.967650049733283,0,100,0.0,0.0,0.03699349876899627
141,4104,8.969325565815199,0,100,0.0,0.0,0.03699349876899627
141,4105,8.971001081897112,0,100,0.0,0.0,0.03699349876899627
141,4106,8.972676597979028,0,100,0.0,0.0,0.03699349876899627
141,4107,8.974352114060942,0,100,0.0,0.0,0.03699349876899627
141,4108,8.976027630142857,0,100,0.0,0.0,0.03699349876899627
141,4109,8.977703146224771,0,100,0.0,0.0,0.03699349876899627
141,4110,8.979378662306686,0,200,0.0,0.0,0.018845326668962936
141,4142,9.032995176927951,1,200,0.005,0.0008831687058453758,0.02777370469642793
141,4150,9.046399305583268,0,200,0.0,0.0,0.018845326668962936
141,4158,9.059803434238585,1,200,0.005,0.0008831687058453758,0.02777370469642793
141,4166,9.0732075628939,0,200,0.0,0.0,0.018845326668962936
142,1448,4.533998877538348,0,25,0.0,0.0,0.13319225276039096
142,2801,6.800972136368744,0,25,0.0,0.0,0.13319225276039096
142,3478,7.935296523824897,0,25,0.0,0.0,0.13319225276039096
142,3816,8.501620959512017,0,25,0.0,0.0,0.13319225276039096
142,3985,8.784783177355578,0,25,0.0,0.0,0.13319225276039096
142,4070,8.927202044318316,0,25,0.0,0.0,0.13319225276039096
142,4091,8.96238788203852,0,25,0.0,0.0,0.13319225276039096
142,4093,8.96573891420235,0,100,0.0,0.0,0.03699349876899627
142,4094,8.967414430284265,0,100,0.0,0.0,0.03699349876899627
142,4095,8.969089946366179,0,100,0.0,0.0,0.03699349876899627
142,4096,8.970765462448094,0,100,0.0,0.0,0.03699349876899627
142,4097,8.972440978530008,0,100,0.0,0.0,0.03699349876899627
142,4098,8.974116494611923,0,100,0.0,0.0,0.03699349876899627
142,4099,8.975792010693837,0,100,0.0,0.0,0.03699349876899627
142,4100,8.977467526775753,0,100,0.0,0.0,0.03699349876899627
142,4101,8.979143042857666,0,200,0.0,0.0,0.018845326668962936
142,4133,9.032759557478933,1,200,0.005,0.0008831687058453758,0.02777370469642793
142,4141,9.046163686134248,0,200,0.0,0.0,0.018845326668962936
142,4149,9.059567814789565,1,200,0.005,0.0008831687058453758,0.02777370469642793
142,4157,9.072971943444882,0,200,0.0,0.0,0.018845326668962936
143,1439,4.53376325808933,0,25,0.0,0.0,0.13319225276039096
143,2792,6.8007365169197245,0,25,0.0,0.0,0.13319225276039096
143,3469,7.935060904375879,0,25,0.0,0.0,0.13319225276039096
143,3807,8.501385340062999,0,25,0.0,0.0,0.13319225276039096
143,3977,8.786223073988474,0,25,0.0,0.0,0.13319225276039096
143,4061,8.926966424869295,0,25,0.0,0.0,0.13319225276039096
143,4082,8.962152262589502,0,25,0.0,0.0,0.13319225276039096
143,4084,8.965503294753331,0,100,0.0,0.0,0.03699349876899627
143,4085,8.967178810835247,0,100,0.0,0.0,0.03699349876899627
143,4086,8.96885432691716,0,100,0.0,0.0,0.03699349876899627
143,4087,8.970529842999074,0,100,0.0,0.0,0.03699349876899627
143,4088,8.97220535908099,0,100,0.0,0.0,0.03699349876899627
143,4089,8.973880875162905,0,100,0.0,0.0,0.03699349876899627
143,4090,8.975556391244819,0,100,0.0,0.0,0.03699349876899627
143,4091,8.977231907326733,0,100,0.0,0.0,0.03699349876899627
143,4092,8.978907423408646,1,200,0.005,0.0008831687058453758,0.02777370469642793
143,4124,9.032523938029914,1,200,0.005,0.0008831687058453758,0.02777370469642793
143,4132,9.04592806668523,0,200,0.0,0.0,0.018845326668962936
143,4140,9.059332195340545,1,200,0.005,0.0008831687058453758,0.02777370469642793
143,4148,9.072736323995862,0,200,0.0,0.0,0.018845326668962936
144,1430,4.53352763864031,0,25,0.0,0.0,0.13319225276039096
144,2784,6.80217641355262,0,25,0.0,0.0,0.13319225276039096
144,3460,7.93482528492686,0,25,0.0,0.0,0.13319225276039096
144,3799,8.502825236695895,0,25,0.0,0.0,0.13319225276039096
144,3968,8.785987454539455,0,25,0.0,0.0,0.13319225276039096
144,4052,8.926730805420277,0,25,0.0,0.0,0.13319225276039096
144,4073,8.961916643140484,0,25,0.0,0.0,0.13319225276039096
144,4075,8.965267675304311,0,100,0.0,0.0,0.03699349876899627
144,4076,8.966943191386227,0,100,0.0,0.0,0.03699349876899627
144,4077,8.968618707468142,0,100,0.0,0.0,0.03699349876899627
144,4078,8.970294223550056,0,100,0.0,0.0,0.03699349876899627
144,4079,8.97196973963197,0,100,0.0,0.0,0.03699349876899627
144,4080,8.973645255713883,0,100,0.0,0.0,0.03699349876899627
144,4081,8.975320771795799,0,100,0.0,0.0,0.03699349876899627
144,4082,8.976996287877714,0,100,0.0,0.0,0.03699349876899627
144,4083,8.978671803959628,1,200,0.005,0.0008831687058453758,0.02777370469642793
144,4115,9.032288318580893,1,200,0.005,0.0008831687058453758,0.02777370469642793
144,4123,9.04569244723621,0,200,0.0,0.0,0.018845326668962936
144,4131,9.059096575891527,1,200,0.005,0.0008831687058453758,0.02777370469642793
144,4139,9.072500704546844,0,200,0.0,0.0,0.018845326668962936
145,1421,4.5332920191912915,0,25,0.0,0.0,0.13319225276039096
145,2775,6.8019407941036,0,25,0.0,0.0,0.13319225276039096
145,3451,7.93458966547784,0,25,0.0,0.0,0.13319225276039096
145,3790,8.502589617246874,0,25,0.0,0.0,0.13319225276039096
145,3959,8.785751835090434,0,25,0.0,0.0,0.13319225276039096
145,4043,8.926495185971257,0,25,0.0,0.0,0.13319225276039096
145,4065,8.963356539773379,0,25,0.0,0.0,0.13319225276039096
145,4066,8.965032055855293,0,100,0.0,0.0,0.03699349876899627
145,4067,8.966707571937206,0,100,0.0,0.0,0.03699349876899627
145,4068,8.96838308801912,0,100,0.0,0.0,0.03699349876899627
145,4069,8.970058604101036,0,100,0.0,0.0,0.03699349876899627
145,4070,8.971734120182951,0,100,0.0,0.0,0.03699349876899627
145,4071,8.973409636264865,0,100,0.0,0.0,0.03699349876899627
145,4072,8.975085152346779,0,100,0.0,0.0,0.03699349876899627
145,4073,8.976760668428694,0,100,0.0,0.0,0.03699349876899627
145,4074,8.97843618451061,1,200,0.005,0.0008831687058453758,0.02777370469642793
145,4106,9.032052699131874,1,200,0.005,0.0008831687058453758,0.02777370469642793
145,4114,9.045456827787191,0,200,0.0,0.0,0.018845326668962936
145,4122,9.058860956442508,1,200,0.005,0.0008831687058453758,0.02777370469642793
145,4130,9.072265085097824,0,200,0.0,0.0,0.018845326668962936
146,1413,4.534731915824187,0,25,0.0,0.0,0.13319225276039096
146,2766,6.801705174654581,0,25,0.0,0.0,0.13319225276039096
146,3442,7.934354046028821,0,25,0.0,0.0,0.13319225276039096
146,3781,8.502353997797856,0,25,0.0,0.0,0.13319225276039096
146,3950,8.785516215641415,0,25,0.0,0.0,0.13319225276039096
146,4035,8.927935082604153,0,25,0.0,0.0,0.13319225276039096
146,4056,8.963120920324359,0,25,0.0,0.0,0.13319225276039096
146,4058,8.966471952488188,0,100,0.0,0.0,0.03699349876899627
146,4059,8.968147468570102,0,100,0.0,0.0,0.03699349876899627
146,4060,8.969822984652017,0,100,0.0,0.0,0.03699349876899627
146,4061,8.971498500733931,0,100,0.0,0.0,0.03699349876899627
146,4062,8.973174016815847,0,100,0.0,0.0,0.03699349876899627
146,4063,8.97484953289776,0,100,0.0,0.0,0.03699349876899627
146,4064,8.976525048979676,0,100,0.0,0.0,0.03699349876899627
146,4065,8.97820056506159,0,100,0.0,0.0,0.03699349876899627
146,4066,8.979876081143503,0,200,0.0,0.0,0.018845326668962936
146,4098,9.03349259576477,1,200,0.005,0.0008831687058453758,0.02777370469642793
146,4106,9.046896724420087,0,200,0.0,0.0,0.018845326668962936
146,4114,9.060300853075404,1,200,0.005,0.0008831687058453758,0.02777370469642793
146,4122,9.07370498173072,0,200,0.0,0.0,0.018845326668962936
147,1404,4.534496296375167,0,25,0.0,0.0,0.13319225276039096
147,2757,6.801469555205562,0,25,0.0,0.0,0.13319225276039096
147,3434,7.935793942661716,0,25,0.0,0.0,0.13319225276039096
147,3772,8.502118378348836,0,25,0.0,0.0,0.13319225276039096
147,3941,8.785280596192397,0,25,0.0,0.0,0.13319225276039096
147,4026,8.927699463155134,0,25,0.0,0.0,0.13319225276039096
147,4047,8.962885300875339,0,25,0.0,0.0,0.13319225276039096
147,4049,8.966236333039168,0,100,0.0,0.0,0.03699349876899627
147,4050,8.967911849121084,0,100,0.0,0.0,0.03699349876899627
147,4051,8.969587365202997,0,100,0.0,0.0,0.03699349876899627
147,4052,8.971262881284913,0,100,0.0,0.0,0.03699349876899627
147,4053,8.972938397366827,0,100,0.0,0.0,0.03699349876899627
147,4054,8.97461391344874,0,100,0.0,0.0,0.03699349876899627
147,4055,8.976289429530656,0,100,0.0,0.0,0.03699349876899627
147,4056,8.97796494561257,0,100,0.0,0.0,0.03699349876899627
147,4057,8.979640461694485,0,200,0.0,0.0,0.018845326668962936
147,4089,9.033256976315752,1,200,0.005,0.0008831687058453758,0.02777370469642793
147,4097,9.046661104971067,0,200,0.0,0.0,0.018845326668962936
147,4105,9.060065233626384,1,200,0.005,0.0008831687058453758,0.02777370469642793
147,4113,9.0734693622817,0,200,0.0,0.0,0.018845326668962936
148,1395,4.534260676926149,0,25,0.0,0.0,0.13319225276039096
148,2748,6.801233935756543,0,25,0.0,0.0,0.13319225276039096
148,3425,7.935558323212698,0,25,0.0,0.0,0.13319225276039096
148,3763,8.501882758899818,0,25,0.0,0.0,0.13319225276039096
148,3932,8.785044976743379,0,25,0.0,0.0,0.13319225276039096
148,4017,8.927463843706114,0,25,0.0,0.0,0.13319225276039096
148,4038,8.96264968142632,0,25,0.0,0.0,0.13319225276039096
148,4040,8.96600071359015,0,100,0.0,0.0,0.03699349876899627
148,4041,8.967676229672065,0,100,0.0,0.0,0.03699349876899627
148,4042,8.969351745753979,0,100,0.0,0.0,0.03699349876899627
148,4043,8.971027261835893,0,100,0.0,0.0,0.03699349876899627
148,4044,8.972702777917807,0,100,0.0,0.0,0.03699349876899627
148,4045,8.974378293999722,0,100,0.0,0.0,0.03699349876899627
148,4046,8.976053810081638,0,100,0.0,0.0,0.03699349876899627
148,4047,8.977729326163551,0,100,0.0,0.0,0.03699349876899627
148,4048,8.979404842245465,0,200,0.0,0.0,0.018845326668962936
148,4080,9.033021356866731,1,200,0.005,0.0008831687058453758,0.02777370469642793
148,4088,9.046425485522049,0,200,0.0,0.0,0.018845326668962936
148,4096,9.059829614177364,1,200,0.005,0.0008831687058453758,0.02777370469642793
148,4104,9.07323374283268,0,200,0.0,0.0,0.018845326668962936
149,1386,4.534025057477129,0,25,0.0,0.0,0.13319225276039096
149,2739,6.800998316307523,0,25,0.0,0.0,0.13319225276039096
149,3416,7.935322703763678,0,25,0.0,0.0,0.13319225276039096
149,3754,8.501647139450798,0,25,0.0,0.0,0.13319225276039096
149,3923,8.784809357294357,0,25,0.0,0.0,0.13319225276039096
149,4008,8.927228224257096,0,25,0.0,0.0,0.13319225276039096
149,4029,8.962414061977302,0,25,0.0,0.0,0.13319225276039096
149,4031,8.96576509414113,0,100,0.0,0.0,0.03699349876899627
149,4032,8.967440610223044,0,100,0.0,0.0,0.03699349876899627
149,4033,8.969116126304959,0,100,0.0,0.0,0.03699349876899627
149,4034,8.970791642386875,0,100,0.0,0.0,0.03699349876899627
149,4035,8.972467158468788,0,100,0.0,0.0,0.03699349876899627
149,4036,8.974142674550702,0,100,0.0,0.0,0.03699349876899627
149,4037,8.975818190632618,0,100,0.0,0.0,0.03699349876899627
149,4038,8.977493706714533,0,100,0.0,0.0,0.03699349876899627
149,4039,8.979169222796447,0,200,0.0,0.0,0.018845326668962936
149,4071,9.032785737417711,1,200,0.005,0.0008831687058453758,0.02777370469642793
149,4079,9.046189866073028,0,200,0.0,0.0,0.018845326668962936
149,4087,9.059593994728345,1,200,0.005,0.0008831687058453758,0.02777370469642793
149,4095,9.072998123383663,0,200,0.0,0.0,0.018845326668962936
150,1377,4.533789438028109,0,25,0.0,0.0,0.13319225276039096
150,2730,6.800762696858504,0,25,0.0,0.0,0.13319225276039096
150,3407,7.935087084314659,0,25,0.0,0.0,0.13319225276039096
150,3745,8.501411520001778,0,25,0.0,0.0,0.13319225276039096
150,3915,8.786249253927252,0,25,0.0,0.0,0.13319225276039096
150,3999,8.926992604808076,0,25,0.0,0.0,0.13319225276039096
150,4020,8.96217844252828,0,25,0.0,0.0,0.13319225276039096
150,4022,8.965529474692111,0,100,0.0,0.0,0.03699349876899627
150,4023,8.967204990774025,0,100,0.0,0.0,0.03699349876899627
150,4024,8.968880506855939,0,100,0.0,0.0,0.03699349876899627
150,4025,8.970556022937854,0,100,0.0,0.0,0.03699349876899627
150,4026,8.97223153901977,0,100,0.0,0.0,0.03699349876899627
150,4027,8.973907055101684,0,100,0.0,0.0,0.03699349876899627
150,4028,8.975582571183597,0,100,0.0,0.0,0.03699349876899627
150,4029,8.977258087265513,0,100,0.0,0.0,0.03699349876899627
150,4030,8.978933603347427,0,200,0.0,0.0,0.018845326668962936
150,4062,9.032550117968693,1,200,0.005,0.0008831687058453758,0.02777370469642793
150,4070,9.04595424662401,0,200,0.0,0.0,0.018845326668962936
150,4078,9.059358375279325,1,200,0.005,0.0008831687058453758,0.02777370469642793
150,4086,9.072762503934642,0,200,0.0,0.0,0.018845326668962936
151,1368,4.53355381857909,0,25,0.0,0.0,0.13319225276039096
151,2722,6.802202593491399,0,25,0.0,0.0,0.13319225276039096
151,3398,7.934851464865639,1,25,0.04,0.007096233423382075,0.1954406391161776
151,3736,8.50117590055276,0,25,0.0,0.0,0.13319225276039096
151,3906,8.786013634478234,0,25,0.0,0.0,0.13319225276039096
151,3990,8.926756985359058,0,25,0.0,0.0,0.13319225276039096
151,4011,8.961942823079262,0,25,0.0,0.0,0.13319225276039096
151,4013,8.965293855243091,0,100,0.0,0.0,0.03699349876899627
151,4014,8.966969371325007,0,100,0.0,0.0,0.03699349876899627
151,4015,8.96864488740692,0,100,0.0,0.0,0.03699349876899627
151,4016,8.970320403488836,0,100,0.0,0.0,0.03699349876899627
151,4017,8.97199591957075,0,100,0.0,0.0,0.03699349876899627
151,4018,8.973671435652664,0,100,0.0,0.0,0.03699349876899627
151,4019,8.97534695173458,0,100,0.0,0.0,0.03699349876899627
151,4020,8.977022467816493,0,100,0.0,0.0,0.03699349876899627
151,4021,8.978697983898408,1,200,0.005,0.0008831687058453758,0.02777370469642793
151,4053,9.032314498519675,1,200,0.005,0.0008831687058453758,0.02777370469642793
151,4061,9.04571862717499,0,200,0.0,0.0,0.018845326668962936
151,4069,9.059122755830307,1,200,0.005,0.0008831687058453758,0.02777370469642793
151,4077,9.072526884485624,0,200,0.0,0.0,0.018845326668962936
152,1359,4.533318199130071,0,25,0.0,0.0,0.13319225276039096
152,2713,6.801966974042379,0,25,0.0,0.0,0.13319225276039096
152,3389,7.934615845416621,1,25,0.04,0.007096233423382075,0.1954406391161776
152,3728,8.502615797185655,0,25,0.0,0.0,0.13319225276039096
152,3897,8.785778015029214,0,25,0.0,0.0,0.13319225276039096
152,3981,8.926521365910038,0,25,0.0,0.0,0.13319225276039096
152,4003,8.963382719712158,0,25,0.0,0.0,0.13319225276039096
152,4004,8.965058235794073,0,100,0.0,0.0,0.03699349876899627
152,4005,8.966733751875987,0,100,0.0,0.0,0.03699349876899627
152,4006,8.9684092679579,0,100,0.0,0.0,0.03699349876899627
152,4007,8.970084784039816,0,100,0.0,0.0,0.03699349876899627
152,4008,8.97176030012173,0,100,0.0,0.0,0.03699349876899627
152,4009,8.973435816203645,0,100,0.0,0.0,0.03699349876899627
152,4010,8.97511133228556,0,100,0.0,0.0,0.03699349876899627
152,4011,8.976786848367475,0,100,0.0,0.0,0.03699349876899627
152,4012,8.978462364449388,1,200,0.005,0.0008831687058453758,0.02777370469642793
152,4044,9.032078879070655,1,200,0.005,0.0008831687058453758,0.02777370469642793
152,4052,9.045483007725972,0,200,0.0,0.0,0.018845326668962936
152,4060,9.058887136381287,1,200,0.005,0.0008831687058453758,0.02777370469642793
152,4068,9.072291265036604,0,200,0.0,0.0,0.018845326668962936
153,1351,4.534758095762966,0,25,0.0,0.0,0.13319225276039096
153,2704,6.801731354593361,0,25,0.0,0.0,0.13319225276039096
153,3380,7.934380225967601,1,25,0.04,0.007096233423382075,0.1954406391161776
153,3719,8.502380177736635,0,25,0.0,0.0,0.13319225276039096
153,3888,8.785542395580196,0,25,0.0,0.0,0.13319225276039096
153,3973,8.927961262542933,0,25,0.0,0.0,0.13319225276039096
153,3994,8.963147100263138,0,25,0.0,0.0,0.13319225276039096
153,3996,8.966498132426967,0,100,0.0,0.0,0.03699349876899627
153,3997,8.968173648508882,0,100,0.0,0.0,0.03699349876899627
153,3998,8.969849164590796,0,100,0.0,0.0,0.03699349876899627
153,3999,8.971524680672712,0,100,0.0,0.0,0.03699349876899627
153,4000,8.973200196754625,0,100,0.0,0.0,0.03699349876899627
153,4001,8.97487571283654,0,100,0.0,0.0,0.03699349876899627
153,4002,8.976551228918455,0,100,0.0,0.0,0.03699349876899627
153,4003,8.97822674500037,0,100,0.0,0.0,0.03699349876899627
153,4004,8.979902261082284,0,200,0.0,0.0,0.018845326668962936
153,4036,9.03351877570355,1,200,0.005,0.0008831687058453758,0.02777370469642793
153,4044,9.046922904358865,0,200,0.0,0.0,0.018845326668962936
153,4052,9.060327033014183,1,200,0.005,0.0008831687058453758,0.02777370469642793
153,4060,9.0737311616695,0,200,0.0,0.0,0.018845326668962936
154,1342,4.534522476313947,0,25,0.0,0.0,0.13319225276039096
154,2695,6.801495735144342,0,25,0.0,0.0,0.13319225276039096
154,3372,7.9358201226004965,1,25,0.04,0.007096233423382075,0.1954406391161776
154,3710,8.502144558287617,0,25,0.0,0.0,0.13319225276039096
154,3879,8.785306776131176,0,25,0.0,0.0,0.13319225276039096
154,3964,8.927725643093915,0,25,0.0,0.0,0.13319225276039096
154,3985,8.96291148081412,0,25,0.0,0.0,0.13319225276039096
154,3987,8.966262512977949,0,100,0.0,0.0,0.03699349876899627
154,3988,8.967938029059862,0,100,0.0,0.0,0.03699349876899627
154,3989,8.969613545141778,0,100,0.0,0.0,0.03699349876899627
154,3990,8.971289061223693,0,100,0.0,0.0,0.03699349876899627
154,3991,8.972964577305607,0,100,0.0,0.0,0.03699349876899627
154,3992,8.97464009338752,0,100,0.0,0.0,0.03699349876899627
154,3993,8.976315609469436,0,100,0.0,0.0,0.03699349876899627
154,3994,8.97799112555135,0,100,0.0,0.0,0.03699349876899627
154,3995,8.979666641633266,0,200,0.0,0.0,0.018845326668962936
154,4027,9.03328315625453,1,200,0.005,0.0008831687058453758,0.02777370469642793
154,4035,9.046687284909847,0,200,0.0,0.0,0.018845326668962936
154,4043,9.060091413565164,2,200,0.01,0.0027466581088489593,0.035721762026734716
154,4051,9.073495542220481,0,200,0.0,0.0,0.018845326668962936
155,1333,4.534286856864927,0,25,0.0,0.0,0.13319225276039096
155,2686,6.801260115695323,0,25,0.0,0.0,0.13319225276039096
155,3363,7.935584503151477,1,25,0.04,0.007096233423382075,0.1954406391161776
155,3701,8.501908938838596,0,25,0.0,0.0,0.13319225276039096
155,3870,8.785071156682157,0,25,0.0,0.0,0.13319225276039096
155,3955,8.927490023644895,0,25,0.0,0.0,0.13319225276039096
155,3976,8.9626758613651,0,25,0.0,0.0,0.13319225276039096
155,3978,8.96602689352893,0,100,0.0,0.0,0.03699349876899627
155,3979,8.967702409610844,0,100,0.0,0.0,0.03699349876899627
155,3980,8.969377925692758,0,100,0.0,0.0,0.03699349876899627
155,3981,8.971053441774673,0,100,0.0,0.0,0.03699349876899627
155,3982,8.972728957856587,0,100,0.0,0.0,0.03699349876899627
155,3983,8.974404473938502,0,100,0.0,0.0,0.03699349876899627
155,3984,8.976079990020416,0,100,0.0,0.0,0.03699349876899627
155,3985,8.97775550610233,0,100,0.0,0.0,0.03699349876899627
155,3986,8.979431022184245,0,200,0.0,0.0,0.018845326668962936
155,4018,9.033047536805512,1,200,0.005,0.0008831687058453758,0.02777370469642793
155,4026,9.046451665460829,0,200,0.0,0.0,0.018845326668962936
155,4034,9.059855794116144,2,200,0.01,0.0027466581088489593,0.035721762026734716
155,4042,9.07325992277146,0,200,0.0,0.0,0.018845326668962936
156,1324,4.534051237415909,0,25,0.0,0.0,0.13319225276039096
156,2677,6.801024496246303,0,25,0.0,0.0,0.13319225276039096
156,3354,7.935348883702457,1,25,0.04,0.007096233423382075,0.1954406391161776
156,3692,8.501673319389578,0,25,0.0,0.0,0.13319225276039096
156,3861,8.784835537233137,0,25,0.0,0.0,0.13319225276039096
156,3946,8.927254404195875,0,25,0.0,0.0,0.13319225276039096
156,3967,8.962440241916081,0,25,0.0,0.0,0.13319225276039096
156,3969,8.96579127407991,0,100,0.0,0.0,0.03699349876899627
156,3970,8.967466790161824,0,100,0.0,0.0,0.03699349876899627
156,3971,8.96914230624374,0,100,0.0,0.0,0.03699349876899627
156,3972,8.970817822325653,0,100,0.0,0.0,0.03699349876899627
156,3973,8.972493338407567,0,100,0.0,0.0,0.03699349876899627
156,3974,8.974168854489482,0,100,0.0,0.0,0.03699349876899627
156,3975,8.975844370571398,0,100,0.0,0.0,0.03699349876899627
156,3976,8.977519886653312,0,100,0.0,0.0,0.03699349876899627
156,3977,8.979195402735225,0,200,0.0,0.0,0.018845326668962936
156,4009,9.032811917356492,1,200,0.005,0.0008831687058453758,0.02777370469642793
156,4017,9.046216046011809,0,200,0.0,0.0,0.018845326668962936
156,4025,9.059620174667124,2,200,0.01,0.0027466581088489593,0.035721762026734716
156,4033,9.073024303322441,0,200,0.0,0.0,0.018845326668962936
157,1315,4.533815617966889,0,25,0.0,0.0,0.13319225276039096
157,2668,6.800788876797284,0,25,0.0,0.0,0.13319225276039096
157,3345,7.935113264253438,1,25,0.04,0.007096233423382075,0.1954406391161776
157,3683,8.501437699940558,0,25,0.0,0.0,0.13319225276039096
157,3852,8.784599917784119,0,25,0.0,0.0,0.13319225276039096
157,3937,8.927018784746856,0,25,0.0,0.0,0.13319225276039096
157,3958,8.96220462246706,0,25,0.0,0.0,0.13319225276039096
157,3960,8.96555565463089,0,100,0.0,0.0,0.03699349876899627
157,3961,8.967231170712806,0,100,0.0,0.0,0.03699349876899627
157,3962,8.96890668679472,0,100,0.0,0.0,0.03699349876899627
157,3963,8.970582202876635,0,100,0.0,0.0,0.03699349876899627
157,3964,8.972257718958549,0,100,0.0,0.0,0.03699349876899627
157,3965,8.973933235040464,0,100,0.0,0.0,0.03699349876899627
157,3966,8.975608751122378,0,100,0.0,0.0,0.03699349876899627
157,3967,8.977284267204293,0,100,0.0,0.0,0.03699349876899627
157,3968,8.978959783286207,0,200,0.0,0.0,0.018845326668962936
157,4000,9.032576297907474,1,200,0.005,0.0008831687058453758,0.02777370469642793
157,4008,9.045980426562789,0,200,0.0,0.0,0.018845326668962936
157,4016,9.059384555218106,2,200,0.01,0.0027466581088489593,0.035721762026734716
157,4024,9.072788683873423,0,200,0.0,0.0,0.018845326668962936
158,1306,4.533579998517871,0,25,0.0,0.0,0.13319225276039096
158,2660,6.80222877343018,0,25,0.0,0.0,0.13319225276039096
158,3336,7.93487764480442,1,25,0.04,0.007096233423382075,0.1954406391161776
158,3674,8.50120208049154,0,25,0.0,0.0,0.13319225276039096
158,3844,8.786039814417014,0,25,0.0,0.0,0.13319225276039096
158,3928,8.926783165297836,0,25,0.0,0.0,0.13319225276039096
158,3949,8.961969003018043,0,25,0.0,0.0,0.13319225276039096
158,3951,8.965320035181872,0,100,0.0,0.0,0.03699349876899627
158,3952,8.966995551263786,0,100,0.0,0.0,0.03699349876899627
158,3953,8.968671067345701,0,100,0.0,0.0,0.03699349876899627
158,3954,8.970346583427615,0,100,0.0,0.0,0.03699349876899627
158,3955,8.97202209950953,0,100,0.0,0.0,0.03699349876899627
158,3956,8.973697615591444,0,100,0.0,0.0,0.03699349876899627
158,3957,8.97537313167336,0,100,0.0,0.0,0.03699349876899627
158,3958,8.977048647755273,0,100,0.0,0.0,0.03699349876899627
158,3959,8.978724163837187,1,200,0.005,0.0008831687058453758,0.02777370469642793
158,3991,9.032340678458453,1,200,0.005,0.0008831687058453758,0.02777370469642793
158,3999,9.04574480711377,0,200,0.0,0.0,0.018845326668962936
158,4007,9.059148935769086,2,200,0.01,0.0027466581088489593,0.035721762026734716
158,4015,9.072553064424403,0,200,0.0,0.0,0.018845326668962936
159,1297,4.533344379068851,0,25,0.0,0.0,0.13319225276039096
159,2651,6.801993153981161,0,25,0.0,0.0,0.13319225276039096
159,3327,7.934642025355401,1,25,0.04,0.007096233423382075,0.1954406391161776
159,3666,8.502641977124435,0,25,0.0,0.0,0.13319225276039096
159,3835,8.785804194967994,0,25,0.0,0.0,0.13319225276039096
159,3919,8.926547545848818,0,25,0.0,0.0,0.13319225276039096
159,3941,8.963408899650938,0,25,0.0,0.0,0.13319225276039096
159,3942,8.965084415732854,0,100,0.0,0.0,0.03699349876899627
159,3943,8.966759931814767,0,100,0.0,0.0,0.03699349876899627
159,3944,8.968435447896681,0,100,0.0,0.0,0.03699349876899627
159,3945,8.970110963978595,0,100,0.0,0.0,0.03699349876899627
159,3946,8.97178648006051,0,100,0.0,0.0,0.03699349876899627
159,3947,8.973461996142426,0,100,0.0,0.0,0.03699349876899627
159,3948,8.97513751222434,0,100,0.0,0.0,0.03699349876899627
159,3949,8.976813028306253,0,100,0.0,0.0,0.03699349876899627
159,3950,8.978488544388169,1,200,0.005,0.0008831687058453758,0.02777370469642793
159,3982,9.032105059009435,1,200,0.005,0.0008831687058453758,0.02777370469642793
159,3990,9.045509187664752,0,200,0.0,0.0,0.018845326668962936
159,3998,9.058913316320067,2,200,0.01,0.0027466581088489593,0.035721762026734716
159,4006,9.072317444975383,0,200,0.0,0.0,0.018845326668962936
160,1289,4.534784275701746,0,25,0.0,0.0,0.13319225276039096
160,2642,6.801757534532141,0,25,0.0,0.0,0.13319225276039096
160,3318,7.934406405906381,1,25,0.04,0.007096233423382075,0.1954406391161776
160,3657,8.502406357675415,0,25,0.0,0.0,0.13319225276039096
160,3826,8.785568575518976,0,25,0.0,0.0,0.13319225276039096
160,3910,8.926311926399798,0,25,0.0,0.0,0.13319225276039096
160,3932,8.963173280201918,0,25,0.0,0.0,0.13319225276039096
160,3934,8.966524312365747,0,100,0.0,0.0,0.03699349876899627
160,3935,8.968199828447663,0,100,0.0,0.0,0.03699349876899627
160,3936,8.969875344529576,0,100,0.0,0.0,0.03699349876899627
160,3937,8.97155086061149,0,100,0.0,0.0,0.03699349876899627
160,3938,8.973226376693406,0,100,0.0,0.0,0.03699349876899627
160,3939,8.974901892775321,0,100,0.0,0.0,0.03699349876899627
160,3940,8.976577408857235,0,100,0.0,0.0,0.03699349876899627
160,3941,8.978252924939149,0,100,0.0,0.0,0.03699349876899627
160,3942,8.979928441021064,0,200,0.0,0.0,0.018845326668962936
160,3974,9.03354495564233,1,200,0.005,0.0008831687058453758,0.02777370469642793
160,3982,9.046949084297646,0,200,0.0,0.0,0.018845326668962936
160,3990,9.060353212952963,2,200,0.01,0.0027466581088489593,0.035721762026734716
160,3998,9.073757341608278,0,200,0.0,0.0,0.018845326668962936
161,1280,4.534548656252727,0,25,0.0,0.0,0.13319225276039096
161,2633,6.801521915083121,0,25,0.0,0.0,0.13319225276039096
161,3310,7.935846302539276,1,25,0.04,0.007096233423382075,0.1954406391161776
161,3648,8.502170738226397,0,25,0.0,0.0,0.13319225276039096
161,3817,8.785332956069956,0,25,0.0,0.0,0.13319225276039096
161,3902,8.927751823032693,0,25,0.0,0.0,0.13319225276039096
161,3923,8.9629376607529,0,25,0.0,0.0,0.13319225276039096
161,3925,8.966288692916727,0,100,0.0,0.0,0.03699349876899627
161,3926,8.967964208998643,0,100,0.0,0.0,0.03699349876899627
161,3927,8.969639725080558,0,100,0.0,0.0,0.03699349876899627
161,3928,8.971315241162472,0,100,0.0,0.0,0.03699349876899627
161,3929,8.972990757244386,0,100,0.0,0.0,0.03699349876899627
161,3930,8.974666273326301,0,100,0.0,0.0,0.03699349876899627
161,3931,8.976341789408217,0,100,0.0,0.0,0.03699349876899627
161,3932,8.97801730549013,0,100,0.0,0.0,0.03699349876899627
161,3933,8.979692821572044,0,200,0.0,0.0,0.018845326668962936
161,3965,9.03330933619331,1,200,0.005,0.0008831687058453758,0.02777370469642793
161,3973,9.046713464848626,0,200,0.0,0.0,0.018845326668962936
161,3981,9.060117593503943,2,200,0.01,0.0027466581088489593,0.035721762026734716
161,3989,9.07352172215926,0,200,0.0,0.0,0.018845326668962936
162,1271,4.534313036803708,0,25,0.0,0.0,0.13319225276039096
162,2624,6.801286295634103,0,25,0.0,0.0,0.13319225276039096
162,3301,7.935610683090257,1,25,0.04,0.007096233423382075,0.1954406391161776
162,3639,8.501935118777377,0,25,0.0,0.0,0.13319225276039096
162,3808,8.785097336620938,0,25,0.0,0.0,0.13319225276039096
162,3893,8.927516203583675,0,25,0.0,0.0,0.13319225276039096
162,3914,8.96270204130388,0,25,0.0,0.0,0.13319225276039096
162,3916,8.966053073467709,0,100,0.0,0.0,0.03699349876899627
162,3917,8.967728589549624,0,100,0.0,0.0,0.03699349876899627
162,3918,8.969404105631538,0,100,0.0,0.0,0.03699349876899627
162,3919,8.971079621713454,0,100,0.0,0.0,0.03699349876899627
162,3920,8.972755137795367,0,100,0.0,0.0,0.03699349876899627
162,3921,8.974430653877281,0,100,0.0,0.0,0.03699349876899627
162,3922,8.976106169959197,0,100,0.0,0.0,0.03699349876899627
162,3923,8.97778168604111,0,100,0.0,0.0,0.03699349876899627
162,3924,8.979457202123026,0,200,0.0,0.0,0.018845326668962936
162,3956,9.033073716744292,1,200,0.005,0.0008831687058453758,0.02777370469642793
162,3964,9.046477845399608,0,200,0.0,0.0,0.018845326668962936
162,3972,9.059881974054925,2,200,0.01,0.0027466581088489593,0.035721762026734716
162,3980,9.073286102710242,0,200,0.0,0.0,0.018845326668962936
163,1262,4.5340774173546885,0,25,0.0,0.0,0.13319225276039096
163,2615,6.801050676185083,0,25,0.0,0.0,0.13319225276039096
163,3292,7.935375063641239,1,25,0.04,0.007096233423382075,0.1954406391161776
163,3630,8.501699499328359,0,25,0.0,0.0,0.13319225276039096
163,3799,8.784861717171918,0,25,0.0,0.0,0.13319225276039096
163,3884,8.927280584134655,0,25,0.0,0.0,0.13319225276039096
163,3905,8.962466421854861,0,25,0.0,0.0,0.13319225276039096
163,3907,8.96581745401869,0,100,0.0,0.0,0.03699349876899627
163,3908,8.967492970100604,0,100,0.0,0.0,0.03699349876899627
163,3909,8.969168486182518,0,100,0.0,0.0,0.03699349876899627
163,3910,8.970844002264434,0,100,0.0,0.0,0.03699349876899627
163,3911,8.972519518346347,0,100,0.0,0.0,0.03699349876899627
163,3912,8.974195034428263,0,100,0.0,0.0,0.03699349876899627
163,3913,8.975870550510177,0,100,0.0,0.0,0.03699349876899627
163,3914,8.977546066592092,0,100,0.0,0.0,0.03699349876899627
163,3915,8.979221582674006,0,200,0.0,0.0,0.018845326668962936
163,3947,9.032838097295272,1,200,0.005,0.0008831687058453758,0.02777370469642793
163,3955,9.04624222595059,0,200,0.0,0.0,0.018845326668962936
163,3963,9.059646354605905,2,200,0.01,0.0027466581088489593,0.035721762026734716
163,3971,9.073050483261222,0,200,0.0,0.0,0.018845326668962936
164,1253,4.533841797905669,0,25,0.0,0.0,0.13319225276039096
164,2606,6.800815056736064,0,25,0.0,0.0,0.13319225276039096
164,3283,7.9351394441922185,1,25,0.04,0.007096233423382075,0.1954406391161776
164,3621,8.501463879879338,0,25,0.0,0.0,0.13319225276039096
164,3790,8.7846260977229,0,25,0.0,0.0,0.13319225276039096
164,3875,8.927044964685635,0,25,0.0,0.0,0.13319225276039096
164,3896,8.962230802405841,0,25,0.0,0.0,0.13319225276039096
164,3898,8.96558183456967,0,100,0.0,0.0,0.03699349876899627
164,3899,8.967257350651586,0,100,0.0,0.0,0.03699349876899627
164,3900,8.9689328667335,0,100,0.0,0.0,0.03699349876899627
164,3901,8.970608382815414,0,100,0.0,0.0,0.03699349876899627
164,3902,8.972283898897329,0,100,0.0,0.0,0.03699349876899627
164,3903,8.973959414979245,0,100,0.0,0.0,0.03699349876899627
164,3904,8.975634931061158,0,100,0.0,0.0,0.03699349876899627
164,3905,8.977310447143072,0,100,0.0,0.0,0.03699349876899627
164,3906,8.978985963224988,0,200,0.0,0.0,0.018845326668962936
164,3938,9.032602477846254,1,200,0.005,0.0008831687058453758,0.02777370469642793
164,3946,9.04600660650157,0,200,0.0,0.0,0.018845326668962936
164,3954,9.059410735156886,2,200,0.01,0.0027466581088489593,0.035721762026734716
164,3962,9.072814863812201,0,200,0.0,0.0,0.018845326668962936
165,1244,4.53360617845665,0,25,0.0,0.0,0.13319225276039096
165,2598,6.802254953368959,0,25,0.0,0.0,0.13319225276039096
165,3274,7.934903824743199,1,25,0.04,0.007096233423382075,0.1954406391161776
165,3612,8.50122826043032,0,25,0.0,0.0,0.13319225276039096
165,3782,8.786065994355795,0,25,0.0,0.0,0.13319225276039096
165,3866,8.926809345236617,0,25,0.0,0.0,0.13319225276039096
165,3887,8.961995182956823,0,25,0.0,0.0,0.13319225276039096
165,3889,8.96534621512065,0,100,0.0,0.0,0.03699349876899627
165,3890,8.967021731202566,0,100,0.0,0.0,0.03699349876899627
165,3891,8.968697247284481,0,100,0.0,0.0,0.03699349876899627
165,3892,8.970372763366395,0,100,0.0,0.0,0.03699349876899627
165,3893,8.972048279448309,0,100,0.0,0.0,0.03699349876899627
165,3894,8.973723795530224,0,100,0.0,0.0,0.03699349876899627
165,3895,8.97539931161214,0,100,0.0,0.0,0.03699349876899627
165,3896,8.977074827694054,0,100,0.0,0.0,0.03699349876899627
165,3897,8.978750343775967,1,200,0.005,0.0008831687058453758,0.02777370469642793
165,3929,9.032366858397234,1,200,0.005,0.0008831687058453758,0.02777370469642793
165,3937,9.04577098705255,0,200,0.0,0.0,0.018845326668962936
165,3945,9.059175115707866,2,200,0.01,0.0027466581088489593,0.035721762026734716
165,3953,9.072579244363183,0,200,0.0,0.0,0.018845326668962936
166,1235,4.533370559007631,0,25,0.0,0.0,0.13319225276039096
166,2589,6.80201933391994,0,25,0.0,0.0,0.13319225276039096
166,3265,7.93466820529418,1,25,0.04,0.007096233423382075,0.1954406391161776
166,3604,8.502668157063216,0,25,0.0,0.0,0.13319225276039096
166,3773,8.785830374906775,0,25,0.0,0.0,0.13319225276039096
166,3857,8.926573725787598,0,25,0.0,0.0,0.13319225276039096
166,3878,8.961759563507803,0,25,0.0,0.0,0.13319225276039096
166,3880,8.965110595671632,0,100,0.0,0.0,0.03699349876899627
166,3881,8.966786111753546,0,100,0.0,0.0,0.03699349876899627
166,3882,8.968461627835461,0,100,0.0,0.0,0.03699349876899627
166,3883,8.970137143917377,0,100,0.0,0.0,0.03699349876899627
166,3884,8.97181265999929,0,100,0.0,0.0,0.03699349876899627
166,3885,8.973488176081204,0,100,0.0,0.0,0.03699349876899627
166,3886,8.975163692163118,0,100,0.0,0.0,0.03699349876899627
166,3887,8.976839208245034,0,100,0.0,0.0,0.03699349876899627
166,3888,8.97851472432695,1,200,0.005,0.0008831687058453758,0.02777370469642793
166,3920,9.032131238948214,1,200,0.005,0.0008831687058453758,0.02777370469642793
166,3928,9.04553536760353,0,200,0.0,0.0,0.018845326668962936
166,3936,9.058939496258848,3,200,0.015,0.005114237753504754,0.043165729115389295
166,3944,9.072343624914165,0,200,0.0,0.0,0.018845326668962936
167,1227,4.534810455640526,0,25,0.0,0.0,0.13319225276039096
167,2580,6.80178371447092,0,25,0.0,0.0,0.13319225276039096
167,3256,7.934432585845162,1,25,0.04,0.007096233423382075,0.1954406391161776
167,3595,8.502432537614196,0,25,0.0,0.0,0.13319225276039096
167,3764,8.785594755457755,0,25,0.0,0.0,0.13319225276039096
167,3848,8.926338106338578,0,25,0.0,0.0,0.13319225276039096
167,3870,8.963199460140698,0,25,0.0,0.0,0.13319225276039096
167,3872,8.966550492304528,0,100,0.0,0.0,0.03699349876899627
167,3873,8.968226008386441,0,100,0.0,0.0,0.03699349876899627
167,3874,8.969901524468357,0,100,0.0,0.0,0.03699349876899627
167,3875,8.97157704055027,0,100,0.0,0.0,0.03699349876899627
167,3876,8.973252556632186,0,100,0.0,0.0,0.03699349876899627
167,3877,8.9749280727141,0,100,0.0,0.0,0.03699349876899627
167,3878,8.976603588796015,0,100,0.0,0.0,0.03699349876899627
167,3879,8.97827910487793,0,100,0.0,0.0,0.03699349876899627
167,3880,8.979954620959845,0,200,0.0,0.0,0.018845326668962936
167,3912,9.03357113558111,1,200,0.005,0.0008831687058453758,0.02777370469642793
167,3920,9.046975264236426,0,200,0.0,0.0,0.018845326668962936
167,3928,9.060379392891743,3,200,0.015,0.005114237753504754,0.043165729115389295
167,3936,9.073783521547059,0,200,0.0,0.0,0.018845326668962936
168,1218,4.534574836191506,0,25,0.0,0.0,0.13319225276039096
168,2571,6.801548095021902,0,25,0.0,0.0,0.13319225276039096
168,3248,7.9358724824780555,1,25,0.04,0.007096233423382075,0.1954406391161776
168,3586,8.502196918165176,0,25,0.0,0.0,0.13319225276039096
168,3755,8.785359136008736,0,25,0.0,0.0,0.13319225276039096
168,3840,8.927778002971474,0,25,0.0,0.0,0.13319225276039096
168,3861,8.962963840691678,0,25,0.0,0.0,0.13319225276039096
168,3863,8.966314872855508,0,100,0.0,0.0,0.03699349876899627
168,3864,8.967990388937423,0,100,0.0,0.0,0.03699349876899627
168,3865,8.969665905019337,0,100,0.0,0.0,0.03699349876899627
168,3866,8.971341421101252,0,100,0.0,0.0,0.03699349876899627
168,3867,8.973016937183166,0,100,0.0,0.0,0.03699349876899627
168,3868,8.974692453265082,0,100,0.0,0.0,0.03699349876899627
168,3869,8.976367969346995,0,100,0.0,0.0,0.03699349876899627
168,3870,8.97804348542891,0,100,0.0,0.0,0.03699349876899627
168,3871,8.979719001510825,0,200,0.0,0.0,0.018845326668962936
168,3903,9.033335516132091,1,200,0.005,0.0008831687058453758,0.02777370469642793
168,3911,9.046739644787406,0,200,0.0,0.0,0.018845326668962936
168,3919,9.060143773442723,3,200,0.015,0.005114237753504754,0.043165729115389295
168,3927,9.07354790209804,0,200,0.0,0.0,0.018845326668962936
169,1209,4.534339216742488,0,25,0.0,0.0,0.13319225276039096
169,2562,6.801312475572882,0,25,0.0,0.0,0.13319225276039096
169,3239,7.935636863029037,1,25,0.04,0.007096233423382075,0.1954406391161776
169,3577,8.501961298716157,0,25,0.0,0.0,0.13319225276039096
169,3746,8.785123516559716,0,25,0.0,0.0,0.13319225276039096
169,3831,8.927542383522454,0,25,0.0,0.0,0.13319225276039096
169,3852,8.96272822124266,0,25,0.0,0.0,0.13319225276039096
169,3854,8.96607925340649,0,100,0.0,0.0,0.03699349876899627
169,3855,8.967754769488403,0,100,0.0,0.0,0.03699349876899627
169,3856,8.969430285570319,0,100,0.0,0.0,0.03699349876899627
169,3857,8.971105801652232,0,100,0.0,0.0,0.03699349876899627
169,3858,8.972781317734148,0,100,0.0,0.0,0.03699349876899627
169,3859,8.974456833816062,0,100,0.0,0.0,0.03699349876899627
169,3860,8.976132349897977,0,100,0.0,0.0,0.03699349876899627
169,3861,8.97780786597989,0,100,0.0,0.0,0.03699349876899627
169,3862,8.979483382061805,0,200,0.0,0.0,0.018845326668962936
169,3894,9.033099896683071,1,200,0.005,0.0008831687058453758,0.02777370469642793
169,3902,9.046504025338388,0,200,0.0,0.0,0.018845326668962936
169,3910,9.059908153993703,3,200,0.015,0.005114237753504754,0.043165729115389295
169,3918,9.07331228264902,0,200,0.0,0.0,0.018845326668962936
170,1200,4.534103597293468,0,25,0.0,0.0,0.13319225276039096
170,2553,6.8010768561238635,0,25,0.0,0.0,0.13319225276039096
170,3230,7.935401243580018,1,25,0.04,0.007096233423382075,0.1954406391161776
170,3568,8.501725679267139,0,25,0.0,0.0,0.13319225276039096
170,3737,8.784887897110698,0,25,0.0,0.0,0.13319225276039096
170,3822,8.927306764073435,0,25,0.0,0.0,0.13319225276039096
170,3843,8.962492601793642,0,25,0.0,0.0,0.13319225276039096
170,3845,8.96584363395747,0,100,0.0,0.0,0.03699349876899627
170,3846,8.967519150039385,0,100,0.0,0.0,0.03699349876899627
170,3847,8.9691946661213,0,100,0.0,0.0,0.03699349876899627
170,3848,8.970870182203214,0,100,0.0,0.0,0.03699349876899627
170,3849,8.972545698285128,0,100,0.0,0.0,0.03699349876899627
170,3850,8.974221214367041,0,100,0.0,0.0,0.03699349876899627
170,3851,8.975896730448957,0,100,0.0,0.0,0.03699349876899627
170,3852,8.977572246530872,0,100,0.0,0.0,0.03699349876899627
170,3853,8.979247762612786,0,200,0.0,0.0,0.018845326668962936
170,3885,9.03286427723405,1,200,0.005,0.0008831687058453758,0.02777370469642793
170,3893,9.046268405889368,0,200,0.0,0.0,0.018845326668962936
170,3901,9.059672534544685,3,200,0.015,0.005114237753504754,0.043165729115389295
170,3909,9.073076663200002,0,200,0.0,0.0,0.018845326668962936
171,1191,4.53386797784445,0,25,0.0,0.0,0.13319225276039096
171,2544,6.800841236674843,0,25,0.0,0.0,0.13319225276039096
171,3221,7.935165624130998,1,25,0.04,0.007096233423382075,0.1954406391161776
171,3559,8.501490059818117,0,25,0.0,0.0,0.13319225276039096
171,3728,8.784652277661678,0,25,0.0,0.0,0.13319225276039096
171,3813,8.927071144624415,0,25,0.0,0.0,0.13319225276039096
171,3834,8.962256982344622,0,25,0.0,0.0,0.13319225276039096
171,3836,8.965608014508451,0,100,0.0,0.0,0.03699349876899627
171,3837,8.967283530590365,0,100,0.0,0.0,0.03699349876899627
171,3838,8.968959046672278,0,100,0.0,0.0,0.03699349876899627
171,3839,8.970634562754194,0,100,0.0,0.0,0.03699349876899627
171,3840,8.97231007883611,0,100,0.0,0.0,0.03699349876899627
171,3841,8.973985594918023,0,100,0.0,0.0,0.03699349876899627
171,3842,8.975661110999937,0,100,0.0,0.0,0.03699349876899627
171,3843,8.977336627081852,0,100,0.0,0.0,0.03699349876899627
171,3844,8.979012143163768,0,200,0.0,0.0,0.018845326668962936
171,3876,9.032628657785033,1,200,0.005,0.0008831687058453758,0.02777370469642793
171,3884,9.04603278644035,0,200,0.0,0.0,0.018845326668962936
171,3892,9.059436915095667,3,200,0.015,0.005114237753504754,0.043165729115389295
171,3900,9.072841043750982,0,200,0.0,0.0,0.018845326668962936
172,1182,4.53363235839543,0,25,0.0,0.0,0.13319225276039096
172,2535,6.800605617225824,0,25,0.0,0.0,0.13319225276039096
172,3212,7.934930004681979,1,25,0.04,0.007096233423382075,0.1954406391161776
172,3550,8.501254440369099,0,25,0.0,0.0,0.13319225276039096
172,3720,8.786092174294573,0,25,0.0,0.0,0.13319225276039096
172,3804,8.926835525175395,0,25,0.0,0.0,0.13319225276039096
172,3825,8.962021362895602,0,25,0.0,0.0,0.13319225276039096
172,3827,8.96537239505943,0,100,0.0,0.0,0.03699349876899627
172,3828,8.967047911141346,0,100,0.0,0.0,0.03699349876899627
172,3829,8.96872342722326,0,100,0.0,0.0,0.03699349876899627
172,3830,8.970398943305174,0,100,0.0,0.0,0.03699349876899627
172,3831,8.97207445938709,0,100,0.0,0.0,0.03699349876899627
172,3832,8.973749975469005,0,100,0.0,0.0,0.03699349876899627
172,3833,8.975425491550919,0,100,0.0,0.0,0.03699349876899627
172,3834,8.977101007632832,0,100,0.0,0.0,0.03699349876899627
172,3835,8.978776523714748,1,200,0.005,0.0008831687058453758,0.02777370469642793
172,3867,9.032393038336014,1,200,0.005,0.0008831687058453758,0.02777370469642793
172,3875,9.04579716699133,0,200,0.0,0.0,0.018845326668962936
172,3883,9.059201295646647,3,200,0.015,0.005114237753504754,0.043165729115389295
172,3891,9.072605424301962,0,200,0.0,0.0,0.018845326668962936
173,1173,4.533396738946411,0,25,0.0,0.0,0.13319225276039096
173,2527,6.802045513858721,0,25,0.0,0.0,0.13319225276039096
173,3203,7.934694385232961,1,25,0.04,0.007096233423382075,0.1954406391161776
173,3542,8.502694337001994,0,25,0.0,0.0,0.13319225276039096
173,3711,8.785856554845555,0,25,0.0,0.0,0.13319225276039096
173,3795,8.926599905726377,0,25,0.0,0.0,0.13319225276039096
173,3816,8.961785743446583,0,25,0.0,0.0,0.13319225276039096
173,3818,8.965136775610413,0,100,0.0,0.0,0.03699349876899627
173,3819,8.966812291692326,0,100,0.0,0.0,0.03699349876899627
173,3820,8.968487807774242,0,100,0.0,0.0,0.03699349876899627
173,3821,8.970163323856156,0,100,0.0,0.0,0.03699349876899627
173,3822,8.971838839938071,0,100,0.0,0.0,0.03699349876899627
173,3823,8.973514356019985,0,100,0.0,0.0,0.03699349876899627
173,3824,8.9751898721019,0,100,0.0,0.0,0.03699349876899627
173,3825,8.976865388183814,0,100,0.0,0.0,0.03699349876899627
173,3826,8.978540904265728,1,200,0.005,0.0008831687058453758,0.02777370469642793
173,3858,9.032157418886994,1,200,0.005,0.0008831687058453758,0.02777370469642793
173,3866,9.045561547542311,0,200,0.0,0.0,0.018845326668962936
173,3874,9.058965676197626,3,200,0.015,0.005114237753504754,0.043165729115389295
173,3882,9.072369804852944,0,200,0.0,0.0,0.018845326668962936
174,1165,4.534836635579306,0,25,0.0,0.0,0.13319225276039096
174,2518,6.8018098944097005,0,25,0.0,0.0,0.13319225276039096
174,3194,7.9344587657839405,1,25,0.04,0.007096233423382075,0.1954406391161776
174,3533,8.502458717552976,0,25,0.0,0.0,0.13319225276039096
174,3702,8.785620935396535,0,25,0.0,0.0,0.13319225276039096
174,3786,8.926364286277359,0,25,0.0,0.0,0.13319225276039096
174,3808,8.963225640079479,0,25,0.0,0.0,0.13319225276039096
174,3810,8.966576672243308,0,100,0.0,0.0,0.03699349876899627
174,3811,8.968252188325222,0,100,0.0,0.0,0.03699349876899627
174,3812,8.969927704407137,0,100,0.0,0.0,0.03699349876899627
174,3813,8.971603220489051,0,100,0.0,0.0,0.03699349876899627
174,3814,8.973278736570965,0,100,0.0,0.0,0.03699349876899627
174,3815,8.97495425265288,0,100,0.0,0.0,0.03699349876899627
174,3816,8.976629768734794,0,100,0.0,0.0,0.03699349876899627
174,3817,8.97830528481671,0,100,0.0,0.0,0.03699349876899627
174,3818,8.979980800898623,0,200,0.0,0.0,0.018845326668962936
174,3850,9.03359731551989,1,200,0.005,0.0008831687058453758,0.02777370469642793
174,3858,9.047001444175207,0,200,0.0,0.0,0.018845326668962936
174,3866,9.060405572830522,3,200,0.015,0.005114237753504754,0.043165729115389295
174,3874,9.073809701485839,0,200,0.0,0.0,0.018845326668962936
175,1156,4.534601016130287,0,25,0.0,0.0,0.13319225276039096
175,2509,6.801574274960681,0,25,0.0,0.0,0.13319225276039096
175,3186,7.935898662416836,1,25,0.04,0.007096233423382075,0.1954406391161776
175,3524,8.502223098103956,0,25,0.0,0.0,0.13319225276039096
175,3693,8.785385315947515,0,25,0.0,0.0,0.13319225276039096
175,3778,8.927804182910254,0,25,0.0,0.0,0.13319225276039096
175,3799,8.96299002063046,0,25,0.0,0.0,0.13319225276039096
175,3801,8.966341052794288,0,100,0.0,0.0,0.03699349876899627
175,3802,8.968016568876202,0,100,0.0,0.0,0.03699349876899627
175,3803,8.969692084958117,0,100,0.0,0.0,0.03699349876899627
175,3804,8.971367601040033,0,100,0.0,0.0,0.03699349876899627
175,3805,8.973043117121946,0,100,0.0,0.0,0.03699349876899627
175,3806,8.97471863320386,0,100,0.0,0.0,0.03699349876899627
175,3807,8.976394149285776,0,100,0.0,0.0,0.03699349876899627
175,3808,8.978069665367691,0,100,0.0,0.0,0.03699349876899627
175,3809,8.979745181449605,0,200,0.0,0.0,0.018845326668962936
175,3841,9.03336169607087,1,200,0.005,0.0008831687058453758,0.02777370469642793
175,3849,9.046765824726187,0,200,0.0,0.0,0.018845326668962936
175,3857,9.060169953381504,3,200,0.015,0.005114237753504754,0.043165729115389295
175,3865,9.07357408203682,0,200,0.0,0.0,0.018845326668962936
176,1147,4.534365396681268,0,25,0.0,0.0,0.13319225276039096
176,2500,6.801338655511662,0,25,0.0,0.0,0.13319225276039096
176,3177,7.935663042967817,1,25,0.04,0.007096233423382075,0.1954406391161776
176,3515,8.501987478654936,0,25,0.0,0.0,0.13319225276039096
176,3684,8.785149696498497,0,25,0.0,0.0,0.13319225276039096
176,3769,8.927568563461234,0,25,0.0,0.0,0.13319225276039096
176,3790,8.962754401181439,0,25,0.0,0.0,0.13319225276039096
176,3792,8.96610543334527,0,100,0.0,0.0,0.03699349876899627
176,3793,8.967780949427183,0,100,0.0,0.0,0.03699349876899627
176,3794,8.969456465509097,0,100,0.0,0.0,0.03699349876899627
176,3795,8.971131981591013,0,100,0.0,0.0,0.03699349876899627
176,3796,8.972807497672928,0,100,0.0,0.0,0.03699349876899627
176,3797,8.974483013754842,0,100,0.0,0.0,0.03699349876899627
176,3798,8.976158529836756,0,100,0.0,0.0,0.03699349876899627
176,3799,8.977834045918671,0,100,0.0,0.0,0.03699349876899627
176,3800,8.979509562000585,0,200,0.0,0.0,0.018845326668962936
176,3832,9.033126076621851,1,200,0.005,0.0008831687058453758,0.02777370469642793
176,3840,9.046530205277168,0,200,0.0,0.0,0.018845326668962936
176,3848,9.059934333932485,3,200,0.015,0.005114237753504754,0.043165729115389295
176,3856,9.0733384625878,0,200,0.0,0.0,0.018845326668962936
177,1138,4.534129777232248,0,25,0.0,0.0,0.13319225276039096
177,2491,6.801103036062643,0,25,0.0,0.0,0.13319225276039096
177,3168,7.935427423518798,1,25,0.04,0.007096233423382075,0.1954406391161776
177,3506,8.501751859205918,0,25,0.0,0.0,0.13319225276039096
177,3675,8.784914077049478,0,25,0.0,0.0,0.13319225276039096
177,3760,8.927332944012214,0,25,0.0,0.0,0.13319225276039096
177,3781,8.96251878173242,0,25,0.0,0.0,0.13319225276039096
177,3783,8.96586981389625,0,100,0.0,0.0,0.03699349876899627
177,3784,8.967545329978165,0,100,0.0,0.0,0.03699349876899627
177,3785,8.969220846060079,0,100,0.0,0.0,0.03699349876899627
177,3786,8.970896362141993,0,100,0.0,0.0,0.03699349876899627
177,3787,8.972571878223908,0,100,0.0,0.0,0.03699349876899627
177,3788,8.974247394305822,0,100,0.0,0.0,0.03699349876899627
177,3789,8.975922910387737,0,100,0.0,0.0,0.03699349876899627
177,3790,8.977598426469651,0,100,0.0,0.0,0.03699349876899627
177,3791,8.979273942551565,0,200,0.0,0.0,0.018845326668962936
177,3823,9.032890457172833,1,200,0.005,0.0008831687058453758,0.02777370469642793
177,3831,9.046294585828148,0,200,0.0,0.0,0.018845326668962936
177,3839,9.059698714483464,3,200,0.015,0.005114237753504754,0.043165729115389295
177,3847,9.07310284313878,0,200,0.0,0.0,0.018845326668962936
178,1129,4.533894157783229,0,25,0.0,0.0,0.13319225276039096
178,2482,6.800867416613624,0,25,0.0,0.0,0.13319225276039096
178,3159,7.935191804069779,1,25,0.04,0.007096233423382075,0.1954406391161776
178,3497,8.5015162397569,0,25,0.0,0.0,0.13319225276039096
178,3666,8.784678457600458,0,25,0.0,0.0,0.13319225276039096
178,3751,8.927097324563196,0,25,0.0,0.0,0.13319225276039096
178,3772,8.962283162283402,0,25,0.0,0.0,0.13319225276039096
178,3774,8.965634194447231,0,100,0.0,0.0,0.03699349876899627
178,3775,8.967309710529145,0,100,0.0,0.0,0.03699349876899627
178,3776,8.968985226611059,0,100,0.0,0.0,0.03699349876899627
178,3777,8.970660742692974,0,100,0.0,0.0,0.03699349876899627
178,3778,8.972336258774888,0,100,0.0,0.0,0.03699349876899627
178,3779,8.974011774856804,0,100,0.0,0.0,0.03699349876899627
178,3780,8.975687290938717,0,100,0.0,0.0,0.03699349876899627
178,3781,8.977362807020633,0,100,0.0,0.0,0.03699349876899627
178,3782,8.979038323102547,0,200,0.0,0.0,0.018845326668962936
178,3814,9.032654837723813,1,200,0.005,0.0008831687058453758,0.02777370469642793
178,3822,9.04605896637913,0,200,0.0,0.0,0.018845326668962936
178,3830,9.059463095034445,3,200,0.015,0.005114237753504754,0.043165729115389295
178,3838,9.072867223689762,0,200,0.0,0.0,0.018845326668962936
179,1120,4.53365853833421,0,25,0.0,0.0,0.13319225276039096
179,2473,6.800631797164604,0,25,0.0,0.0,0.13319225276039096
179,3150,7.934956184620759,1,25,0.04,0.007096233423382075,0.1954406391161776
179,3488,8.50128062030788,0,25,0.0,0.0,0.13319225276039096
179,3658,8.786118354233354,0,25,0.0,0.0,0.13319225276039096
179,3742,8.926861705114176,0,25,0.0,0.0,0.13319225276039096
179,3763,8.962047542834382,0,25,0.0,0.0,0.13319225276039096
179,3765,8.965398574998211,0,100,0.0,0.0,0.03699349876899627
179,3766,8.967074091080125,0,100,0.0,0.0,0.03699349876899627
179,3767,8.96874960716204,0,100,0.0,0.0,0.03699349876899627
179,3768,8.970425123243954,0,100,0.0,0.0,0.03699349876899627
179,3769,8.97210063932587,0,100,0.0,0.0,0.03699349876899627
179,3770,8.973776155407784,0,100,0.0,0.0,0.03699349876899627
179,3771,8.975451671489699,0,100,0.0,0.0,0.03699349876899627
179,3772,8.977127187571613,0,100,0.0,0.0,0.03699349876899627
179,3773,8.978802703653528,1,200,0.005,0.0008831687058453758,0.02777370469642793
179,3805,9.032419218274793,2,200,0.01,0.0027466581088489593,0.035721762026734716
179,3813,9.04582334693011,0,200,0.0,0.0,0.018845326668962936
179,3821,9.059227475585427,3,200,0.015,0.005114237753504754,0.043165729115389295
179,3829,9.072631604240742,0,200,0.0,0.0,0.018845326668962936
180,1111,4.533422918885191,0,25,0.0,0.0,0.13319225276039096
180,2465,6.8020716937975,0,25,0.0,0.0,0.13319225276039096
180,3141,7.93472056517174,1,25,0.04,0.007096233423382075,0.1954406391161776
180,3480,8.502720516940775,0,25,0.0,0.0,0.13319225276039096
180,3649,8.785882734784334,0,25,0.0,0.0,0.13319225276039096
180,3733,8.926626085665157,0,25,0.0,0.0,0.13319225276039096
180,3754,8.961811923385362,0,25,0.0,0.0,0.13319225276039096
180,3756,8.965162955549193,0,100,0.0,0.0,0.03699349876899627
180,3757,8.966838471631107,0,100,0.0,0.0,0.03699349876899627
180,3758,8.96851398771302,0,100,0.0,0.0,0.03699349876899627
180,3759,8.970189503794936,0,100,0.0,0.0,0.03699349876899627
180,3760,8.971865019876851,0,100,0.0,0.0,0.03699349876899627
180,3761,8.973540535958765,0,100,0.0,0.0,0.03699349876899627
180,3762,8.975216052040679,0,100,0.0,0.0,0.03699349876899627
180,3763,8.976891568122594,0,100,0.0,0.0,0.03699349876899627
180,3764,8.978567084204508,1,200,0.005,0.0008831687058453758,0.02777370469642793
180,3796,9.032183598825775,2,200,0.01,0.0027466581088489593,0.035721762026734716
180,3804,9.045587727481092,0,200,0.0,0.0,0.018845326668962936
180,3812,9.058991856136409,3,200,0.015,0.005114237753504754,0.043165729115389295
180,3820,9.072395984791724,0,200,0.0,0.0,0.018845326668962936
181,1102,4.533187299436172,0,25,0.0,0.0,0.13319225276039096
181,2456,6.801836074348481,0,25,0.0,0.0,0.13319225276039096
181,3132,7.934484945722721,1,25,0.04,0.007096233423382075,0.1954406391161776
181,3471,8.502484897491755,0,25,0.0,0.0,0.13319225276039096
181,3640,8.785647115335316,0,25,0.0,0.0,0.13319225276039096
181,3724,8.926390466216137,0,25,0.0,0.0,0.13319225276039096
181,3746,8.963251820018257,0,25,0.0,0.0,0.13319225276039096
181,3748,8.966602852182088,0,100,0.0,0.0,0.03699349876899627
181,3749,8.968278368264002,0,100,0.0,0.0,0.03699349876899627
181,3750,8.969953884345916,0,100,0.0,0.0,0.03699349876899627
181,3751,8.971629400427831,0,100,0.0,0.0,0.03699349876899627
181,3752,8.973304916509745,0,100,0.0,0.0,0.03699349876899627
181,3753,8.97498043259166,0,100,0.0,0.0,0.03699349876899627
181,3754,8.976655948673574,0,100,0.0,0.0,0.03699349876899627
181,3755,8.978331464755488,0,100,0.0,0.0,0.03699349876899627
181,3756,8.980006980837404,0,200,0.0,0.0,0.018845326668962936
181,3788,9.03362349545867,2,200,0.01,0.0027466581088489593,0.035721762026734716
181,3796,9.047027624113987,0,200,0.0,0.0,0.018845326668962936
181,3804,9.060431752769302,3,200,0.015,0.005114237753504754,0.043165729115389295
181,3812,9.07383588142462,0,200,0.0,0.0,0.018845326668962936
182,1094,4.534627196069067,0,25,0.0,0.0,0.13319225276039096
182,2447,6.801600454899461,0,25,0.0,0.0,0.13319225276039096
182,3124,7.9359248423556155,1,25,0.04,0.007096233423382075,0.1954406391161776
182,3462,8.502249278042736,0,25,0.0,0.0,0.13319225276039096
182,3631,8.785411495886295,0,25,0.0,0.0,0.13319225276039096
182,3716,8.927830362849033,0,25,0.0,0.0,0.13319225276039096
182,3737,8.963016200569239,0,25,0.0,0.0,0.13319225276039096
182,3739,8.966367232733068,0,100,0.0,0.0,0.03699349876899627
182,3740,8.968042748814982,0,100,0.0,0.0,0.03699349876899627
182,3741,8.969718264896898,0,100,0.0,0.0,0.03699349876899627
182,3742,8.971393780978811,0,100,0.0,0.0,0.03699349876899627
182,3743,8.973069297060725,0,100,0.0,0.0,0.03699349876899627
182,3744,8.97474481314264,0,100,0.0,0.0,0.03699349876899627
182,3745,8.976420329224556,0,100,0.0,0.0,0.03699349876899627
182,3746,8.97809584530647,0,100,0.0,0.0,0.03699349876899627
182,3747,8.979771361388384,0,200,0.0,0.0,0.018845326668962936
182,3779,9.03338787600965,2,200,0.01,0.0027466581088489593,0.035721762026734716
182,3787,9.046792004664967,0,200,0.0,0.0,0.018845326668962936
182,3795,9.060196133320282,3,200,0.015,0.005114237753504754,0.043165729115389295
182,3803,9.0736002619756,0,200,0.0,0.0,0.018845326668962936
183,1085,4.534391576620048,0,25,0.0,0.0,0.13319225276039096
183,2438,6.801364835450443,0,25,0.0,0.0,0.13319225276039096
183,3115,7.935689222906596,1,25,0.04,0.007096233423382075,0.1954406391161776
183,3453,8.502013658593716,0,25,0.0,0.0,0.13319225276039096
183,3622,8.785175876437277,0,25,0.0,0.0,0.13319225276039096
183,3707,8.927594743400014,0,25,0.0,0.0,0.13319225276039096
183,3728,8.962780581120219,0,25,0.0,0.0,0.13319225276039096
183,3730,8.966131613284048,0,100,0.0,0.0,0.03699349876899627
183,3731,8.967807129365964,0,100,0.0,0.0,0.03699349876899627
183,3732,8.969482645447878,0,100,0.0,0.0,0.03699349876899627
183,3733,8.971158161529793,0,100,0.0,0.0,0.03699349876899627
183,3734,8.972833677611707,0,100,0.0,0.0,0.03699349876899627
183,3735,8.974509193693622,0,100,0.0,0.0,0.03699349876899627
183,3736,8.976184709775536,0,100,0.0,0.0,0.03699349876899627
183,3737,8.977860225857452,0,100,0.0,0.0,0.03699349876899627
183,3738,8.979535741939365,0,200,0.0,0.0,0.018845326668962936
183,3770,9.033152256560632,2,200,0.01,0.0027466581088489593,0.035721762026734716
183,3778,9.046556385215947,0,200,0.0,0.0,0.018845326668962936
183,3786,9.059960513871264,3,200,0.015,0.005114237753504754,0.043165729115389295
183,3794,9.073364642526581,0,200,0.0,0.0,0.018845326668962936
184,1076,4.534155957171029,0,25,0.0,0.0,0.13319225276039096
184,2429,6.8011292160014225,0,25,0.0,0.0,0.13319225276039096
184,3106,7.935453603457578,1,25,0.04,0.007096233423382075,0.1954406391161776
184,3444,8.501778039144698,0,25,0.0,0.0,0.13319225276039096
184,3613,8.784940256988257,0,25,0.0,0.0,0.13319225276039096
184,3698,8.927359123950994,0,25,0.0,0.0,0.13319225276039096
184,3719,8.9625449616712,0,25,0.0,0.0,0.13319225276039096
184,3721,8.96589599383503,0,100,0.0,0.0,0.03699349876899627
184,3722,8.967571509916944,0,100,0.0,0.0,0.03699349876899627
184,3723,8.96924702599886,0,100,0.0,0.0,0.03699349876899627
184,3724,8.970922542080773,0,100,0.0,0.0,0.03699349876899627
184,3725,8.972598058162689,0,100,0.0,0.0,0.03699349876899627
184,3726,8.974273574244602,0,100,0.0,0.0,0.03699349876899627
184,3727,8.975949090326518,0,100,0.0,0.0,0.03699349876899627
184,3728,8.977624606408432,0,100,0.0,0.0,0.03699349876899627
184,3729,8.979300122490345,0,200,0.0,0.0,0.018845326668962936
184,3761,9.032916637111612,2,200,0.01,0.0027466581088489593,0.035721762026734716
184,3769,9.046320765766929,0,200,0.0,0.0,0.018845326668962936
184,3777,9.059724894422244,3,200,0.015,0.005114237753504754,0.043165729115389295
184,3785,9.073129023077561,0,200,0.0,0.0,0.018845326668962936
185,1067,4.533920337722009,0,25,0.0,0.0,0.13319225276039096
185,2420,6.800893596552404,0,25,0.0,0.0,0.13319225276039096
185,3097,7.935217984008558,1,25,0.04,0.007096233423382075,0.1954406391161776
185,3435,8.501542419695678,0,25,0.0,0.0,0.13319225276039096
185,3604,8.784704637539239,0,25,0.0,0.0,0.13319225276039096
185,3689,8.927123504501976,0,25,0.0,0.0,0.13319225276039096
185,3710,8.96230934222218,0,25,0.0,0.0,0.13319225276039096
185,3712,8.96566037438601,0,100,0.0,0.0,0.03699349876899627
185,3713,8.967335890467925,0,100,0.0,0.0,0.03699349876899627
185,3714,8.96901140654984,0,100,0.0,0.0,0.03699349876899627
185,3715,8.970686922631755,0,100,0.0,0.0,0.03699349876899627
185,3716,8.972362438713668,0,100,0.0,0.0,0.03699349876899627
185,3717,8.974037954795582,0,100,0.0,0.0,0.03699349876899627
185,3718,8.975713470877498,0,100,0.0,0.0,0.03699349876899627
185,3719,8.977388986959411,0,100,0.0,0.0,0.03699349876899627
185,3720,8.979064503041327,0,200,0.0,0.0,0.018845326668962936
185,3752,9.032681017662592,2,200,0.01,0.0027466581088489593,0.035721762026734716
185,3760,9.046085146317909,0,200,0.0,0.0,0.018845326668962936
185,3768,9.059489274973226,3,200,0.015,0.005114237753504754,0.043165729115389295
185,3776,9.072893403628541,0,200,0.0,0.0,0.018845326668962936
186,1058,4.5336847182729905,0,25,0.0,0.0,0.13319225276039096
186,2411,6.800657977103384,0,25,0.0,0.0,0.13319225276039096
186,3088,7.934982364559539,1,25,0.04,0.007096233423382075,0.1954406391161776
186,3426,8.50130680024666,0,25,0.0,0.0,0.13319225276039096
186,3596,8.786144534172134,0,25,0.0,0.0,0.13319225276039096
186,3680,8.926887885052956,0,25,0.0,0.0,0.13319225276039096
186,3701,8.962073722773162,0,25,0.0,0.0,0.13319225276039096
186,3703,8.965424754936992,0,100,0.0,0.0,0.03699349876899627
186,3704,8.967100271018905,0,100,0.0,0.0,0.03699349876899627
186,3705,8.968775787100821,0,100,0.0,0.0,0.03699349876899627
186,3706,8.970451303182735,0,100,0.0,0.0,0.03699349876899627
186,3707,8.972126819264648,0,100,0.0,0.0,0.03699349876899627
186,3708,8.973802335346564,0,100,0.0,0.0,0.03699349876899627
186,3709,8.97547785142848,0,100,0.0,0.0,0.03699349876899627
186,3710,8.977153367510393,0,100,0.0,0.0,0.03699349876899627
186,3711,8.978828883592307,1,200,0.005,0.0008831687058453758,0.02777370469642793
186,3743,9.032445398213573,2,200,0.01,0.0027466581088489593,0.035721762026734716
186,3751,9.04584952686889,0,200,0.0,0.0,0.018845326668962936
186,3759,9.059253655524206,3,200,0.015,0.005114237753504754,0.043165729115389295
186,3767,9.072657784179523,0,200,0.0,0.0,0.018845326668962936
187,1049,4.53344909882397,0,25,0.0,0.0,0.13319225276039096
187,2403,6.80209787373628,0,25,0.0,0.0,0.13319225276039096
187,3079,7.93474674511052,1,25,0.04,0.007096233423382075,0.1954406391161776
187,3418,8.502746696879555,0,25,0.0,0.0,0.13319225276039096
187,3587,8.785908914723114,0,25,0.0,0.0,0.13319225276039096
187,3671,8.926652265603938,0,25,0.0,0.0,0.13319225276039096
187,3692,8.961838103324142,0,25,0.0,0.0,0.13319225276039096
187,3694,8.965189135487972,0,100,0.0,0.0,0.03699349876899627
187,3695,8.966864651569885,0,100,0.0,0.0,0.03699349876899627
187,3696,8.9685401676518,0,100,0.0,0.0,0.03699349876899627
187,3697,8.970215683733716,0,100,0.0,0.0,0.03699349876899627
187,3698,8.97189119981563,0,100,0.0,0.0,0.03699349876899627
187,3699,8.973566715897544,0,100,0.0,0.0,0.03699349876899627
187,3700,8.97524223197946,0,100,0.0,0.0,0.03699349876899627
187,3701,8.976917748061375,0,100,0.0,0.0,0.03699349876899627
187,3702,8.978593264143289,1,200,0.005,0.0008831687058453758,0.02777370469642793
187,3734,9.032209778764553,2,200,0.01,0.0027466581088489593,0.035721762026734716
187,3742,9.04561390741987,0,200,0.0,0.0,0.018845326668962936
187,3750,9.059018036075187,3,200,0.015,0.005114237753504754,0.043165729115389295
187,3758,9.072422164730504,0,200,0.0,0.0,0.018845326668962936
188,1040,4.533213479374951,0,25,0.0,0.0,0.13319225276039096
188,2394,6.80186225428726,0,25,0.0,0.0,0.13319225276039096
188,3070,7.9345111256615,1,25,0.04,0.007096233423382075,0.1954406391161776
188,3409,8.502511077430535,0,25,0.0,0.0,0.13319225276039096
188,3578,8.785673295274094,0,25,0.0,0.0,0.13319225276039096
188,3662,8.926416646154918,0,25,0.0,0.0,0.13319225276039096
188,3684,8.963277999957038,0,25,0.0,0.0,0.13319225276039096
188,3685,8.964953516038953,0,100,0.0,0.0,0.03699349876899627
188,3686,8.966629032120867,0,100,0.0,0.0,0.03699349876899627
188,3687,8.96830454820278,0,100,0.0,0.0,0.03699349876899627
188,3688,8.969980064284696,0,100,0.0,0.0,0.03699349876899627
188,3689,8.971655580366612,0,100,0.0,0.0,0.03699349876899627
188,3690,8.973331096448526,0,100,0.0,0.0,0.03699349876899627
188,3691,8.97500661253044,1,100,0.01,0.001767432044609646,0.0544861967490067
188,3692,8.976682128612353,0,100,0.0,0.0,0.03699349876899627
188,3693,8.978357644694269,1,200,0.005,0.0008831687058453758,0.02777370469642793
188,3725,9.031974159315535,2,200,0.01,0.0027466581088489593,0.035721762026734716
188,3733,9.045378287970852,0,200,0.0,0.0,0.018845326668962936
188,3741,9.058782416626167,3,200,0.015,0.005114237753504754,0.043165729115389295
188,3749,9.072186545281484,0,200,0.0,0.0,0.018845326668962936
189,1032,4.534653376007847,0,25,0.0,0.0,0.13319225276039096
189,2385,6.801626634838241,0,25,0.0,0.0,0.13319225276039096
189,3062,7.935951022294397,1,25,0.04,0.007096233423382075,0.1954406391161776
189,3400,8.502275457981517,0,25,0.0,0.0,0.13319225276039096
189,3569,8.785437675825076,0,25,0.0,0.0,0.13319225276039096
189,3654,8.927856542787813,0,25,0.0,0.0,0.13319225276039096
189,3675,8.96304238050802,0,25,0.0,0.0,0.13319225276039096
189,3677,8.966393412671849,0,100,0.0,0.0,0.03699349876899627
189,3678,8.968068928753762,0,100,0.0,0.0,0.03699349876899627
189,3679,8.969744444835678,0,100,0.0,0.0,0.03699349876899627
189,3680,8.971419960917592,0,100,0.0,0.0,0.03699349876899627
189,3681,8.973095476999505,0,100,0.0,0.0,0.03699349876899627
189,3682,8.974770993081421,0,100,0.0,0.0,0.03699349876899627
189,3683,8.976446509163335,0,100,0.0,0.0,0.03699349876899627
189,3684,8.97812202524525,0,100,0.0,0.0,0.03699349876899627
189,3685,8.979797541327164,0,200,0.0,0.0,0.018845326668962936
189,3717,9.03341405594843,2,200,0.01,0.0027466581088489593,0.035721762026734716
189,3725,9.046818184603747,0,200,0.0,0.0,0.018845326668962936
189,3733,9.060222313259063,3,200,0.015,0.005114237753504754,0.043165729115389295
189,3741,9.07362644191438,0,200,0.0,0.0,0.018845326668962936
190,1023,4.5344177565588275,0,25,0.0,0.0,0.13319225276039096
190,2376,6.801391015389222,0,25,0.0,0.0,0.13319225276039096
190,3053,7.935715402845377,1,25,0.04,0.007096233423382075,0.1954406391161776
190,3391,8.502039838532497,0,25,0.0,0.0,0.13319225276039096
190,3560,8.785202056376056,0,25,0.0,0.0,0.13319225276039096
190,3645,8.927620923338793,0,25,0.0,0.0,0.13319225276039096
190,3666,8.962806761059,0,25,0.0,0.0,0.13319225276039096
190,3668,8.966157793222829,0,100,0.0,0.0,0.03699349876899627
190,3669,8.967833309304742,0,100,0.0,0.0,0.03699349876899627
190,3670,8.969508825386658,0,100,0.0,0.0,0.03699349876899627
190,3671,8.971184341468572,0,100,0.0,0.0,0.03699349876899627
190,3672,8.972859857550487,0,100,0.0,0.0,0.03699349876899627
190,3673,8.974535373632401,0,100,0.0,0.0,0.03699349876899627
190,3674,8.976210889714316,0,100,0.0,0.0,0.03699349876899627
190,3675,8.97788640579623,0,100,0.0,0.0,0.03699349876899627
190,3676,8.979561921878146,0,200,0.0,0.0,0.018845326668962936
190,3708,9.03317843649941,2,200,0.01,0.0027466581088489593,0.035721762026734716
190,3716,9.046582565154727,0,200,0.0,0.0,0.018845326668962936
190,3724,9.059986693810044,3,200,0.015,0.005114237753504754,0.043165729115389295
190,3732,9.07339082246536,0,200,0.0,0.0,0.018845326668962936
191,1014,4.534182137109808,0,25,0.0,0.0,0.13319225276039096
191,2367,6.801155395940203,0,25,0.0,0.0,0.13319225276039096
191,3044,7.9354797833963575,1,25,0.04,0.007096233423382075,0.1954406391161776
191,3382,8.501804219083478,0,25,0.0,0.0,0.13319225276039096
191,3551,8.784966436927037,0,25,0.0,0.0,0.13319225276039096
191,3636,8.927385303889775,0,25,0.0,0.0,0.13319225276039096
191,3657,8.962571141609981,0,25,0.0,0.0,0.13319225276039096
191,3659,8.965922173773809,0,100,0.0,0.0,0.03699349876899627
191,3660,8.967597689855724,0,100,0.0,0.0,0.03699349876899627
191,3661,8.96927320593764,0,100,0.0,0.0,0.03699349876899627
191,3662,8.970948722019553,0,100,0.0,0.0,0.03699349876899627
191,3663,8.972624238101467,0,100,0.0,0.0,0.03699349876899627
191,3664,8.974299754183383,0,100,0.0,0.0,0.03699349876899627
191,3665,8.975975270265298,0,100,0.0,0.0,0.03699349876899627
191,3666,8.977650786347212,0,100,0.0,0.0,0.03699349876899627
191,3667,8.979326302429126,0,200,0.0,0.0,0.018845326668962936
191,3699,9.032942817050392,2,200,0.01,0.0027466581088489593,0.035721762026734716
191,3707,9.046346945705707,0,200,0.0,0.0,0.018845326668962936
191,3715,9.059751074361024,3,200,0.015,0.005114237753504754,0.043165729115389295
191,3723,9.073155203016341,0,200,0.0,0.0,0.018845326668962936
192,1005,4.533946517660789,0,25,0.0,0.0,0.13319225276039096
192,2358,6.800919776491184,0,25,0.0,0.0,0.13319225276039096
192,3035,7.935244163947338,1,25,0.04,0.007096233423382075,0.1954406391161776
192,3373,8.501568599634458,0,25,0.0,0.0,0.13319225276039096
192,3542,8.784730817478017,0,25,0.0,0.0,0.13319225276039096
192,3627,8.927149684440757,0,25,0.0,0.0,0.13319225276039096
192,3648,8.962335522160961,0,25,0.0,0.0,0.13319225276039096
192,3650,8.96568655432479,0,100,0.0,0.0,0.03699349876899627
192,3651,8.967362070406704,0,100,0.0,0.0,0.03699349876899627
192,3652,8.96903758648862,0,100,0.0,0.0,0.03699349876899627
192,3653,8.970713102570535,0,100,0.0,0.0,0.03699349876899627
192,3654,8.972388618652449,0,100,0.0,0.0,0.03699349876899627
192,3655,8.974064134734363,0,100,0.0,0.0,0.03699349876899627
192,3656,8.975739650816276,0,100,0.0,0.0,0.03699349876899627
192,3657,8.977415166898192,0,100,0.0,0.0,0.03699349876899627
192,3658,8.979090682980107,0,200,0.0,0.0,0.018845326668962936
192,3690,9.032707197601372,2,200,0.01,0.0027466581088489593,0.035721762026734716
192,3698,9.046111326256689,0,200,0.0,0.0,0.018845326668962936
192,3706,9.059515454912006,3,200,0.015,0.005114237753504754,0.043165729115389295
192,3714,9.072919583567323,0,200,0.0,0.0,0.018845326668962936
193,996,4.533710898211769,0,25,0.0,0.0,0.13319225276039096
193,2349,6.800684157042165,0,25,0.0,0.0,0.13319225276039096
193,3026,7.935008544498319,1,25,0.04,0.007096233423382075,0.1954406391161776
193,3364,8.501332980185438,0,25,0.0,0.0,0.13319225276039096
193,3534,8.786170714110913,0,25,0.0,0.0,0.13319225276039096
193,3618,8.926914064991736,0,25,0.0,0.0,0.13319225276039096
193,3639,8.962099902711941,0,25,0.0,0.0,0.13319225276039096
193,3641,8.965450934875772,0,100,0.0,0.0,0.03699349876899627
193,3642,8.967126450957686,0,100,0.0,0.0,0.03699349876899627
193,3643,8.9688019670396,0,100,0.0,0.0,0.03699349876899627
193,3644,8.970477483121513,0,100,0.0,0.0,0.03699349876899627
193,3645,8.972152999203429,0,100,0.0,0.0,0.03699349876899627
193,3646,8.973828515285344,0,100,0.0,0.0,0.03699349876899627
193,3647,8.975504031367258,0,100,0.0,0.0,0.03699349876899627
193,3648,8.977179547449172,0,100,0.0,0.0,0.03699349876899627
193,3649,8.978855063531087,1,200,0.005,0.0008831687058453758,0.02777370469642793
193,3681,9.032471578152354,2,200,0.01,0.0027466581088489593,0.035721762026734716
193,3689,9.04587570680767,0,200,0.0,0.0,0.018845326668962936
193,3697,9.059279835462986,3,200,0.015,0.005114237753504754,0.043165729115389295
193,3705,9.072683964118301,0,200,0.0,0.0,0.018845326668962936
194,987,4.533475278762751,0,25,0.0,0.0,0.13319225276039096
194,2341,6.80212405367506,0,25,0.0,0.0,0.13319225276039096
194,3017,7.9347729250493,1,25,0.04,0.007096233423382075,0.1954406391161776
194,3356,8.502772876818334,0,25,0.0,0.0,0.13319225276039096
194,3525,8.785935094661895,0,25,0.0,0.0,0.13319225276039096
194,3609,8.926678445542716,0,25,0.0,0.0,0.13319225276039096
194,3630,8.961864283262923,0,25,0.0,0.0,0.13319225276039096
194,3632,8.965215315426752,0,100,0.0,0.0,0.03699349876899627
194,3633,8.966890831508666,0,100,0.0,0.0,0.03699349876899627
194,3634,8.968566347590581,0,100,0.0,0.0,0.03699349876899627
194,3635,8.970241863672495,0,100,0.0,0.0,0.03699349876899627
194,3636,8.97191737975441,0,100,0.0,0.0,0.03699349876899627
194,3637,8.973592895836324,0,100,0.0,0.0,0.03699349876899627
194,3638,8.97526841191824,0,100,0.0,0.0,0.03699349876899627
194,3639,8.976943928000154,0,100,0.0,0.0,0.03699349876899627
194,3640,8.978619444082069,1,200,0.005,0.0008831687058453758,0.02777370469642793
194,3672,9.032235958703334,2,200,0.01,0.0027466581088489593,0.035721762026734716
194,3680,9.04564008735865,0,200,0.0,0.0,0.018845326668962936
194,3688,9.059044216013968,3,200,0.015,0.005114237753504754,0.043165729115389295
194,3696,9.072448344669283,0,200,0.0,0.0,0.018845326668962936
195,978,4.533239659313731,0,25,0.0,0.0,0.13319225276039096
195,2332,6.80188843422604,0,25,0.0,0.0,0.13319225276039096
195,3008,7.93453730560028,1,25,0.04,0.007096233423382075,0.1954406391161776
195,3347,8.502537257369315,0,25,0.0,0.0,0.13319225276039096
195,3516,8.785699475212875,0,25,0.0,0.0,0.13319225276039096
195,3600,8.926442826093698,0,25,0.0,0.0,0.13319225276039096
195,3622,8.963304179895818,0,25,0.0,0.0,0.13319225276039096
195,3623,8.964979695977732,0,100,0.0,0.0,0.03699349876899627
195,3624,8.966655212059647,0,100,0.0,0.0,0.03699349876899627
195,3625,8.968330728141561,0,100,0.0,0.0,0.03699349876899627
195,3626,8.970006244223477,0,100,0.0,0.0,0.03699349876899627
195,3627,8.97168176030539,0,100,0.0,0.0,0.03699349876899627
195,3628,8.973357276387306,0,100,0.0,0.0,0.03699349876899627
195,3629,8.97503279246922,0,100,0.0,0.0,0.03699349876899627
195,3630,8.976708308551135,0,100,0.0,0.0,0.03699349876899627
195,3631,8.978383824633049,1,200,0.005,0.0008831687058453758,0.02777370469642793
195,3663,9.032000339254315,2,200,0.01,0.0027466581088489593,0.035721762026734716
195,3671,9.04540446790963,0,200,0.0,0.0,0.018845326668962936
195,3679,9.058808596564948,3,200,0.015,0.005114237753504754,0.043165729115389295
195,3687,9.072212725220265,0,200,0.0,0.0,0.018845326668962936
196,970,4.534679555946627,0,25,0.0,0.0,0.13319225276039096
196,2323,6.801652814777022,0,25,0.0,0.0,0.13319225276039096
196,3000,7.935977202233176,1,25,0.04,0.007096233423382075,0.1954406391161776
196,3338,8.502301637920297,0,25,0.0,0.0,0.13319225276039096
196,3507,8.785463855763856,0,25,0.0,0.0,0.13319225276039096
196,3592,8.927882722726594,0,25,0.0,0.0,0.13319225276039096
196,3613,8.9630685604468,0,25,0.0,0.0,0.13319225276039096
196,3615,8.966419592610627,0,100,0.0,0.0,0.03699349876899627
196,3616,8.968095108692543,0,100,0.0,0.0,0.03699349876899627
196,3617,8.969770624774458,0,100,0.0,0.0,0.03699349876899627
196,3618,8.971446140856372,0,100,0.0,0.0,0.03699349876899627
196,3619,8.973121656938286,0,100,0.0,0.0,0.03699349876899627
196,3620,8.9747971730202,0,100,0.0,0.0,0.03699349876899627
196,3621,8.976472689102115,0,100,0.0,0.0,0.03699349876899627
196,3622,8.97814820518403,0,100,0.0,0.0,0.03699349876899627
196,3623,8.979823721265944,0,200,0.0,0.0,0.018845326668962936
196,3655,9.033440235887209,2,200,0.01,0.0027466581088489593,0.035721762026734716
196,3663,9.046844364542526,0,200,0.0,0.0,0.018845326668962936
196,3671,9.060248493197843,3,200,0.015,0.005114237753504754,0.043165729115389295
196,3679,9.07365262185316,0,200,0.0,0.0,0.018845326668962936
197,961,4.534443936497608,0,25,0.0,0.0,0.13319225276039096
197,2314,6.801417195328002,0,25,0.0,0.0,0.13319225276039096
197,2991,7.935741582784156,1,25,0.04,0.007096233423382075,0.1954406391161776
197,3329,8.502066018471275,0,25,0.0,0.0,0.13319225276039096
197,3498,8.785228236314836,0,25,0.0,0.0,0.13319225276039096
197,3583,8.927647103277573,0,25,0.0,0.0,0.13319225276039096
197,3604,8.96283294099778,0,25,0.0,0.0,0.13319225276039096
197,3606,8.966183973161609,0,100,0.0,0.0,0.03699349876899627
197,3607,8.967859489243523,0,100,0.0,0.0,0.03699349876899627
197,3608,8.969535005325437,0,100,0.0,0.0,0.03699349876899627
197,3609,8.971210521407352,0,100,0.0,0.0,0.03699349876899627
197,3610,8.972886037489268,0,100,0.0,0.0,0.03699349876899627
197,3611,8.974561553571181,0,100,0.0,0.0,0.03699349876899627
197,3612,8.976237069653095,0,100,0.0,0.0,0.03699349876899627
197,3613,8.97791258573501,0,100,0.0,0.0,0.03699349876899627
197,3614,8.979588101816926,0,200,0.0,0.0,0.018845326668962936
197,3646,9.03320461643819,2,200,0.01,0.0027466581088489593,0.035721762026734716
197,3654,9.046608745093508,0,200,0.0,0.0,0.018845326668962936
197,3662,9.060012873748825,3,200,0.015,0.005114237753504754,0.043165729115389295
197,3670,9.07341700240414,0,200,0.0,0.0,0.018845326668962936
198,952,4.534208317048588,0,25,0.0,0.0,0.13319225276039096
198,2305,6.801181575878982,0,25,0.0,0.0,0.13319225276039096
198,2982,7.935505963335137,1,25,0.04,0.007096233423382075,0.1954406391161776
198,3320,8.501830399022257,0,25,0.0,0.0,0.13319225276039096
198,3489,8.784992616865818,0,25,0.0,0.0,0.13319225276039096
198,3574,8.927411483828553,0,25,0.0,0.0,0.13319225276039096
198,3595,8.96259732154876,0,25,0.0,0.0,0.13319225276039096
198,3597,8.965948353712589,0,100,0.0,0.0,0.03699349876899627
198,3598,8.967623869794505,0,100,0.0,0.0,0.03699349876899627
198,3599,8.969299385876418,0,100,0.0,0.0,0.03699349876899627
198,3600,8.970974901958332,0,100,0.0,0.0,0.03699349876899627
198,3601,8.972650418040248,0,100,0.0,0.0,0.03699349876899627
198,3602,8.974325934122163,0,100,0.0,0.0,0.03699349876899627
198,3603,8.976001450204077,0,100,0.0,0.0,0.03699349876899627
198,3604,8.97767696628599,0,100,0.0,0.0,0.03699349876899627
198,3605,8.979352482367906,0,200,0.0,0.0,0.018845326668962936
198,3637,9.032968996989172,2,200,0.01,0.0027466581088489593,0.035721762026734716
198,3645,9.046373125644488,0,200,0.0,0.0,0.018845326668962936
198,3653,9.059777254299805,3,200,0.015,0.005114237753504754,0.043165729115389295
198,3661,9.07318138295512,0,200,0.0,0.0,0.018845326668962936
199,943,4.53397269759957,0,25,0.0,0.0,0.13319225276039096
199,2296,6.800945956429963,0,25,0.0,0.0,0.13319225276039096
199,2973,7.935270343886119,0,25,0.0,0.0,0.13319225276039096
199,3311,8.501594779573239,0,25,0.0,0.0,0.13319225276039096
199,3480,8.784756997416798,0,25,0.0,0.0,0.13319225276039096
199,3565,8.927175864379535,0,25,0.0,0.0,0.13319225276039096
199,3586,8.962361702099741,0,25,0.0,0.0,0.13319225276039096
199,3588,8.96571273426357,0,100,0.0,0.0,0.03699349876899627
199,3589,8.967388250345484,0,100,0.0,0.0,0.03699349876899627
199,3590,8.9690637664274,0,100,0.0,0.0,0.03699349876899627
199,3591,8.970739282509314,0,100,0.0,0.0,0.03699349876899627
199,3592,8.97241479859123,0,100,0.0,0.0,0.03699349876899627
199,3593,8.974090314673143,0,100,0.0,0.0,0.03699349876899627
199,3594,8.975765830755059,0,100,0.0,0.0,0.03699349876899627
199,3595,8.977441346836972,0,100,0.0,0.0,0.03699349876899627
199,3596,8.979116862918886,0,200,0.0,0.0,0.018845326668962936
199,3628,9.032733377540152,2,200,0.01,0.0027466581088489593,0.035721762026734716
199,3636,9.04613750619547,0,200,0.0,0.0,0.018845326668962936
199,3644,9.059541634850785,3,200,0.015,0.005114237753504754,0.043165729115389295
199,3652,9.072945763506102,1,200,0.005,0.0008831687058453758,0.02777370469642793
200,934,4.5337370781505495,0,25,0.0,0.0,0.13319225276039096
200,2287,6.800710336980944,0,25,0.0,0.0,0.13319225276039096
200,2964,7.935034724437099,0,25,0.0,0.0,0.13319225276039096
200,3302,8.501359160124219,0,25,0.0,0.0,0.13319225276039096
200,3472,8.786196894049693,0,25,0.0,0.0,0.13319225276039096
200,3556,8.926940244930517,0,25,0.0,0.0,0.13319225276039096
200,3577,8.962126082650721,0,25,0.0,0.0,0.13319225276039096
200,3579,8.96547711481455,0,100,0.0,0.0,0.03699349876899627
200,3580,8.967152630896466,0,100,0.0,0.0,0.03699349876899627
200,3581,8.96882814697838,0,100,0.0,0.0,0.03699349876899627
200,3582,8.970503663060295,0,100,0.0,0.0,0.03699349876899627
200,3583,8.97217917914221,0,100,0.0,0.0,0.03699349876899627
200,3584,8.973854695224123,0,100,0.0,0.0,0.03699349876899627
200,3585,8.975530211306038,0,100,0.0,0.0,0.03699349876899627
200,3586,8.977205727387952,0,100,0.0,0.0,0.03699349876899627
200,3587,8.978881243469868,1,200,0.005,0.0008831687058453758,0.02777370469642793
200,3619,9.032497758091132,2,200,0.01,0.0027466581088489593,0.035721762026734716
200,3627,9.04590188674645,0,200,0.0,0.0,0.018845326668962936
200,3635,9.059306015401766,3,200,0.015,0.005114237753504754,0.043165729115389295
200,3643,9.072710144057082,1,200,0.005,0.0008831687058453758,0.02777370469642793
201,925,4.53350145870153,0,25,0.0,0.0,0.13319225276039096
201,2279,6.8021502336138395,0,25,0.0,0.0,0.13319225276039096
201,2955,7.934799104988079,0,25,0.0,0.0,0.13319225276039096
201,3294,8.502799056757114,0,25,0.0,0.0,0.13319225276039096
201,3463,8.785961274600673,0,25,0.0,0.0,0.13319225276039096
201,3547,8.926704625481497,0,25,0.0,0.0,0.13319225276039096
201,3568,8.961890463201703,0,25,0.0,0.0,0.13319225276039096
201,3570,8.965241495365532,0,100,0.0,0.0,0.03699349876899627
201,3571,8.966917011447446,0,100,0.0,0.0,0.03699349876899627
201,3572,8.96859252752936,0,100,0.0,0.0,0.03699349876899627
201,3573,8.970268043611275,0,100,0.0,0.0,0.03699349876899627
201,3574,8.97194355969319,0,100,0.0,0.0,0.03699349876899627
201,3575,8.973619075775105,0,100,0.0,0.0,0.03699349876899627
201,3576,8.975294591857018,0,100,0.0,0.0,0.03699349876899627
201,3577,8.976970107938934,0,100,0.0,0.0,0.03699349876899627
201,3578,8.978645624020848,1,200,0.005,0.0008831687058453758,0.02777370469642793
201,3610,9.032262138642114,2,200,0.01,0.0027466581088489593,0.035721762026734716
201,3618,9.045666267297431,0,200,0.0,0.0,0.018845326668962936
201,3626,9.059070395952746,3,200,0.015,0.005114237753504754,0.043165729115389295
201,3634,9.072474524608063,1,200,0.005,0.0008831687058453758,0.02777370469642793
202,916,4.533265839252511,0,25,0.0,0.0,0.13319225276039096
202,2270,6.80191461416482,0,25,0.0,0.0,0.13319225276039096
202,2946,7.93456348553906,0,25,0.0,0.0,0.13319225276039096
202,3285,8.502563437308094,0,25,0.0,0.0,0.13319225276039096
202,3454,8.785725655151655,0,25,0.0,0.0,0.13319225276039096
202,3538,8.926469006032477,0,25,0.0,0.0,0.13319225276039096
202,3560,8.963330359834597,0,25,0.0,0.0,0.13319225276039096
202,3561,8.965005875916512,0,100,0.0,0.0,0.03699349876899627
202,3562,8.966681391998428,0,100,0.0,0.0,0.03699349876899627
202,3563,8.968356908080342,0,100,0.0,0.0,0.03699349876899627
202,3564,8.970032424162255,0,100,0.0,0.0,0.03699349876899627
202,3565,8.97170794024417,0,100,0.0,0.0,0.03699349876899627
202,3566,8.973383456326086,0,100,0.0,0.0,0.03699349876899627
202,3567,8.975058972408,0,100,0.0,0.0,0.03699349876899627
202,3568,8.976734488489914,0,100,0.0,0.0,0.03699349876899627
202,3569,8.97841000457183,1,200,0.005,0.0008831687058453758,0.02777370469642793
202,3601,9.032026519193096,2,200,0.01,0.0027466581088489593,0.035721762026734716
202,3609,9.045430647848411,0,200,0.0,0.0,0.018845326668962936
202,3617,9.058834776503728,3,200,0.015,0.005114237753504754,0.043165729115389295
202,3625,9.072238905159043,1,200,0.005,0.0008831687058453758,0.02777370469642793
203,908,4.534705735885407,0,25,0.0,0.0,0.13319225276039096
203,2261,6.801678994715801,0,25,0.0,0.0,0.13319225276039096
203,2937,7.934327866090041,0,25,0.0,0.0,0.13319225276039096
203,3276,8.502327817859076,0,25,0.0,0.0,0.13319225276039096
203,3445,8.785490035702637,0,25,0.0,0.0,0.13319225276039096
203,3530,8.927908902665372,0,25,0.0,0.0,0.13319225276039096
203,3551,8.963094740385579,0,25,0.0,0.0,0.13319225276039096
203,3553,8.966445772549408,0,100,0.0,0.0,0.03699349876899627
203,3554,8.968121288631323,0,100,0.0,0.0,0.03699349876899627
203,3555,8.969796804713237,0,100,0.0,0.0,0.03699349876899627
203,3556,8.97147232079515,0,100,0.0,0.0,0.03699349876899627
203,3557,8.973147836877066,0,100,0.0,0.0,0.03699349876899627
203,3558,8.974823352958982,0,100,0.0,0.0,0.03699349876899627
203,3559,8.976498869040896,0,100,0.0,0.0,0.03699349876899627
203,3560,8.97817438512281,0,100,0.0,0.0,0.03699349876899627
203,3561,8.979849901204723,0,200,0.0,0.0,0.018845326668962936
203,3593,9.033466415825991,2,200,0.01,0.0027466581088489593,0.035721762026734716
203,3601,9.046870544481306,0,200,0.0,0.0,0.018845326668962936
203,3609,9.060274673136622,3,200,0.015,0.005114237753504754,0.043165729115389295
203,3617,9.073678801791939,1,200,0.005,0.0008831687058453758,0.02777370469642793
204,899,4.5344701164363865,0,25,0.0,0.0,0.13319225276039096
204,2252,6.801443375266782,0,25,0.0,0.0,0.13319225276039096
204,2929,7.935767762722937,0,25,0.0,0.0,0.13319225276039096
204,3267,8.502092198410057,0,25,0.0,0.0,0.13319225276039096
204,3436,8.785254416253617,0,25,0.0,0.0,0.13319225276039096
204,3521,8.927673283216354,0,25,0.0,0.0,0.13319225276039096
204,3542,8.96285912093656,0,25,0.0,0.0,0.13319225276039096
204,3544,8.966210153100388,0,100,0.0,0.0,0.03699349876899627
204,3545,8.967885669182303,0,100,0.0,0.0,0.03699349876899627
204,3546,8.969561185264219,0,100,0.0,0.0,0.03699349876899627
204,3547,8.971236701346132,0,100,0.0,0.0,0.03699349876899627
204,3548,8.972912217428046,0,100,0.0,0.0,0.03699349876899627
204,3549,8.97458773350996,0,100,0.0,0.0,0.03699349876899627
204,3550,8.976263249591875,0,100,0.0,0.0,0.03699349876899627
204,3551,8.977938765673791,0,100,0.0,0.0,0.03699349876899627
204,3552,8.979614281755705,0,200,0.0,0.0,0.018845326668962936
204,3584,9.03323079637697,2,200,0.01,0.0027466581088489593,0.035721762026734716
204,3592,9.046634925032286,0,200,0.0,0.0,0.018845326668962936
204,3600,9.060039053687603,3,200,0.015,0.005114237753504754,0.043165729115389295
204,3608,9.07344318234292,1,200,0.005,0.0008831687058453758,0.02777370469642793
205,890,4.534234496987368,0,25,0.0,0.0,0.13319225276039096
205,2243,6.801207755817763,0,25,0.0,0.0,0.13319225276039096
205,2920,7.935532143273917,0,25,0.0,0.0,0.13319225276039096
205,3258,8.501856578961037,0,25,0.0,0.0,0.13319225276039096
205,3427,8.785018796804597,0,25,0.0,0.0,0.13319225276039096
205,3512,8.927437663767334,0,25,0.0,0.0,0.13319225276039096
205,3533,8.96262350148754,0,25,0.0,0.0,0.13319225276039096
205,3535,8.96597453365137,0,100,0.0,0.0,0.03699349876899627
205,3536,8.967650049733283,0,100,0.0,0.0,0.03699349876899627
205,3537,8.969325565815199,0,100,0.0,0.0,0.03699349876899627
205,3538,8.971001081897112,0,100,0.0,0.0,0.03699349876899627
205,3539,8.972676597979028,0,100,0.0,0.0,0.03699349876899627
205,3540,8.974352114060942,0,100,0.0,0.0,0.03699349876899627
205,3541,8.976027630142857,0,100,0.0,0.0,0.03699349876899627
205,3542,8.977703146224771,0,100,0.0,0.0,0.03699349876899627
205,3543,8.979378662306686,0,200,0.0,0.0,0.018845326668962936
205,3575,9.032995176927951,2,200,0.01,0.0027466581088489593,0.035721762026734716
205,3583,9.046399305583268,0,200,0.0,0.0,0.018845326668962936
205,3591,9.059803434238585,3,200,0.015,0.005114237753504754,0.043165729115389295
205,3599,9.0732075628939,1,200,0.005,0.0008831687058453758,0.02777370469642793
206,881,4.533998877538348,0,25,0.0,0.0,0.13319225276039096
206,2234,6.800972136368744,0,25,0.0,0.0,0.13319225276039096
206,2911,7.935296523824897,0,25,0.0,0.0,0.13319225276039096
206,3249,8.501620959512017,0,25,0.0,0.0,0.13319225276039096
206,3418,8.784783177355578,0,25,0.0,0.0,0.13319225276039096
206,3503,8.927202044318316,0,25,0.0,0.0,0.13319225276039096
206,3524,8.96238788203852,0,25,0.0,0.0,0.13319225276039096
206,3526,8.96573891420235,0,100,0.0,0.0,0.03699349876899627
206,3527,8.967414430284265,0,100,0.0,0.0,0.03699349876899627
206,3528,8.969089946366179,0,100,0.0,0.0,0.03699349876899627
206,3529,8.970765462448094,0,100,0.0,0.0,0.03699349876899627
206,3530,8.972440978530008,0,100,0.0,0.0,0.03699349876899627
206,3531,8.974116494611923,0,100,0.0,0.0,0.03699349876899627
206,3532,8.975792010693837,0,100,0.0,0.0,0.03699349876899627
206,3533,8.977467526775753,0,100,0.0,0.0,0.03699349876899627
206,3534,8.979143042857666,0,200,0.0,0.0,0.018845326668962936
206,3566,9.032759557478933,2,200,0.01,0.0027466581088489593,0.035721762026734716
206,3574,9.046163686134248,0,200,0.0,0.0,0.018845326668962936
206,3582,9.059567814789565,3,200,0.015,0.005114237753504754,0.043165729115389295
206,3590,9.072971943444882,1,200,0.005,0.0008831687058453758,0.02777370469642793
207,872,4.53376325808933,0,25,0.0,0.0,0.13319225276039096
207,2225,6.8007365169197245,0,25,0.0,0.0,0.13319225276039096
207,2902,7.935060904375879,0,25,0.0,0.0,0.13319225276039096
207,3240,8.501385340062999,0,25,0.0,0.0,0.13319225276039096
207,3410,8.786223073988474,0,25,0.0,0.0,0.13319225276039096
207,3494,8.926966424869295,0,25,0.0,0.0,0.13319225276039096
207,3515,8.962152262589502,0,25,0.0,0.0,0.13319225276039096
207,3517,8.965503294753331,0,100,0.0,0.0,0.03699349876899627
207,3518,8.967178810835247,0,100,0.0,0.0,0.03699349876899627
207,3519,8.96885432691716,0,100,0.0,0.0,0.03699349876899627
207,3520,8.970529842999074,0,100,0.0,0.0,0.03699349876899627
207,3521,8.97220535908099,0,100,0.0,0.0,0.03699349876899627
207,3522,8.973880875162905,0,100,0.0,0.0,0.03699349876899627
207,3523,8.975556391244819,0,100,0.0,0.0,0.03699349876899627
207,3524,8.977231907326733,0,100,0.0,0.0,0.03699349876899627
207,3525,8.978907423408646,1,200,0.005,0.0008831687058453758,0.02777370469642793
207,3557,9.032523938029914,2,200,0.01,0.0027466581088489593,0.035721762026734716
207,3565,9.04592806668523,0,200,0.0,0.0,0.018845326668962936
207,3573,9.059332195340545,3,200,0.015,0.005114237753504754,0.043165729115389295
207,3581,9.072736323995862,1,200,0.005,0.0008831687058453758,0.02777370469642793
208,863,4.53352763864031,0,25,0.0,0.0,0.13319225276039096
208,2217,6.802176413552619,0,25,0.0,0.0,0.13319225276039096
208,2893,7.93482528492686,0,25,0.0,0.0,0.13319225276039096
208,3232,8.502825236695895,0,25,0.0,0.0,0.13319225276039096
208,3401,8.785987454539455,1,25,0.04,0.007096233423382075,0.1954406391161776
208,3485,8.926730805420277,0,25,0.0,0.0,0.13319225276039096
208,3506,8.961916643140484,0,25,0.0,0.0,0.13319225276039096
208,3508,8.965267675304311,0,100,0.0,0.0,0.03699349876899627
208,3509,8.966943191386227,0,100,0.0,0.0,0.03699349876899627
208,3510,8.96861870746814,0,100,0.0,0.0,0.03699349876899627
208,3511,8.970294223550056,0,100,0.0,0.0,0.03699349876899627
208,3512,8.97196973963197,0,100,0.0,0.0,0.03699349876899627
208,3513,8.973645255713883,0,100,0.0,0.0,0.03699349876899627
208,3514,8.975320771795799,0,100,0.0,0.0,0.03699349876899627
208,3515,8.976996287877714,0,100,0.0,0.0,0.03699349876899627
208,3516,8.978671803959628,1,200,0.005,0.0008831687058453758,0.02777370469642793
208,3548,9.032288318580893,2,200,0.01,0.0027466581088489593,0.035721762026734716
208,3556,9.04569244723621,0,200,0.0,0.0,0.018845326668962936
208,3564,9.059096575891527,3,200,0.015,0.005114237753504754,0.043165729115389295
208,3572,9.072500704546844,1,200,0.005,0.0008831687058453758,0.02777370469642793
209,854,4.533292019191291,0,25,0.0,0.0,0.13319225276039096
209,2208,6.801940794103601,0,25,0.0,0.0,0.13319225276039096
209,2884,7.93458966547784,0,25,0.0,0.0,0.13319225276039096
209,3223,8.502589617246874,0,25,0.0,0.0,0.13319225276039096
209,3392,8.785751835090434,1,25,0.04,0.007096233423382075,0.1954406391161776
209,3476,8.926495185971257,0,25,0.0,0.0,0.13319225276039096
209,3498,8.963356539773377,0,25,0.0,0.0,0.13319225276039096
209,3499,8.965032055855293,0,100,0.0,0.0,0.03699349876899627
209,3500,8.966707571937206,0,100,0.0,0.0,0.03699349876899627
209,3501,8.96838308801912,0,100,0.0,0.0,0.03699349876899627
209,3502,8.970058604101036,0,100,0.0,0.0,0.03699349876899627
209,3503,8.971734120182951,0,100,0.0,0.0,0.03699349876899627
209,3504,8.973409636264865,0,100,0.0,0.0,0.03699349876899627
209,3505,8.975085152346779,0,100,0.0,0.0,0.03699349876899627
209,3506,8.976760668428694,0,100,0.0,0.0,0.03699349876899627
209,3507,8.97843618451061,1,200,0.005,0.0008831687058453758,0.02777370469642793
209,3539,9.032052699131874,2,200,0.01,0.0027466581088489593,0.035721762026734716
209,3547,9.045456827787191,0,200,0.0,0.0,0.018845326668962936
209,3555,9.058860956442508,3,200,0.015,0.005114237753504754,0.043165729115389295
209,3563,9.072265085097824,1,200,0.005,0.0008831687058453758,0.02777370469642793
210,846,4.534731915824187,0,25,0.0,0.0,0.13319225276039096
210,2199,6.801705174654581,0,25,0.0,0.0,0.13319225276039096
210,2875,7.934354046028821,0,25,0.0,0.0,0.13319225276039096
210,3214,8.502353997797856,0,25,0.0,0.0,0.13319225276039096
210,3383,8.785516215641415,1,25,0.04,0.007096233423382075,0.1954406391161776
210,3468,8.927935082604153,0,25,0.0,0.0,0.13319225276039096
210,3489,8.963120920324359,0,25,0.0,0.0,0.13319225276039096
210,3491,8.966471952488188,0,100,0.0,0.0,0.03699349876899627
210,3492,8.968147468570102,0,100,0.0,0.0,0.03699349876899627
210,3493,8.969822984652017,0,100,0.0,0.0,0.03699349876899627
210,3494,8.971498500733931,0,100,0.0,0.0,0.03699349876899627
210,3495,8.973174016815847,0,100,0.0,0.0,0.03699349876899627
210,3496,8.97484953289776,0,100,0.0,0.0,0.03699349876899627
210,3497,8.976525048979676,0,100,0.0,0.0,0.03699349876899627
210,3498,8.97820056506159,0,100,0.0,0.0,0.03699349876899627
210,3499,8.979876081143503,1,200,0.005,0.0008831687058453758,0.02777370469642793
210,3531,9.03349259576477,2,200,0.01,0.0027466581088489593,0.035721762026734716
210,3539,9.046896724420087,0,200,0.0,0.0,0.018845326668962936
210,3547,9.060300853075402,3,200,0.015,0.005114237753504754,0.043165729115389295
210,3555,9.07370498173072,1,200,0.005,0.0008831687058453758,0.02777370469642793
211,837,4.534496296375167,0,25,0.0,0.0,0.13319225276039096
211,2190,6.8014695552055615,0,25,0.0,0.0,0.13319225276039096
211,2867,7.935793942661716,0,25,0.0,0.0,0.13319225276039096
211,3205,8.502118378348836,0,25,0.0,0.0,0.13319225276039096
211,3374,8.785280596192397,1,25,0.04,0.007096233423382075,0.1954406391161776
211,3459,8.927699463155134,0,25,0.0,0.0,0.13319225276039096
211,3480,8.962885300875339,0,25,0.0,0.0,0.13319225276039096
211,3482,8.966236333039168,0,100,0.0,0.0,0.03699349876899627
211,3483,8.967911849121084,0,100,0.0,0.0,0.03699349876899627
211,3484,8.969587365202997,0,100,0.0,0.0,0.03699349876899627
211,3485,8.971262881284913,0,100,0.0,0.0,0.03699349876899627
211,3486,8.972938397366827,0,100,0.0,0.0,0.03699349876899627
211,3487,8.97461391344874,0,100,0.0,0.0,0.03699349876899627
211,3488,8.976289429530656,0,100,0.0,0.0,0.03699349876899627
211,3489,8.97796494561257,0,100,0.0,0.0,0.03699349876899627
211,3490,8.979640461694485,1,200,0.005,0.0008831687058453758,0.02777370469642793
211,3522,9.033256976315752,2,200,0.01,0.0027466581088489593,0.035721762026734716
211,3530,9.046661104971067,0,200,0.0,0.0,0.018845326668962936
211,3538,9.060065233626384,3,200,0.015,0.005114237753504754,0.043165729115389295
211,3546,9.0734693622817,1,200,0.005,0.0008831687058453758,0.02777370469642793
212,828,4.534260676926149,0,25,0.0,0.0,0.13319225276039096
212,2181,6.801233935756542,0,25,0.0,0.0,0.13319225276039096
212,2858,7.935558323212697,0,25,0.0,0.0,0.13319225276039096
212,3196,8.501882758899818,0,25,0.0,0.0,0.13319225276039096
212,3365,8.785044976743379,1,25,0.04,0.007096233423382075,0.1954406391161776
212,3450,8.927463843706114,0,25,0.0,0.0,0.13319225276039096
212,3471,8.96264968142632,0,25,0.0,0.0,0.13319225276039096
212,3473,8.96600071359015,0,100,0.0,0.0,0.03699349876899627
212,3474,8.967676229672064,0,100,0.0,0.0,0.03699349876899627
212,3475,8.969351745753979,0,100,0.0,0.0,0.03699349876899627
212,3476,8.971027261835893,0,100,0.0,0.0,0.03699349876899627
212,3477,8.972702777917807,0,100,0.0,0.0,0.03699349876899627
212,3478,8.974378293999722,0,100,0.0,0.0,0.03699349876899627
212,3479,8.976053810081638,0,100,0.0,0.0,0.03699349876899627
212,3480,8.977729326163551,0,100,0.0,0.0,0.03699349876899627
212,3481,8.979404842245465,1,200,0.005,0.0008831687058453758,0.02777370469642793
212,3513,9.033021356866731,2,200,0.01,0.0027466581088489593,0.035721762026734716
212,3521,9.046425485522049,0,200,0.0,0.0,0.018845326668962936
212,3529,9.059829614177364,3,200,0.015,0.005114237753504754,0.043165729115389295
212,3537,9.07323374283268,1,200,0.005,0.0008831687058453758,0.02777370469642793
213,819,4.534025057477129,0,25,0.0,0.0,0.13319225276039096
213,2172,6.800998316307523,0,25,0.0,0.0,0.13319225276039096
213,2849,7.935322703763678,0,25,0.0,0.0,0.13319225276039096
213,3187,8.501647139450798,0,25,0.0,0.0,0.13319225276039096
213,3356,8.784809357294357,1,25,0.04,0.007096233423382075,0.1954406391161776
213,3441,8.927228224257096,0,25,0.0,0.0,0.13319225276039096
213,3462,8.9624140619773,0,25,0.0,0.0,0.13319225276039096
213,3464,8.96576509414113,0,100,0.0,0.0,0.03699349876899627
213,3465,8.967440610223044,0,100,0.0,0.0,0.03699349876899627
213,3466,8.969116126304959,0,100,0.0,0.0,0.03699349876899627
213,3467,8.970791642386875,0,100,0.0,0.0,0.03699349876899627
213,3468,8.972467158468788,0,100,0.0,0.0,0.03699349876899627
213,3469,8.974142674550702,0,100,0.0,0.0,0.03699349876899627
213,3470,8.975818190632618,0,100,0.0,0.0,0.03699349876899627
213,3471,8.977493706714533,0,100,0.0,0.0,0.03699349876899627
213,3472,8.979169222796447,1,200,0.005,0.0008831687058453758,0.02777370469642793
213,3504,9.032785737417711,2,200,0.01,0.0027466581088489593,0.035721762026734716
213,3512,9.046189866073028,0,200,0.0,0.0,0.018845326668962936
213,3520,9.059593994728345,3,200,0.015,0.005114237753504754,0.043165729115389295
213,3528,9.072998123383663,1,200,0.005,0.0008831687058453758,0.02777370469642793
214,810,4.533789438028109,0,25,0.0,0.0,0.13319225276039096
214,2163,6.800762696858504,0,25,0.0,0.0,0.13319225276039096
214,2840,7.935087084314659,0,25,0.0,0.0,0.13319225276039096
214,3178,8.501411520001778,0,25,0.0,0.0,0.13319225276039096
214,3348,8.786249253927252,1,25,0.04,0.007096233423382075,0.1954406391161776
214,3432,8.926992604808076,0,25,0.0,0.0,0.13319225276039096
214,3453,8.96217844252828,0,25,0.0,0.0,0.13319225276039096
214,3455,8.965529474692111,0,100,0.0,0.0,0.03699349876899627
214,3456,8.967204990774025,0,100,0.0,0.0,0.03699349876899627
214,3457,8.968880506855939,0,100,0.0,0.0,0.03699349876899627
214,3458,8.970556022937854,0,100,0.0,0.0,0.03699349876899627
214,3459,8.97223153901977,0,100,0.0,0.0,0.03699349876899627
214,3460,8.973907055101684,0,100,0.0,0.0,0.03699349876899627
214,3461,8.975582571183597,0,100,0.0,0.0,0.03699349876899627
214,3462,8.977258087265511,0,100,0.0,0.0,0.03699349876899627
214,3463,8.978933603347427,1,200,0.005,0.0008831687058453758,0.02777370469642793
214,3495,9.032550117968693,2,200,0.01,0.0027466581088489593,0.035721762026734716
214,3503,9.04595424662401,0,200,0.0,0.0,0.018845326668962936
214,3511,9.059358375279325,3,200,0.015,0.005114237753504754,0.043165729115389295
214,3519,9.072762503934642,1,200,0.005,0.0008831687058453758,0.02777370469642793
215,801,4.53355381857909,0,25,0.0,0.0,0.13319225276039096
215,2155,6.802202593491399,0,25,0.0,0.0,0.13319225276039096
215,2831,7.934851464865639,0,25,0.0,0.0,0.13319225276039096
215,3169,8.50117590055276,0,25,0.0,0.0,0.13319225276039096
215,3339,8.786013634478234,1,25,0.04,0.007096233423382075,0.1954406391161776
215,3423,8.926756985359058,0,25,0.0,0.0,0.13319225276039096
215,3444,8.961942823079262,0,25,0.0,0.0,0.13319225276039096
215,3446,8.965293855243091,0,100,0.0,0.0,0.03699349876899627
215,3447,8.966969371325007,0,100,0.0,0.0,0.03699349876899627
215,3448,8.96864488740692,0,100,0.0,0.0,0.03699349876899627
215,3449,8.970320403488836,0,100,0.0,0.0,0.03699349876899627
215,3450,8.97199591957075,0,100,0.0,0.0,0.03699349876899627
215,3451,8.973671435652664,0,100,0.0,0.0,0.03699349876899627
215,3452,8.97534695173458,0,100,0.0,0.0,0.03699349876899627
215,3453,8.977022467816493,0,100,0.0,0.0,0.03699349876899627
215,3454,8.978697983898408,1,200,0.005,0.0008831687058453758,0.02777370469642793
215,3486,9.032314498519673,2,200,0.01,0.0027466581088489593,0.035721762026734716
215,3494,9.04571862717499,0,200,0.0,0.0,0.018845326668962936
215,3502,9.059122755830307,3,200,0.015,0.005114237753504754,0.043165729115389295
215,3510,9.072526884485622,1,200,0.005,0.0008831687058453758,0.02777370469642793
216,792,4.533318199130071,0,25,0.0,0.0,0.13319225276039096
216,2146,6.80196697404238,0,25,0.0,0.0,0.13319225276039096
216,2822,7.934615845416619,0,25,0.0,0.0,0.13319225276039096
216,3161,8.502615797185655,0,25,0.0,0.0,0.13319225276039096
216,3330,8.785778015029214,1,25,0.04,0.007096233423382075,0.1954406391161776
216,3414,8.926521365910038,0,25,0.0,0.0,0.13319225276039096
216,3436,8.963382719712158,0,25,0.0,0.0,0.13319225276039096
216,3437,8.965058235794073,0,100,0.0,0.0,0.03699349876899627
216,3438,8.966733751875987,0,100,0.0,0.0,0.03699349876899627
216,3439,8.9684092679579,0,100,0.0,0.0,0.03699349876899627
216,3440,8.970084784039816,0,100,0.0,0.0,0.03699349876899627
216,3441,8.97176030012173,0,100,0.0,0.0,0.03699349876899627
216,3442,8.973435816203645,0,100,0.0,0.0,0.03699349876899627
216,3443,8.97511133228556,0,100,0.0,0.0,0.03699349876899627
216,3444,8.976786848367475,0,100,0.0,0.0,0.03699349876899627
216,3445,8.978462364449388,1,200,0.005,0.0008831687058453758,0.02777370469642793
216,3477,9.032078879070655,2,200,0.01,0.0027466581088489593,0.035721762026734716
216,3485,9.045483007725972,0,200,0.0,0.0,0.018845326668962936
216,3493,9.058887136381287,3,200,0.015,0.005114237753504754,0.043165729115389295
216,3501,9.072291265036604,1,200,0.005,0.0008831687058453758,0.02777370469642793
217,784,4.534758095762966,0,25,0.0,0.0,0.13319225276039096
217,2137,6.801731354593361,0,25,0.0,0.0,0.13319225276039096
217,2813,7.934380225967601,0,25,0.0,0.0,0.13319225276039096
217,3152,8.502380177736635,0,25,0.0,0.0,0.13319225276039096
217,3321,8.785542395580196,1,25,0.04,0.007096233423382075,0.1954406391161776
217,3406,8.927961262542933,0,25,0.0,0.0,0.13319225276039096
217,3427,8.963147100263138,0,25,0.0,0.0,0.13319225276039096
217,3429,8.966498132426967,0,100,0.0,0.0,0.03699349876899627
217,3430,8.968173648508882,0,100,0.0,0.0,0.03699349876899627
217,3431,8.969849164590796,0,100,0.0,0.0,0.03699349876899627
217,3432,8.971524680672712,0,100,0.0,0.0,0.03699349876899627
217,3433,8.973200196754625,0,100,0.0,0.0,0.03699349876899627
217,3434,8.97487571283654,0,100,0.0,0.0,0.03699349876899627
217,3435,8.976551228918455,0,100,0.0,0.0,0.03699349876899627
217,3436,8.97822674500037,0,100,0.0,0.0,0.03699349876899627
217,3437,8.979902261082284,1,200,0.005,0.0008831687058453758,0.02777370469642793
217,3469,9.03351877570355,2,200,0.01,0.0027466581088489593,0.035721762026734716
217,3477,9.046922904358865,0,200,0.0,0.0,0.018845326668962936
217,3485,9.060327033014183,3,200,0.015,0.005114237753504754,0.043165729115389295
217,3493,9.0737311616695,1,200,0.005,0.0008831687058453758,0.02777370469642793
218,775,4.534522476313947,0,25,0.0,0.0,0.13319225276039096
218,2128,6.801495735144342,0,25,0.0,0.0,0.13319225276039096
218,2805,7.9358201226004965,0,25,0.0,0.0,0.13319225276039096
218,3143,8.502144558287617,0,25,0.0,0.0,0.13319225276039096
218,3312,8.785306776131176,1,25,0.04,0.007096233423382075,0.1954406391161776
218,3397,8.927725643093915,1,25,0.04,0.007096233423382075,0.1954406391161776
218,3418,8.96291148081412,0,25,0.0,0.0,0.13319225276039096
218,3420,8.966262512977949,0,100,0.0,0.0,0.03699349876899627
218,3421,8.967938029059862,0,100,0.0,0.0,0.03699349876899627
218,3422,8.969613545141778,0,100,0.0,0.0,0.03699349876899627
218,3423,8.971289061223693,0,100,0.0,0.0,0.03699349876899627
218,3424,8.972964577305607,0,100,0.0,0.0,0.03699349876899627
218,3425,8.97464009338752,0,100,0.0,0.0,0.03699349876899627
218,3426,8.976315609469435,0,100,0.0,0.0,0.03699349876899627
218,3427,8.97799112555135,0,100,0.0,0.0,0.03699349876899627
218,3428,8.979666641633266,1,200,0.005,0.0008831687058453758,0.02777370469642793
218,3460,9.03328315625453,2,200,0.01,0.0027466581088489593,0.035721762026734716
218,3468,9.046687284909847,0,200,0.0,0.0,0.018845326668962936
218,3476,9.060091413565164,3,200,0.015,0.005114237753504754,0.043165729115389295
218,3484,9.073495542220481,1,200,0.005,0.0008831687058453758,0.02777370469642793
219,766,4.534286856864927,0,25,0.0,0.0,0.13319225276039096
219,2119,6.801260115695323,0,25,0.0,0.0,0.13319225276039096
219,2796,7.935584503151477,0,25,0.0,0.0,0.13319225276039096
219,3134,8.501908938838596,0,25,0.0,0.0,0.13319225276039096
219,3303,8.785071156682157,1,25,0.04,0.007096233423382075,0.1954406391161776
219,3388,8.927490023644895,1,25,0.04,0.007096233423382075,0.1954406391161776
219,3409,8.9626758613651,0,25,0.0,0.0,0.13319225276039096
219,3411,8.96602689352893,0,100,0.0,0.0,0.03699349876899627
219,3412,8.967702409610844,0,100,0.0,0.0,0.03699349876899627
219,3413,8.969377925692758,0,100,0.0,0.0,0.03699349876899627
219,3414,8.971053441774671,0,100,0.0,0.0,0.03699349876899627
219,3415,8.972728957856587,0,100,0.0,0.0,0.03699349876899627
219,3416,8.974404473938502,0,100,0.0,0.0,0.03699349876899627
219,3417,8.976079990020416,0,100,0.0,0.0,0.03699349876899627
219,3418,8.97775550610233,0,100,0.0,0.0,0.03699349876899627
219,3419,8.979431022184245,1,200,0.005,0.0008831687058453758,0.02777370469642793
219,3451,9.033047536805512,2,200,0.01,0.0027466581088489593,0.035721762026734716
219,3459,9.046451665460829,0,200,0.0,0.0,0.018845326668962936
219,3467,9.059855794116144,3,200,0.015,0.005114237753504754,0.043165729115389295
219,3475,9.07325992277146,1,200,0.005,0.0008831687058453758,0.02777370469642793
220,757,4.534051237415908,0,25,0.0,0.0,0.13319225276039096
220,2110,6.801024496246303,0,25,0.0,0.0,0.13319225276039096
220,2787,7.935348883702457,0,25,0.0,0.0,0.13319225276039096
220,3125,8.501673319389578,0,25,0.0,0.0,0.13319225276039096
220,3294,8.784835537233137,1,25,0.04,0.007096233423382075,0.1954406391161776
220,3379,8.927254404195875,1,25,0.04,0.007096233423382075,0.1954406391161776
220,3400,8.962440241916081,0,25,0.0,0.0,0.13319225276039096
220,3402,8.965791274079908,0,100,0.0,0.0,0.03699349876899627
220,3403,8.967466790161824,0,100,0.0,0.0,0.03699349876899627
220,3404,8.96914230624374,0,100,0.0,0.0,0.03699349876899627
220,3405,8.970817822325653,0,100,0.0,0.0,0.03699349876899627
220,3406,8.972493338407567,0,100,0.0,0.0,0.03699349876899627
220,3407,8.974168854489482,0,100,0.0,0.0,0.03699349876899627
220,3408,8.975844370571398,0,100,0.0,0.0,0.03699349876899627
220,3409,8.977519886653312,0,100,0.0,0.0,0.03699349876899627
220,3410,8.979195402735225,1,200,0.005,0.0008831687058453758,0.02777370469642793
220,3442,9.032811917356492,2,200,0.01,0.0027466581088489593,0.035721762026734716
220,3450,9.046216046011807,0,200,0.0,0.0,0.018845326668962936
220,3458,9.059620174667124,3,200,0.015,0.005114237753504754,0.043165729115389295
220,3466,9.073024303322441,1,200,0.005,0.0008831687058453758,0.02777370469642793
221,748,4.533815617966889,0,25,0.0,0.0,0.13319225276039096
221,2101,6.800788876797284,0,25,0.0,0.0,0.13319225276039096
221,2778,7.935113264253438,0,25,0.0,0.0,0.13319225276039096
221,3116,8.501437699940558,0,25,0.0,0.0,0.13319225276039096
221,3285,8.784599917784119,1,25,0.04,0.007096233423382075,0.1954406391161776
221,3370,8.927018784746856,1,25,0.04,0.007096233423382075,0.1954406391161776
221,3391,8.96220462246706,0,25,0.0,0.0,0.13319225276039096
221,3393,8.96555565463089,0,100,0.0,0.0,0.03699349876899627
221,3394,8.967231170712806,0,100,0.0,0.0,0.03699349876899627
221,3395,8.96890668679472,0,100,0.0,0.0,0.03699349876899627
221,3396,8.970582202876635,2,100,0.02,0.005501967500661645,0.07001179131757478
221,3397,8.972257718958549,2,100,0.02,0.005501967500661645,0.07001179131757478
221,3398,8.973933235040464,0,100,0.0,0.0,0.03699349876899627
221,3399,8.975608751122378,0,100,0.0,0.0,0.03699349876899627
221,3400,8.977284267204293,0,100,0.0,0.0,0.03699349876899627
221,3401,8.978959783286207,1,200,0.005,0.0008831687058453758,0.02777370469642793
221,3433,9.032576297907474,2,200,0.01,0.0027466581088489593,0.035721762026734716
221,3441,9.045980426562789,0,200,0.0,0.0,0.018845326668962936
221,3449,9.059384555218106,4,200,0.02,0.007804426362159347,0.05028708724004506
221,3457,9.072788683873423,1,200,0.005,0.0008831687058453758,0.02777370469642793
222,739,4.53357999851787,0,25,0.0,0.0,0.13319225276039096
222,2093,6.80222877343018,0,25,0.0,0.0,0.13319225276039096
222,2769,7.93487764480442,0,25,0.0,0.0,0.13319225276039096
222,3107,8.50120208049154,0,25,0.0,0.0,0.13319225276039096
222,3277,8.786039814417014,1,25,0.04,0.007096233423382075,0.1954406391161776
222,3361,8.926783165297836,1,25,0.04,0.007096233423382075,0.1954406391161776
222,3382,8.961969003018043,0,25,0.0,0.0,0.13319225276039096
222,3384,8.965320035181872,0,100,0.0,0.0,0.03699349876899627
222,3385,8.966995551263786,0,100,0.0,0.0,0.03699349876899627
222,3386,8.968671067345701,0,100,0.0,0.0,0.03699349876899627
222,3387,8.970346583427615,2,100,0.02,0.005501967500661645,0.07001179131757478
222,3388,8.97202209950953,2,100,0.02,0.005501967500661645,0.07001179131757478
222,3389,8.973697615591444,0,100,0.0,0.0,0.03699349876899627
222,3390,8.975373131673358,0,100,0.0,0.0,0.03699349876899627
222,3391,8.977048647755273,2,100,0.02,0.005501967500661645,0.07001179131757478
222,3392,8.978724163837187,1,200,0.005,0.0008831687058453758,0.02777370469642793
222,3424,9.032340678458453,2,200,0.01,0.0027466581088489593,0.035721762026734716
222,3432,9.04574480711377,0,200,0.0,0.0,0.018845326668962936
222,3440,9.059148935769086,4,200,0.02,0.007804426362159347,0.05028708724004506
222,3448,9.072553064424403,1,200,0.005,0.0008831687058453758,0.02777370469642793
223,730,4.533344379068851,0,25,0.0,0.0,0.13319225276039096
223,2084,6.80199315398116,0,25,0.0,0.0,0.13319225276039096
223,2760,7.934642025355401,0,25,0.0,0.0,0.13319225276039096
223,3099,8.502641977124435,0,25,0.0,0.0,0.13319225276039096
223,3268,8.785804194967994,1,25,0.04,0.007096233423382075,0.1954406391161776
223,3352,8.926547545848818,1,25,0.04,0.007096233423382075,0.1954406391161776
223,3374,8.963408899650938,0,25,0.0,0.0,0.13319225276039096
223,3375,8.965084415732854,0,100,0.0,0.0,0.03699349876899627
223,3376,8.966759931814767,0,100,0.0,0.0,0.03699349876899627
223,3377,8.968435447896681,0,100,0.0,0.0,0.03699349876899627
223,3378,8.970110963978595,2,100,0.02,0.005501967500661645,0.07001179131757478
223,3379,8.97178648006051,2,100,0.02,0.005501967500661645,0.07001179131757478
223,3380,8.973461996142426,0,100,0.0,0.0,0.03699349876899627
223,3381,8.97513751222434,0,100,0.0,0.0,0.03699349876899627
223,3382,8.976813028306253,2,100,0.02,0.005501967500661645,0.07001179131757478
223,3383,8.978488544388169,1,200,0.005,0.0008831687058453758,0.02777370469642793
223,3415,9.032105059009435,2,200,0.01,0.0027466581088489593,0.035721762026734716
223,3423,9.045509187664752,0,200,0.0,0.0,0.018845326668962936
223,3431,9.058913316320067,4,200,0.02,0.007804426362159347,0.05028708724004506
223,3439,9.072317444975383,1,200,0.005,0.0008831687058453758,0.02777370469642793
224,722,4.534784275701746,0,25,0.0,0.0,0.13319225276039096
224,2075,6.8017575345321415,0,25,0.0,0.0,0.13319225276039096
224,2751,7.934406405906381,0,25,0.0,0.0,0.13319225276039096
224,3090,8.502406357675415,0,25,0.0,0.0,0.13319225276039096
224,3259,8.785568575518976,1,25,0.04,0.007096233423382075,0.1954406391161776
224,3343,8.926311926399798,1,25,0.04,0.007096233423382075,0.1954406391161776
224,3365,8.963173280201918,0,25,0.0,0.0,0.13319225276039096
224,3367,8.966524312365747,0,100,0.0,0.0,0.03699349876899627
224,3368,8.968199828447663,0,100,0.0,0.0,0.03699349876899627
224,3369,8.969875344529576,0,100,0.0,0.0,0.03699349876899627
224,3370,8.97155086061149,0,100,0.0,0.0,0.03699349876899627
224,3371,8.973226376693406,0,100,0.0,0.0,0.03699349876899627
224,3372,8.974901892775321,0,100,0.0,0.0,0.03699349876899627
224,3373,8.976577408857235,0,100,0.0,0.0,0.03699349876899627
224,3374,8.978252924939149,0,100,0.0,0.0,0.03699349876899627
224,3375,8.979928441021064,1,200,0.005,0.0008831687058453758,0.02777370469642793
224,3407,9.03354495564233,2,200,0.01,0.0027466581088489593,0.035721762026734716
224,3415,9.046949084297646,0,200,0.0,0.0,0.018845326668962936
224,3423,9.060353212952963,5,200,0.025,0.010724719583860124,0.05717834075165468
224,3431,9.073757341608278,1,200,0.005,0.0008831687058453758,0.02777370469642793
225,713,4.534548656252727,0,25,0.0,0.0,0.13319225276039096
225,2066,6.801521915083121,0,25,0.0,0.0,0.13319225276039096
225,2743,7.935846302539276,0,25,0.0,0.0,0.13319225276039096
225,3081,8.502170738226397,0,25,0.0,0.0,0.13319225276039096
225,3250,8.785332956069956,1,25,0.04,0.007096233423382075,0.1954406391161776
225,3335,8.927751823032693,1,25,0.04,0.007096233423382075,0.1954406391161776
225,3356,8.9629376607529,0,25,0.0,0.0,0.13319225276039096
225,3358,8.966288692916727,0,100,0.0,0.0,0.03699349876899627
225,3359,8.967964208998643,0,100,0.0,0.0,0.03699349876899627
225,3360,8.969639725080558,0,100,0.0,0.0,0.03699349876899627
225,3361,8.971315241162472,0,100,0.0,0.0,0.03699349876899627
225,3362,8.972990757244386,0,100,0.0,0.0,0.03699349876899627
225,3363,8.974666273326301,0,100,0.0,0.0,0.03699349876899627
225,3364,8.976341789408217,0,100,0.0,0.0,0.03699349876899627
225,3365,8.97801730549013,0,100,0.0,0.0,0.03699349876899627
225,3366,8.979692821572044,1,200,0.005,0.0008831687058453758,0.02777370469642793
225,3398,9.03330933619331,3,200,0.015,0.005114237753504754,0.043165729115389295
225,3406,9.046713464848626,0,200,0.0,0.0,0.018845326668962936
225,3414,9.060117593503943,5,200,0.025,0.010724719583860124,0.05717834075165468
225,3422,9.07352172215926,1,200,0.005,0.0008831687058453758,0.02777370469642793
226,704,4.534313036803708,0,25,0.0,0.0,0.13319225276039096
226,2057,6.801286295634103,0,25,0.0,0.0,0.13319225276039096
226,2734,7.935610683090257,0,25,0.0,0.0,0.13319225276039096
226,3072,8.501935118777377,0,25,0.0,0.0,0.13319225276039096
226,3241,8.785097336620938,1,25,0.04,0.007096233423382075,0.1954406391161776
226,3326,8.927516203583675,1,25,0.04,0.007096233423382075,0.1954406391161776
226,3347,8.96270204130388,0,25,0.0,0.0,0.13319225276039096
226,3349,8.966053073467709,0,100,0.0,0.0,0.03699349876899627
226,3350,8.967728589549624,0,100,0.0,0.0,0.03699349876899627
226,3351,8.969404105631538,0,100,0.0,0.0,0.03699349876899627
226,3352,8.971079621713454,0,100,0.0,0.0,0.03699349876899627
226,3353,8.972755137795367,0,100,0.0,0.0,0.03699349876899627
226,3354,8.974430653877281,0,100,0.0,0.0,0.03699349876899627
226,3355,8.976106169959197,0,100,0.0,0.0,0.03699349876899627
226,3356,8.97778168604111,0,100,0.0,0.0,0.03699349876899627
226,3357,8.979457202123026,1,200,0.005,0.0008831687058453758,0.02777370469642793
226,3389,9.033073716744292,3,200,0.015,0.005114237753504754,0.043165729115389295
226,3397,9.046477845399608,0,200,0.0,0.0,0.018845326668962936
226,3405,9.059881974054925,5,200,0.025,0.010724719583860124,0.05717834075165468
226,3413,9.073286102710242,1,200,0.005,0.0008831687058453758,0.02777370469642793
227,695,4.5340774173546885,0,25,0.0,0.0,0.13319225276039096
227,2048,6.801050676185083,0,25,0.0,0.0,0.13319225276039096
227,2725,7.935375063641237,0,25,0.0,0.0,0.13319225276039096
227,3063,8.501699499328357,0,25,0.0,0.0,0.13319225276039096
227,3232,8.784861717171918,1,25,0.04,0.007096233423382075,0.1954406391161776
227,3317,8.927280584134655,1,25,0.04,0.007096233423382075,0.1954406391161776
227,3338,8.962466421854861,0,25,0.0,0.0,0.13319225276039096
227,3340,8.96581745401869,0,100,0.0,0.0,0.03699349876899627
227,3341,8.967492970100604,0,100,0.0,0.0,0.03699349876899627
227,3342,8.969168486182518,0,100,0.0,0.0,0.03699349876899627
227,3343,8.970844002264434,0,100,0.0,0.0,0.03699349876899627
227,3344,8.972519518346347,0,100,0.0,0.0,0.03699349876899627
227,3345,8.974195034428263,0,100,0.0,0.0,0.03699349876899627
227,3346,8.975870550510177,0,100,0.0,0.0,0.03699349876899627
227,3347,8.977546066592092,0,100,0.0,0.0,0.03699349876899627
227,3348,8.979221582674006,1,200,0.005,0.0008831687058453758,0.02777370469642793
227,3380,9.032838097295272,3,200,0.015,0.005114237753504754,0.043165729115389295
227,3388,9.04624222595059,0,200,0.0,0.0,0.018845326668962936
227,3396,9.059646354605905,5,200,0.025,0.010724719583860124,0.05717834075165468
227,3404,9.073050483261222,1,200,0.005,0.0008831687058453758,0.02777370469642793
228,686,4.533841797905669,0,25,0.0,0.0,0.13319225276039096
228,2039,6.800815056736064,0,25,0.0,0.0,0.13319225276039096
228,2716,7.9351394441922185,0,25,0.0,0.0,0.13319225276039096
228,3054,8.501463879879338,0,25,0.0,0.0,0.13319225276039096
228,3223,8.7846260977229,1,25,0.04,0.007096233423382075,0.1954406391161776
228,3308,8.927044964685635,1,25,0.04,0.007096233423382075,0.1954406391161776
228,3329,8.962230802405841,0,25,0.0,0.0,0.13319225276039096
228,3331,8.96558183456967,0,100,0.0,0.0,0.03699349876899627
228,3332,8.967257350651586,0,100,0.0,0.0,0.03699349876899627
228,3333,8.9689328667335,0,100,0.0,0.0,0.03699349876899627
228,3334,8.970608382815414,0,100,0.0,0.0,0.03699349876899627
228,3335,8.972283898897329,0,100,0.0,0.0,0.03699349876899627
228,3336,8.973959414979245,0,100,0.0,0.0,0.03699349876899627
228,3337,8.975634931061158,0,100,0.0,0.0,0.03699349876899627
228,3338,8.977310447143072,0,100,0.0,0.0,0.03699349876899627
228,3339,8.978985963224988,1,200,0.005,0.0008831687058453758,0.02777370469642793
228,3371,9.032602477846254,3,200,0.015,0.005114237753504754,0.043165729115389295
228,3379,9.04600660650157,0,200,0.0,0.0,0.018845326668962936
228,3387,9.059410735156886,5,200,0.025,0.010724719583860124,0.05717834075165468
228,3395,9.072814863812201,1,200,0.005,0.0008831687058453758,0.02777370469642793
229,677,4.53360617845665,0,25,0.0,0.0,0.13319225276039096
229,2031,6.802254953368959,0,25,0.0,0.0,0.13319225276039096
229,2707,7.934903824743199,0,25,0.0,0.0,0.13319225276039096
229,3045,8.50122826043032,0,25,0.0,0.0,0.13319225276039096
229,3215,8.786065994355795,1,25,0.04,0.007096233423382075,0.1954406391161776
229,3299,8.926809345236617,1,25,0.04,0.007096233423382075,0.1954406391161776
229,3320,8.961995182956823,0,25,0.0,0.0,0.13319225276039096
229,3322,8.96534621512065,0,100,0.0,0.0,0.03699349876899627
229,3323,8.967021731202566,0,100,0.0,0.0,0.03699349876899627
229,3324,8.968697247284481,0,100,0.0,0.0,0.03699349876899627
229,3325,8.970372763366395,3,100,0.03,0.010254523944281514,0.08451936489857498
229,3326,8.972048279448309,3,100,0.03,0.010254523944281514,0.08451936489857498
229,3327,8.973723795530224,0,100,0.0,0.0,0.03699349876899627
229,3328,8.97539931161214,0,100,0.0,0.0,0.03699349876899627
229,3329,8.977074827694054,3,100,0.03,0.010254523944281514,0.08451936489857498
229,3330,8.978750343775967,1,200,0.005,0.0008831687058453758,0.02777370469642793
229,3362,9.032366858397234,3,200,0.015,0.005114237753504754,0.043165729115389295
229,3370,9.04577098705255,0,200,0.0,0.0,0.018845326668962936
229,3378,9.059175115707866,5,200,0.025,0.010724719583860124,0.05717834075165468
229,3386,9.072579244363183,1,200,0.005,0.0008831687058453758,0.02777370469642793
230,668,4.533370559007631,0,25,0.0,0.0,0.13319225276039096
230,2022,6.80201933391994,0,25,0.0,0.0,0.13319225276039096
230,2698,7.93466820529418,0,25,0.0,0.0,0.13319225276039096
230,3037,8.502668157063216,0,25,0.0,0.0,0.13319225276039096
230,3206,8.785830374906775,1,25,0.04,0.007096233423382075,0.1954406391161776
230,3290,8.926573725787598,1,25,0.04,0.007096233423382075,0.1954406391161776
230,3311,8.961759563507803,0,25,0.0,0.0,0.13319225276039096
230,3313,8.965110595671632,0,100,0.0,0.0,0.03699349876899627
230,3314,8.966786111753546,0,100,0.0,0.0,0.03699349876899627
230,3315,8.968461627835461,0,100,0.0,0.0,0.03699349876899627
230,3316,8.970137143917377,3,100,0.03,0.010254523944281514,0.08451936489857498
230,3317,8.97181265999929,3,100,0.03,0.010254523944281514,0.08451936489857498
230,3318,8.973488176081204,0,100,0.0,0.0,0.03699349876899627
230,3319,8.975163692163118,0,100,0.0,0.0,0.03699349876899627
230,3320,8.976839208245034,3,100,0.03,0.010254523944281514,0.08451936489857498
230,3321,8.97851472432695,1,200,0.005,0.0008831687058453758,0.02777370469642793
230,3353,9.032131238948214,3,200,0.015,0.005114237753504754,0.043165729115389295
230,3361,9.04553536760353,0,200,0.0,0.0,0.018845326668962936
230,3369,9.058939496258848,5,200,0.025,0.010724719583860124,0.05717834075165468
230,3377,9.072343624914165,1,200,0.005,0.0008831687058453758,0.02777370469642793
231,660,4.534810455640526,0,25,0.0,0.0,0.13319225276039096
231,2013,6.801783714470921,0,25,0.0,0.0,0.13319225276039096
231,2689,7.93443258584516,0,25,0.0,0.0,0.13319225276039096
231,3028,8.502432537614196,0,25,0.0,0.0,0.13319225276039096
231,3197,8.785594755457755,1,25,0.04,0.007096233423382075,0.1954406391161776
231,3281,8.926338106338578,1,25,0.04,0.007096233423382075,0.1954406391161776
231,3303,8.963199460140698,0,25,0.0,0.0,0.13319225276039096
231,3305,8.966550492304528,0,100,0.0,0.0,0.03699349876899627
231,3306,8.968226008386441,0,100,0.0,0.0,0.03699349876899627
231,3307,8.969901524468357,0,100,0.0,0.0,0.03699349876899627
231,3308,8.97157704055027,0,100,0.0,0.0,0.03699349876899627
231,3309,8.973252556632186,0,100,0.0,0.0,0.03699349876899627
231,3310,8.9749280727141,0,100,0.0,0.0,0.03699349876899627
231,3311,8.976603588796015,0,100,0.0,0.0,0.03699349876899627
231,3312,8.97827910487793,0,100,0.0,0.0,0.03699349876899627
231,3313,8.979954620959845,1,200,0.005,0.0008831687058453758,0.02777370469642793
231,3345,9.03357113558111,3,200,0.015,0.005114237753504754,0.043165729115389295
231,3353,9.046975264236426,0,200,0.0,0.0,0.018845326668962936
231,3361,9.060379392891743,5,200,0.025,0.010724719583860124,0.05717834075165468
231,3369,9.073783521547059,1,200,0.005,0.0008831687058453758,0.02777370469642793
232,651,4.534574836191506,0,25,0.0,0.0,0.13319225276039096
232,2004,6.801548095021902,0,25,0.0,0.0,0.13319225276039096
232,2681,7.9358724824780555,0,25,0.0,0.0,0.13319225276039096
232,3019,8.502196918165176,0,25,0.0,0.0,0.13319225276039096
232,3188,8.785359136008736,1,25,0.04,0.007096233423382075,0.1954406391161776
232,3273,8.927778002971474,1,25,0.04,0.007096233423382075,0.1954406391161776
232,3294,8.962963840691678,0,25,0.0,0.0,0.13319225276039096
232,3296,8.966314872855508,0,100,0.0,0.0,0.03699349876899627
232,3297,8.967990388937423,0,100,0.0,0.0,0.03699349876899627
232,3298,8.969665905019337,0,100,0.0,0.0,0.03699349876899627
232,3299,8.971341421101252,0,100,0.0,0.0,0.03699349876899627
232,3300,8.973016937183166,0,100,0.0,0.0,0.03699349876899627
232,3301,8.974692453265082,0,100,0.0,0.0,0.03699349876899627
232,3302,8.976367969346995,0,100,0.0,0.0,0.03699349876899627
232,3303,8.97804348542891,0,100,0.0,0.0,0.03699349876899627
232,3304,8.979719001510825,1,200,0.005,0.0008831687058453758,0.02777370469642793
232,3336,9.033335516132091,3,200,0.015,0.005114237753504754,0.043165729115389295
232,3344,9.046739644787406,0,200,0.0,0.0,0.018845326668962936
232,3352,9.060143773442723,5,200,0.025,0.010724719583860124,0.05717834075165468
232,3360,9.07354790209804,1,200,0.005,0.0008831687058453758,0.02777370469642793
233,642,4.534339216742487,0,25,0.0,0.0,0.13319225276039096
233,1995,6.801312475572882,0,25,0.0,0.0,0.13319225276039096
233,2672,7.935636863029037,0,25,0.0,0.0,0.13319225276039096
233,3010,8.501961298716157,0,25,0.0,0.0,0.13319225276039096
233,3179,8.785123516559716,1,25,0.04,0.007096233423382075,0.1954406391161776
233,3264,8.927542383522454,1,25,0.04,0.007096233423382075,0.1954406391161776
233,3285,8.96272822124266,0,25,0.0,0.0,0.13319225276039096
233,3287,8.96607925340649,0,100,0.0,0.0,0.03699349876899627
233,3288,8.967754769488403,0,100,0.0,0.0,0.03699349876899627
233,3289,8.969430285570319,0,100,0.0,0.0,0.03699349876899627
233,3290,8.971105801652232,0,100,0.0,0.0,0.03699349876899627
233,3291,8.972781317734148,0,100,0.0,0.0,0.03699349876899627
233,3292,8.974456833816062,0,100,0.0,0.0,0.03699349876899627
233,3293,8.976132349897975,0,100,0.0,0.0,0.03699349876899627
233,3294,8.97780786597989,0,100,0.0,0.0,0.03699349876899627
233,3295,8.979483382061805,1,200,0.005,0.0008831687058453758,0.02777370469642793
233,3327,9.033099896683071,3,200,0.015,0.005114237753504754,0.043165729115389295
233,3335,9.046504025338388,0,200,0.0,0.0,0.018845326668962936
233,3343,9.059908153993703,5,200,0.025,0.010724719583860124,0.05717834075165468
233,3351,9.07331228264902,1,200,0.005,0.0008831687058453758,0.02777370469642793
234,633,4.534103597293468,0,25,0.0,0.0,0.13319225276039096
234,1986,6.8010768561238635,0,25,0.0,0.0,0.13319225276039096
234,2663,7.935401243580018,0,25,0.0,0.0,0.13319225276039096
234,3001,8.501725679267139,0,25,0.0,0.0,0.13319225276039096
234,3170,8.784887897110698,1,25,0.04,0.007096233423382075,0.1954406391161776
234,3255,8.927306764073435,1,25,0.04,0.007096233423382075,0.1954406391161776
234,3276,8.962492601793642,0,25,0.0,0.0,0.13319225276039096
234,3278,8.96584363395747,0,100,0.0,0.0,0.03699349876899627
234,3279,8.967519150039385,0,100,0.0,0.0,0.03699349876899627
234,3280,8.9691946661213,0,100,0.0,0.0,0.03699349876899627
234,3281,8.970870182203214,0,100,0.0,0.0,0.03699349876899627
234,3282,8.972545698285128,0,100,0.0,0.0,0.03699349876899627
234,3283,8.974221214367041,0,100,0.0,0.0,0.03699349876899627
234,3284,8.975896730448957,0,100,0.0,0.0,0.03699349876899627
234,3285,8.977572246530872,0,100,0.0,0.0,0.03699349876899627
234,3286,8.979247762612786,1,200,0.005,0.0008831687058453758,0.02777370469642793
234,3318,9.03286427723405,3,200,0.015,0.005114237753504754,0.043165729115389295
234,3326,9.046268405889368,1,200,0.005,0.0008831687058453758,0.02777370469642793
234,3334,9.059672534544685,5,200,0.025,0.010724719583860124,0.05717834075165468
234,3342,9.073076663200002,1,200,0.005,0.0008831687058453758,0.02777370469642793
235,624,4.533867977844449,0,25,0.0,0.0,0.13319225276039096
235,1977,6.800841236674843,0,25,0.0,0.0,0.13319225276039096
235,2654,7.935165624130998,0,25,0.0,0.0,0.13319225276039096
235,2992,8.501490059818117,0,25,0.0,0.0,0.13319225276039096
235,3161,8.784652277661678,1,25,0.04,0.007096233423382075,0.1954406391161776
235,3246,8.927071144624415,1,25,0.04,0.007096233423382075,0.1954406391161776
235,3267,8.962256982344622,0,25,0.0,0.0,0.13319225276039096
235,3269,8.965608014508451,0,100,0.0,0.0,0.03699349876899627
235,3270,8.967283530590365,0,100,0.0,0.0,0.03699349876899627
235,3271,8.968959046672278,0,100,0.0,0.0,0.03699349876899627
235,3272,8.970634562754194,0,100,0.0,0.0,0.03699349876899627
235,3273,8.97231007883611,0,100,0.0,0.0,0.03699349876899627
235,3274,8.973985594918023,0,100,0.0,0.0,0.03699349876899627
235,3275,8.975661110999937,0,100,0.0,0.0,0.03699349876899627
235,3276,8.977336627081852,0,100,0.0,0.0,0.03699349876899627
235,3277,8.979012143163768,1,200,0.005,0.0008831687058453758,0.02777370469642793
235,3309,9.032628657785033,4,200,0.02,0.007804426362159347,0.05028708724004506
235,3317,9.04603278644035,1,200,0.005,0.0008831687058453758,0.02777370469642793
235,3325,9.059436915095667,5,200,0.025,0.010724719583860124,0.05717834075165468
235,3333,9.072841043750982,1,200,0.005,0.0008831687058453758,0.02777370469642793
236,615,4.53363235839543,0,25,0.0,0.0,0.13319225276039096
236,1968,6.800605617225824,0,25,0.0,0.0,0.13319225276039096
236,2645,7.934930004681979,0,25,0.0,0.0,0.13319225276039096
236,2983,8.501254440369099,0,25,0.0,0.0,0.13319225276039096
236,3153,8.786092174294573,1,25,0.04,0.007096233423382075,0.1954406391161776
236,3237,8.926835525175395,1,25,0.04,0.007096233423382075,0.1954406391161776
236,3258,8.962021362895602,0,25,0.0,0.0,0.13319225276039096
236,3260,8.96537239505943,0,100,0.0,0.0,0.03699349876899627
236,3261,8.967047911141346,0,100,0.0,0.0,0.03699349876899627
236,3262,8.96872342722326,0,100,0.0,0.0,0.03699349876899627
236,3263,8.970398943305174,3,100,0.03,0.010254523944281514,0.08451936489857498
236,3264,8.97207445938709,3,100,0.03,0.010254523944281514,0.08451936489857498
236,3265,8.973749975469005,0,100,0.0,0.0,0.03699349876899627
236,3266,8.975425491550919,0,100,0.0,0.0,0.03699349876899627
236,3267,8.977101007632832,3,100,0.03,0.010254523944281514,0.08451936489857498
236,3268,8.978776523714748,1,200,0.005,0.0008831687058453758,0.02777370469642793
236,3300,9.032393038336014,4,200,0.02,0.007804426362159347,0.05028708724004506
236,3308,9.04579716699133,1,200,0.005,0.0008831687058453758,0.02777370469642793
236,3316,9.059201295646647,5,200,0.025,0.010724719583860124,0.05717834075165468
236,3324,9.072605424301962,1,200,0.005,0.0008831687058453758,0.02777370469642793
237,606,4.5333967389464105,0,25,0.0,0.0,0.13319225276039096
237,1960,6.802045513858721,0,25,0.0,0.0,0.13319225276039096
237,2636,7.934694385232961,0,25,0.0,0.0,0.13319225276039096
237,2975,8.502694337001994,0,25,0.0,0.0,0.13319225276039096
237,3144,8.785856554845555,1,25,0.04,0.007096233423382075,0.1954406391161776
237,3228,8.926599905726377,1,25,0.04,0.007096233423382075,0.1954406391161776
237,3249,8.961785743446583,0,25,0.0,0.0,0.13319225276039096
237,3251,8.965136775610413,0,100,0.0,0.0,0.03699349876899627
237,3252,8.966812291692326,0,100,0.0,0.0,0.03699349876899627
237,3253,8.968487807774242,0,100,0.0,0.0,0.03699349876899627
237,3254,8.970163323856156,3,100,0.03,0.010254523944281514,0.08451936489857498
237,3255,8.971838839938071,3,100,0.03,0.010254523944281514,0.08451936489857498
237,3256,8.973514356019985,0,100,0.0,0.0,0.03699349876899627
237,3257,8.975189872101899,0,100,0.0,0.0,0.03699349876899627
237,3258,8.976865388183814,3,100,0.03,0.010254523944281514,0.08451936489857498
237,3259,8.978540904265728,1,200,0.005,0.0008831687058453758,0.02777370469642793
237,3291,9.032157418886994,4,200,0.02,0.007804426362159347,0.05028708724004506
237,3299,9.045561547542311,1,200,0.005,0.0008831687058453758,0.02777370469642793
237,3307,9.058965676197626,5,200,0.025,0.010724719583860124,0.05717834075165468
237,3315,9.072369804852944,1,200,0.005,0.0008831687058453758,0.02777370469642793
238,598,4.534836635579306,0,25,0.0,0.0,0.13319225276039096
238,1951,6.8018098944097005,0,25,0.0,0.0,0.13319225276039096
238,2627,7.9344587657839405,0,25,0.0,0.0,0.13319225276039096
238,2966,8.502458717552976,1,25,0.04,0.007096233423382075,0.1954406391161776
238,3135,8.785620935396535,1,25,0.04,0.007096233423382075,0.1954406391161776
238,3219,8.926364286277359,1,25,0.04,0.007096233423382075,0.1954406391161776
238,3241,8.963225640079479,0,25,0.0,0.0,0.13319225276039096
238,3243,8.966576672243308,0,100,0.0,0.0,0.03699349876899627
238,3244,8.968252188325222,0,100,0.0,0.0,0.03699349876899627
238,3245,8.969927704407135,0,100,0.0,0.0,0.03699349876899627
238,3246,8.971603220489051,0,100,0.0,0.0,0.03699349876899627
238,3247,8.973278736570965,0,100,0.0,0.0,0.03699349876899627
238,3248,8.97495425265288,0,100,0.0,0.0,0.03699349876899627
238,3249,8.976629768734794,0,100,0.0,0.0,0.03699349876899627
238,3250,8.97830528481671,0,100,0.0,0.0,0.03699349876899627
238,3251,8.979980800898623,1,200,0.005,0.0008831687058453758,0.02777370469642793
238,3283,9.03359731551989,4,200,0.02,0.007804426362159347,0.05028708724004506
238,3291,9.047001444175207,1,200,0.005,0.0008831687058453758,0.02777370469642793
238,3299,9.060405572830522,5,200,0.025,0.010724719583860124,0.05717834075165468
238,3307,9.073809701485839,1,200,0.005,0.0008831687058453758,0.02777370469642793
239,589,4.534601016130287,0,25,0.0,0.0,0.13319225276039096
239,1942,6.801574274960682,0,25,0.0,0.0,0.13319225276039096
239,2619,7.935898662416836,0,25,0.0,0.0,0.13319225276039096
239,2957,8.502223098103956,1,25,0.04,0.007096233423382075,0.1954406391161776
239,3126,8.785385315947515,1,25,0.04,0.007096233423382075,0.1954406391161776
239,3211,8.927804182910254,1,25,0.04,0.007096233423382075,0.1954406391161776
239,3232,8.96299002063046,0,25,0.0,0.0,0.13319225276039096
239,3234,8.966341052794288,0,100,0.0,0.0,0.03699349876899627
239,3235,8.968016568876202,0,100,0.0,0.0,0.03699349876899627
239,3236,8.969692084958117,0,100,0.0,0.0,0.03699349876899627
239,3237,8.971367601040033,0,100,0.0,0.0,0.03699349876899627
239,3238,8.973043117121946,0,100,0.0,0.0,0.03699349876899627
239,3239,8.97471863320386,0,100,0.0,0.0,0.03699349876899627
239,3240,8.976394149285776,0,100,0.0,0.0,0.03699349876899627
239,3241,8.978069665367691,0,100,0.0,0.0,0.03699349876899627
239,3242,8.979745181449605,1,200,0.005,0.0008831687058453758,0.02777370469642793
239,3274,9.03336169607087,4,200,0.02,0.007804426362159347,0.05028708724004506
239,3282,9.046765824726187,1,200,0.005,0.0008831687058453758,0.02777370469642793
239,3290,9.060169953381504,5,200,0.025,0.010724719583860124,0.05717834075165468
239,3298,9.07357408203682,1,200,0.005,0.0008831687058453758,0.02777370469642793
240,580,4.534365396681268,0,25,0.0,0.0,0.13319225276039096
240,1933,6.801338655511662,0,25,0.0,0.0,0.13319225276039096
240,2610,7.935663042967817,0,25,0.0,0.0,0.13319225276039096
240,2948,8.501987478654936,1,25,0.04,0.007096233423382075,0.1954406391161776
240,3117,8.785149696498497,1,25,0.04,0.007096233423382075,0.1954406391161776
240,3202,8.927568563461234,1,25,0.04,0.007096233423382075,0.1954406391161776
240,3223,8.962754401181439,0,25,0.0,0.0,0.13319225276039096
240,3225,8.96610543334527,0,100,0.0,0.0,0.03699349876899627
240,3226,8.967780949427183,0,100,0.0,0.0,0.03699349876899627
240,3227,8.969456465509097,0,100,0.0,0.0,0.03699349876899627
240,3228,8.971131981591013,0,100,0.0,0.0,0.03699349876899627
240,3229,8.972807497672928,0,100,0.0,0.0,0.03699349876899627
240,3230,8.974483013754842,0,100,0.0,0.0,0.03699349876899627
240,3231,8.976158529836756,0,100,0.0,0.0,0.03699349876899627
240,3232,8.977834045918671,0,100,0.0,0.0,0.03699349876899627
240,3233,8.979509562000585,1,200,0.005,0.0008831687058453758,0.02777370469642793
240,3265,9.033126076621851,4,200,0.02,0.007804426362159347,0.05028708724004506
240,3273,9.046530205277168,2,200,0.01,0.0027466581088489593,0.035721762026734716
240,3281,9.059934333932484,5,200,0.025,0.010724719583860124,0.05717834075165468
240,3289,9.0733384625878,1,200,0.005,0.0008831687058453758,0.02777370469642793
241,571,4.534129777232248,0,25,0.0,0.0,0.13319225276039096
241,1924,6.801103036062643,0,25,0.0,0.0,0.13319225276039096
241,2601,7.935427423518798,0,25,0.0,0.0,0.13319225276039096
241,2939,8.501751859205918,1,25,0.04,0.007096233423382075,0.1954406391161776
241,3108,8.784914077049478,1,25,0.04,0.007096233423382075,0.1954406391161776
241,3193,8.927332944012214,1,25,0.04,0.007096233423382075,0.1954406391161776
241,3214,8.96251878173242,0,25,0.0,0.0,0.13319225276039096
241,3216,8.96586981389625,0,100,0.0,0.0,0.03699349876899627
241,3217,8.967545329978165,0,100,0.0,0.0,0.03699349876899627
241,3218,8.969220846060079,0,100,0.0,0.0,0.03699349876899627
241,3219,8.970896362141993,0,100,0.0,0.0,0.03699349876899627
241,3220,8.972571878223908,0,100,0.0,0.0,0.03699349876899627
241,3221,8.974247394305822,0,100,0.0,0.0,0.03699349876899627
241,3222,8.975922910387737,0,100,0.0,0.0,0.03699349876899627
241,3223,8.977598426469651,0,100,0.0,0.0,0.03699349876899627
241,3224,8.979273942551565,1,200,0.005,0.0008831687058453758,0.02777370469642793
241,3256,9.032890457172833,4,200,0.02,0.007804426362159347,0.05028708724004506
241,3264,9.046294585828148,2,200,0.01,0.0027466581088489593,0.035721762026734716
241,3272,9.059698714483464,6,200,0.03,0.013820314259191425,0.06389429280963374
241,3280,9.07310284313878,1,200,0.005,0.0008831687058453758,0.02777370469642793
242,562,4.533894157783229,0,25,0.0,0.0,0.13319225276039096
242,1915,6.800867416613624,0,25,0.0,0.0,0.13319225276039096
242,2592,7.9351918040697775,0,25,0.0,0.0,0.13319225276039096
242,2930,8.5015162397569,1,25,0.04,0.007096233423382075,0.1954406391161776
242,3099,8.784678457600458,1,25,0.04,0.007096233423382075,0.1954406391161776
242,3184,8.927097324563196,1,25,0.04,0.007096233423382075,0.1954406391161776
242,3205,8.962283162283402,0,25,0.0,0.0,0.13319225276039096
242,3207,8.965634194447231,0,100,0.0,0.0,0.03699349876899627
242,3208,8.967309710529145,0,100,0.0,0.0,0.03699349876899627
242,3209,8.968985226611059,0,100,0.0,0.0,0.03699349876899627
242,3210,8.970660742692974,0,100,0.0,0.0,0.03699349876899627
242,3211,8.972336258774888,0,100,0.0,0.0,0.03699349876899627
242,3212,8.974011774856804,0,100,0.0,0.0,0.03699349876899627
242,3213,8.975687290938717,0,100,0.0,0.0,0.03699349876899627
242,3214,8.977362807020633,0,100,0.0,0.0,0.03699349876899627
242,3215,8.979038323102547,1,200,0.005,0.0008831687058453758,0.02777370469642793
242,3247,9.032654837723813,4,200,0.02,0.007804426362159347,0.05028708724004506
242,3255,9.04605896637913,2,200,0.01,0.0027466581088489593,0.035721762026734716
242,3263,9.059463095034445,7,200,0.035,0.01705554191525804,0.0704706118868775
242,3271,9.072867223689762,1,200,0.005,0.0008831687058453758,0.02777370469642793
243,553,4.53365853833421,0,25,0.0,0.0,0.13319225276039096
243,1906,6.800631797164605,0,25,0.0,0.0,0.13319225276039096
243,2583,7.934956184620759,0,25,0.0,0.0,0.13319225276039096
243,2921,8.50128062030788,1,25,0.04,0.007096233423382075,0.1954406391161776
243,3091,8.786118354233354,1,25,0.04,0.007096233423382075,0.1954406391161776
243,3175,8.926861705114176,1,25,0.04,0.007096233423382075,0.1954406391161776
243,3196,8.962047542834382,0,25,0.0,0.0,0.13319225276039096
243,3198,8.965398574998211,0,100,0.0,0.0,0.03699349876899627
243,3199,8.967074091080125,0,100,0.0,0.0,0.03699349876899627
243,3200,8.96874960716204,0,100,0.0,0.0,0.03699349876899627
243,3201,8.970425123243954,3,100,0.03,0.010254523944281514,0.08451936489857498
243,3202,8.97210063932587,3,100,0.03,0.010254523944281514,0.08451936489857498
243,3203,8.973776155407784,0,100,0.0,0.0,0.03699349876899627
243,3204,8.975451671489699,0,100,0.0,0.0,0.03699349876899627
243,3205,8.977127187571613,3,100,0.03,0.010254523944281514,0.08451936489857498
243,3206,8.978802703653528,1,200,0.005,0.0008831687058453758,0.02777370469642793
243,3238,9.032419218274793,4,200,0.02,0.007804426362159347,0.05028708724004506
243,3246,9.04582334693011,2,200,0.01,0.0027466581088489593,0.035721762026734716
243,3254,9.059227475585427,7,200,0.035,0.01705554191525804,0.0704706118868775
243,3262,9.072631604240742,1,200,0.005,0.0008831687058453758,0.02777370469642793
244,544,4.533422918885191,0,25,0.0,0.0,0.13319225276039096
244,1898,6.8020716937975,0,25,0.0,0.0,0.13319225276039096
244,2574,7.93472056517174,0,25,0.0,0.0,0.13319225276039096
244,2913,8.502720516940775,1,25,0.04,0.007096233423382075,0.1954406391161776
244,3082,8.785882734784334,1,25,0.04,0.007096233423382075,0.1954406391161776
244,3166,8.926626085665157,1,25,0.04,0.007096233423382075,0.1954406391161776
244,3187,8.961811923385362,0,25,0.0,0.0,0.13319225276039096
244,3189,8.965162955549193,0,100,0.0,0.0,0.03699349876899627
244,3190,8.966838471631107,0,100,0.0,0.0,0.03699349876899627
244,3191,8.96851398771302,0,100,0.0,0.0,0.03699349876899627
244,3192,8.970189503794936,3,100,0.03,0.010254523944281514,0.08451936489857498
244,3193,8.971865019876851,3,100,0.03,0.010254523944281514,0.08451936489857498
244,3194,8.973540535958765,0,100,0.0,0.0,0.03699349876899627
244,3195,8.975216052040679,0,100,0.0,0.0,0.03699349876899627
244,3196,8.976891568122593,3,100,0.03,0.010254523944281514,0.08451936489857498
244,3197,8.978567084204508,1,200,0.005,0.0008831687058453758,0.02777370469642793
244,3229,9.032183598825775,4,200,0.02,0.007804426362159347,0.05028708724004506
244,3237,9.045587727481092,3,200,0.015,0.005114237753504754,0.043165729115389295
244,3245,9.058991856136407,7,200,0.035,0.01705554191525804,0.0704706118868775
244,3253,9.072395984791724,1,200,0.005,0.0008831687058453758,0.02777370469642793
245,535,4.533187299436172,0,25,0.0,0.0,0.13319225276039096
245,1889,6.801836074348481,0,25,0.0,0.0,0.13319225276039096
245,2565,7.934484945722721,0,25,0.0,0.0,0.13319225276039096
245,2904,8.502484897491755,1,25,0.04,0.007096233423382075,0.1954406391161776
245,3073,8.785647115335316,1,25,0.04,0.007096233423382075,0.1954406391161776
245,3157,8.926390466216137,1,25,0.04,0.007096233423382075,0.1954406391161776
245,3179,8.963251820018257,0,25,0.0,0.0,0.13319225276039096
245,3181,8.966602852182088,0,100,0.0,0.0,0.03699349876899627
245,3182,8.968278368264002,0,100,0.0,0.0,0.03699349876899627
245,3183,8.969953884345916,0,100,0.0,0.0,0.03699349876899627
245,3184,8.97162940042783,0,100,0.0,0.0,0.03699349876899627
245,3185,8.973304916509745,0,100,0.0,0.0,0.03699349876899627
245,3186,8.97498043259166,0,100,0.0,0.0,0.03699349876899627
245,3187,8.976655948673574,0,100,0.0,0.0,0.03699349876899627
245,3188,8.978331464755488,0,100,0.0,0.0,0.03699349876899627
245,3189,8.980006980837404,1,200,0.005,0.0008831687058453758,0.02777370469642793
245,3221,9.03362349545867,4,200,0.02,0.007804426362159347,0.05028708724004506
245,3229,9.047027624113987,3,200,0.015,0.005114237753504754,0.043165729115389295
245,3237,9.060431752769302,7,200,0.035,0.01705554191525804,0.0704706118868775
245,3245,9.073835881424618,1,200,0.005,0.0008831687058453758,0.02777370469642793
246,527,4.534627196069066,0,25,0.0,0.0,0.13319225276039096
246,1880,6.801600454899461,0,25,0.0,0.0,0.13319225276039096
246,2557,7.9359248423556155,0,25,0.0,0.0,0.13319225276039096
246,2895,8.502249278042736,1,25,0.04,0.007096233423382075,0.1954406391161776
246,3064,8.785411495886295,1,25,0.04,0.007096233423382075,0.1954406391161776
246,3149,8.927830362849033,1,25,0.04,0.007096233423382075,0.1954406391161776
246,3170,8.963016200569239,0,25,0.0,0.0,0.13319225276039096
246,3172,8.966367232733067,1,100,0.01,0.001767432044609646,0.0544861967490067
246,3173,8.968042748814982,1,100,0.01,0.001767432044609646,0.0544861967490067
246,3174,8.969718264896898,1,100,0.01,0.001767432044609646,0.0544861967490067
246,3175,8.971393780978811,1,100,0.01,0.001767432044609646,0.0544861967490067
246,3176,8.973069297060725,1,100,0.01,0.001767432044609646,0.0544861967490067
246,3177,8.97474481314264,1,100,0.01,0.001767432044609646,0.0544861967490067
246,3178,8.976420329224556,1,100,0.01,0.001767432044609646,0.0544861967490067
246,3179,8.97809584530647,1,100,0.01,0.001767432044609646,0.0544861967490067
246,3180,8.979771361388384,1,200,0.005,0.0008831687058453758,0.02777370469642793
246,3212,9.03338787600965,4,200,0.02,0.007804426362159347,0.05028708724004506
246,3220,9.046792004664967,3,200,0.015,0.005114237753504754,0.043165729115389295
246,3228,9.060196133320282,7,200,0.035,0.01705554191525804,0.0704706118868775
246,3236,9.0736002619756,1,200,0.005,0.0008831687058453758,0.02777370469642793
247,518,4.534391576620048,0,25,0.0,0.0,0.13319225276039096
247,1871,6.801364835450443,0,25,0.0,0.0,0.13319225276039096
247,2548,7.935689222906596,0,25,0.0,0.0,0.13319225276039096
247,2886,8.502013658593716,1,25,0.04,0.007096233423382075,0.1954406391161776
247,3055,8.785175876437277,1,25,0.04,0.007096233423382075,0.1954406391161776
247,3140,8.927594743400014,1,25,0.04,0.007096233423382075,0.1954406391161776
247,3161,8.962780581120219,0,25,0.0,0.0,0.13319225276039096
247,3163,8.966131613284048,1,100,0.01,0.001767432044609646,0.0544861967490067
247,3164,8.967807129365964,1,100,0.01,0.001767432044609646,0.0544861967490067
247,3165,8.969482645447878,1,100,0.01,0.001767432044609646,0.0544861967490067
247,3166,8.971158161529793,1,100,0.01,0.001767432044609646,0.0544861967490067
247,3167,8.972833677611707,1,100,0.01,0.001767432044609646,0.0544861967490067
247,3168,8.974509193693622,1,100,0.01,0.001767432044609646,0.0544861967490067
247,3169,8.976184709775536,1,100,0.01,0.001767432044609646,0.0544861967490067
247,3170,8.977860225857452,1,100,0.01,0.001767432044609646,0.0544861967490067
247,3171,8.979535741939365,1,200,0.005,0.0008831687058453758,0.02777370469642793
247,3203,9.033152256560632,4,200,0.02,0.007804426362159347,0.05028708724004506
247,3211,9.046556385215947,3,200,0.015,0.005114237753504754,0.043165729115389295
247,3219,9.059960513871264,7,200,0.035,0.01705554191525804,0.0704706118868775
247,3227,9.073364642526581,1,200,0.005,0.0008831687058453758,0.02777370469642793
248,509,4.534155957171028,0,25,0.0,0.0,0.13319225276039096
248,1862,6.8011292160014225,0,25,0.0,0.0,0.13319225276039096
248,2539,7.935453603457578,0,25,0.0,0.0,0.13319225276039096
248,2877,8.501778039144698,1,25,0.04,0.007096233423382075,0.1954406391161776
248,3046,8.784940256988257,1,25,0.04,0.007096233423382075,0.1954406391161776
248,3131,8.927359123950994,1,25,0.04,0.007096233423382075,0.1954406391161776
248,3152,8.9625449616712,0,25,0.0,0.0,0.13319225276039096
248,3154,8.96589599383503,1,100,0.01,0.001767432044609646,0.0544861967490067
248,3155,8.967571509916944,1,100,0.01,0.001767432044609646,0.0544861967490067
248,3156,8.96924702599886,1,100,0.01,0.001767432044609646,0.0544861967490067
248,3157,8.970922542080773,1,100,0.01,0.001767432044609646,0.0544861967490067
248,3158,8.972598058162689,1,100,0.01,0.001767432044609646,0.0544861967490067
248,3159,8.974273574244602,1,100,0.01,0.001767432044609646,0.0544861967490067
248,3160,8.975949090326516,1,100,0.01,0.001767432044609646,0.0544861967490067
248,3161,8.977624606408432,1,100,0.01,0.001767432044609646,0.0544861967490067
248,3162,8.979300122490345,1,200,0.005,0.0008831687058453758,0.02777370469642793
248,3194,9.032916637111612,4,200,0.02,0.007804426362159347,0.05028708724004506
248,3202,9.046320765766929,3,200,0.015,0.005114237753504754,0.043165729115389295
248,3210,9.059724894422244,7,200,0.035,0.01705554191525804,0.0704706118868775
248,3218,9.073129023077561,1,200,0.005,0.0008831687058453758,0.02777370469642793
249,500,4.533920337722009,0,25,0.0,0.0,0.13319225276039096
249,1853,6.800893596552403,0,25,0.0,0.0,0.13319225276039096
249,2530,7.935217984008558,0,25,0.0,0.0,0.13319225276039096
249,2868,8.501542419695678,1,25,0.04,0.007096233423382075,0.1954406391161776
249,3037,8.784704637539239,1,25,0.04,0.007096233423382075,0.1954406391161776
249,3122,8.927123504501976,1,25,0.04,0.007096233423382075,0.1954406391161776
249,3143,8.96230934222218,0,25,0.0,0.0,0.13319225276039096
249,3145,8.96566037438601,2,100,0.02,0.005501967500661645,0.07001179131757478
249,3146,8.967335890467925,2,100,0.02,0.005501967500661645,0.07001179131757478
249,3147,8.96901140654984,2,100,0.02,0.005501967500661645,0.07001179131757478
249,3148,8.970686922631753,2,100,0.02,0.005501967500661645,0.07001179131757478
249,3149,8.972362438713668,2,100,0.02,0.005501967500661645,0.07001179131757478
249,3150,8.974037954795582,2,100,0.02,0.005501967500661645,0.07001179131757478
249,3151,8.975713470877498,2,100,0.02,0.005501967500661645,0.07001179131757478
249,3152,8.977388986959411,2,100,0.02,0.005501967500661645,0.07001179131757478
249,3153,8.979064503041327,1,200,0.005,0.0008831687058453758,0.02777370469642793
249,3185,9.032681017662592,4,200,0.02,0.007804426362159347,0.05028708724004506
249,3193,9.046085146317909,3,200,0.015,0.005114237753504754,0.043165729115389295
249,3201,9.059489274973226,7,200,0.035,0.01705554191525804,0.0704706118868775
249,3209,9.072893403628541,1,200,0.005,0.0008831687058453758,0.02777370469642793
250,491,4.53368471827299,0,25,0.0,0.0,0.13319225276039096
250,1844,6.800657977103384,0,25,0.0,0.0,0.13319225276039096
250,2521,7.934982364559539,0,25,0.0,0.0,0.13319225276039096
250,2859,8.50130680024666,1,25,0.04,0.007096233423382075,0.1954406391161776
250,3029,8.786144534172134,1,25,0.04,0.007096233423382075,0.1954406391161776
250,3113,8.926887885052956,1,25,0.04,0.007096233423382075,0.1954406391161776
250,3134,8.962073722773162,0,25,0.0,0.0,0.13319225276039096
250,3136,8.96542475493699,2,100,0.02,0.005501967500661645,0.07001179131757478
250,3137,8.967100271018905,2,100,0.02,0.005501967500661645,0.07001179131757478
250,3138,8.968775787100821,2,100,0.02,0.005501967500661645,0.07001179131757478
250,3139,8.970451303182735,3,100,0.03,0.010254523944281514,0.08451936489857498
250,3140,8.972126819264648,3,100,0.03,0.010254523944281514,0.08451936489857498
250,3141,8.973802335346564,2,100,0.02,0.005501967500661645,0.07001179131757478
250,3142,8.97547785142848,2,100,0.02,0.005501967500661645,0.07001179131757478
250,3143,8.977153367510393,3,100,0.03,0.010254523944281514,0.08451936489857498
250,3144,8.978828883592307,1,200,0.005,0.0008831687058453758,0.02777370469642793
250,3176,9.032445398213573,4,200,0.02,0.007804426362159347,0.05028708724004506
250,3184,9.045849526868889,3,200,0.015,0.005114237753504754,0.043165729115389295
250,3192,9.059253655524206,7,200,0.035,0.01705554191525804,0.0704706118868775
250,3200,9.072657784179523,1,200,0.005,0.0008831687058453758,0.02777370469642793
251,482,4.53344909882397,0,25,0.0,0.0,0.13319225276039096
251,1836,6.80209787373628,0,25,0.0,0.0,0.13319225276039096
251,2512,7.93474674511052,0,25,0.0,0.0,0.13319225276039096
251,2851,8.502746696879555,1,25,0.04,0.007096233423382075,0.1954406391161776
251,3020,8.785908914723114,1,25,0.04,0.007096233423382075,0.1954406391161776
251,3104,8.926652265603938,1,25,0.04,0.007096233423382075,0.1954406391161776
251,3125,8.961838103324142,0,25,0.0,0.0,0.13319225276039096
251,3127,8.965189135487972,2,100,0.02,0.005501967500661645,0.07001179131757478
251,3128,8.966864651569885,2,100,0.02,0.005501967500661645,0.07001179131757478
251,3129,8.9685401676518,2,100,0.02,0.005501967500661645,0.07001179131757478
251,3130,8.970215683733716,4,100,0.04,0.01566330388275538,0.09837071498472119
251,3131,8.97189119981563,4,100,0.04,0.01566330388275538,0.09837071498472119
251,3132,8.973566715897544,2,100,0.02,0.005501967500661645,0.07001179131757478
251,3133,8.97524223197946,2,100,0.02,0.005501967500661645,0.07001179131757478
251,3134,8.976917748061375,4,100,0.04,0.01566330388275538,0.09837071498472119
251,3135,8.978593264143289,1,200,0.005,0.0008831687058453758,0.02777370469642793
251,3167,9.032209778764553,4,200,0.02,0.007804426362159347,0.05028708724004506
251,3175,9.04561390741987,3,200,0.015,0.005114237753504754,0.043165729115389295
251,3183,9.059018036075187,7,200,0.035,0.01705554191525804,0.0704706118868775
251,3191,9.072422164730504,1,200,0.005,0.0008831687058453758,0.02777370469642793
252,473,4.533213479374951,0,25,0.0,0.0,0.13319225276039096
252,1827,6.80186225428726,0,25,0.0,0.0,0.13319225276039096
252,2503,7.9345111256615,0,25,0.0,0.0,0.13319225276039096
252,2842,8.502511077430535,1,25,0.04,0.007096233423382075,0.1954406391161776
252,3011,8.785673295274094,1,25,0.04,0.007096233423382075,0.1954406391161776
252,3095,8.926416646154918,1,25,0.04,0.007096233423382075,0.1954406391161776
252,3117,8.963277999957038,0,25,0.0,0.0,0.13319225276039096
252,3118,8.964953516038953,2,100,0.02,0.005501967500661645,0.07001179131757478
252,3119,8.966629032120867,2,100,0.02,0.005501967500661645,0.07001179131757478
252,3120,8.96830454820278,2,100,0.02,0.005501967500661645,0.07001179131757478
252,3121,8.969980064284696,4,100,0.04,0.01566330388275538,0.09837071498472119
252,3122,8.971655580366612,4,100,0.04,0.01566330388275538,0.09837071498472119
252,3123,8.973331096448526,2,100,0.02,0.005501967500661645,0.07001179131757478
252,3124,8.97500661253044,1,100,0.01,0.001767432044609646,0.0544861967490067
252,3125,8.976682128612353,2,100,0.02,0.005501967500661645,0.07001179131757478
252,3126,8.978357644694269,1,200,0.005,0.0008831687058453758,0.02777370469642793
252,3158,9.031974159315535,4,200,0.02,0.007804426362159347,0.05028708724004506
252,3166,9.045378287970852,3,200,0.015,0.005114237753504754,0.043165729115389295
252,3174,9.058782416626167,7,200,0.035,0.01705554191525804,0.0704706118868775
252,3182,9.072186545281484,1,200,0.005,0.0008831687058453758,0.02777370469642793
253,465,4.534653376007847,0,25,0.0,0.0,0.13319225276039096
253,1818,6.801626634838241,0,25,0.0,0.0,0.13319225276039096
253,2495,7.935951022294397,0,25,0.0,0.0,0.13319225276039096
253,2833,8.502275457981517,1,25,0.04,0.007096233423382075,0.1954406391161776
253,3002,8.785437675825076,1,25,0.04,0.007096233423382075,0.1954406391161776
253,3087,8.927856542787813,1,25,0.04,0.007096233423382075,0.1954406391161776
253,3108,8.96304238050802,0,25,0.0,0.0,0.13319225276039096
253,3110,8.966393412671849,3,100,0.03,0.010254523944281514,0.08451936489857498
253,3111,8.968068928753762,3,100,0.03,0.010254523944281514,0.08451936489857498
253,3112,8.969744444835676,3,100,0.03,0.010254523944281514,0.08451936489857498
253,3113,8.971419960917592,3,100,0.03,0.010254523944281514,0.08451936489857498
253,3114,8.973095476999505,3,100,0.03,0.010254523944281514,0.08451936489857498
253,3115,8.974770993081421,3,100,0.03,0.010254523944281514,0.08451936489857498
253,3116,8.976446509163335,3,100,0.03,0.010254523944281514,0.08451936489857498
253,3117,8.97812202524525,3,100,0.03,0.010254523944281514,0.08451936489857498
253,3118,8.979797541327164,1,200,0.005,0.0008831687058453758,0.02777370469642793
253,3150,9.03341405594843,4,200,0.02,0.007804426362159347,0.05028708724004506
253,3158,9.046818184603747,3,200,0.015,0.005114237753504754,0.043165729115389295
253,3166,9.060222313259063,7,200,0.035,0.01705554191525804,0.0704706118868775
253,3174,9.07362644191438,1,200,0.005,0.0008831687058453758,0.02777370469642793
254,456,4.5344177565588275,0,25,0.0,0.0,0.13319225276039096
254,1809,6.801391015389222,0,25,0.0,0.0,0.13319225276039096
254,2486,7.935715402845377,0,25,0.0,0.0,0.13319225276039096
254,2824,8.502039838532497,1,25,0.04,0.007096233423382075,0.1954406391161776
254,2993,8.785202056376056,1,25,0.04,0.007096233423382075,0.1954406391161776
254,3078,8.927620923338793,1,25,0.04,0.007096233423382075,0.1954406391161776
254,3099,8.962806761059,0,25,0.0,0.0,0.13319225276039096
254,3101,8.966157793222829,3,100,0.03,0.010254523944281514,0.08451936489857498
254,3102,8.967833309304742,3,100,0.03,0.010254523944281514,0.08451936489857498
254,3103,8.969508825386658,3,100,0.03,0.010254523944281514,0.08451936489857498
254,3104,8.971184341468572,3,100,0.03,0.010254523944281514,0.08451936489857498
254,3105,8.972859857550487,3,100,0.03,0.010254523944281514,0.08451936489857498
254,3106,8.974535373632401,3,100,0.03,0.010254523944281514,0.08451936489857498
254,3107,8.976210889714316,3,100,0.03,0.010254523944281514,0.08451936489857498
254,3108,8.97788640579623,3,100,0.03,0.010254523944281514,0.08451936489857498
254,3109,8.979561921878146,1,200,0.005,0.0008831687058453758,0.02777370469642793
254,3141,9.03317843649941,4,200,0.02,0.007804426362159347,0.05028708724004506
254,3149,9.046582565154727,3,200,0.015,0.005114237753504754,0.043165729115389295
254,3157,9.059986693810044,7,200,0.035,0.01705554191525804,0.0704706118868775
254,3165,9.07339082246536,1,200,0.005,0.0008831687058453758,0.02777370469642793
255,447,4.534182137109808,0,25,0.0,0.0,0.13319225276039096
255,1800,6.801155395940203,0,25,0.0,0.0,0.13319225276039096
255,2477,7.9354797833963575,0,25,0.0,0.0,0.13319225276039096
255,2815,8.501804219083478,1,25,0.04,0.007096233423382075,0.1954406391161776
255,2984,8.784966436927037,1,25,0.04,0.007096233423382075,0.1954406391161776
255,3069,8.927385303889775,1,25,0.04,0.007096233423382075,0.1954406391161776
255,3090,8.962571141609981,0,25,0.0,0.0,0.13319225276039096
255,3092,8.965922173773809,3,100,0.03,0.010254523944281514,0.08451936489857498
255,3093,8.967597689855724,3,100,0.03,0.010254523944281514,0.08451936489857498
255,3094,8.96927320593764,3,100,0.03,0.010254523944281514,0.08451936489857498
255,3095,8.970948722019553,3,100,0.03,0.010254523944281514,0.08451936489857498
255,3096,8.972624238101467,3,100,0.03,0.010254523944281514,0.08451936489857498
255,3097,8.974299754183383,3,100,0.03,0.010254523944281514,0.08451936489857498
255,3098,8.975975270265298,3,100,0.03,0.010254523944281514,0.08451936489857498
255,3099,8.977650786347212,3,100,0.03,0.010254523944281514,0.08451936489857498
255,3100,8.979326302429126,1,200,0.005,0.0008831687058453758,0.02777370469642793
255,3132,9.032942817050392,4,200,0.02,0.007804426362159347,0.05028708724004506
255,3140,9.046346945705707,3,200,0.015,0.005114237753504754,0.043165729115389295
255,3148,9.059751074361024,8,200,0.04,0.0204056319610195,0.0769320685744264
255,3156,9.073155203016341,1,200,0.005,0.0008831687058453758,0.02777370469642793
256,438,4.533946517660789,0,25,0.0,0.0,0.13319225276039096
256,1791,6.800919776491184,0,25,0.0,0.0,0.13319225276039096
256,2468,7.935244163947338,0,25,0.0,0.0,0.13319225276039096
256,2806,8.501568599634458,1,25,0.04,0.007096233423382075,0.1954406391161776
256,2975,8.784730817478017,0,25,0.0,0.0,0.13319225276039096
256,3060,8.927149684440757,1,25,0.04,0.007096233423382075,0.1954406391161776
256,3081,8.962335522160961,0,25,0.0,0.0,0.13319225276039096
256,3083,8.96568655432479,3,100,0.03,0.010254523944281514,0.08451936489857498
256,3084,8.967362070406704,3,100,0.03,0.010254523944281514,0.08451936489857498
256,3085,8.96903758648862,3,100,0.03,0.010254523944281514,0.08451936489857498
256,3086,8.970713102570535,3,100,0.03,0.010254523944281514,0.08451936489857498
256,3087,8.972388618652449,3,100,0.03,0.010254523944281514,0.08451936489857498
256,3088,8.974064134734363,3,100,0.03,0.010254523944281514,0.08451936489857498
256,3089,8.975739650816276,3,100,0.03,0.010254523944281514,0.08451936489857498
256,3090,8.977415166898192,3,100,0.03,0.010254523944281514,0.08451936489857498
256,3091,8.979090682980107,1,200,0.005,0.0008831687058453758,0.02777370469642793
256,3123,9.032707197601372,4,200,0.02,0.007804426362159347,0.05028708724004506
256,3131,9.046111326256689,3,200,0.015,0.005114237753504754,0.043165729115389295
256,3139,9.059515454912006,8,200,0.04,0.0204056319610195,0.0769320685744264
256,3147,9.072919583567323,1,200,0.005,0.0008831687058453758,0.02777370469642793
257,429,4.533710898211769,0,25,0.0,0.0,0.13319225276039096
257,1782,6.800684157042165,0,25,0.0,0.0,0.13319225276039096
257,2459,7.935008544498318,0,25,0.0,0.0,0.13319225276039096
257,2797,8.501332980185438,1,25,0.04,0.007096233423382075,0.1954406391161776
257,2967,8.786170714110913,0,25,0.0,0.0,0.13319225276039096
257,3051,8.926914064991735,1,25,0.04,0.007096233423382075,0.1954406391161776
257,3072,8.962099902711941,0,25,0.0,0.0,0.13319225276039096
257,3074,8.965450934875772,3,100,0.03,0.010254523944281514,0.08451936489857498
257,3075,8.967126450957686,3,100,0.03,0.010254523944281514,0.08451936489857498
257,3076,8.9688019670396,3,100,0.03,0.010254523944281514,0.08451936489857498
257,3077,8.970477483121513,4,100,0.04,0.01566330388275538,0.09837071498472119
257,3078,8.972152999203429,4,100,0.04,0.01566330388275538,0.09837071498472119
257,3079,8.973828515285344,3,100,0.03,0.010254523944281514,0.08451936489857498
257,3080,8.975504031367258,3,100,0.03,0.010254523944281514,0.08451936489857498
257,3081,8.977179547449172,4,100,0.04,0.01566330388275538,0.09837071498472119
257,3082,8.978855063531087,1,200,0.005,0.0008831687058453758,0.02777370469642793
257,3114,9.032471578152354,4,200,0.02,0.007804426362159347,0.05028708724004506
257,3122,9.04587570680767,3,200,0.015,0.005114237753504754,0.043165729115389295
257,3130,9.059279835462986,8,200,0.04,0.0204056319610195,0.0769320685744264
257,3138,9.072683964118301,1,200,0.005,0.0008831687058453758,0.02777370469642793
258,420,4.533475278762751,1,25,0.04,0.007096233423382075,0.1954406391161776
258,1774,6.80212405367506,0,25,0.0,0.0,0.13319225276039096
258,2450,7.9347729250493,0,25,0.0,0.0,0.13319225276039096
258,2789,8.502772876818334,1,25,0.04,0.007096233423382075,0.1954406391161776
258,2958,8.785935094661895,0,25,0.0,0.0,0.13319225276039096
258,3042,8.926678445542716,1,25,0.04,0.007096233423382075,0.1954406391161776
258,3063,8.961864283262923,0,25,0.0,0.0,0.13319225276039096
258,3065,8.965215315426752,3,100,0.03,0.010254523944281514,0.08451936489857498
258,3066,8.966890831508666,3,100,0.03,0.010254523944281514,0.08451936489857498
258,3067,8.968566347590581,3,100,0.03,0.010254523944281514,0.08451936489857498
258,3068,8.970241863672495,4,100,0.04,0.01566330388275538,0.09837071498472119
258,3069,8.97191737975441,4,100,0.04,0.01566330388275538,0.09837071498472119
258,3070,8.973592895836324,3,100,0.03,0.010254523944281514,0.08451936489857498
258,3071,8.97526841191824,3,100,0.03,0.010254523944281514,0.08451936489857498
258,3072,8.976943928000154,4,100,0.04,0.01566330388275538,0.09837071498472119
258,3073,8.978619444082069,1,200,0.005,0.0008831687058453758,0.02777370469642793
258,3105,9.032235958703334,4,200,0.02,0.007804426362159347,0.05028708724004506
258,3113,9.04564008735865,3,200,0.015,0.005114237753504754,0.043165729115389295
258,3121,9.059044216013968,8,200,0.04,0.0204056319610195,0.0769320685744264
258,3129,9.072448344669283,2,200,0.01,0.0027466581088489593,0.035721762026734716
259,411,4.533239659313731,1,25,0.04,0.007096233423382075,0.1954406391161776
259,1765,6.80188843422604,0,25,0.0,0.0,0.13319225276039096
259,2441,7.93453730560028,0,25,0.0,0.0,0.13319225276039096
259,2780,8.502537257369315,1,25,0.04,0.007096233423382075,0.1954406391161776
259,2949,8.785699475212875,0,25,0.0,0.0,0.13319225276039096
259,3033,8.926442826093698,1,25,0.04,0.007096233423382075,0.1954406391161776
259,3055,8.963304179895818,0,25,0.0,0.0,0.13319225276039096
259,3056,8.964979695977732,3,100,0.03,0.010254523944281514,0.08451936489857498
259,3057,8.966655212059647,3,100,0.03,0.010254523944281514,0.08451936489857498
259,3058,8.968330728141561,3,100,0.03,0.010254523944281514,0.08451936489857498
259,3059,8.970006244223477,4,100,0.04,0.01566330388275538,0.09837071498472119
259,3060,8.97168176030539,4,100,0.04,0.01566330388275538,0.09837071498472119
259,3061,8.973357276387306,3,100,0.03,0.010254523944281514,0.08451936489857498
259,3062,8.97503279246922,3,100,0.03,0.010254523944281514,0.08451936489857498
259,3063,8.976708308551133,4,100,0.04,0.01566330388275538,0.09837071498472119
259,3064,8.978383824633049,1,200,0.005,0.0008831687058453758,0.02777370469642793
259,3096,9.032000339254315,4,200,0.02,0.007804426362159347,0.05028708724004506
259,3104,9.04540446790963,3,200,0.015,0.005114237753504754,0.043165729115389295
259,3112,9.058808596564948,8,200,0.04,0.0204056319610195,0.0769320685744264
259,3120,9.072212725220265,2,200,0.01,0.0027466581088489593,0.035721762026734716
260,403,4.534679555946627,1,25,0.04,0.007096233423382075,0.1954406391161776
260,1756,6.801652814777022,0,25,0.0,0.0,0.13319225276039096
260,2433,7.935977202233176,0,25,0.0,0.0,0.13319225276039096
260,2771,8.502301637920297,1,25,0.04,0.007096233423382075,0.1954406391161776
260,2940,8.785463855763856,0,25,0.0,0.0,0.13319225276039096
260,3025,8.927882722726594,1,25,0.04,0.007096233423382075,0.1954406391161776
260,3046,8.9630685604468,0,25,0.0,0.0,0.13319225276039096
260,3048,8.966419592610627,3,100,0.03,0.010254523944281514,0.08451936489857498
260,3049,8.968095108692543,3,100,0.03,0.010254523944281514,0.08451936489857498
260,3050,8.969770624774458,3,100,0.03,0.010254523944281514,0.08451936489857498
260,3051,8.971446140856372,3,100,0.03,0.010254523944281514,0.08451936489857498
260,3052,8.973121656938286,3,100,0.03,0.010254523944281514,0.08451936489857498
260,3053,8.9747971730202,3,100,0.03,0.010254523944281514,0.08451936489857498
260,3054,8.976472689102115,3,100,0.03,0.010254523944281514,0.08451936489857498
260,3055,8.97814820518403,3,100,0.03,0.010254523944281514,0.08451936489857498
260,3056,8.979823721265944,1,200,0.005,0.0008831687058453758,0.02777370469642793
260,3088,9.033440235887209,4,200,0.02,0.007804426362159347,0.05028708724004506
260,3096,9.046844364542526,3,200,0.015,0.005114237753504754,0.043165729115389295
260,3104,9.060248493197843,8,200,0.04,0.0204056319610195,0.0769320685744264
260,3112,9.07365262185316,3,200,0.015,0.005114237753504754,0.043165729115389295
261,394,4.534443936497607,1,25,0.04,0.007096233423382075,0.1954406391161776
261,1747,6.801417195328002,0,25,0.0,0.0,0.13319225276039096
261,2424,7.935741582784156,0,25,0.0,0.0,0.13319225276039096
261,2762,8.502066018471275,1,25,0.04,0.007096233423382075,0.1954406391161776
261,2931,8.785228236314836,0,25,0.0,0.0,0.13319225276039096
261,3016,8.927647103277573,1,25,0.04,0.007096233423382075,0.1954406391161776
261,3037,8.96283294099778,0,25,0.0,0.0,0.13319225276039096
261,3039,8.966183973161609,3,100,0.03,0.010254523944281514,0.08451936489857498
261,3040,8.967859489243523,3,100,0.03,0.010254523944281514,0.08451936489857498
261,3041,8.969535005325437,3,100,0.03,0.010254523944281514,0.08451936489857498
261,3042,8.971210521407352,3,100,0.03,0.010254523944281514,0.08451936489857498
261,3043,8.972886037489268,3,100,0.03,0.010254523944281514,0.08451936489857498
261,3044,8.974561553571181,3,100,0.03,0.010254523944281514,0.08451936489857498
261,3045,8.976237069653095,3,100,0.03,0.010254523944281514,0.08451936489857498
261,3046,8.97791258573501,3,100,0.03,0.010254523944281514,0.08451936489857498
261,3047,8.979588101816926,1,200,0.005,0.0008831687058453758,0.02777370469642793
261,3079,9.03320461643819,4,200,0.02,0.007804426362159347,0.05028708724004506
261,3087,9.046608745093508,3,200,0.015,0.005114237753504754,0.043165729115389295
261,3095,9.060012873748825,8,200,0.04,0.0204056319610195,0.0769320685744264
261,3103,9.07341700240414,3,200,0.015,0.005114237753504754,0.043165729115389295
262,385,4.534208317048588,1,25,0.04,0.007096233423382075,0.1954406391161776
262,1738,6.801181575878982,0,25,0.0,0.0,0.13319225276039096
262,2415,7.935505963335137,0,25,0.0,0.0,0.13319225276039096
262,2753,8.501830399022257,2,25,0.08,0.022220401084126245,0.24966109123460217
262,2922,8.784992616865818,0,25,0.0,0.0,0.13319225276039096
262,3007,8.927411483828553,1,25,0.04,0.007096233423382075,0.1954406391161776
262,3028,8.96259732154876,0,25,0.0,0.0,0.13319225276039096
262,3030,8.965948353712589,3,100,0.03,0.010254523944281514,0.08451936489857498
262,3031,8.967623869794505,3,100,0.03,0.010254523944281514,0.08451936489857498
262,3032,8.969299385876418,3,100,0.03,0.010254523944281514,0.08451936489857498
262,3033,8.970974901958332,3,100,0.03,0.010254523944281514,0.08451936489857498
262,3034,8.972650418040248,3,100,0.03,0.010254523944281514,0.08451936489857498
262,3035,8.974325934122163,3,100,0.03,0.010254523944281514,0.08451936489857498
262,3036,8.976001450204077,3,100,0.03,0.010254523944281514,0.08451936489857498
262,3037,8.97767696628599,3,100,0.03,0.010254523944281514,0.08451936489857498
262,3038,8.979352482367906,1,200,0.005,0.0008831687058453758,0.02777370469642793
262,3070,9.032968996989172,4,200,0.02,0.007804426362159347,0.05028708724004506
262,3078,9.046373125644488,3,200,0.015,0.005114237753504754,0.043165729115389295
262,3086,9.059777254299805,8,200,0.04,0.0204056319610195,0.0769320685744264
262,3094,9.07318138295512,3,200,0.015,0.005114237753504754,0.043165729115389295
263,376,4.533972697599569,1,25,0.04,0.007096233423382075,0.1954406391161776
263,1729,6.800945956429963,0,25,0.0,0.0,0.13319225276039096
263,2406,7.935270343886119,0,25,0.0,0.0,0.13319225276039096
263,2744,8.501594779573239,2,25,0.08,0.022220401084126245,0.24966109123460217
263,2913,8.784756997416798,0,25,0.0,0.0,0.13319225276039096
263,2998,8.927175864379535,1,25,0.04,0.007096233423382075,0.1954406391161776
263,3019,8.962361702099741,0,25,0.0,0.0,0.13319225276039096
263,3021,8.96571273426357,3,100,0.03,0.010254523944281514,0.08451936489857498
263,3022,8.967388250345484,3,100,0.03,0.010254523944281514,0.08451936489857498
263,3023,8.9690637664274,3,100,0.03,0.010254523944281514,0.08451936489857498
263,3024,8.970739282509314,3,100,0.03,0.010254523944281514,0.08451936489857498
263,3025,8.97241479859123,3,100,0.03,0.010254523944281514,0.08451936489857498
263,3026,8.974090314673143,3,100,0.03,0.010254523944281514,0.08451936489857498
263,3027,8.975765830755057,3,100,0.03,0.010254523944281514,0.08451936489857498
263,3028,8.977441346836972,3,100,0.03,0.010254523944281514,0.08451936489857498
263,3029,8.979116862918886,1,200,0.005,0.0008831687058453758,0.02777370469642793
263,3061,9.032733377540152,4,200,0.02,0.007804426362159347,0.05028708724004506
263,3069,9.04613750619547,3,200,0.015,0.005114237753504754,0.043165729115389295
263,3077,9.059541634850785,8,200,0.04,0.0204056319610195,0.0769320685744264
263,3085,9.072945763506102,3,200,0.015,0.005114237753504754,0.043165729115389295
264,367,4.5337370781505495,1,25,0.04,0.007096233423382075,0.1954406391161776
264,1720,6.800710336980944,0,25,0.0,0.0,0.13319225276039096
264,2397,7.935034724437099,0,25,0.0,0.0,0.13319225276039096
264,2735,8.501359160124219,2,25,0.08,0.022220401084126245,0.24966109123460217
264,2905,8.786196894049693,0,25,0.0,0.0,0.13319225276039096
264,2989,8.926940244930517,1,25,0.04,0.007096233423382075,0.1954406391161776
264,3010,8.962126082650721,0,25,0.0,0.0,0.13319225276039096
264,3012,8.96547711481455,3,100,0.03,0.010254523944281514,0.08451936489857498
264,3013,8.967152630896466,3,100,0.03,0.010254523944281514,0.08451936489857498
264,3014,8.96882814697838,3,100,0.03,0.010254523944281514,0.08451936489857498
264,3015,8.970503663060294,4,100,0.04,0.01566330388275538,0.09837071498472119
264,3016,8.97217917914221,4,100,0.04,0.01566330388275538,0.09837071498472119
264,3017,8.973854695224123,3,100,0.03,0.010254523944281514,0.08451936489857498
264,3018,8.975530211306038,3,100,0.03,0.010254523944281514,0.08451936489857498
264,3019,8.977205727387952,4,100,0.04,0.01566330388275538,0.09837071498472119
264,3020,8.978881243469868,2,200,0.01,0.0027466581088489593,0.035721762026734716
264,3052,9.032497758091132,4,200,0.02,0.007804426362159347,0.05028708724004506
264,3060,9.04590188674645,3,200,0.015,0.005114237753504754,0.043165729115389295
264,3068,9.059306015401766,8,200,0.04,0.0204056319610195,0.0769320685744264
264,3076,9.072710144057082,3,200,0.015,0.005114237753504754,0.043165729115389295
265,358,4.53350145870153,1,25,0.04,0.007096233423382075,0.1954406391161776
265,1712,6.8021502336138395,0,25,0.0,0.0,0.13319225276039096
265,2388,7.934799104988079,0,25,0.0,0.0,0.13319225276039096
265,2727,8.502799056757114,2,25,0.08,0.022220401084126245,0.24966109123460217
265,2896,8.785961274600673,0,25,0.0,0.0,0.13319225276039096
265,2980,8.926704625481497,1,25,0.04,0.007096233423382075,0.1954406391161776
265,3001,8.961890463201703,0,25,0.0,0.0,0.13319225276039096
265,3003,8.96524149536553,3,100,0.03,0.010254523944281514,0.08451936489857498
265,3004,8.966917011447446,3,100,0.03,0.010254523944281514,0.08451936489857498
265,3005,8.96859252752936,3,100,0.03,0.010254523944281514,0.08451936489857498
265,3006,8.970268043611275,4,100,0.04,0.01566330388275538,0.09837071498472119
265,3007,8.97194355969319,4,100,0.04,0.01566330388275538,0.09837071498472119
265,3008,8.973619075775105,3,100,0.03,0.010254523944281514,0.08451936489857498
265,3009,8.975294591857018,3,100,0.03,0.010254523944281514,0.08451936489857498
265,3010,8.976970107938934,4,100,0.04,0.01566330388275538,0.09837071498472119
265,3011,8.978645624020848,2,200,0.01,0.0027466581088489593,0.035721762026734716
265,3043,9.032262138642114,4,200,0.02,0.007804426362159347,0.05028708724004506
265,3051,9.04566626729743,3,200,0.015,0.005114237753504754,0.043165729115389295
265,3059,9.059070395952746,8,200,0.04,0.0204056319610195,0.0769320685744264
265,3067,9.072474524608063,3,200,0.015,0.005114237753504754,0.043165729115389295
266,349,4.533265839252511,1,25,0.04,0.007096233423382075,0.1954406391161776
266,1703,6.80191461416482,0,25,0.0,0.0,0.13319225276039096
266,2379,7.93456348553906,0,25,0.0,0.0,0.13319225276039096
266,2718,8.502563437308094,2,25,0.08,0.022220401084126245,0.24966109123460217
266,2887,8.785725655151655,0,25,0.0,0.0,0.13319225276039096
266,2971,8.926469006032477,0,25,0.0,0.0,0.13319225276039096
266,2993,8.963330359834597,0,25,0.0,0.0,0.13319225276039096
266,2994,8.965005875916512,3,100,0.03,0.010254523944281514,0.08451936489857498
266,2995,8.966681391998428,3,100,0.03,0.010254523944281514,0.08451936489857498
266,2996,8.968356908080342,3,100,0.03,0.010254523944281514,0.08451936489857498
266,2997,8.970032424162255,4,100,0.04,0.01566330388275538,0.09837071498472119
266,2998,8.97170794024417,4,100,0.04,0.01566330388275538,0.09837071498472119
266,2999,8.973383456326086,3,100,0.03,0.010254523944281514,0.08451936489857498
266,3000,8.975058972408,3,100,0.03,0.010254523944281514,0.08451936489857498
266,3001,8.976734488489914,4,100,0.04,0.01566330388275538,0.09837071498472119
266,3002,8.97841000457183,3,200,0.015,0.005114237753504754,0.043165729115389295
266,3034,9.032026519193096,6,200,0.03,0.013820314259191425,0.06389429280963374
266,3042,9.045430647848411,3,200,0.015,0.005114237753504754,0.043165729115389295
266,3050,9.058834776503728,8,200,0.04,0.0204056319610195,0.0769320685744264
266,3058,9.072238905159043,3,200,0.015,0.005114237753504754,0.043165729115389295
267,341,4.534705735885407,1,25,0.04,0.007096233423382075,0.1954406391161776
267,1694,6.801678994715801,0,25,0.0,0.0,0.13319225276039096
267,2370,7.934327866090041,0,25,0.0,0.0,0.13319225276039096
267,2709,8.502327817859076,2,25,0.08,0.022220401084126245,0.24966109123460217
267,2878,8.785490035702637,0,25,0.0,0.0,0.13319225276039096
267,2963,8.927908902665372,0,25,0.0,0.0,0.13319225276039096
267,2984,8.963094740385579,0,25,0.0,0.0,0.13319225276039096
267,2986,8.966445772549408,3,100,0.03,0.010254523944281514,0.08451936489857498
267,2987,8.968121288631323,3,100,0.03,0.010254523944281514,0.08451936489857498
267,2988,8.969796804713237,3,100,0.03,0.010254523944281514,0.08451936489857498
267,2989,8.97147232079515,3,100,0.03,0.010254523944281514,0.08451936489857498
267,2990,8.973147836877066,3,100,0.03,0.010254523944281514,0.08451936489857498
267,2991,8.97482335295898,3,100,0.03,0.010254523944281514,0.08451936489857498
267,2992,8.976498869040896,3,100,0.03,0.010254523944281514,0.08451936489857498
267,2993,8.97817438512281,3,100,0.03,0.010254523944281514,0.08451936489857498
267,2994,8.979849901204723,2,200,0.01,0.0027466581088489593,0.035721762026734716
267,3026,9.033466415825991,6,200,0.03,0.013820314259191425,0.06389429280963374
267,3034,9.046870544481306,3,200,0.015,0.005114237753504754,0.043165729115389295
267,3042,9.060274673136622,8,200,0.04,0.0204056319610195,0.0769320685744264
267,3050,9.073678801791939,3,200,0.015,0.005114237753504754,0.043165729115389295
268,332,4.5344701164363865,1,25,0.04,0.007096233423382075,0.1954406391161776
268,1685,6.801443375266782,0,25,0.0,0.0,0.13319225276039096
268,2362,7.935767762722936,0,25,0.0,0.0,0.13319225276039096
268,2700,8.502092198410057,2,25,0.08,0.022220401084126245,0.24966109123460217
268,2869,8.785254416253617,0,25,0.0,0.0,0.13319225276039096
268,2954,8.927673283216354,0,25,0.0,0.0,0.13319225276039096
268,2975,8.96285912093656,1,25,0.04,0.007096233423382075,0.1954406391161776
268,2977,8.966210153100388,3,100,0.03,0.010254523944281514,0.08451936489857498
268,2978,8.967885669182303,3,100,0.03,0.010254523944281514,0.08451936489857498
268,2979,8.969561185264217,3,100,0.03,0.010254523944281514,0.08451936489857498
268,2980,8.971236701346132,3,100,0.03,0.010254523944281514,0.08451936489857498
268,2981,8.972912217428046,3,100,0.03,0.010254523944281514,0.08451936489857498
268,2982,8.97458773350996,3,100,0.03,0.010254523944281514,0.08451936489857498
268,2983,8.976263249591875,3,100,0.03,0.010254523944281514,0.08451936489857498
268,2984,8.977938765673791,3,100,0.03,0.010254523944281514,0.08451936489857498
268,2985,8.979614281755705,2,200,0.01,0.0027466581088489593,0.035721762026734716
268,3017,9.03323079637697,6,200,0.03,0.013820314259191425,0.06389429280963374
268,3025,9.046634925032286,3,200,0.015,0.005114237753504754,0.043165729115389295
268,3033,9.060039053687603,8,200,0.04,0.0204056319610195,0.0769320685744264
268,3041,9.07344318234292,3,200,0.015,0.005114237753504754,0.043165729115389295
269,323,4.534234496987368,1,25,0.04,0.007096233423382075,0.1954406391161776
269,1676,6.801207755817763,0,25,0.0,0.0,0.13319225276039096
269,2353,7.935532143273917,0,25,0.0,0.0,0.13319225276039096
269,2691,8.501856578961037,2,25,0.08,0.022220401084126245,0.24966109123460217
269,2860,8.785018796804597,0,25,0.0,0.0,0.13319225276039096
269,2945,8.927437663767334,0,25,0.0,0.0,0.13319225276039096
269,2966,8.96262350148754,1,25,0.04,0.007096233423382075,0.1954406391161776
269,2968,8.96597453365137,1,100,0.01,0.001767432044609646,0.0544861967490067
269,2969,8.967650049733283,1,100,0.01,0.001767432044609646,0.0544861967490067
269,2970,8.969325565815199,1,100,0.01,0.001767432044609646,0.0544861967490067
269,2971,8.971001081897112,4,100,0.04,0.01566330388275538,0.09837071498472119
269,2972,8.972676597979028,3,100,0.03,0.010254523944281514,0.08451936489857498
269,2973,8.974352114060942,1,100,0.01,0.001767432044609646,0.0544861967490067
269,2974,8.976027630142857,3,100,0.03,0.010254523944281514,0.08451936489857498
269,2975,8.977703146224771,1,100,0.01,0.001767432044609646,0.0544861967490067
269,2976,8.979378662306686,2,200,0.01,0.0027466581088489593,0.035721762026734716
269,3008,9.032995176927951,6,200,0.03,0.013820314259191425,0.06389429280963374
269,3016,9.046399305583268,3,200,0.015,0.005114237753504754,0.043165729115389295
269,3024,9.059803434238585,8,200,0.04,0.0204056319610195,0.0769320685744264
269,3032,9.0732075628939,3,200,0.015,0.005114237753504754,0.043165729115389295
270,314,4.533998877538349,1,25,0.04,0.007096233423382075,0.1954406391161776
270,1667,6.800972136368744,0,25,0.0,0.0,0.13319225276039096
270,2344,7.935296523824898,0,25,0.0,0.0,0.13319225276039096
270,2682,8.501620959512017,2,25,0.08,0.022220401084126245,0.24966109123460217
270,2851,8.784783177355578,0,25,0.0,0.0,0.13319225276039096
270,2936,8.927202044318316,0,25,0.0,0.0,0.13319225276039096
270,2957,8.96238788203852,1,25,0.04,0.007096233423382075,0.1954406391161776
270,2959,8.965738914202351,1,100,0.01,0.001767432044609646,0.0544861967490067
270,2960,8.967414430284265,1,100,0.01,0.001767432044609646,0.0544861967490067
270,2961,8.969089946366179,1,100,0.01,0.001767432044609646,0.0544861967490067
270,2962,8.970765462448094,4,100,0.04,0.01566330388275538,0.09837071498472119
270,2963,8.97244097853001,3,100,0.03,0.010254523944281514,0.08451936489857498
270,2964,8.974116494611923,1,100,0.01,0.001767432044609646,0.0544861967490067
270,2965,8.975792010693837,3,100,0.03,0.010254523944281514,0.08451936489857498
270,2966,8.977467526775753,1,100,0.01,0.001767432044609646,0.0544861967490067
270,2967,8.979143042857666,2,200,0.01,0.0027466581088489593,0.035721762026734716
270,2999,9.032759557478933,6,200,0.03,0.013820314259191425,0.06389429280963374
270,3007,9.04616368613425,3,200,0.015,0.005114237753504754,0.043165729115389295
270,3015,9.059567814789565,8,200,0.04,0.0204056319610195,0.0769320685744264
270,3023,9.072971943444882,3,200,0.015,0.005114237753504754,0.043165729115389295
271,305,4.53376325808933,1,25,0.04,0.007096233423382075,0.1954406391161776
271,1658,6.8007365169197245,0,25,0.0,0.0,0.13319225276039096
271,2335,7.935060904375879,0,25,0.0,0.0,0.13319225276039096
271,2673,8.501385340062999,2,25,0.08,0.022220401084126245,0.24966109123460217
271,2843,8.786223073988474,0,25,0.0,0.0,0.13319225276039096
271,2927,8.926966424869295,0,25,0.0,0.0,0.13319225276039096
271,2948,8.962152262589502,1,25,0.04,0.007096233423382075,0.1954406391161776
271,2950,8.965503294753331,1,100,0.01,0.001767432044609646,0.0544861967490067
271,2951,8.967178810835247,1,100,0.01,0.001767432044609646,0.0544861967490067
271,2952,8.96885432691716,1,100,0.01,0.001767432044609646,0.0544861967490067
271,2953,8.970529842999074,1,100,0.01,0.001767432044609646,0.0544861967490067
271,2954,8.97220535908099,1,100,0.01,0.001767432044609646,0.0544861967490067
271,2955,8.973880875162903,1,100,0.01,0.001767432044609646,0.0544861967490067
271,2956,8.975556391244819,3,100,0.03,0.010254523944281514,0.08451936489857498
271,2957,8.977231907326733,3,100,0.03,0.010254523944281514,0.08451936489857498
271,2958,8.978907423408646,4,200,0.02,0.007804426362159347,0.05028708724004506
271,2990,9.032523938029914,6,200,0.03,0.013820314259191425,0.06389429280963374
271,2998,9.04592806668523,3,200,0.015,0.005114237753504754,0.043165729115389295
271,3006,9.059332195340545,8,200,0.04,0.0204056319610195,0.0769320685744264
271,3014,9.072736323995862,3,200,0.015,0.005114237753504754,0.043165729115389295
272,296,4.53352763864031,1,25,0.04,0.007096233423382075,0.1954406391161776
272,1650,6.802176413552619,0,25,0.0,0.0,0.13319225276039096
272,2326,7.934825284926859,0,25,0.0,0.0,0.13319225276039096
272,2665,8.502825236695895,2,25,0.08,0.022220401084126245,0.24966109123460217
272,2834,8.785987454539454,0,25,0.0,0.0,0.13319225276039096
272,2918,8.926730805420277,0,25,0.0,0.0,0.13319225276039096
272,2939,8.961916643140484,1,25,0.04,0.007096233423382075,0.1954406391161776
272,2941,8.965267675304311,1,100,0.01,0.001767432044609646,0.0544861967490067
272,2942,8.966943191386227,1,100,0.01,0.001767432044609646,0.0544861967490067
272,2943,8.96861870746814,1,100,0.01,0.001767432044609646,0.0544861967490067
272,2944,8.970294223550056,1,100,0.01,0.001767432044609646,0.0544861967490067
272,2945,8.97196973963197,1,100,0.01,0.001767432044609646,0.0544861967490067
272,2946,8.973645255713883,1,100,0.01,0.001767432044609646,0.0544861967490067
272,2947,8.975320771795799,3,100,0.03,0.010254523944281514,0.08451936489857498
272,2948,8.976996287877714,3,100,0.03,0.010254523944281514,0.08451936489857498
272,2949,8.978671803959628,4,200,0.02,0.007804426362159347,0.05028708724004506
272,2981,9.032288318580893,6,200,0.03,0.013820314259191425,0.06389429280963374
272,2989,9.04569244723621,3,200,0.015,0.005114237753504754,0.043165729115389295
272,2997,9.059096575891527,8,200,0.04,0.0204056319610195,0.0769320685744264
272,3005,9.072500704546844,3,200,0.015,0.005114237753504754,0.043165729115389295
273,287,4.533292019191291,1,25,0.04,0.007096233423382075,0.1954406391161776
273,1641,6.8019407941036,0,25,0.0,0.0,0.13319225276039096
273,2317,7.93458966547784,0,25,0.0,0.0,0.13319225276039096
273,2656,8.502589617246874,2,25,0.08,0.022220401084126245,0.24966109123460217
273,2825,8.785751835090434,0,25,0.0,0.0,0.13319225276039096
273,2909,8.926495185971257,0,25,0.0,0.0,0.13319225276039096
273,2931,8.963356539773377,1,25,0.04,0.007096233423382075,0.1954406391161776
273,2932,8.965032055855293,1,100,0.01,0.001767432044609646,0.0544861967490067
273,2933,8.966707571937206,1,100,0.01,0.001767432044609646,0.0544861967490067
273,2934,8.96838308801912,1,100,0.01,0.001767432044609646,0.0544861967490067
273,2935,8.970058604101036,1,100,0.01,0.001767432044609646,0.0544861967490067
273,2936,8.971734120182951,1,100,0.01,0.001767432044609646,0.0544861967490067
273,2937,8.973409636264865,1,100,0.01,0.001767432044609646,0.0544861967490067
273,2938,8.975085152346779,3,100,0.03,0.010254523944281514,0.08451936489857498
273,2939,8.976760668428694,3,100,0.03,0.010254523944281514,0.08451936489857498
273,2940,8.97843618451061,4,200,0.02,0.007804426362159347,0.05028708724004506
273,2972,9.032052699131874,6,200,0.03,0.013820314259191425,0.06389429280963374
273,2980,9.045456827787191,3,200,0.015,0.005114237753504754,0.043165729115389295
273,2988,9.058860956442508,8,200,0.04,0.0204056319610195,0.0769320685744264
273,2996,9.072265085097824,3,200,0.015,0.005114237753504754,0.043165729115389295
274,279,4.534731915824186,1,25,0.04,0.007096233423382075,0.1954406391161776
274,1632,6.801705174654581,0,25,0.0,0.0,0.13319225276039096
274,2308,7.934354046028821,0,25,0.0,0.0,0.13319225276039096
274,2647,8.502353997797854,2,25,0.08,0.022220401084126245,0.24966109123460217
274,2816,8.785516215641415,0,25,0.0,0.0,0.13319225276039096
274,2901,8.927935082604153,0,25,0.0,0.0,0.13319225276039096
274,2922,8.963120920324357,1,25,0.04,0.007096233423382075,0.1954406391161776
274,2924,8.966471952488188,1,100,0.01,0.001767432044609646,0.0544861967490067
274,2925,8.968147468570102,1,100,0.01,0.001767432044609646,0.0544861967490067
274,2926,8.969822984652016,1,100,0.01,0.001767432044609646,0.0544861967490067
274,2927,8.971498500733931,4,100,0.04,0.01566330388275538,0.09837071498472119
274,2928,8.973174016815847,3,100,0.03,0.010254523944281514,0.08451936489857498
274,2929,8.97484953289776,1,100,0.01,0.001767432044609646,0.0544861967490067
274,2930,8.976525048979674,3,100,0.03,0.010254523944281514,0.08451936489857498
274,2931,8.978200565061588,1,100,0.01,0.001767432044609646,0.0544861967490067
274,2932,8.979876081143503,2,200,0.01,0.0027466581088489593,0.035721762026734716
274,2964,9.03349259576477,6,200,0.03,0.013820314259191425,0.06389429280963374
274,2972,9.046896724420087,3,200,0.015,0.005114237753504754,0.043165729115389295
274,2980,9.060300853075402,8,200,0.04,0.0204056319610195,0.0769320685744264
274,2988,9.07370498173072,3,200,0.015,0.005114237753504754,0.043165729115389295
275,270,4.534496296375168,1,25,0.04,0.007096233423382075,0.1954406391161776
275,1623,6.801469555205562,0,25,0.0,0.0,0.13319225276039096
275,2300,7.935793942661716,0,25,0.0,0.0,0.13319225276039096
275,2638,8.502118378348836,2,25,0.08,0.022220401084126245,0.24966109123460217
275,2807,8.785280596192397,0,25,0.0,0.0,0.13319225276039096
275,2892,8.927699463155134,0,25,0.0,0.0,0.13319225276039096
275,2913,8.962885300875339,1,25,0.04,0.007096233423382075,0.1954406391161776
275,2915,8.96623633303917,1,100,0.01,0.001767432044609646,0.0544861967490067
275,2916,8.967911849121084,1,100,0.01,0.001767432044609646,0.0544861967490067
275,2917,8.969587365202997,1,100,0.01,0.001767432044609646,0.0544861967490067
275,2918,8.971262881284911,4,100,0.04,0.01566330388275538,0.09837071498472119
275,2919,8.972938397366827,3,100,0.03,0.010254523944281514,0.08451936489857498
275,2920,8.974613913448742,1,100,0.01,0.001767432044609646,0.0544861967490067
275,2921,8.976289429530656,3,100,0.03,0.010254523944281514,0.08451936489857498
275,2922,8.97796494561257,1,100,0.01,0.001767432044609646,0.0544861967490067
275,2923,8.979640461694485,2,200,0.01,0.0027466581088489593,0.035721762026734716
275,2955,9.033256976315752,6,200,0.03,0.013820314259191425,0.06389429280963374
275,2963,9.046661104971069,3,200,0.015,0.005114237753504754,0.043165729115389295
275,2971,9.060065233626384,8,200,0.04,0.0204056319610195,0.0769320685744264
275,2979,9.073469362281699,3,200,0.015,0.005114237753504754,0.043165729115389295
276,261,4.534260676926148,1,25,0.04,0.007096233423382075,0.1954406391161776
276,1614,6.801233935756542,0,25,0.0,0.0,0.13319225276039096
276,2291,7.935558323212698,0,25,0.0,0.0,0.13319225276039096
276,2629,8.501882758899818,2,25,0.08,0.022220401084126245,0.24966109123460217
276,2798,8.785044976743377,0,25,0.0,0.0,0.13319225276039096
276,2883,8.927463843706114,0,25,0.0,0.0,0.13319225276039096
276,2904,8.96264968142632,1,25,0.04,0.007096233423382075,0.1954406391161776
276,2906,8.966000713590148,1,100,0.01,0.001767432044609646,0.0544861967490067
276,2907,8.967676229672064,1,100,0.01,0.001767432044609646,0.0544861967490067
276,2908,8.969351745753979,1,100,0.01,0.001767432044609646,0.0544861967490067
276,2909,8.971027261835893,4,100,0.04,0.01566330388275538,0.09837071498472119
276,2910,8.972702777917807,3,100,0.03,0.010254523944281514,0.08451936489857498
276,2911,8.974378293999722,1,100,0.01,0.001767432044609646,0.0544861967490067
276,2912,8.976053810081638,3,100,0.03,0.010254523944281514,0.08451936489857498
276,2913,8.977729326163551,1,100,0.01,0.001767432044609646,0.0544861967490067
276,2914,8.979404842245465,2,200,0.01,0.0027466581088489593,0.035721762026734716
276,2946,9.033021356866731,6,200,0.03,0.013820314259191425,0.06389429280963374
276,2954,9.046425485522049,3,200,0.015,0.005114237753504754,0.043165729115389295
276,2962,9.059829614177364,8,200,0.04,0.0204056319610195,0.0769320685744264
276,2970,9.07323374283268,4,200,0.02,0.007804426362159347,0.05028708724004506
277,252,4.534025057477129,1,25,0.04,0.007096233423382075,0.1954406391161776
277,1605,6.800998316307523,0,25,0.0,0.0,0.13319225276039096
277,2282,7.935322703763678,0,25,0.0,0.0,0.13319225276039096
277,2620,8.501647139450798,2,25,0.08,0.022220401084126245,0.24966109123460217
277,2789,8.784809357294357,0,25,0.0,0.0,0.13319225276039096
277,2874,8.927228224257096,0,25,0.0,0.0,0.13319225276039096
277,2895,8.9624140619773,1,25,0.04,0.007096233423382075,0.1954406391161776
277,2897,8.96576509414113,1,100,0.01,0.001767432044609646,0.0544861967490067
277,2898,8.967440610223044,1,100,0.01,0.001767432044609646,0.0544861967490067
277,2899,8.969116126304959,1,100,0.01,0.001767432044609646,0.0544861967490067
277,2900,8.970791642386875,5,100,0.05,0.021543679017992166,0.1117504698741045
277,2901,8.972467158468788,4,100,0.04,0.01566330388275538,0.09837071498472119
277,2902,8.974142674550702,1,100,0.01,0.001767432044609646,0.0544861967490067
277,2903,8.975818190632618,3,100,0.03,0.010254523944281514,0.08451936489857498
277,2904,8.977493706714533,1,100,0.01,0.001767432044609646,0.0544861967490067
277,2905,8.979169222796447,2,200,0.01,0.0027466581088489593,0.035721762026734716
277,2937,9.032785737417711,6,200,0.03,0.013820314259191425,0.06389429280963374
277,2945,9.046189866073028,3,200,0.015,0.005114237753504754,0.043165729115389295
277,2953,9.059593994728345,8,200,0.04,0.0204056319610195,0.0769320685744264
277,2961,9.072998123383663,4,200,0.02,0.007804426362159347,0.05028708724004506
278,243,4.533789438028109,1,25,0.04,0.007096233423382075,0.1954406391161776
278,1596,6.800762696858504,0,25,0.0,0.0,0.13319225276039096
278,2273,7.935087084314659,0,25,0.0,0.0,0.13319225276039096
278,2611,8.501411520001778,2,25,0.08,0.022220401084126245,0.24966109123460217
278,2781,8.786249253927252,0,25,0.0,0.0,0.13319225276039096
278,2865,8.926992604808076,0,25,0.0,0.0,0.13319225276039096
278,2886,8.96217844252828,1,25,0.04,0.007096233423382075,0.1954406391161776
278,2888,8.965529474692111,1,100,0.01,0.001767432044609646,0.0544861967490067
278,2889,8.967204990774025,1,100,0.01,0.001767432044609646,0.0544861967490067
278,2890,8.968880506855939,1,100,0.01,0.001767432044609646,0.0544861967490067
278,2891,8.970556022937854,1,100,0.01,0.001767432044609646,0.0544861967490067
278,2892,8.97223153901977,1,100,0.01,0.001767432044609646,0.0544861967490067
278,2893,8.973907055101684,1,100,0.01,0.001767432044609646,0.0544861967490067
278,2894,8.975582571183597,3,100,0.03,0.010254523944281514,0.08451936489857498
278,2895,8.977258087265511,1,100,0.01,0.001767432044609646,0.0544861967490067
278,2896,8.978933603347427,2,200,0.01,0.0027466581088489593,0.035721762026734716
278,2928,9.032550117968693,6,200,0.03,0.013820314259191425,0.06389429280963374
278,2936,9.04595424662401,3,200,0.015,0.005114237753504754,0.043165729115389295
278,2944,9.059358375279325,8,200,0.04,0.0204056319610195,0.0769320685744264
278,2952,9.072762503934642,4,200,0.02,0.007804426362159347,0.05028708724004506
279,234,4.53355381857909,1,25,0.04,0.007096233423382075,0.1954406391161776
279,1588,6.802202593491399,0,25,0.0,0.0,0.13319225276039096
279,2264,7.934851464865639,0,25,0.0,0.0,0.13319225276039096
279,2602,8.50117590055276,2,25,0.08,0.022220401084126245,0.24966109123460217
279,2772,8.786013634478234,0,25,0.0,0.0,0.13319225276039096
279,2856,8.926756985359056,0,25,0.0,0.0,0.13319225276039096
279,2877,8.961942823079262,1,25,0.04,0.007096233423382075,0.1954406391161776
279,2879,8.965293855243091,1,100,0.01,0.001767432044609646,0.0544861967490067
279,2880,8.966969371325007,1,100,0.01,0.001767432044609646,0.0544861967490067
279,2881,8.96864488740692,1,100,0.01,0.001767432044609646,0.0544861967490067
279,2882,8.970320403488834,1,100,0.01,0.001767432044609646,0.0544861967490067
279,2883,8.971995919570748,1,100,0.01,0.001767432044609646,0.0544861967490067
279,2884,8.973671435652664,1,100,0.01,0.001767432044609646,0.0544861967490067
279,2885,8.97534695173458,3,100,0.03,0.010254523944281514,0.08451936489857498
279,2886,8.977022467816493,3,100,0.03,0.010254523944281514,0.08451936489857498
279,2887,8.978697983898407,5,200,0.025,0.010724719583860124,0.05717834075165468
279,2919,9.032314498519673,6,200,0.03,0.013820314259191425,0.06389429280963374
279,2927,9.04571862717499,3,200,0.015,0.005114237753504754,0.043165729115389295
279,2935,9.059122755830305,8,200,0.04,0.0204056319610195,0.0769320685744264
279,2943,9.072526884485622,4,200,0.02,0.007804426362159347,0.05028708724004506
280,225,4.53331819913007,1,25,0.04,0.007096233423382075,0.1954406391161776
280,1579,6.801966974042379,0,25,0.0,0.0,0.13319225276039096
280,2255,7.934615845416619,0,25,0.0,0.0,0.13319225276039096
280,2594,8.502615797185655,2,25,0.08,0.022220401084126245,0.24966109123460217
280,2763,8.785778015029214,0,25,0.0,0.0,0.13319225276039096
280,2847,8.926521365910038,0,25,0.0,0.0,0.13319225276039096
280,2869,8.963382719712158,1,25,0.04,0.007096233423382075,0.1954406391161776
280,2870,8.965058235794071,1,100,0.01,0.001767432044609646,0.0544861967490067
280,2871,8.966733751875985,1,100,0.01,0.001767432044609646,0.0544861967490067
280,2872,8.9684092679579,1,100,0.01,0.001767432044609646,0.0544861967490067
280,2873,8.970084784039816,1,100,0.01,0.001767432044609646,0.0544861967490067
280,2874,8.97176030012173,1,100,0.01,0.001767432044609646,0.0544861967490067
280,2875,8.973435816203644,1,100,0.01,0.001767432044609646,0.0544861967490067
280,2876,8.97511133228556,3,100,0.03,0.010254523944281514,0.08451936489857498
280,2877,8.976786848367475,3,100,0.03,0.010254523944281514,0.08451936489857498
280,2878,8.978462364449388,5,200,0.025,0.010724719583860124,0.05717834075165468
280,2910,9.032078879070653,6,200,0.03,0.013820314259191425,0.06389429280963374
280,2918,9.04548300772597,3,200,0.015,0.005114237753504754,0.043165729115389295
280,2926,9.058887136381287,8,200,0.04,0.0204056319610195,0.0769320685744264
280,2934,9.072291265036604,4,200,0.02,0.007804426362159347,0.05028708724004506
281,217,4.5347580957629665,1,25,0.04,0.007096233423382075,0.1954406391161776
281,1570,6.801731354593361,0,25,0.0,0.0,0.13319225276039096
281,2246,7.934380225967601,0,25,0.0,0.0,0.13319225276039096
281,2585,8.502380177736637,3,25,0.12,0.04166817117905038,0.29955794091884674
281,2754,8.785542395580196,0,25,0.0,0.0,0.13319225276039096
281,2839,8.927961262542933,0,25,0.0,0.0,0.13319225276039096
281,2860,8.96314710026314,1,25,0.04,0.007096233423382075,0.1954406391161776
281,2862,8.966498132426967,1,100,0.01,0.001767432044609646,0.0544861967490067
281,2863,8.968173648508882,1,100,0.01,0.001767432044609646,0.0544861967490067
281,2864,8.969849164590798,1,100,0.01,0.001767432044609646,0.0544861967490067
281,2865,8.971524680672712,5,100,0.05,0.021543679017992166,0.1117504698741045
281,2866,8.973200196754625,4,100,0.04,0.01566330388275538,0.09837071498472119
281,2867,8.97487571283654,1,100,0.01,0.001767432044609646,0.0544861967490067
281,2868,8.976551228918456,3,100,0.03,0.010254523944281514,0.08451936489857498
281,2869,8.97822674500037,1,100,0.01,0.001767432044609646,0.0544861967490067
281,2870,8.979902261082284,2,200,0.01,0.0027466581088489593,0.035721762026734716
281,2902,9.03351877570355,6,200,0.03,0.013820314259191425,0.06389429280963374
281,2910,9.046922904358865,3,200,0.015,0.005114237753504754,0.043165729115389295
281,2918,9.060327033014183,8,200,0.04,0.0204056319610195,0.0769320685744264
281,2926,9.0737311616695,5,200,0.025,0.010724719583860124,0.05717834075165468
282,208,4.534522476313947,1,25,0.04,0.007096233423382075,0.1954406391161776
282,1561,6.801495735144342,0,25,0.0,0.0,0.13319225276039096
282,2238,7.9358201226004965,0,25,0.0,0.0,0.13319225276039096
282,2576,8.502144558287617,3,25,0.12,0.04166817117905038,0.29955794091884674
282,2745,8.785306776131176,0,25,0.0,0.0,0.13319225276039096
282,2830,8.927725643093915,0,25,0.0,0.0,0.13319225276039096
282,2851,8.96291148081412,1,25,0.04,0.007096233423382075,0.1954406391161776
282,2853,8.966262512977949,1,100,0.01,0.001767432044609646,0.0544861967490067
282,2854,8.967938029059862,1,100,0.01,0.001767432044609646,0.0544861967490067
282,2855,8.969613545141778,1,100,0.01,0.001767432044609646,0.0544861967490067
282,2856,8.971289061223693,5,100,0.05,0.021543679017992166,0.1117504698741045
282,2857,8.972964577305607,4,100,0.04,0.01566330388275538,0.09837071498472119
282,2858,8.97464009338752,1,100,0.01,0.001767432044609646,0.0544861967490067
282,2859,8.976315609469435,3,100,0.03,0.010254523944281514,0.08451936489857498
282,2860,8.97799112555135,1,100,0.01,0.001767432044609646,0.0544861967490067
282,2861,8.979666641633266,2,200,0.01,0.0027466581088489593,0.035721762026734716
282,2893,9.03328315625453,6,200,0.03,0.013820314259191425,0.06389429280963374
282,2901,9.046687284909847,3,200,0.015,0.005114237753504754,0.043165729115389295
282,2909,9.060091413565164,8,200,0.04,0.0204056319610195,0.0769320685744264
282,2917,9.073495542220481,5,200,0.025,0.010724719583860124,0.05717834075165468
283,199,4.534286856864927,1,25,0.04,0.007096233423382075,0.1954406391161776
283,1552,6.801260115695323,0,25,0.0,0.0,0.13319225276039096
283,2229,7.9355845031514765,0,25,0.0,0.0,0.13319225276039096
283,2567,8.501908938838596,3,25,0.12,0.04166817117905038,0.29955794091884674
283,2736,8.785071156682157,0,25,0.0,0.0,0.13319225276039096
283,2821,8.927490023644895,0,25,0.0,0.0,0.13319225276039096
283,2842,8.9626758613651,1,25,0.04,0.007096233423382075,0.1954406391161776
283,2844,8.96602689352893,1,100,0.01,0.001767432044609646,0.0544861967490067
283,2845,8.967702409610844,1,100,0.01,0.001767432044609646,0.0544861967490067
283,2846,8.969377925692758,1,100,0.01,0.001767432044609646,0.0544861967490067
283,2847,8.971053441774671,5,100,0.05,0.021543679017992166,0.1117504698741045
283,2848,8.972728957856587,4,100,0.04,0.01566330388275538,0.09837071498472119
283,2849,8.974404473938502,1,100,0.01,0.001767432044609646,0.0544861967490067
283,2850,8.976079990020416,3,100,0.03,0.010254523944281514,0.08451936489857498
283,2851,8.97775550610233,1,100,0.01,0.001767432044609646,0.0544861967490067
283,2852,8.979431022184245,2,200,0.01,0.0027466581088489593,0.035721762026734716
283,2884,9.033047536805512,6,200,0.03,0.013820314259191425,0.06389429280963374
283,2892,9.046451665460829,3,200,0.015,0.005114237753504754,0.043165729115389295
283,2900,9.059855794116144,8,200,0.04,0.0204056319610195,0.0769320685744264
283,2908,9.07325992277146,5,200,0.025,0.010724719583860124,0.05717834075165468
284,190,4.534051237415908,1,25,0.04,0.007096233423382075,0.1954406391161776
284,1543,6.801024496246303,0,25,0.0,0.0,0.13319225276039096
284,2220,7.935348883702458,0,25,0.0,0.0,0.13319225276039096
284,2558,8.501673319389578,3,25,0.12,0.04166817117905038,0.29955794091884674
284,2727,8.784835537233137,0,25,0.0,0.0,0.13319225276039096
284,2812,8.927254404195875,0,25,0.0,0.0,0.13319225276039096
284,2833,8.962440241916081,1,25,0.04,0.007096233423382075,0.1954406391161776
284,2835,8.965791274079908,1,100,0.01,0.001767432044609646,0.0544861967490067
284,2836,8.967466790161824,1,100,0.01,0.001767432044609646,0.0544861967490067
284,2837,8.96914230624374,1,100,0.01,0.001767432044609646,0.0544861967490067
284,2838,8.970817822325653,5,100,0.05,0.021543679017992166,0.1117504698741045
284,2839,8.972493338407567,4,100,0.04,0.01566330388275538,0.09837071498472119
284,2840,8.974168854489482,1,100,0.01,0.001767432044609646,0.0544861967490067
284,2841,8.975844370571398,3,100,0.03,0.010254523944281514,0.08451936489857498
284,2842,8.977519886653312,1,100,0.01,0.001767432044609646,0.0544861967490067
284,2843,8.979195402735225,2,200,0.01,0.0027466581088489593,0.035721762026734716
284,2875,9.032811917356492,6,200,0.03,0.013820314259191425,0.06389429280963374
284,2883,9.046216046011807,3,200,0.015,0.005114237753504754,0.043165729115389295
284,2891,9.059620174667124,8,200,0.04,0.0204056319610195,0.0769320685744264
284,2899,9.073024303322441,5,200,0.025,0.010724719583860124,0.05717834075165468
285,181,4.533815617966889,1,25,0.04,0.007096233423382075,0.1954406391161776
285,1534,6.8007888767972835,0,25,0.0,0.0,0.13319225276039096
285,2211,7.935113264253438,0,25,0.0,0.0,0.13319225276039096
285,2549,8.501437699940558,0,25,0.0,0.0,0.13319225276039096
285,2718,8.784599917784117,0,25,0.0,0.0,0.13319225276039096
285,2803,8.927018784746856,0,25,0.0,0.0,0.13319225276039096
285,2824,8.96220462246706,1,25,0.04,0.007096233423382075,0.1954406391161776
285,2826,8.96555565463089,1,100,0.01,0.001767432044609646,0.0544861967490067
285,2827,8.967231170712804,1,100,0.01,0.001767432044609646,0.0544861967490067
285,2828,8.96890668679472,1,100,0.01,0.001767432044609646,0.0544861967490067
285,2829,8.970582202876635,1,100,0.01,0.001767432044609646,0.0544861967490067
285,2830,8.972257718958549,1,100,0.01,0.001767432044609646,0.0544861967490067
285,2831,8.973933235040462,1,100,0.01,0.001767432044609646,0.0544861967490067
285,2832,8.975608751122378,3,100,0.03,0.010254523944281514,0.08451936489857498
285,2833,8.977284267204293,1,100,0.01,0.001767432044609646,0.0544861967490067
285,2834,8.978959783286207,2,200,0.01,0.0027466581088489593,0.035721762026734716
285,2866,9.032576297907472,6,200,0.03,0.013820314259191425,0.06389429280963374
285,2874,9.045980426562789,3,200,0.015,0.005114237753504754,0.043165729115389295
285,2882,9.059384555218106,8,200,0.04,0.0204056319610195,0.0769320685744264
285,2890,9.072788683873423,5,200,0.025,0.010724719583860124,0.05717834075165468
286,172,4.533579998517871,1,25,0.04,0.007096233423382075,0.1954406391161776
286,1526,6.80222877343018,0,25,0.0,0.0,0.13319225276039096
286,2202,7.93487764480442,0,25,0.0,0.0,0.13319225276039096
286,2540,8.50120208049154,0,25,0.0,0.0,0.13319225276039096
286,2710,8.786039814417014,0,25,0.0,0.0,0.13319225276039096
286,2794,8.926783165297838,0,25,0.0,0.0,0.13319225276039096
286,2815,8.961969003018043,1,25,0.04,0.007096233423382075,0.1954406391161776
286,2817,8.965320035181872,1,100,0.01,0.001767432044609646,0.0544861967490067
286,2818,8.966995551263786,1,100,0.01,0.001767432044609646,0.0544861967490067
286,2819,8.968671067345701,1,100,0.01,0.001767432044609646,0.0544861967490067
286,2820,8.970346583427617,1,100,0.01,0.001767432044609646,0.0544861967490067
286,2821,8.97202209950953,1,100,0.01,0.001767432044609646,0.0544861967490067
286,2822,8.973697615591444,1,100,0.01,0.001767432044609646,0.0544861967490067
286,2823,8.975373131673358,3,100,0.03,0.010254523944281514,0.08451936489857498
286,2824,8.977048647755273,3,100,0.03,0.010254523944281514,0.08451936489857498
286,2825,8.978724163837189,5,200,0.025,0.010724719583860124,0.05717834075165468
286,2857,9.032340678458453,6,200,0.03,0.013820314259191425,0.06389429280963374
286,2865,9.04574480711377,3,200,0.015,0.005114237753504754,0.043165729115389295
286,2873,9.059148935769088,8,200,0.04,0.0204056319610195,0.0769320685744264
286,2881,9.072553064424405,5,200,0.025,0.010724719583860124,0.05717834075165468
287,163,4.533344379068851,1,25,0.04,0.007096233423382075,0.1954406391161776
287,1517,6.80199315398116,1,25,0.04,0.007096233423382075,0.1954406391161776
287,2193,7.9346420253554,0,25,0.0,0.0,0.13319225276039096
287,2532,8.502641977124433,0,25,0.0,0.0,0.13319225276039096
287,2701,8.785804194967994,0,25,0.0,0.0,0.13319225276039096
287,2785,8.926547545848818,0,25,0.0,0.0,0.13319225276039096
287,2807,8.963408899650938,1,25,0.04,0.007096233423382075,0.1954406391161776
287,2808,8.965084415732854,1,100,0.01,0.001767432044609646,0.0544861967490067
287,2809,8.966759931814767,1,100,0.01,0.001767432044609646,0.0544861967490067
287,2810,8.968435447896681,1,100,0.01,0.001767432044609646,0.0544861967490067
287,2811,8.970110963978595,1,100,0.01,0.001767432044609646,0.0544861967490067
287,2812,8.97178648006051,1,100,0.01,0.001767432044609646,0.0544861967490067
287,2813,8.973461996142426,1,100,0.01,0.001767432044609646,0.0544861967490067
287,2814,8.97513751222434,3,100,0.03,0.010254523944281514,0.08451936489857498
287,2815,8.976813028306253,3,100,0.03,0.010254523944281514,0.08451936489857498
287,2816,8.978488544388169,5,200,0.025,0.010724719583860124,0.05717834075165468
287,2848,9.032105059009435,6,200,0.03,0.013820314259191425,0.06389429280963374
287,2856,9.045509187664752,3,200,0.015,0.005114237753504754,0.043165729115389295
287,2864,9.058913316320067,8,200,0.04,0.0204056319610195,0.0769320685744264
287,2872,9.072317444975383,5,200,0.025,0.010724719583860124,0.05717834075165468
288,155,4.534784275701746,1,25,0.04,0.007096233423382075,0.1954406391161776
288,1508,6.801757534532141,1,25,0.04,0.007096233423382075,0.1954406391161776
288,2184,7.934406405906381,0,25,0.0,0.0,0.13319225276039096
288,2523,8.502406357675415,0,25,0.0,0.0,0.13319225276039096
288,2692,8.785568575518976,0,25,0.0,0.0,0.13319225276039096
288,2776,8.926311926399798,0,25,0.0,0.0,0.13319225276039096
288,2798,8.963173280201918,1,25,0.04,0.007096233423382075,0.1954406391161776
288,2800,8.966524312365747,1,100,0.01,0.001767432044609646,0.0544861967490067
288,2801,8.968199828447663,1,100,0.01,0.001767432044609646,0.0544861967490067
288,2802,8.969875344529576,1,100,0.01,0.001767432044609646,0.0544861967490067
288,2803,8.97155086061149,5,100,0.05,0.021543679017992166,0.1117504698741045
288,2804,8.973226376693406,4,100,0.04,0.01566330388275538,0.09837071498472119
288,2805,8.974901892775321,1,100,0.01,0.001767432044609646,0.0544861967490067
288,2806,8.976577408857235,3,100,0.03,0.010254523944281514,0.08451936489857498
288,2807,8.978252924939149,1,100,0.01,0.001767432044609646,0.0544861967490067
288,2808,8.979928441021064,2,200,0.01,0.0027466581088489593,0.035721762026734716
288,2840,9.03354495564233,6,200,0.03,0.013820314259191425,0.06389429280963374
288,2848,9.046949084297646,4,200,0.02,0.007804426362159347,0.05028708724004506
288,2856,9.060353212952963,8,200,0.04,0.0204056319610195,0.0769320685744264
288,2864,9.073757341608278,5,200,0.025,0.010724719583860124,0.05717834075165468
289,146,4.534548656252727,1,25,0.04,0.007096233423382075,0.1954406391161776
289,1499,6.801521915083121,1,25,0.04,0.007096233423382075,0.1954406391161776
289,2176,7.935846302539276,0,25,0.0,0.0,0.13319225276039096
289,2514,8.502170738226397,0,25,0.0,0.0,0.13319225276039096
289,2683,8.785332956069956,0,25,0.0,0.0,0.13319225276039096
289,2768,8.927751823032693,0,25,0.0,0.0,0.13319225276039096
289,2789,8.9629376607529,1,25,0.04,0.007096233423382075,0.1954406391161776
289,2791,8.966288692916727,1,100,0.01,0.001767432044609646,0.0544861967490067
289,2792,8.967964208998643,1,100,0.01,0.001767432044609646,0.0544861967490067
289,2793,8.969639725080558,1,100,0.01,0.001767432044609646,0.0544861967490067
289,2794,8.971315241162472,5,100,0.05,0.021543679017992166,0.1117504698741045
289,2795,8.972990757244386,4,100,0.04,0.01566330388275538,0.09837071498472119
289,2796,8.974666273326301,1,100,0.01,0.001767432044609646,0.0544861967490067
289,2797,8.976341789408217,3,100,0.03,0.010254523944281514,0.08451936489857498
289,2798,8.97801730549013,1,100,0.01,0.001767432044609646,0.0544861967490067
289,2799,8.979692821572044,2,200,0.01,0.0027466581088489593,0.035721762026734716
289,2831,9.03330933619331,6,200,0.03,0.013820314259191425,0.06389429280963374
289,2839,9.046713464848626,5,200,0.025,0.010724719583860124,0.05717834075165468
289,2847,9.060117593503943,8,200,0.04,0.0204056319610195,0.0769320685744264
289,2855,9.07352172215926,5,200,0.025,0.010724719583860124,0.05717834075165468
290,137,4.534313036803708,1,25,0.04,0.007096233423382075,0.1954406391161776
290,1490,6.801286295634101,1,25,0.04,0.007096233423382075,0.1954406391161776
290,2167,7.935610683090257,0,25,0.0,0.0,0.13319225276039096
290,2505,8.501935118777377,0,25,0.0,0.0,0.13319225276039096
290,2674,8.785097336620936,0,25,0.0,0.0,0.13319225276039096
290,2759,8.927516203583675,0,25,0.0,0.0,0.13319225276039096
290,2780,8.96270204130388,1,25,0.04,0.007096233423382075,0.1954406391161776
290,2782,8.966053073467709,1,100,0.01,0.001767432044609646,0.0544861967490067
290,2783,8.967728589549623,1,100,0.01,0.001767432044609646,0.0544861967490067
290,2784,8.969404105631538,1,100,0.01,0.001767432044609646,0.0544861967490067
290,2785,8.971079621713454,5,100,0.05,0.021543679017992166,0.1117504698741045
290,2786,8.972755137795367,4,100,0.04,0.01566330388275538,0.09837071498472119
290,2787,8.974430653877281,1,100,0.01,0.001767432044609646,0.0544861967490067
290,2788,8.976106169959195,3,100,0.03,0.010254523944281514,0.08451936489857498
290,2789,8.97778168604111,1,100,0.01,0.001767432044609646,0.0544861967490067
290,2790,8.979457202123026,2,200,0.01,0.0027466581088489593,0.035721762026734716
290,2822,9.03307371674429,7,200,0.035,0.01705554191525804,0.0704706118868775
290,2830,9.046477845399608,5,200,0.025,0.010724719583860124,0.05717834075165468
290,2838,9.059881974054925,9,200,0.045,0.02385254288504434,0.08329670438371192
290,2846,9.07328610271024,5,200,0.025,0.010724719583860124,0.05717834075165468
291,128,4.5340774173546885,1,25,0.04,0.007096233423382075,0.1954406391161776
291,1481,6.801050676185083,1,25,0.04,0.007096233423382075,0.1954406391161776
291,2158,7.935375063641239,0,25,0.0,0.0,0.13319225276039096
291,2496,8.501699499328357,0,25,0.0,0.0,0.13319225276039096
291,2665,8.784861717171918,0,25,0.0,0.0,0.13319225276039096
291,2750,8.927280584134655,0,25,0.0,0.0,0.13319225276039096
291,2771,8.962466421854861,1,25,0.04,0.007096233423382075,0.1954406391161776
291,2773,8.96581745401869,1,100,0.01,0.001767432044609646,0.0544861967490067
291,2774,8.967492970100604,1,100,0.01,0.001767432044609646,0.0544861967490067
291,2775,8.969168486182518,1,100,0.01,0.001767432044609646,0.0544861967490067
291,2776,8.970844002264434,5,100,0.05,0.021543679017992166,0.1117504698741045
291,2777,8.972519518346349,4,100,0.04,0.01566330388275538,0.09837071498472119
291,2778,8.974195034428263,1,100,0.01,0.001767432044609646,0.0544861967490067
291,2779,8.975870550510177,3,100,0.03,0.010254523944281514,0.08451936489857498
291,2780,8.977546066592092,1,100,0.01,0.001767432044609646,0.0544861967490067
291,2781,8.979221582674008,2,200,0.01,0.0027466581088489593,0.035721762026734716
291,2813,9.032838097295272,7,200,0.035,0.01705554191525804,0.0704706118868775
291,2821,9.04624222595059,5,200,0.025,0.010724719583860124,0.05717834075165468
291,2829,9.059646354605906,9,200,0.045,0.02385254288504434,0.08329670438371192
291,2837,9.073050483261222,5,200,0.025,0.010724719583860124,0.05717834075165468
292,119,4.533841797905669,1,25,0.04,0.007096233423382075,0.1954406391161776
292,1472,6.800815056736064,1,25,0.04,0.007096233423382075,0.1954406391161776
292,2149,7.9351394441922185,0,25,0.0,0.0,0.13319225276039096
292,2487,8.501463879879338,0,25,0.0,0.0,0.13319225276039096
292,2656,8.7846260977229,0,25,0.0,0.0,0.13319225276039096
292,2741,8.927044964685635,0,25,0.0,0.0,0.13319225276039096
292,2762,8.962230802405841,1,25,0.04,0.007096233423382075,0.1954406391161776
292,2764,8.96558183456967,1,100,0.01,0.001767432044609646,0.0544861967490067
292,2765,8.967257350651586,1,100,0.01,0.001767432044609646,0.0544861967490067
292,2766,8.9689328667335,1,100,0.01,0.001767432044609646,0.0544861967490067
292,2767,8.970608382815414,5,100,0.05,0.021543679017992166,0.1117504698741045
292,2768,8.972283898897329,4,100,0.04,0.01566330388275538,0.09837071498472119
292,2769,8.973959414979245,1,100,0.01,0.001767432044609646,0.0544861967490067
292,2770,8.975634931061158,3,100,0.03,0.010254523944281514,0.08451936489857498
292,2771,8.977310447143072,1,100,0.01,0.001767432044609646,0.0544861967490067
292,2772,8.978985963224988,2,200,0.01,0.0027466581088489593,0.035721762026734716
292,2804,9.032602477846254,7,200,0.035,0.01705554191525804,0.0704706118868775
292,2812,9.04600660650157,5,200,0.025,0.010724719583860124,0.05717834075165468
292,2820,9.059410735156886,9,200,0.045,0.02385254288504434,0.08329670438371192
292,2828,9.072814863812201,5,200,0.025,0.010724719583860124,0.05717834075165468
293,110,4.53360617845665,1,25,0.04,0.007096233423382075,0.1954406391161776
293,1464,6.802254953368959,1,25,0.04,0.007096233423382075,0.1954406391161776
293,2140,7.934903824743199,0,25,0.0,0.0,0.13319225276039096
293,2478,8.50122826043032,0,25,0.0,0.0,0.13319225276039096
293,2648,8.786065994355795,0,25,0.0,0.0,0.13319225276039096
293,2732,8.926809345236617,0,25,0.0,0.0,0.13319225276039096
293,2753,8.961995182956823,1,25,0.04,0.007096233423382075,0.1954406391161776
293,2755,8.96534621512065,1,100,0.01,0.001767432044609646,0.0544861967490067
293,2756,8.967021731202566,1,100,0.01,0.001767432044609646,0.0544861967490067
293,2757,8.968697247284481,1,100,0.01,0.001767432044609646,0.0544861967490067
293,2758,8.970372763366395,1,100,0.01,0.001767432044609646,0.0544861967490067
293,2759,8.972048279448309,1,100,0.01,0.001767432044609646,0.0544861967490067
293,2760,8.973723795530224,1,100,0.01,0.001767432044609646,0.0544861967490067
293,2761,8.975399311612138,3,100,0.03,0.010254523944281514,0.08451936489857498
293,2762,8.977074827694054,3,100,0.03,0.010254523944281514,0.08451936489857498
293,2763,8.978750343775967,7,200,0.035,0.01705554191525804,0.0704706118868775
293,2795,9.032366858397234,7,200,0.035,0.01705554191525804,0.0704706118868775
293,2803,9.04577098705255,5,200,0.025,0.010724719583860124,0.05717834075165468
293,2811,9.059175115707866,9,200,0.045,0.02385254288504434,0.08329670438371192
293,2819,9.072579244363183,5,200,0.025,0.010724719583860124,0.05717834075165468
294,101,4.533370559007631,1,25,0.04,0.007096233423382075,0.1954406391161776
294,1455,6.80201933391994,1,25,0.04,0.007096233423382075,0.1954406391161776
294,2131,7.93466820529418,1,25,0.04,0.007096233423382075,0.1954406391161776
294,2470,8.502668157063216,0,25,0.0,0.0,0.13319225276039096
294,2639,8.785830374906775,0,25,0.0,0.0,0.13319225276039096
294,2723,8.926573725787598,0,25,0.0,0.0,0.13319225276039096
294,2744,8.961759563507803,1,25,0.04,0.007096233423382075,0.1954406391161776
294,2746,8.965110595671632,1,100,0.01,0.001767432044609646,0.0544861967490067
294,2747,8.966786111753546,1,100,0.01,0.001767432044609646,0.0544861967490067
294,2748,8.968461627835461,1,100,0.01,0.001767432044609646,0.0544861967490067
294,2749,8.970137143917375,1,100,0.01,0.001767432044609646,0.0544861967490067
294,2750,8.97181265999929,1,100,0.01,0.001767432044609646,0.0544861967490067
294,2751,8.973488176081204,1,100,0.01,0.001767432044609646,0.0544861967490067
294,2752,8.975163692163118,3,100,0.03,0.010254523944281514,0.08451936489857498
294,2753,8.976839208245034,3,100,0.03,0.010254523944281514,0.08451936489857498
294,2754,8.97851472432695,7,200,0.035,0.01705554191525804,0.0704706118868775
294,2786,9.032131238948214,7,200,0.035,0.01705554191525804,0.0704706118868775
294,2794,9.04553536760353,5,200,0.025,0.010724719583860124,0.05717834075165468
294,2802,9.058939496258848,9,200,0.045,0.02385254288504434,0.08329670438371192
294,2810,9.072343624914163,5,200,0.025,0.010724719583860124,0.05717834075165468
295,93,4.5348104556405255,1,25,0.04,0.007096233423382075,0.1954406391161776
295,1446,6.80178371447092,1,25,0.04,0.007096233423382075,0.1954406391161776
295,2122,7.93443258584516,1,25,0.04,0.007096233423382075,0.1954406391161776
295,2461,8.502432537614194,0,25,0.0,0.0,0.13319225276039096
295,2630,8.785594755457755,0,25,0.0,0.0,0.13319225276039096
295,2714,8.926338106338576,0,25,0.0,0.0,0.13319225276039096
295,2736,8.963199460140698,1,25,0.04,0.007096233423382075,0.1954406391161776
295,2738,8.966550492304528,1,100,0.01,0.001767432044609646,0.0544861967490067
295,2739,8.968226008386441,1,100,0.01,0.001767432044609646,0.0544861967490067
295,2740,8.969901524468355,1,100,0.01,0.001767432044609646,0.0544861967490067
295,2741,8.97157704055027,5,100,0.05,0.021543679017992166,0.1117504698741045
295,2742,8.973252556632186,4,100,0.04,0.01566330388275538,0.09837071498472119
295,2743,8.9749280727141,1,100,0.01,0.001767432044609646,0.0544861967490067
295,2744,8.976603588796014,3,100,0.03,0.010254523944281514,0.08451936489857498
295,2745,8.97827910487793,1,100,0.01,0.001767432044609646,0.0544861967490067
295,2746,8.979954620959845,2,200,0.01,0.0027466581088489593,0.035721762026734716
295,2778,9.03357113558111,7,200,0.035,0.01705554191525804,0.0704706118868775
295,2786,9.046975264236426,5,200,0.025,0.010724719583860124,0.05717834075165468
295,2794,9.060379392891743,10,200,0.05,0.027382645473457017,0.08957814852860962
295,2802,9.073783521547059,5,200,0.025,0.010724719583860124,0.05717834075165468
296,84,4.534574836191507,1,25,0.04,0.007096233423382075,0.1954406391161776
296,1437,6.801548095021902,1,25,0.04,0.007096233423382075,0.1954406391161776
296,2114,7.935872482478056,1,25,0.04,0.007096233423382075,0.1954406391161776
296,2452,8.502196918165176,0,25,0.0,0.0,0.13319225276039096
296,2621,8.785359136008736,0,25,0.0,0.0,0.13319225276039096
296,2706,8.927778002971474,0,25,0.0,0.0,0.13319225276039096
296,2727,8.962963840691678,1,25,0.04,0.007096233423382075,0.1954406391161776
296,2729,8.96631487285551,1,100,0.01,0.001767432044609646,0.0544861967490067
296,2730,8.967990388937423,1,100,0.01,0.001767432044609646,0.0544861967490067
296,2731,8.969665905019337,1,100,0.01,0.001767432044609646,0.0544861967490067
296,2732,8.971341421101252,5,100,0.05,0.021543679017992166,0.1117504698741045
296,2733,8.973016937183168,4,100,0.04,0.01566330388275538,0.09837071498472119
296,2734,8.974692453265082,1,100,0.01,0.001767432044609646,0.0544861967490067
296,2735,8.976367969346995,3,100,0.03,0.010254523944281514,0.08451936489857498
296,2736,8.97804348542891,1,100,0.01,0.001767432044609646,0.0544861967490067
296,2737,8.979719001510825,2,200,0.01,0.0027466581088489593,0.035721762026734716
296,2769,9.033335516132091,7,200,0.035,0.01705554191525804,0.0704706118868775
296,2777,9.046739644787408,5,200,0.025,0.010724719583860124,0.05717834075165468
296,2785,9.060143773442725,10,200,0.05,0.027382645473457017,0.08957814852860962
296,2793,9.07354790209804,5,200,0.025,0.010724719583860124,0.05717834075165468
297,75,4.534339216742488,1,25,0.04,0.007096233423382075,0.1954406391161776
297,1428,6.801312475572883,1,25,0.04,0.007096233423382075,0.1954406391161776
297,2105,7.935636863029037,1,25,0.04,0.007096233423382075,0.1954406391161776
297,2443,8.501961298716157,0,25,0.0,0.0,0.13319225276039096
297,2612,8.785123516559718,0,25,0.0,0.0,0.13319225276039096
297,2697,8.927542383522454,0,25,0.0,0.0,0.13319225276039096
297,2718,8.96272822124266,1,25,0.04,0.007096233423382075,0.1954406391161776
297,2720,8.96607925340649,1,100,0.01,0.001767432044609646,0.0544861967490067
297,2721,8.967754769488405,1,100,0.01,0.001767432044609646,0.0544861967490067
297,2722,8.969430285570319,1,100,0.01,0.001767432044609646,0.0544861967490067
297,2723,8.971105801652232,5,100,0.05,0.021543679017992166,0.1117504698741045
297,2724,8.972781317734148,4,100,0.04,0.01566330388275538,0.09837071498472119
297,2725,8.974456833816062,1,100,0.01,0.001767432044609646,0.0544861967490067
297,2726,8.976132349897977,3,100,0.03,0.010254523944281514,0.08451936489857498
297,2727,8.97780786597989,1,100,0.01,0.001767432044609646,0.0544861967490067
297,2728,8.979483382061805,4,200,0.02,0.007804426362159347,0.05028708724004506
297,2760,9.033099896683073,7,200,0.035,0.01705554191525804,0.0704706118868775
297,2768,9.046504025338388,5,200,0.025,0.010724719583860124,0.05717834075165468
297,2776,9.059908153993703,10,200,0.05,0.027382645473457017,0.08957814852860962
297,2784,9.07331228264902,5,200,0.025,0.010724719583860124,0.05717834075165468
298,66,4.534103597293469,1,25,0.04,0.007096233423382075,0.1954406391161776
298,1419,6.8010768561238635,1,25,0.04,0.007096233423382075,0.1954406391161776
298,2096,7.935401243580017,1,25,0.04,0.007096233423382075,0.1954406391161776
298,2434,8.501725679267139,0,25,0.0,0.0,0.13319225276039096
298,2603,8.784887897110698,0,25,0.0,0.0,0.13319225276039096
298,2688,8.927306764073435,0,25,0.0,0.0,0.13319225276039096
298,2709,8.962492601793642,1,25,0.04,0.007096233423382075,0.1954406391161776
298,2711,8.96584363395747,2,100,0.02,0.005501967500661645,0.07001179131757478
298,2712,8.967519150039385,2,100,0.02,0.005501967500661645,0.07001179131757478
298,2713,8.969194666121298,2,100,0.02,0.005501967500661645,0.07001179131757478
298,2714,8.970870182203214,6,100,0.06,0.027786123800628153,0.12476815511608857
298,2715,8.972545698285128,5,100,0.05,0.021543679017992166,0.1117504698741045
298,2716,8.974221214367041,2,100,0.02,0.005501967500661645,0.07001179131757478
298,2717,8.975896730448957,3,100,0.03,0.010254523944281514,0.08451936489857498
298,2718,8.977572246530872,2,100,0.02,0.005501967500661645,0.07001179131757478
298,2719,8.979247762612786,4,200,0.02,0.007804426362159347,0.05028708724004506
298,2751,9.03286427723405,7,200,0.035,0.01705554191525804,0.0704706118868775
298,2759,9.046268405889368,5,200,0.025,0.010724719583860124,0.05717834075165468
298,2767,9.059672534544685,10,200,0.05,0.027382645473457017,0.08957814852860962
298,2775,9.073076663200002,5,200,0.025,0.010724719583860124,0.05717834075165468
299,57,4.533867977844449,1,25,0.04,0.007096233423382075,0.1954406391161776
299,1410,6.800841236674843,1,25,0.04,0.007096233423382075,0.1954406391161776
299,2087,7.935165624130999,1,25,0.04,0.007096233423382075,0.1954406391161776
299,2425,8.501490059818117,0,25,0.0,0.0,0.13319225276039096
299,2594,8.784652277661678,0,25,0.0,0.0,0.13319225276039096
299,2679,8.927071144624415,0,25,0.0,0.0,0.13319225276039096
299,2700,8.962256982344622,1,25,0.04,0.007096233423382075,0.1954406391161776
299,2702,8.965608014508451,2,100,0.02,0.005501967500661645,0.07001179131757478
299,2703,8.967283530590365,2,100,0.02,0.005501967500661645,0.07001179131757478
299,2704,8.968959046672278,2,100,0.02,0.005501967500661645,0.07001179131757478
299,2705,8.970634562754194,6,100,0.06,0.027786123800628153,0.12476815511608857
299,2706,8.97231007883611,5,100,0.05,0.021543679017992166,0.1117504698741045
299,2707,8.973985594918023,2,100,0.02,0.005501967500661645,0.07001179131757478
299,2708,8.975661110999937,3,100,0.03,0.010254523944281514,0.08451936489857498
299,2709,8.977336627081852,2,100,0.02,0.005501967500661645,0.07001179131757478
299,2710,8.979012143163768,4,200,0.02,0.007804426362159347,0.05028708724004506
299,2742,9.032628657785033,7,200,0.035,0.01705554191525804,0.0704706118868775
299,2750,9.04603278644035,5,200,0.025,0.010724719583860124,0.05717834075165468
299,2758,9.059436915095667,10,200,0.05,0.027382645473457017,0.08957814852860962
299,2766,9.072841043750982,5,200,0.025,0.010724719583860124,0.05717834075165468
300,48,4.53363235839543,1,25,0.04,0.007096233423382075,0.1954406391161776
300,1401,6.800605617225824,1,25,0.04,0.007096233423382075,0.1954406391161776
300,2078,7.934930004681979,1,25,0.04,0.007096233423382075,0.1954406391161776
300,2416,8.501254440369099,0,25,0.0,0.0,0.13319225276039096
300,2586,8.786092174294573,0,25,0.0,0.0,0.13319225276039096
300,2670,8.926835525175395,0,25,0.0,0.0,0.13319225276039096
300,2691,8.962021362895602,1,25,0.04,0.007096233423382075,0.1954406391161776
300,2693,8.96537239505943,2,100,0.02,0.005501967500661645,0.07001179131757478
300,2694,8.967047911141346,2,100,0.02,0.005501967500661645,0.07001179131757478
300,2695,8.96872342722326,2,100,0.02,0.005501967500661645,0.07001179131757478
300,2696,8.970398943305174,2,100,0.02,0.005501967500661645,0.07001179131757478
300,2697,8.97207445938709,2,100,0.02,0.005501967500661645,0.07001179131757478
300,2698,8.973749975469005,2,100,0.02,0.005501967500661645,0.07001179131757478
300,2699,8.975425491550919,3,100,0.03,0.010254523944281514,0.08451936489857498
300,2700,8.977101007632832,3,100,0.03,0.010254523944281514,0.08451936489857498
300,2701,8.978776523714746,7,200,0.035,0.01705554191525804,0.0704706118868775
300,2733,9.032393038336014,7,200,0.035,0.01705554191525804,0.0704706118868775
300,2741,9.04579716699133,5,200,0.025,0.010724719583860124,0.05717834075165468
300,2749,9.059201295646645,10,200,0.05,0.027382645473457017,0.08957814852860962
300,2757,9.072605424301962,6,200,0.03,0.013820314259191425,0.06389429280963374
301,39,4.5333967389464105,1,25,0.04,0.007096233423382075,0.1954406391161776
301,1393,6.802045513858719,1,25,0.04,0.007096233423382075,0.1954406391161776
301,2069,7.93469438523296,1,25,0.04,0.007096233423382075,0.1954406391161776
301,2408,8.502694337001994,0,25,0.0,0.0,0.13319225276039096
301,2577,8.785856554845555,0,25,0.0,0.0,0.13319225276039096
301,2661,8.926599905726377,0,25,0.0,0.0,0.13319225276039096
301,2682,8.961785743446583,1,25,0.04,0.007096233423382075,0.1954406391161776
301,2684,8.96513677561041,2,100,0.02,0.005501967500661645,0.07001179131757478
301,2685,8.966812291692326,2,100,0.02,0.005501967500661645,0.07001179131757478
301,2686,8.968487807774242,2,100,0.02,0.005501967500661645,0.07001179131757478
301,2687,8.970163323856156,2,100,0.02,0.005501967500661645,0.07001179131757478
301,2688,8.97183883993807,2,100,0.02,0.005501967500661645,0.07001179131757478
301,2689,8.973514356019983,2,100,0.02,0.005501967500661645,0.07001179131757478
301,2690,8.975189872101899,3,100,0.03,0.010254523944281514,0.08451936489857498
301,2691,8.976865388183814,3,100,0.03,0.010254523944281514,0.08451936489857498
301,2692,8.978540904265728,7,200,0.035,0.01705554191525804,0.0704706118868775
301,2724,9.032157418886994,7,200,0.035,0.01705554191525804,0.0704706118868775
301,2732,9.04556154754231,6,200,0.03,0.013820314259191425,0.06389429280963374
301,2740,9.058965676197626,10,200,0.05,0.027382645473457017,0.08957814852860962
301,2748,9.072369804852944,6,200,0.03,0.013820314259191425,0.06389429280963374
302,31,4.534836635579306,1,25,0.04,0.007096233423382075,0.1954406391161776
302,1384,6.8018098944097005,1,25,0.04,0.007096233423382075,0.1954406391161776
302,2060,7.9344587657839405,1,25,0.04,0.007096233423382075,0.1954406391161776
302,2399,8.502458717552976,0,25,0.0,0.0,0.13319225276039096
302,2568,8.785620935396535,0,25,0.0,0.0,0.13319225276039096
302,2652,8.926364286277359,0,25,0.0,0.0,0.13319225276039096
302,2674,8.963225640079479,1,25,0.04,0.007096233423382075,0.1954406391161776
302,2676,8.966576672243308,3,100,0.03,0.010254523944281514,0.08451936489857498
302,2677,8.968252188325222,3,100,0.03,0.010254523944281514,0.08451936489857498
302,2678,8.969927704407137,3,100,0.03,0.010254523944281514,0.08451936489857498
302,2679,8.971603220489051,7,100,0.07,0.0343192608798127,0.13749514806152413
302,2680,8.973278736570965,5,100,0.05,0.021543679017992166,0.1117504698741045
302,2681,8.97495425265288,3,100,0.03,0.010254523944281514,0.08451936489857498
302,2682,8.976629768734796,4,100,0.04,0.01566330388275538,0.09837071498472119
302,2683,8.97830528481671,3,100,0.03,0.010254523944281514,0.08451936489857498
302,2684,8.979980800898623,4,200,0.02,0.007804426362159347,0.05028708724004506
302,2716,9.03359731551989,7,200,0.035,0.01705554191525804,0.0704706118868775
302,2724,9.047001444175207,6,200,0.03,0.013820314259191425,0.06389429280963374
302,2732,9.060405572830522,10,200,0.05,0.027382645473457017,0.08957814852860962
302,2740,9.073809701485839,7,200,0.035,0.01705554191525804,0.0704706118868775
303,22,4.534601016130287,1,25,0.04,0.007096233423382075,0.1954406391161776
303,1375,6.801574274960681,1,25,0.04,0.007096233423382075,0.1954406391161776
303,2052,7.935898662416836,1,25,0.04,0.007096233423382075,0.1954406391161776
303,2390,8.502223098103956,0,25,0.0,0.0,0.13319225276039096
303,2559,8.785385315947515,0,25,0.0,0.0,0.13319225276039096
303,2644,8.927804182910254,0,25,0.0,0.0,0.13319225276039096
303,2665,8.962990020630459,1,25,0.04,0.007096233423382075,0.1954406391161776
303,2667,8.966341052794288,3,100,0.03,0.010254523944281514,0.08451936489857498
303,2668,8.968016568876202,3,100,0.03,0.010254523944281514,0.08451936489857498
303,2669,8.969692084958117,3,100,0.03,0.010254523944281514,0.08451936489857498
303,2670,8.971367601040033,7,100,0.07,0.0343192608798127,0.13749514806152413
303,2671,8.973043117121946,5,100,0.05,0.021543679017992166,0.1117504698741045
303,2672,8.97471863320386,3,100,0.03,0.010254523944281514,0.08451936489857498
303,2673,8.976394149285776,4,100,0.04,0.01566330388275538,0.09837071498472119
303,2674,8.978069665367691,3,100,0.03,0.010254523944281514,0.08451936489857498
303,2675,8.979745181449605,4,200,0.02,0.007804426362159347,0.05028708724004506
303,2707,9.03336169607087,7,200,0.035,0.01705554191525804,0.0704706118868775
303,2715,9.046765824726187,6,200,0.03,0.013820314259191425,0.06389429280963374
303,2723,9.060169953381504,10,200,0.05,0.027382645473457017,0.08957814852860962
303,2731,9.07357408203682,7,200,0.035,0.01705554191525804,0.0704706118868775
304,13,4.534365396681268,1,25,0.04,0.007096233423382075,0.1954406391161776
304,1366,6.801338655511662,1,25,0.04,0.007096233423382075,0.1954406391161776
304,2043,7.935663042967817,1,25,0.04,0.007096233423382075,0.1954406391161776
304,2381,8.501987478654936,0,25,0.0,0.0,0.13319225276039096
304,2550,8.785149696498497,2,25,0.08,0.022220401084126245,0.24966109123460217
304,2635,8.927568563461234,0,25,0.0,0.0,0.13319225276039096
304,2656,8.962754401181439,1,25,0.04,0.007096233423382075,0.1954406391161776
304,2658,8.96610543334527,3,100,0.03,0.010254523944281514,0.08451936489857498
304,2659,8.967780949427183,3,100,0.03,0.010254523944281514,0.08451936489857498
304,2660,8.969456465509097,3,100,0.03,0.010254523944281514,0.08451936489857498
304,2661,8.971131981591013,7,100,0.07,0.0343192608798127,0.13749514806152413
304,2662,8.972807497672928,5,100,0.05,0.021543679017992166,0.1117504698741045
304,2663,8.974483013754842,3,100,0.03,0.010254523944281514,0.08451936489857498
304,2664,8.976158529836756,4,100,0.04,0.01566330388275538,0.09837071498472119
304,2665,8.97783404591867,3,100,0.03,0.010254523944281514,0.08451936489857498
304,2666,8.979509562000585,4,200,0.02,0.007804426362159347,0.05028708724004506
304,2698,9.033126076621851,9,200,0.045,0.02385254288504434,0.08329670438371192
304,2706,9.046530205277168,6,200,0.03,0.013820314259191425,0.06389429280963374
304,2714,9.059934333932484,10,200,0.05,0.027382645473457017,0.08957814852860962
304,2722,9.0733384625878,7,200,0.035,0.01705554191525804,0.0704706118868775
305,4,4.534129777232248,1,25,0.04,0.007096233423382075,0.1954406391161776
305,1357,6.801103036062642,1,25,0.04,0.007096233423382075,0.1954406391161776
305,2034,7.935427423518798,1,25,0.04,0.007096233423382075,0.1954406391161776
305,2372,8.501751859205918,0,25,0.0,0.0,0.13319225276039096
305,2541,8.784914077049478,2,25,0.08,0.022220401084126245,0.24966109123460217
305,2626,8.927332944012214,0,25,0.0,0.0,0.13319225276039096
305,2647,8.96251878173242,1,25,0.04,0.007096233423382075,0.1954406391161776
305,2649,8.96586981389625,3,100,0.03,0.010254523944281514,0.08451936489857498
305,2650,8.967545329978165,3,100,0.03,0.010254523944281514,0.08451936489857498
305,2651,8.969220846060079,3,100,0.03,0.010254523944281514,0.08451936489857498
305,2652,8.970896362141993,7,100,0.07,0.0343192608798127,0.13749514806152413
305,2653,8.972571878223906,5,100,0.05,0.021543679017992166,0.1117504698741045
305,2654,8.974247394305822,3,100,0.03,0.010254523944281514,0.08451936489857498
305,2655,8.975922910387737,4,100,0.04,0.01566330388275538,0.09837071498472119
305,2656,8.977598426469651,3,100,0.03,0.010254523944281514,0.08451936489857498
305,2657,8.979273942551565,5,200,0.025,0.010724719583860124,0.05717834075165468
305,2689,9.032890457172831,9,200,0.045,0.02385254288504434,0.08329670438371192
305,2697,9.046294585828148,6,200,0.03,0.013820314259191425,0.06389429280963374
305,2705,9.059698714483464,10,200,0.05,0.027382645473457017,0.08957814852860962
305,2713,9.07310284313878,7,200,0.035,0.01705554191525804,0.0704706118868775
306,1348,6.800867416613624,1,25,0.04,0.007096233423382075,0.1954406391161776
306,2025,7.9351918040697775,1,25,0.04,0.007096233423382075,0.1954406391161776
306,2363,8.501516239756898,0,25,0.0,0.0,0.13319225276039096
306,2532,8.784678457600457,2,25,0.08,0.022220401084126245,0.24966109123460217
306,2617,8.927097324563196,0,25,0.0,0.0,0.13319225276039096
306,2638,8.962283162283402,1,25,0.04,0.007096233423382075,0.1954406391161776
306,2640,8.96563419444723,3,100,0.03,0.010254523944281514,0.08451936489857498
306,2641,8.967309710529143,3,100,0.03,0.010254523944281514,0.08451936489857498
306,2642,8.968985226611059,3,100,0.03,0.010254523944281514,0.08451936489857498
306,2643,8.970660742692974,7,100,0.07,0.0343192608798127,0.13749514806152413
306,2644,8.972336258774888,5,100,0.05,0.021543679017992166,0.1117504698741045
306,2645,8.974011774856802,3,100,0.03,0.010254523944281514,0.08451936489857498
306,2646,8.975687290938717,4,100,0.04,0.01566330388275538,0.09837071498472119
306,2647,8.977362807020633,3,100,0.03,0.010254523944281514,0.08451936489857498
306,2648,8.979038323102547,5,200,0.025,0.010724719583860124,0.05717834075165468
306,2680,9.032654837723811,9,200,0.045,0.02385254288504434,0.08329670438371192
306,2688,9.046058966379128,7,200,0.035,0.01705554191525804,0.0704706118868775
306,2696,9.059463095034445,10,200,0.05,0.027382645473457017,0.08957814852860962
306,2704,9.072867223689762,7,200,0.035,0.01705554191525804,0.0704706118868775
307,1339,6.800631797164605,1,25,0.04,0.007096233423382075,0.1954406391161776
307,2016,7.934956184620759,1,25,0.04,0.007096233423382075,0.1954406391161776
307,2354,8.50128062030788,0,25,0.0,0.0,0.13319225276039096
307,2524,8.786118354233354,2,25,0.08,0.022220401084126245,0.24966109123460217
307,2608,8.926861705114177,0,25,0.0,0.0,0.13319225276039096
307,2629,8.962047542834382,1,25,0.04,0.007096233423382075,0.1954406391161776
307,2631,8.965398574998211,3,100,0.03,0.010254523944281514,0.08451936489857498
307,2632,8.967074091080125,3,100,0.03,0.010254523944281514,0.08451936489857498
307,2633,8.96874960716204,3,100,0.03,0.010254523944281514,0.08451936489857498
307,2634,8.970425123243956,3,100,0.03,0.010254523944281514,0.08451936489857498
307,2635,8.97210063932587,3,100,0.03,0.010254523944281514,0.08451936489857498
307,2636,8.973776155407784,3,100,0.03,0.010254523944281514,0.08451936489857498
307,2637,8.975451671489699,4,100,0.04,0.01566330388275538,0.09837071498472119
307,2638,8.977127187571615,3,100,0.03,0.010254523944281514,0.08451936489857498
307,2639,8.978802703653528,10,200,0.05,0.027382645473457017,0.08957814852860962
307,2671,9.032419218274793,9,200,0.045,0.02385254288504434,0.08329670438371192
307,2679,9.04582334693011,7,200,0.035,0.01705554191525804,0.0704706118868775
307,2687,9.059227475585427,10,200,0.05,0.027382645473457017,0.08957814852860962
307,2695,9.072631604240744,7,200,0.035,0.01705554191525804,0.0704706118868775
308,1331,6.8020716937975,1,25,0.04,0.007096233423382075,0.1954406391161776
308,2007,7.93472056517174,1,25,0.04,0.007096233423382075,0.1954406391161776
308,2346,8.502720516940775,0,25,0.0,0.0,0.13319225276039096
308,2515,8.785882734784334,3,25,0.12,0.04166817117905038,0.29955794091884674
308,2599,8.926626085665157,0,25,0.0,0.0,0.13319225276039096
308,2620,8.961811923385362,1,25,0.04,0.007096233423382075,0.1954406391161776
308,2622,8.965162955549193,3,100,0.03,0.010254523944281514,0.08451936489857498
308,2623,8.966838471631107,3,100,0.03,0.010254523944281514,0.08451936489857498
308,2624,8.96851398771302,3,100,0.03,0.010254523944281514,0.08451936489857498
308,2625,8.970189503794936,3,100,0.03,0.010254523944281514,0.08451936489857498
308,2626,8.971865019876851,3,100,0.03,0.010254523944281514,0.08451936489857498
308,2627,8.973540535958765,3,100,0.03,0.010254523944281514,0.08451936489857498
308,2628,8.975216052040679,4,100,0.04,0.01566330388275538,0.09837071498472119
308,2629,8.976891568122593,3,100,0.03,0.010254523944281514,0.08451936489857498
308,2630,8.978567084204508,10,200,0.05,0.027382645473457017,0.08957814852860962
308,2662,9.032183598825775,9,200,0.045,0.02385254288504434,0.08329670438371192
308,2670,9.045587727481092,7,200,0.035,0.01705554191525804,0.0704706118868775
308,2678,9.058991856136407,10,200,0.05,0.027382645473457017,0.08957814852860962
308,2686,9.072395984791724,7,200,0.035,0.01705554191525804,0.0704706118868775
309,1322,6.801836074348481,1,25,0.04,0.007096233423382075,0.1954406391161776
309,1998,7.934484945722721,1,25,0.04,0.007096233423382075,0.1954406391161776
309,2337,8.502484897491755,0,25,0.0,0.0,0.13319225276039096
309,2506,8.785647115335316,3,25,0.12,0.04166817117905038,0.29955794091884674
309,2590,8.926390466216137,0,25,0.0,0.0,0.13319225276039096
309,2612,8.963251820018257,1,25,0.04,0.007096233423382075,0.1954406391161776
309,2614,8.966602852182088,3,100,0.03,0.010254523944281514,0.08451936489857498
309,2615,8.968278368264002,3,100,0.03,0.010254523944281514,0.08451936489857498
309,2616,8.969953884345916,3,100,0.03,0.010254523944281514,0.08451936489857498
309,2617,8.97162940042783,7,100,0.07,0.0343192608798127,0.13749514806152413
309,2618,8.973304916509745,5,100,0.05,0.021543679017992166,0.1117504698741045
309,2619,8.97498043259166,3,100,0.03,0.010254523944281514,0.08451936489857498
309,2620,8.976655948673574,4,100,0.04,0.01566330388275538,0.09837071498472119
309,2621,8.978331464755488,3,100,0.03,0.010254523944281514,0.08451936489857498
309,2622,8.980006980837404,5,200,0.025,0.010724719583860124,0.05717834075165468
309,2654,9.03362349545867,9,200,0.045,0.02385254288504434,0.08329670438371192
309,2662,9.047027624113987,7,200,0.035,0.01705554191525804,0.0704706118868775
309,2670,9.060431752769302,10,200,0.05,0.027382645473457017,0.08957814852860962
309,2678,9.073835881424618,7,200,0.035,0.01705554191525804,0.0704706118868775
310,1313,6.801600454899461,1,25,0.04,0.007096233423382075,0.1954406391161776
310,1990,7.935924842355616,1,25,0.04,0.007096233423382075,0.1954406391161776
310,2328,8.502249278042736,0,25,0.0,0.0,0.13319225276039096
310,2497,8.785411495886295,3,25,0.12,0.04166817117905038,0.29955794091884674
310,2582,8.927830362849033,0,25,0.0,0.0,0.13319225276039096
310,2603,8.963016200569239,1,25,0.04,0.007096233423382075,0.1954406391161776
310,2605,8.966367232733067,3,100,0.03,0.010254523944281514,0.08451936489857498
310,2606,8.968042748814982,3,100,0.03,0.010254523944281514,0.08451936489857498
310,2607,8.969718264896898,3,100,0.03,0.010254523944281514,0.08451936489857498
310,2608,8.971393780978811,7,100,0.07,0.0343192608798127,0.13749514806152413
310,2609,8.973069297060725,5,100,0.05,0.021543679017992166,0.1117504698741045
310,2610,8.97474481314264,3,100,0.03,0.010254523944281514,0.08451936489857498
310,2611,8.976420329224556,4,100,0.04,0.01566330388275538,0.09837071498472119
310,2612,8.97809584530647,3,100,0.03,0.010254523944281514,0.08451936489857498
310,2613,8.979771361388384,5,200,0.025,0.010724719583860124,0.05717834075165468
310,2645,9.03338787600965,9,200,0.045,0.02385254288504434,0.08329670438371192
310,2653,9.046792004664965,7,200,0.035,0.01705554191525804,0.0704706118868775
310,2661,9.060196133320282,10,200,0.05,0.027382645473457017,0.08957814852860962
310,2669,9.0736002619756,7,200,0.035,0.01705554191525804,0.0704706118868775
311,1304,6.801364835450442,1,25,0.04,0.007096233423382075,0.1954406391161776
311,1981,7.935689222906596,1,25,0.04,0.007096233423382075,0.1954406391161776
311,2319,8.502013658593716,0,25,0.0,0.0,0.13319225276039096
311,2488,8.785175876437275,3,25,0.12,0.04166817117905038,0.29955794091884674
311,2573,8.927594743400014,0,25,0.0,0.0,0.13319225276039096
311,2594,8.962780581120219,1,25,0.04,0.007096233423382075,0.1954406391161776
311,2596,8.966131613284048,3,100,0.03,0.010254523944281514,0.08451936489857498
311,2597,8.967807129365962,3,100,0.03,0.010254523944281514,0.08451936489857498
311,2598,8.969482645447878,3,100,0.03,0.010254523944281514,0.08451936489857498
311,2599,8.971158161529793,7,100,0.07,0.0343192608798127,0.13749514806152413
311,2600,8.972833677611707,5,100,0.05,0.021543679017992166,0.1117504698741045
311,2601,8.97450919369362,3,100,0.03,0.010254523944281514,0.08451936489857498
311,2602,8.976184709775536,4,100,0.04,0.01566330388275538,0.09837071498472119
311,2603,8.977860225857452,3,100,0.03,0.010254523944281514,0.08451936489857498
311,2604,8.979535741939365,5,200,0.025,0.010724719583860124,0.05717834075165468
311,2636,9.03315225656063,9,200,0.045,0.02385254288504434,0.08329670438371192
311,2644,9.046556385215947,7,200,0.035,0.01705554191525804,0.0704706118868775
311,2652,9.059960513871264,10,200,0.05,0.027382645473457017,0.08957814852860962
311,2660,9.073364642526581,7,200,0.035,0.01705554191525804,0.0704706118868775
312,1295,6.8011292160014225,1,25,0.04,0.007096233423382075,0.1954406391161776
312,1972,7.935453603457577,1,25,0.04,0.007096233423382075,0.1954406391161776
312,2310,8.501778039144696,0,25,0.0,0.0,0.13319225276039096
312,2479,8.784940256988257,3,25,0.12,0.04166817117905038,0.29955794091884674
312,2564,8.927359123950994,0,25,0.0,0.0,0.13319225276039096
312,2585,8.962544961671199,1,25,0.04,0.007096233423382075,0.1954406391161776
312,2587,8.96589599383503,3,100,0.03,0.010254523944281514,0.08451936489857498
312,2588,8.967571509916944,3,100,0.03,0.010254523944281514,0.08451936489857498
312,2589,8.969247025998857,3,100,0.03,0.010254523944281514,0.08451936489857498
312,2590,8.970922542080773,7,100,0.07,0.0343192608798127,0.13749514806152413
312,2591,8.972598058162689,5,100,0.05,0.021543679017992166,0.1117504698741045
312,2592,8.974273574244602,3,100,0.03,0.010254523944281514,0.08451936489857498
312,2593,8.975949090326516,4,100,0.04,0.01566330388275538,0.09837071498472119
312,2594,8.97762460640843,3,100,0.03,0.010254523944281514,0.08451936489857498
312,2595,8.979300122490345,5,200,0.025,0.010724719583860124,0.05717834075165468
312,2627,9.032916637111612,9,200,0.045,0.02385254288504434,0.08329670438371192
312,2635,9.046320765766929,7,200,0.035,0.01705554191525804,0.0704706118868775
312,2643,9.059724894422244,10,200,0.05,0.027382645473457017,0.08957814852860962
312,2651,9.073129023077561,7,200,0.035,0.01705554191525804,0.0704706118868775
313,1286,6.800893596552404,1,25,0.04,0.007096233423382075,0.1954406391161776
313,1963,7.935217984008558,1,25,0.04,0.007096233423382075,0.1954406391161776
313,2301,8.501542419695678,0,25,0.0,0.0,0.13319225276039096
313,2470,8.784704637539239,4,25,0.16,0.06403451412098321,0.3465362177560826
313,2555,8.927123504501976,0,25,0.0,0.0,0.13319225276039096
313,2576,8.96230934222218,1,25,0.04,0.007096233423382075,0.1954406391161776
313,2578,8.965660374386012,3,100,0.03,0.010254523944281514,0.08451936489857498
313,2579,8.967335890467925,3,100,0.03,0.010254523944281514,0.08451936489857498
313,2580,8.96901140654984,3,100,0.03,0.010254523944281514,0.08451936489857498
313,2581,8.970686922631753,7,100,0.07,0.0343192608798127,0.13749514806152413
313,2582,8.972362438713668,5,100,0.05,0.021543679017992166,0.1117504698741045
313,2583,8.974037954795584,3,100,0.03,0.010254523944281514,0.08451936489857498
313,2584,8.975713470877498,5,100,0.05,0.021543679017992166,0.1117504698741045
313,2585,8.977388986959411,3,100,0.03,0.010254523944281514,0.08451936489857498
313,2586,8.979064503041327,5,200,0.025,0.010724719583860124,0.05717834075165468
313,2618,9.032681017662593,9,200,0.045,0.02385254288504434,0.08329670438371192
313,2626,9.04608514631791,8,200,0.04,0.0204056319610195,0.0769320685744264
313,2634,9.059489274973226,10,200,0.05,0.027382645473457017,0.08957814852860962
313,2642,9.072893403628541,7,200,0.035,0.01705554191525804,0.0704706118868775
314,1277,6.800657977103384,1,25,0.04,0.007096233423382075,0.1954406391161776
314,1954,7.93498236455954,1,25,0.04,0.007096233423382075,0.1954406391161776
314,2292,8.50130680024666,0,25,0.0,0.0,0.13319225276039096
314,2462,8.786144534172134,4,25,0.16,0.06403451412098321,0.3465362177560826
314,2546,8.926887885052956,1,25,0.04,0.007096233423382075,0.1954406391161776
314,2567,8.962073722773162,1,25,0.04,0.007096233423382075,0.1954406391161776
314,2569,8.96542475493699,3,100,0.03,0.010254523944281514,0.08451936489857498
314,2570,8.967100271018905,3,100,0.03,0.010254523944281514,0.08451936489857498
314,2571,8.968775787100821,3,100,0.03,0.010254523944281514,0.08451936489857498
314,2572,8.970451303182735,3,100,0.03,0.010254523944281514,0.08451936489857498
314,2573,8.972126819264648,3,100,0.03,0.010254523944281514,0.08451936489857498
314,2574,8.973802335346564,3,100,0.03,0.010254523944281514,0.08451936489857498
314,2575,8.97547785142848,5,100,0.05,0.021543679017992166,0.1117504698741045
314,2576,8.977153367510393,4,100,0.04,0.01566330388275538,0.09837071498472119
314,2577,8.978828883592307,10,200,0.05,0.027382645473457017,0.08957814852860962
314,2609,9.032445398213573,9,200,0.045,0.02385254288504434,0.08329670438371192
314,2617,9.045849526868889,8,200,0.04,0.0204056319610195,0.0769320685744264
314,2625,9.059253655524206,10,200,0.05,0.027382645473457017,0.08957814852860962
314,2633,9.072657784179523,7,200,0.035,0.01705554191525804,0.0704706118868775
315,1269,6.80209787373628,1,25,0.04,0.007096233423382075,0.1954406391161776
315,1945,7.93474674511052,1,25,0.04,0.007096233423382075,0.1954406391161776
315,2284,8.502746696879555,0,25,0.0,0.0,0.13319225276039096
315,2453,8.785908914723114,4,25,0.16,0.06403451412098321,0.3465362177560826
315,2537,8.926652265603938,1,25,0.04,0.007096233423382075,0.1954406391161776
315,2558,8.961838103324142,1,25,0.04,0.007096233423382075,0.1954406391161776
315,2560,8.965189135487972,3,100,0.03,0.010254523944281514,0.08451936489857498
315,2561,8.966864651569885,3,100,0.03,0.010254523944281514,0.08451936489857498
315,2562,8.9685401676518,3,100,0.03,0.010254523944281514,0.08451936489857498
315,2563,8.970215683733716,3,100,0.03,0.010254523944281514,0.08451936489857498
315,2564,8.97189119981563,3,100,0.03,0.010254523944281514,0.08451936489857498
315,2565,8.973566715897544,3,100,0.03,0.010254523944281514,0.08451936489857498
315,2566,8.97524223197946,5,100,0.05,0.021543679017992166,0.1117504698741045
315,2567,8.976917748061375,4,100,0.04,0.01566330388275538,0.09837071498472119
315,2568,8.978593264143289,10,200,0.05,0.027382645473457017,0.08957814852860962
315,2600,9.032209778764553,9,200,0.045,0.02385254288504434,0.08329670438371192
315,2608,9.04561390741987,8,200,0.04,0.0204056319610195,0.0769320685744264
315,2616,9.059018036075187,10,200,0.05,0.027382645473457017,0.08957814852860962
315,2624,9.072422164730504,7,200,0.035,0.01705554191525804,0.0704706118868775
316,1260,6.8018622542872595,1,25,0.04,0.007096233423382075,0.1954406391161776
316,1936,7.9345111256615,1,25,0.04,0.007096233423382075,0.1954406391161776
316,2275,8.502511077430535,0,25,0.0,0.0,0.13319225276039096
316,2444,8.785673295274094,4,25,0.16,0.06403451412098321,0.3465362177560826
316,2528,8.926416646154918,1,25,0.04,0.007096233423382075,0.1954406391161776
316,2550,8.963277999957038,0,25,0.0,0.0,0.13319225276039096
316,2551,8.964953516038953,3,100,0.03,0.010254523944281514,0.08451936489857498
316,2552,8.966629032120867,3,100,0.03,0.010254523944281514,0.08451936489857498
316,2553,8.96830454820278,3,100,0.03,0.010254523944281514,0.08451936489857498
316,2554,8.969980064284696,3,100,0.03,0.010254523944281514,0.08451936489857498
316,2555,8.971655580366612,3,100,0.03,0.010254523944281514,0.08451936489857498
316,2556,8.973331096448526,3,100,0.03,0.010254523944281514,0.08451936489857498
316,2557,8.97500661253044,3,100,0.03,0.010254523944281514,0.08451936489857498
316,2558,8.976682128612353,3,100,0.03,0.010254523944281514,0.08451936489857498
316,2559,8.978357644694269,10,200,0.05,0.027382645473457017,0.08957814852860962
316,2591,9.031974159315535,9,200,0.045,0.02385254288504434,0.08329670438371192
316,2599,9.045378287970852,8,200,0.04,0.0204056319610195,0.0769320685744264
316,2607,9.058782416626167,10,200,0.05,0.027382645473457017,0.08957814852860962
316,2615,9.072186545281484,7,200,0.035,0.01705554191525804,0.0704706118868775
317,1251,6.801626634838241,1,25,0.04,0.007096233423382075,0.1954406391161776
317,1928,7.935951022294395,1,25,0.04,0.007096233423382075,0.1954406391161776
317,2266,8.502275457981515,0,25,0.0,0.0,0.13319225276039096
317,2435,8.785437675825076,4,25,0.16,0.06403451412098321,0.3465362177560826
317,2520,8.927856542787811,1,25,0.04,0.007096233423382075,0.1954406391161776
317,2541,8.963042380508018,1,25,0.04,0.007096233423382075,0.1954406391161776
317,2543,8.966393412671849,2,100,0.02,0.005501967500661645,0.07001179131757478
317,2544,8.968068928753762,2,100,0.02,0.005501967500661645,0.07001179131757478
317,2545,8.969744444835676,2,100,0.02,0.005501967500661645,0.07001179131757478
317,2546,8.97141996091759,2,100,0.02,0.005501967500661645,0.07001179131757478
317,2547,8.973095476999505,3,100,0.03,0.010254523944281514,0.08451936489857498
317,2548,8.974770993081421,2,100,0.02,0.005501967500661645,0.07001179131757478
317,2549,8.976446509163335,2,100,0.02,0.005501967500661645,0.07001179131757478
317,2550,8.978122025245248,2,100,0.02,0.005501967500661645,0.07001179131757478
317,2551,8.979797541327164,5,200,0.025,0.010724719583860124,0.05717834075165468
317,2583,9.03341405594843,9,200,0.045,0.02385254288504434,0.08329670438371192
317,2591,9.046818184603747,8,200,0.04,0.0204056319610195,0.0769320685744264
317,2599,9.060222313259063,10,200,0.05,0.027382645473457017,0.08957814852860962
317,2607,9.073626441914378,8,200,0.04,0.0204056319610195,0.0769320685744264
318,1242,6.801391015389222,1,25,0.04,0.007096233423382075,0.1954406391161776
318,1919,7.935715402845377,1,25,0.04,0.007096233423382075,0.1954406391161776
318,2257,8.502039838532497,0,25,0.0,0.0,0.13319225276039096
318,2426,8.785202056376058,4,25,0.16,0.06403451412098321,0.3465362177560826
318,2511,8.927620923338793,1,25,0.04,0.007096233423382075,0.1954406391161776
318,2532,8.962806761059,1,25,0.04,0.007096233423382075,0.1954406391161776
318,2534,8.966157793222829,2,100,0.02,0.005501967500661645,0.07001179131757478
318,2535,8.967833309304744,2,100,0.02,0.005501967500661645,0.07001179131757478
318,2536,8.969508825386658,2,100,0.02,0.005501967500661645,0.07001179131757478
318,2537,8.971184341468572,2,100,0.02,0.005501967500661645,0.07001179131757478
318,2538,8.972859857550487,3,100,0.03,0.010254523944281514,0.08451936489857498
318,2539,8.974535373632403,2,100,0.02,0.005501967500661645,0.07001179131757478
318,2540,8.976210889714316,2,100,0.02,0.005501967500661645,0.07001179131757478
318,2541,8.97788640579623,2,100,0.02,0.005501967500661645,0.07001179131757478
318,2542,8.979561921878146,5,200,0.025,0.010724719583860124,0.05717834075165468
318,2574,9.033178436499412,9,200,0.045,0.02385254288504434,0.08329670438371192
318,2582,9.046582565154727,8,200,0.04,0.0204056319610195,0.0769320685744264
318,2590,9.059986693810044,10,200,0.05,0.027382645473457017,0.08957814852860962
318,2598,9.07339082246536,8,200,0.04,0.0204056319610195,0.0769320685744264
319,1233,6.801155395940203,1,25,0.04,0.007096233423382075,0.1954406391161776
319,1910,7.9354797833963575,1,25,0.04,0.007096233423382075,0.1954406391161776
319,2248,8.501804219083478,0,25,0.0,0.0,0.13319225276039096
319,2417,8.784966436927037,4,25,0.16,0.06403451412098321,0.3465362177560826
319,2502,8.927385303889775,1,25,0.04,0.007096233423382075,0.1954406391161776
319,2523,8.962571141609981,1,25,0.04,0.007096233423382075,0.1954406391161776
319,2525,8.965922173773809,2,100,0.02,0.005501967500661645,0.07001179131757478
319,2526,8.967597689855724,2,100,0.02,0.005501967500661645,0.07001179131757478
319,2527,8.96927320593764,2,100,0.02,0.005501967500661645,0.07001179131757478
319,2528,8.970948722019553,2,100,0.02,0.005501967500661645,0.07001179131757478
319,2529,8.972624238101467,3,100,0.03,0.010254523944281514,0.08451936489857498
319,2530,8.974299754183383,2,100,0.02,0.005501967500661645,0.07001179131757478
319,2531,8.975975270265298,2,100,0.02,0.005501967500661645,0.07001179131757478
319,2532,8.977650786347212,2,100,0.02,0.005501967500661645,0.07001179131757478
319,2533,8.979326302429126,5,200,0.025,0.010724719583860124,0.05717834075165468
319,2565,9.032942817050392,9,200,0.045,0.02385254288504434,0.08329670438371192
319,2573,9.046346945705707,8,200,0.04,0.0204056319610195,0.0769320685744264
319,2581,9.059751074361024,10,200,0.05,0.027382645473457017,0.08957814852860962
319,2589,9.073155203016341,8,200,0.04,0.0204056319610195,0.0769320685744264
320,1224,6.800919776491183,1,25,0.04,0.007096233423382075,0.1954406391161776
320,1901,7.935244163947338,1,25,0.04,0.007096233423382075,0.1954406391161776
320,2239,8.501568599634458,0,25,0.0,0.0,0.13319225276039096
320,2408,8.784730817478017,4,25,0.16,0.06403451412098321,0.3465362177560826
320,2493,8.927149684440757,1,25,0.04,0.007096233423382075,0.1954406391161776
320,2514,8.962335522160961,1,25,0.04,0.007096233423382075,0.1954406391161776
320,2516,8.96568655432479,2,100,0.02,0.005501967500661645,0.07001179131757478
320,2517,8.967362070406704,2,100,0.02,0.005501967500661645,0.07001179131757478
320,2518,8.96903758648862,2,100,0.02,0.005501967500661645,0.07001179131757478
320,2519,8.970713102570535,2,100,0.02,0.005501967500661645,0.07001179131757478
320,2520,8.972388618652449,3,100,0.03,0.010254523944281514,0.08451936489857498
320,2521,8.974064134734363,2,100,0.02,0.005501967500661645,0.07001179131757478
320,2522,8.975739650816276,2,100,0.02,0.005501967500661645,0.07001179131757478
320,2523,8.977415166898192,2,100,0.02,0.005501967500661645,0.07001179131757478
320,2524,8.979090682980107,6,200,0.03,0.013820314259191425,0.06389429280963374
320,2556,9.032707197601372,9,200,0.045,0.02385254288504434,0.08329670438371192
320,2564,9.046111326256689,8,200,0.04,0.0204056319610195,0.0769320685744264
320,2572,9.059515454912006,10,200,0.05,0.027382645473457017,0.08957814852860962
320,2580,9.072919583567321,8,200,0.04,0.0204056319610195,0.0769320685744264
321,1215,6.800684157042165,1,25,0.04,0.007096233423382075,0.1954406391161776
321,1892,7.935008544498318,1,25,0.04,0.007096233423382075,0.1954406391161776
321,2230,8.501332980185438,0,25,0.0,0.0,0.13319225276039096
321,2400,8.786170714110913,4,25,0.16,0.06403451412098321,0.3465362177560826
321,2484,8.926914064991735,1,25,0.04,0.007096233423382075,0.1954406391161776
321,2505,8.962099902711941,1,25,0.04,0.007096233423382075,0.1954406391161776
321,2507,8.965450934875772,2,100,0.02,0.005501967500661645,0.07001179131757478
321,2508,8.967126450957686,2,100,0.02,0.005501967500661645,0.07001179131757478
321,2509,8.9688019670396,2,100,0.02,0.005501967500661645,0.07001179131757478
321,2510,8.970477483121513,2,100,0.02,0.005501967500661645,0.07001179131757478
321,2511,8.972152999203429,2,100,0.02,0.005501967500661645,0.07001179131757478
321,2512,8.973828515285344,2,100,0.02,0.005501967500661645,0.07001179131757478
321,2513,8.975504031367258,2,100,0.02,0.005501967500661645,0.07001179131757478
321,2514,8.977179547449172,2,100,0.02,0.005501967500661645,0.07001179131757478
321,2515,8.978855063531087,8,200,0.04,0.0204056319610195,0.0769320685744264
321,2547,9.032471578152354,9,200,0.045,0.02385254288504434,0.08329670438371192
321,2555,9.04587570680767,8,200,0.04,0.0204056319610195,0.0769320685744264
321,2563,9.059279835462986,10,200,0.05,0.027382645473457017,0.08957814852860962
321,2571,9.072683964118301,8,200,0.04,0.0204056319610195,0.0769320685744264
322,1207,6.802124053675059,1,25,0.04,0.007096233423382075,0.1954406391161776
322,1883,7.934772925049299,1,25,0.04,0.007096233423382075,0.1954406391161776
322,2222,8.502772876818334,0,25,0.0,0.0,0.13319225276039096
322,2391,8.785935094661895,4,25,0.16,0.06403451412098321,0.3465362177560826
322,2475,8.926678445542716,2,25,0.08,0.022220401084126245,0.24966109123460217
322,2496,8.961864283262923,1,25,0.04,0.007096233423382075,0.1954406391161776
322,2498,8.96521531542675,2,100,0.02,0.005501967500661645,0.07001179131757478
322,2499,8.966890831508666,2,100,0.02,0.005501967500661645,0.07001179131757478
322,2500,8.968566347590581,2,100,0.02,0.005501967500661645,0.07001179131757478
322,2501,8.970241863672495,2,100,0.02,0.005501967500661645,0.07001179131757478
322,2502,8.971917379754409,2,100,0.02,0.005501967500661645,0.07001179131757478
322,2503,8.973592895836324,2,100,0.02,0.005501967500661645,0.07001179131757478
322,2504,8.97526841191824,2,100,0.02,0.005501967500661645,0.07001179131757478
322,2505,8.976943928000154,2,100,0.02,0.005501967500661645,0.07001179131757478
322,2506,8.978619444082067,8,200,0.04,0.0204056319610195,0.0769320685744264
322,2538,9.032235958703334,9,200,0.045,0.02385254288504434,0.08329670438371192
322,2546,9.045640087358649,8,200,0.04,0.0204056319610195,0.0769320685744264
322,2554,9.059044216013966,11,200,0.055,0.03098534156570805,0.09578699916966896
322,2562,9.072448344669283,8,200,0.04,0.0204056319610195,0.0769320685744264
323,1198,6.801888434226041,1,25,0.04,0.007096233423382075,0.1954406391161776
323,1874,7.934537305600281,1,25,0.04,0.007096233423382075,0.1954406391161776
323,2213,8.502537257369315,0,25,0.0,0.0,0.13319225276039096
323,2382,8.785699475212876,4,25,0.16,0.06403451412098321,0.3465362177560826
323,2466,8.926442826093698,2,25,0.08,0.022220401084126245,0.24966109123460217
323,2488,8.963304179895818,1,25,0.04,0.007096233423382075,0.1954406391161776
323,2489,8.964979695977732,2,100,0.02,0.005501967500661645,0.07001179131757478
323,2490,8.966655212059647,2,100,0.02,0.005501967500661645,0.07001179131757478
323,2491,8.968330728141563,2,100,0.02,0.005501967500661645,0.07001179131757478
323,2492,8.970006244223477,2,100,0.02,0.005501967500661645,0.07001179131757478
323,2493,8.97168176030539,2,100,0.02,0.005501967500661645,0.07001179131757478
323,2494,8.973357276387306,2,100,0.02,0.005501967500661645,0.07001179131757478
323,2495,8.975032792469221,2,100,0.02,0.005501967500661645,0.07001179131757478
323,2496,8.976708308551135,2,100,0.02,0.005501967500661645,0.07001179131757478
323,2497,8.978383824633049,8,200,0.04,0.0204056319610195,0.0769320685744264
323,2529,9.032000339254315,9,200,0.045,0.02385254288504434,0.08329670438371192
323,2537,9.04540446790963,8,200,0.04,0.0204056319610195,0.0769320685744264
323,2545,9.058808596564948,11,200,0.055,0.03098534156570805,0.09578699916966896
323,2553,9.072212725220265,8,200,0.04,0.0204056319610195,0.0769320685744264
324,1189,6.801652814777022,1,25,0.04,0.007096233423382075,0.1954406391161776
324,1866,7.935977202233175,1,25,0.04,0.007096233423382075,0.1954406391161776
324,2204,8.502301637920295,0,25,0.0,0.0,0.13319225276039096
324,2373,8.785463855763856,4,25,0.16,0.06403451412098321,0.3465362177560826
324,2458,8.927882722726594,2,25,0.08,0.022220401084126245,0.24966109123460217
324,2479,8.9630685604468,1,25,0.04,0.007096233423382075,0.1954406391161776
324,2481,8.966419592610627,2,100,0.02,0.005501967500661645,0.07001179131757478
324,2482,8.968095108692543,2,100,0.02,0.005501967500661645,0.07001179131757478
324,2483,8.969770624774457,2,100,0.02,0.005501967500661645,0.07001179131757478
324,2484,8.971446140856372,4,100,0.04,0.01566330388275538,0.09837071498472119
324,2485,8.973121656938286,5,100,0.05,0.021543679017992166,0.1117504698741045
324,2486,8.9747971730202,2,100,0.02,0.005501967500661645,0.07001179131757478
324,2487,8.976472689102115,2,100,0.02,0.005501967500661645,0.07001179131757478
324,2488,8.97814820518403,4,100,0.04,0.01566330388275538,0.09837071498472119
324,2489,8.979823721265944,6,200,0.03,0.013820314259191425,0.06389429280963374
324,2521,9.033440235887209,9,200,0.045,0.02385254288504434,0.08329670438371192
324,2529,9.046844364542526,8,200,0.04,0.0204056319610195,0.0769320685744264
324,2537,9.060248493197843,11,200,0.055,0.03098534156570805,0.09578699916966896
324,2545,9.07365262185316,8,200,0.04,0.0204056319610195,0.0769320685744264
325,1180,6.801417195328002,1,25,0.04,0.007096233423382075,0.1954406391161776
325,1857,7.935741582784157,1,25,0.04,0.007096233423382075,0.1954406391161776
325,2195,8.502066018471277,0,25,0.0,0.0,0.13319225276039096
325,2364,8.785228236314836,4,25,0.16,0.06403451412098321,0.3465362177560826
325,2449,8.927647103277573,2,25,0.08,0.022220401084126245,0.24966109123460217
325,2470,8.96283294099778,1,25,0.04,0.007096233423382075,0.1954406391161776
325,2472,8.966183973161609,2,100,0.02,0.005501967500661645,0.07001179131757478
325,2473,8.967859489243523,2,100,0.02,0.005501967500661645,0.07001179131757478
325,2474,8.969535005325437,2,100,0.02,0.005501967500661645,0.07001179131757478
325,2475,8.971210521407352,4,100,0.04,0.01566330388275538,0.09837071498472119
325,2476,8.972886037489268,5,100,0.05,0.021543679017992166,0.1117504698741045
325,2477,8.974561553571181,2,100,0.02,0.005501967500661645,0.07001179131757478
325,2478,8.976237069653095,2,100,0.02,0.005501967500661645,0.07001179131757478
325,2479,8.97791258573501,4,100,0.04,0.01566330388275538,0.09837071498472119
325,2480,8.979588101816926,6,200,0.03,0.013820314259191425,0.06389429280963374
325,2512,9.03320461643819,10,200,0.05,0.027382645473457017,0.08957814852860962
325,2520,9.046608745093508,8,200,0.04,0.0204056319610195,0.0769320685744264
325,2528,9.060012873748825,11,200,0.055,0.03098534156570805,0.09578699916966896
325,2536,9.07341700240414,8,200,0.04,0.0204056319610195,0.0769320685744264
326,1171,6.801181575878982,1,25,0.04,0.007096233423382075,0.1954406391161776
326,1848,7.935505963335137,1,25,0.04,0.007096233423382075,0.1954406391161776
326,2186,8.501830399022257,0,25,0.0,0.0,0.13319225276039096
326,2355,8.784992616865818,4,25,0.16,0.06403451412098321,0.3465362177560826
326,2440,8.927411483828553,3,25,0.12,0.04166817117905038,0.29955794091884674
326,2461,8.96259732154876,1,25,0.04,0.007096233423382075,0.1954406391161776
326,2463,8.965948353712589,2,100,0.02,0.005501967500661645,0.07001179131757478
326,2464,8.967623869794505,2,100,0.02,0.005501967500661645,0.07001179131757478
326,2465,8.969299385876418,2,100,0.02,0.005501967500661645,0.07001179131757478
326,2466,8.970974901958332,4,100,0.04,0.01566330388275538,0.09837071498472119
326,2467,8.972650418040248,5,100,0.05,0.021543679017992166,0.1117504698741045
326,2468,8.974325934122163,2,100,0.02,0.005501967500661645,0.07001179131757478
326,2469,8.976001450204077,2,100,0.02,0.005501967500661645,0.07001179131757478
326,2470,8.97767696628599,4,100,0.04,0.01566330388275538,0.09837071498472119
326,2471,8.979352482367904,6,200,0.03,0.013820314259191425,0.06389429280963374
326,2503,9.032968996989172,10,200,0.05,0.027382645473457017,0.08957814852860962
326,2511,9.046373125644488,9,200,0.045,0.02385254288504434,0.08329670438371192
326,2519,9.059777254299805,12,200,0.06,0.03465219410651454,0.10193169336217282
326,2527,9.07318138295512,8,200,0.04,0.0204056319610195,0.0769320685744264
327,1162,6.800945956429963,1,25,0.04,0.007096233423382075,0.1954406391161776
327,1839,7.935270343886118,1,25,0.04,0.007096233423382075,0.1954406391161776
327,2177,8.501594779573239,0,25,0.0,0.0,0.13319225276039096
327,2346,8.784756997416798,4,25,0.16,0.06403451412098321,0.3465362177560826
327,2431,8.927175864379535,3,25,0.12,0.04166817117905038,0.29955794091884674
327,2452,8.962361702099741,1,25,0.04,0.007096233423382075,0.1954406391161776
327,2454,8.965712734263569,2,100,0.02,0.005501967500661645,0.07001179131757478
327,2455,8.967388250345484,2,100,0.02,0.005501967500661645,0.07001179131757478
327,2456,8.9690637664274,2,100,0.02,0.005501967500661645,0.07001179131757478
327,2457,8.970739282509314,4,100,0.04,0.01566330388275538,0.09837071498472119
327,2458,8.972414798591227,5,100,0.05,0.021543679017992166,0.1117504698741045
327,2459,8.974090314673141,2,100,0.02,0.005501967500661645,0.07001179131757478
327,2460,8.975765830755057,2,100,0.02,0.005501967500661645,0.07001179131757478
327,2461,8.977441346836972,4,100,0.04,0.01566330388275538,0.09837071498472119
327,2462,8.979116862918886,6,200,0.03,0.013820314259191425,0.06389429280963374
327,2494,9.032733377540152,10,200,0.05,0.027382645473457017,0.08957814852860962
327,2502,9.046137506195468,9,200,0.045,0.02385254288504434,0.08329670438371192
327,2510,9.059541634850785,12,200,0.06,0.03465219410651454,0.10193169336217282
327,2518,9.072945763506102,9,200,0.045,0.02385254288504434,0.08329670438371192
328,1153,6.800710336980945,1,25,0.04,0.007096233423382075,0.1954406391161776
328,1830,7.935034724437099,1,25,0.04,0.007096233423382075,0.1954406391161776
328,2168,8.501359160124219,0,25,0.0,0.0,0.13319225276039096
328,2338,8.786196894049693,4,25,0.16,0.06403451412098321,0.3465362177560826
328,2422,8.926940244930517,3,25,0.12,0.04166817117905038,0.29955794091884674
328,2443,8.962126082650723,1,25,0.04,0.007096233423382075,0.1954406391161776
328,2445,8.96547711481455,2,100,0.02,0.005501967500661645,0.07001179131757478
328,2446,8.967152630896466,2,100,0.02,0.005501967500661645,0.07001179131757478
328,2447,8.96882814697838,2,100,0.02,0.005501967500661645,0.07001179131757478
328,2448,8.970503663060295,2,100,0.02,0.005501967500661645,0.07001179131757478
328,2449,8.97217917914221,2,100,0.02,0.005501967500661645,0.07001179131757478
328,2450,8.973854695224123,2,100,0.02,0.005501967500661645,0.07001179131757478
328,2451,8.975530211306038,2,100,0.02,0.005501967500661645,0.07001179131757478
328,2452,8.977205727387954,2,100,0.02,0.005501967500661645,0.07001179131757478
328,2453,8.978881243469868,8,200,0.04,0.0204056319610195,0.0769320685744264
328,2485,9.032497758091132,9,200,0.045,0.02385254288504434,0.08329670438371192
328,2493,9.04590188674645,9,200,0.045,0.02385254288504434,0.08329670438371192
328,2501,9.059306015401766,13,200,0.065,0.03837635449161451,0.10801907971038324
328,2509,9.072710144057083,9,200,0.045,0.02385254288504434,0.08329670438371192
329,1145,6.8021502336138395,1,25,0.04,0.007096233423382075,0.1954406391161776
329,1821,7.93479910498808,1,25,0.04,0.007096233423382075,0.1954406391161776
329,2160,8.502799056757114,0,25,0.0,0.0,0.13319225276039096
329,2329,8.785961274600673,4,25,0.16,0.06403451412098321,0.3465362177560826
329,2413,8.926704625481497,3,25,0.12,0.04166817117905038,0.29955794091884674
329,2434,8.961890463201703,1,25,0.04,0.007096233423382075,0.1954406391161776
329,2436,8.965241495365532,2,100,0.02,0.005501967500661645,0.07001179131757478
329,2437,8.966917011447446,2,100,0.02,0.005501967500661645,0.07001179131757478
329,2438,8.96859252752936,2,100,0.02,0.005501967500661645,0.07001179131757478
329,2439,8.970268043611275,2,100,0.02,0.005501967500661645,0.07001179131757478
329,2440,8.971943559693191,2,100,0.02,0.005501967500661645,0.07001179131757478
329,2441,8.973619075775105,2,100,0.02,0.005501967500661645,0.07001179131757478
329,2442,8.975294591857018,2,100,0.02,0.005501967500661645,0.07001179131757478
329,2443,8.976970107938934,2,100,0.02,0.005501967500661645,0.07001179131757478
329,2444,8.97864562402085,8,200,0.04,0.0204056319610195,0.0769320685744264
329,2476,9.032262138642114,9,200,0.045,0.02385254288504434,0.08329670438371192
329,2484,9.045666267297431,9,200,0.045,0.02385254288504434,0.08329670438371192
329,2492,9.059070395952748,13,200,0.065,0.03837635449161451,0.10801907971038324
329,2500,9.072474524608063,9,200,0.045,0.02385254288504434,0.08329670438371192
330,1136,6.80191461416482,1,25,0.04,0.007096233423382075,0.1954406391161776
330,1812,7.93456348553906,1,25,0.04,0.007096233423382075,0.1954406391161776
330,2151,8.502563437308094,0,25,0.0,0.0,0.13319225276039096
330,2320,8.785725655151655,4,25,0.16,0.06403451412098321,0.3465362177560826
330,2404,8.926469006032477,3,25,0.12,0.04166817117905038,0.29955794091884674
330,2426,8.963330359834597,2,25,0.08,0.022220401084126245,0.24966109123460217
330,2427,8.965005875916512,2,100,0.02,0.005501967500661645,0.07001179131757478
330,2428,8.966681391998428,2,100,0.02,0.005501967500661645,0.07001179131757478
330,2429,8.968356908080342,2,100,0.02,0.005501967500661645,0.07001179131757478
330,2430,8.970032424162255,2,100,0.02,0.005501967500661645,0.07001179131757478
330,2431,8.97170794024417,2,100,0.02,0.005501967500661645,0.07001179131757478
330,2432,8.973383456326086,2,100,0.02,0.005501967500661645,0.07001179131757478
330,2433,8.975058972408,2,100,0.02,0.005501967500661645,0.07001179131757478
330,2434,8.976734488489914,2,100,0.02,0.005501967500661645,0.07001179131757478
330,2435,8.978410004571828,9,200,0.045,0.02385254288504434,0.08329670438371192
330,2467,9.032026519193096,9,200,0.045,0.02385254288504434,0.08329670438371192
330,2475,9.045430647848411,10,200,0.05,0.027382645473457017,0.08957814852860962
330,2483,9.058834776503726,13,200,0.065,0.03837635449161451,0.10801907971038324
330,2491,9.072238905159043,10,200,0.05,0.027382645473457017,0.08957814852860962
331,1127,6.801678994715801,1,25,0.04,0.007096233423382075,0.1954406391161776
331,1803,7.934327866090041,1,25,0.04,0.007096233423382075,0.1954406391161776
331,2142,8.502327817859076,0,25,0.0,0.0,0.13319225276039096
331,2311,8.785490035702635,4,25,0.16,0.06403451412098321,0.3465362177560826
331,2396,8.927908902665372,3,25,0.12,0.04166817117905038,0.29955794091884674
331,2417,8.963094740385579,2,25,0.08,0.022220401084126245,0.24966109123460217
331,2419,8.966445772549408,2,100,0.02,0.005501967500661645,0.07001179131757478
331,2420,8.968121288631323,2,100,0.02,0.005501967500661645,0.07001179131757478
331,2421,8.969796804713237,2,100,0.02,0.005501967500661645,0.07001179131757478
331,2422,8.97147232079515,5,100,0.05,0.021543679017992166,0.1117504698741045
331,2423,8.973147836877065,7,100,0.07,0.0343192608798127,0.13749514806152413
331,2424,8.97482335295898,2,100,0.02,0.005501967500661645,0.07001179131757478
331,2425,8.976498869040896,2,100,0.02,0.005501967500661645,0.07001179131757478
331,2426,8.97817438512281,5,100,0.05,0.021543679017992166,0.1117504698741045
331,2427,8.979849901204723,6,200,0.03,0.013820314259191425,0.06389429280963374
331,2459,9.03346641582599,9,200,0.045,0.02385254288504434,0.08329670438371192
331,2467,9.046870544481306,10,200,0.05,0.027382645473457017,0.08957814852860962
331,2475,9.060274673136622,13,200,0.065,0.03837635449161451,0.10801907971038324
331,2483,9.073678801791939,10,200,0.05,0.027382645473457017,0.08957814852860962
332,1118,6.801443375266782,1,25,0.04,0.007096233423382075,0.1954406391161776
332,1795,7.935767762722936,1,25,0.04,0.007096233423382075,0.1954406391161776
332,2133,8.502092198410056,0,25,0.0,0.0,0.13319225276039096
332,2302,8.785254416253617,4,25,0.16,0.06403451412098321,0.3465362177560826
332,2387,8.927673283216354,3,25,0.12,0.04166817117905038,0.29955794091884674
332,2408,8.96285912093656,2,25,0.08,0.022220401084126245,0.24966109123460217
332,2410,8.966210153100388,2,100,0.02,0.005501967500661645,0.07001179131757478
332,2411,8.967885669182301,2,100,0.02,0.005501967500661645,0.07001179131757478
332,2412,8.969561185264217,2,100,0.02,0.005501967500661645,0.07001179131757478
332,2413,8.971236701346132,5,100,0.05,0.021543679017992166,0.1117504698741045
332,2414,8.972912217428046,7,100,0.07,0.0343192608798127,0.13749514806152413
332,2415,8.97458773350996,2,100,0.02,0.005501967500661645,0.07001179131757478
332,2416,8.976263249591875,2,100,0.02,0.005501967500661645,0.07001179131757478
332,2417,8.977938765673791,5,100,0.05,0.021543679017992166,0.1117504698741045
332,2418,8.979614281755705,6,200,0.03,0.013820314259191425,0.06389429280963374
332,2450,9.03323079637697,10,200,0.05,0.027382645473457017,0.08957814852860962
332,2458,9.046634925032286,10,200,0.05,0.027382645473457017,0.08957814852860962
332,2466,9.060039053687603,13,200,0.065,0.03837635449161451,0.10801907971038324
332,2474,9.07344318234292,10,200,0.05,0.027382645473457017,0.08957814852860962
333,1109,6.801207755817762,1,25,0.04,0.007096233423382075,0.1954406391161776
333,1786,7.9355321432739165,1,25,0.04,0.007096233423382075,0.1954406391161776
333,2124,8.501856578961036,1,25,0.04,0.007096233423382075,0.1954406391161776
333,2293,8.785018796804597,4,25,0.16,0.06403451412098321,0.3465362177560826
333,2378,8.927437663767334,4,25,0.16,0.06403451412098321,0.3465362177560826
333,2399,8.962623501487538,2,25,0.08,0.022220401084126245,0.24966109123460217
333,2401,8.96597453365137,3,100,0.03,0.010254523944281514,0.08451936489857498
333,2402,8.967650049733283,3,100,0.03,0.010254523944281514,0.08451936489857498
333,2403,8.969325565815197,3,100,0.03,0.010254523944281514,0.08451936489857498
333,2404,8.971001081897112,6,100,0.06,0.027786123800628153,0.12476815511608857
333,2405,8.972676597979028,7,100,0.07,0.0343192608798127,0.13749514806152413
333,2406,8.974352114060942,3,100,0.03,0.010254523944281514,0.08451936489857498
333,2407,8.976027630142855,3,100,0.03,0.010254523944281514,0.08451936489857498
333,2408,8.977703146224771,6,100,0.06,0.027786123800628153,0.12476815511608857
333,2409,8.979378662306686,6,200,0.03,0.013820314259191425,0.06389429280963374
333,2441,9.032995176927951,11,200,0.055,0.03098534156570805,0.09578699916966896
333,2449,9.046399305583268,11,200,0.055,0.03098534156570805,0.09578699916966896
333,2457,9.059803434238585,14,200,0.07,0.04215217166140097,0.11405480927390717
333,2465,9.0732075628939,13,200,0.065,0.03837635449161451,0.10801907971038324
334,1100,6.800972136368744,1,25,0.04,0.007096233423382075,0.1954406391161776
334,1777,7.935296523824898,1,25,0.04,0.007096233423382075,0.1954406391161776
334,2115,8.501620959512017,1,25,0.04,0.007096233423382075,0.1954406391161776
334,2284,8.784783177355578,4,25,0.16,0.06403451412098321,0.3465362177560826
334,2369,8.927202044318316,4,25,0.16,0.06403451412098321,0.3465362177560826
334,2390,8.96238788203852,2,25,0.08,0.022220401084126245,0.24966109123460217
334,2392,8.965738914202351,4,100,0.04,0.01566330388275538,0.09837071498472119
334,2393,8.967414430284265,4,100,0.04,0.01566330388275538,0.09837071498472119
334,2394,8.969089946366179,4,100,0.04,0.01566330388275538,0.09837071498472119
334,2395,8.970765462448094,7,100,0.07,0.0343192608798127,0.13749514806152413
334,2396,8.97244097853001,7,100,0.07,0.0343192608798127,0.13749514806152413
334,2397,8.974116494611923,4,100,0.04,0.01566330388275538,0.09837071498472119
334,2398,8.975792010693837,4,100,0.04,0.01566330388275538,0.09837071498472119
334,2399,8.97746752677575,7,100,0.07,0.0343192608798127,0.13749514806152413
334,2400,8.979143042857666,6,200,0.03,0.013820314259191425,0.06389429280963374
334,2432,9.032759557478933,11,200,0.055,0.03098534156570805,0.09578699916966896
334,2440,9.04616368613425,11,200,0.055,0.03098534156570805,0.09578699916966896
334,2448,9.059567814789565,14,200,0.07,0.04215217166140097,0.11405480927390717
334,2456,9.072971943444882,13,200,0.065,0.03837635449161451,0.10801907971038324
335,1091,6.8007365169197245,1,25,0.04,0.007096233423382075,0.1954406391161776
335,1768,7.935060904375879,1,25,0.04,0.007096233423382075,0.1954406391161776
335,2106,8.501385340062999,1,25,0.04,0.007096233423382075,0.1954406391161776
335,2276,8.786223073988474,4,25,0.16,0.06403451412098321,0.3465362177560826
335,2360,8.926966424869295,4,25,0.16,0.06403451412098321,0.3465362177560826
335,2381,8.962152262589502,2,25,0.08,0.022220401084126245,0.24966109123460217
335,2383,8.965503294753331,5,100,0.05,0.021543679017992166,0.1117504698741045
335,2384,8.967178810835245,5,100,0.05,0.021543679017992166,0.1117504698741045
335,2385,8.96885432691716,5,100,0.05,0.021543679017992166,0.1117504698741045
335,2386,8.970529842999074,5,100,0.05,0.021543679017992166,0.1117504698741045
335,2387,8.97220535908099,5,100,0.05,0.021543679017992166,0.1117504698741045
335,2388,8.973880875162903,5,100,0.05,0.021543679017992166,0.1117504698741045
335,2389,8.975556391244819,5,100,0.05,0.021543679017992166,0.1117504698741045
335,2390,8.977231907326733,5,100,0.05,0.021543679017992166,0.1117504698741045
335,2391,8.978907423408646,12,200,0.06,0.03465219410651454,0.10193169336217282
335,2423,9.032523938029913,11,200,0.055,0.03098534156570805,0.09578699916966896
335,2431,9.04592806668523,12,200,0.06,0.03465219410651454,0.10193169336217282
335,2439,9.059332195340545,15,200,0.075,0.04597491700833055,0.12004361066028794
335,2447,9.072736323995862,13,200,0.065,0.03837635449161451,0.10801907971038324
336,1083,6.802176413552619,1,25,0.04,0.007096233423382075,0.1954406391161776
336,1759,7.934825284926859,1,25,0.04,0.007096233423382075,0.1954406391161776
336,2098,8.502825236695895,1,25,0.04,0.007096233423382075,0.1954406391161776
336,2267,8.785987454539454,4,25,0.16,0.06403451412098321,0.3465362177560826
336,2351,8.926730805420277,4,25,0.16,0.06403451412098321,0.3465362177560826
336,2372,8.961916643140482,2,25,0.08,0.022220401084126245,0.24966109123460217
336,2374,8.965267675304311,6,100,0.06,0.027786123800628153,0.12476815511608857
336,2375,8.966943191386227,6,100,0.06,0.027786123800628153,0.12476815511608857
336,2376,8.96861870746814,6,100,0.06,0.027786123800628153,0.12476815511608857
336,2377,8.970294223550056,6,100,0.06,0.027786123800628153,0.12476815511608857
336,2378,8.97196973963197,6,100,0.06,0.027786123800628153,0.12476815511608857
336,2379,8.973645255713883,6,100,0.06,0.027786123800628153,0.12476815511608857
336,2380,8.975320771795799,6,100,0.06,0.027786123800628153,0.12476815511608857
336,2381,8.976996287877714,6,100,0.06,0.027786123800628153,0.12476815511608857
336,2382,8.978671803959628,12,200,0.06,0.03465219410651454,0.10193169336217282
336,2414,9.032288318580893,11,200,0.055,0.03098534156570805,0.09578699916966896
336,2422,9.04569244723621,13,200,0.065,0.03837635449161451,0.10801907971038324
336,2430,9.059096575891527,15,200,0.075,0.04597491700833055,0.12004361066028794
336,2438,9.072500704546844,15,200,0.075,0.04597491700833055,0.12004361066028794
337,1074,6.8019407941036,1,25,0.04,0.007096233423382075,0.1954406391161776
337,1750,7.93458966547784,1,25,0.04,0.007096233423382075,0.1954406391161776
337,2089,8.502589617246874,1,25,0.04,0.007096233423382075,0.1954406391161776
337,2258,8.785751835090434,4,25,0.16,0.06403451412098321,0.3465362177560826
337,2342,8.926495185971257,4,25,0.16,0.06403451412098321,0.3465362177560826
337,2364,8.963356539773377,2,25,0.08,0.022220401084126245,0.24966109123460217
337,2365,8.965032055855293,6,100,0.06,0.027786123800628153,0.12476815511608857
337,2366,8.966707571937206,6,100,0.06,0.027786123800628153,0.12476815511608857
337,2367,8.96838308801912,6,100,0.06,0.027786123800628153,0.12476815511608857
337,2368,8.970058604101036,6,100,0.06,0.027786123800628153,0.12476815511608857
337,2369,8.971734120182951,6,100,0.06,0.027786123800628153,0.12476815511608857
337,2370,8.973409636264865,6,100,0.06,0.027786123800628153,0.12476815511608857
337,2371,8.975085152346779,6,100,0.06,0.027786123800628153,0.12476815511608857
337,2372,8.976760668428694,6,100,0.06,0.027786123800628153,0.12476815511608857
337,2373,8.978436184510608,12,200,0.06,0.03465219410651454,0.10193169336217282
337,2405,9.032052699131874,11,200,0.055,0.03098534156570805,0.09578699916966896
337,2413,9.045456827787191,14,200,0.07,0.04215217166140097,0.11405480927390717
337,2421,9.058860956442508,15,200,0.075,0.04597491700833055,0.12004361066028794
337,2429,9.072265085097824,15,200,0.075,0.04597491700833055,0.12004361066028794
338,1065,6.801705174654581,1,25,0.04,0.007096233423382075,0.1954406391161776
338,1741,7.934354046028821,1,25,0.04,0.007096233423382075,0.1954406391161776
338,2080,8.502353997797854,2,25,0.08,0.022220401084126245,0.24966109123460217
338,2249,8.785516215641415,4,25,0.16,0.06403451412098321,0.3465362177560826
338,2334,8.927935082604153,4,25,0.16,0.06403451412098321,0.3465362177560826
338,2355,8.963120920324357,2,25,0.08,0.022220401084126245,0.24966109123460217
338,2357,8.966471952488188,6,100,0.06,0.027786123800628153,0.12476815511608857
338,2358,8.968147468570102,6,100,0.06,0.027786123800628153,0.12476815511608857
338,2359,8.969822984652016,6,100,0.06,0.027786123800628153,0.12476815511608857
338,2360,8.971498500733931,7,100,0.07,0.0343192608798127,0.13749514806152413
338,2361,8.973174016815845,7,100,0.07,0.0343192608798127,0.13749514806152413
338,2362,8.97484953289776,6,100,0.06,0.027786123800628153,0.12476815511608857
338,2363,8.976525048979674,6,100,0.06,0.027786123800628153,0.12476815511608857
338,2364,8.97820056506159,7,100,0.07,0.0343192608798127,0.13749514806152413
338,2365,8.979876081143503,6,200,0.03,0.013820314259191425,0.06389429280963374
338,2397,9.03349259576477,11,200,0.055,0.03098534156570805,0.09578699916966896
338,2405,9.046896724420087,15,200,0.075,0.04597491700833055,0.12004361066028794
338,2413,9.060300853075402,17,200,0.085,0.05374574998400461,0.13189587115123463
338,2421,9.07370498173072,15,200,0.075,0.04597491700833055,0.12004361066028794
339,1056,6.801469555205562,1,25,0.04,0.007096233423382075,0.1954406391161776
339,1733,7.935793942661716,1,25,0.04,0.007096233423382075,0.1954406391161776
339,2071,8.502118378348836,2,25,0.08,0.022220401084126245,0.24966109123460217
339,2240,8.785280596192397,4,25,0.16,0.06403451412098321,0.3465362177560826
339,2325,8.927699463155134,4,25,0.16,0.06403451412098321,0.3465362177560826
339,2346,8.962885300875339,2,25,0.08,0.022220401084126245,0.24966109123460217
339,2348,8.966236333039168,6,100,0.06,0.027786123800628153,0.12476815511608857
339,2349,8.967911849121084,6,100,0.06,0.027786123800628153,0.12476815511608857
339,2350,8.969587365202997,6,100,0.06,0.027786123800628153,0.12476815511608857
339,2351,8.971262881284913,7,100,0.07,0.0343192608798127,0.13749514806152413
339,2352,8.972938397366827,7,100,0.07,0.0343192608798127,0.13749514806152413
339,2353,8.974613913448742,6,100,0.06,0.027786123800628153,0.12476815511608857
339,2354,8.976289429530656,6,100,0.06,0.027786123800628153,0.12476815511608857
339,2355,8.97796494561257,7,100,0.07,0.0343192608798127,0.13749514806152413
339,2356,8.979640461694485,6,200,0.03,0.013820314259191425,0.06389429280963374
339,2388,9.033256976315752,11,200,0.055,0.03098534156570805,0.09578699916966896
339,2396,9.046661104971069,15,200,0.075,0.04597491700833055,0.12004361066028794
339,2404,9.060065233626384,18,200,0.09,0.05768744866037736,0.13776571920817224
339,2412,9.073469362281699,16,200,0.08,0.04984058570487163,0.12598948869705726
340,1047,6.801233935756542,1,25,0.04,0.007096233423382075,0.1954406391161776
340,1724,7.935558323212698,1,25,0.04,0.007096233423382075,0.1954406391161776
340,2062,8.501882758899818,2,25,0.08,0.022220401084126245,0.24966109123460217
340,2231,8.785044976743377,4,25,0.16,0.06403451412098321,0.3465362177560826
340,2316,8.927463843706114,4,25,0.16,0.06403451412098321,0.3465362177560826
340,2337,8.96264968142632,2,25,0.08,0.022220401084126245,0.24966109123460217
340,2339,8.96600071359015,6,100,0.06,0.027786123800628153,0.12476815511608857
340,2340,8.967676229672064,6,100,0.06,0.027786123800628153,0.12476815511608857
340,2341,8.969351745753979,6,100,0.06,0.027786123800628153,0.12476815511608857
340,2342,8.971027261835893,7,100,0.07,0.0343192608798127,0.13749514806152413
340,2343,8.972702777917807,7,100,0.07,0.0343192608798127,0.13749514806152413
340,2344,8.974378293999722,6,100,0.06,0.027786123800628153,0.12476815511608857
340,2345,8.976053810081638,6,100,0.06,0.027786123800628153,0.12476815511608857
340,2346,8.977729326163551,7,100,0.07,0.0343192608798127,0.13749514806152413
340,2347,8.979404842245465,8,200,0.04,0.0204056319610195,0.0769320685744264
340,2379,9.033021356866731,11,200,0.055,0.03098534156570805,0.09578699916966896
340,2387,9.046425485522049,15,200,0.075,0.04597491700833055,0.12004361066028794
340,2395,9.059829614177364,19,200,0.095,0.061663102507449205,0.14360161209441077
340,2403,9.07323374283268,16,200,0.08,0.04984058570487163,0.12598948869705726
341,1038,6.800998316307523,1,25,0.04,0.007096233423382075,0.1954406391161776
341,1715,7.935322703763678,1,25,0.04,0.007096233423382075,0.1954406391161776
341,2053,8.501647139450798,2,25,0.08,0.022220401084126245,0.24966109123460217
341,2222,8.784809357294357,4,25,0.16,0.06403451412098321,0.3465362177560826
341,2307,8.927228224257096,4,25,0.16,0.06403451412098321,0.3465362177560826
341,2328,8.9624140619773,2,25,0.08,0.022220401084126245,0.24966109123460217
341,2330,8.96576509414113,6,100,0.06,0.027786123800628153,0.12476815511608857
341,2331,8.967440610223044,6,100,0.06,0.027786123800628153,0.12476815511608857
341,2332,8.969116126304959,6,100,0.06,0.027786123800628153,0.12476815511608857
341,2333,8.970791642386875,7,100,0.07,0.0343192608798127,0.13749514806152413
341,2334,8.972467158468788,7,100,0.07,0.0343192608798127,0.13749514806152413
341,2335,8.974142674550702,6,100,0.06,0.027786123800628153,0.12476815511608857
341,2336,8.975818190632618,6,100,0.06,0.027786123800628153,0.12476815511608857
341,2337,8.977493706714531,7,100,0.07,0.0343192608798127,0.13749514806152413
341,2338,8.979169222796447,8,200,0.04,0.0204056319610195,0.0769320685744264
341,2370,9.032785737417711,11,200,0.055,0.03098534156570805,0.09578699916966896
341,2378,9.046189866073028,15,200,0.075,0.04597491700833055,0.12004361066028794
341,2386,9.059593994728345,19,200,0.095,0.061663102507449205,0.14360161209441077
341,2394,9.072998123383663,16,200,0.08,0.04984058570487163,0.12598948869705726
342,1029,6.800762696858504,2,25,0.08,0.022220401084126245,0.24966109123460217
342,1706,7.935087084314659,1,25,0.04,0.007096233423382075,0.1954406391161776
342,2044,8.501411520001778,2,25,0.08,0.022220401084126245,0.24966109123460217
342,2214,8.786249253927252,4,25,0.16,0.06403451412098321,0.3465362177560826
342,2298,8.926992604808076,4,25,0.16,0.06403451412098321,0.3465362177560826
342,2319,8.96217844252828,2,25,0.08,0.022220401084126245,0.24966109123460217
342,2321,8.965529474692111,6,100,0.06,0.027786123800628153,0.12476815511608857
342,2322,8.967204990774025,6,100,0.06,0.027786123800628153,0.12476815511608857
342,2323,8.968880506855939,6,100,0.06,0.027786123800628153,0.12476815511608857
342,2324,8.970556022937854,6,100,0.06,0.027786123800628153,0.12476815511608857
342,2325,8.972231539019768,6,100,0.06,0.027786123800628153,0.12476815511608857
342,2326,8.973907055101684,6,100,0.06,0.027786123800628153,0.12476815511608857
342,2327,8.975582571183597,6,100,0.06,0.027786123800628153,0.12476815511608857
342,2328,8.977258087265513,7,100,0.07,0.0343192608798127,0.13749514806152413
342,2329,8.978933603347427,10,200,0.05,0.027382645473457017,0.08957814852860962
342,2361,9.032550117968693,11,200,0.055,0.03098534156570805,0.09578699916966896
342,2369,9.04595424662401,15,200,0.075,0.04597491700833055,0.12004361066028794
342,2377,9.059358375279325,19,200,0.095,0.061663102507449205,0.14360161209441077
342,2385,9.072762503934642,17,200,0.085,0.05374574998400461,0.13189587115123463
343,1021,6.802202593491399,2,25,0.08,0.022220401084126245,0.24966109123460217
343,1697,7.934851464865639,2,25,0.08,0.022220401084126245,0.24966109123460217
343,2035,8.50117590055276,2,25,0.08,0.022220401084126245,0.24966109123460217
343,2205,8.786013634478234,4,25,0.16,0.06403451412098321,0.3465362177560826
343,2289,8.926756985359056,4,25,0.16,0.06403451412098321,0.3465362177560826
343,2310,8.961942823079262,2,25,0.08,0.022220401084126245,0.24966109123460217
343,2312,8.965293855243091,6,100,0.06,0.027786123800628153,0.12476815511608857
343,2313,8.966969371325005,6,100,0.06,0.027786123800628153,0.12476815511608857
343,2314,8.96864488740692,6,100,0.06,0.027786123800628153,0.12476815511608857
343,2315,8.970320403488834,6,100,0.06,0.027786123800628153,0.12476815511608857
343,2316,8.97199591957075,6,100,0.06,0.027786123800628153,0.12476815511608857
343,2317,8.973671435652664,6,100,0.06,0.027786123800628153,0.12476815511608857
343,2318,8.97534695173458,6,100,0.06,0.027786123800628153,0.12476815511608857
343,2319,8.977022467816493,6,100,0.06,0.027786123800628153,0.12476815511608857
343,2320,8.978697983898407,15,200,0.075,0.04597491700833055,0.12004361066028794
343,2352,9.032314498519673,12,200,0.06,0.03465219410651454,0.10193169336217282
343,2360,9.04571862717499,15,200,0.075,0.04597491700833055,0.12004361066028794
343,2368,9.059122755830305,20,200,0.1,0.06567044845124732,0.14940581288392302
343,2376,9.072526884485622,17,200,0.085,0.05374574998400461,0.13189587115123463
344,1012,6.801966974042379,2,25,0.08,0.022220401084126245,0.24966109123460217
344,1688,7.934615845416619,2,25,0.08,0.022220401084126245,0.24966109123460217
344,2027,8.502615797185655,2,25,0.08,0.022220401084126245,0.24966109123460217
344,2196,8.785778015029214,4,25,0.16,0.06403451412098321,0.3465362177560826
344,2280,8.926521365910038,4,25,0.16,0.06403451412098321,0.3465362177560826
344,2302,8.963382719712158,2,25,0.08,0.022220401084126245,0.24966109123460217
344,2303,8.965058235794071,6,100,0.06,0.027786123800628153,0.12476815511608857
344,2304,8.966733751875987,6,100,0.06,0.027786123800628153,0.12476815511608857
344,2305,8.9684092679579,6,100,0.06,0.027786123800628153,0.12476815511608857
344,2306,8.970084784039816,6,100,0.06,0.027786123800628153,0.12476815511608857
344,2307,8.97176030012173,6,100,0.06,0.027786123800628153,0.12476815511608857
344,2308,8.973435816203644,6,100,0.06,0.027786123800628153,0.12476815511608857
344,2309,8.97511133228556,6,100,0.06,0.027786123800628153,0.12476815511608857
344,2310,8.976786848367475,6,100,0.06,0.027786123800628153,0.12476815511608857
344,2311,8.978462364449388,15,200,0.075,0.04597491700833055,0.12004361066028794
344,2343,9.032078879070653,12,200,0.06,0.03465219410651454,0.10193169336217282
344,2351,9.04548300772597,15,200,0.075,0.04597491700833055,0.12004361066028794
344,2359,9.058887136381287,20,200,0.1,0.06567044845124732,0.14940581288392302
344,2367,9.072291265036604,17,200,0.085,0.05374574998400461,0.13189587115123463
345,1003,6.801731354593361,2,25,0.08,0.022220401084126245,0.24966109123460217
345,1679,7.934380225967601,2,25,0.08,0.022220401084126245,0.24966109123460217
345,2018,8.502380177736637,2,25,0.08,0.022220401084126245,0.24966109123460217
345,2187,8.785542395580196,4,25,0.16,0.06403451412098321,0.3465362177560826
345,2272,8.927961262542933,4,25,0.16,0.06403451412098321,0.3465362177560826
345,2293,8.96314710026314,2,25,0.08,0.022220401084126245,0.24966109123460217
345,2295,8.966498132426967,7,100,0.07,0.0343192608798127,0.13749514806152413
345,2296,8.968173648508882,7,100,0.07,0.0343192608798127,0.13749514806152413
345,2297,8.969849164590798,7,100,0.07,0.0343192608798127,0.13749514806152413
345,2298,8.971524680672712,8,100,0.08,0.04109346127318457,0.14998107769277233
345,2299,8.973200196754625,7,100,0.07,0.0343192608798127,0.13749514806152413
345,2300,8.97487571283654,7,100,0.07,0.0343192608798127,0.13749514806152413
345,2301,8.976551228918455,7,100,0.07,0.0343192608798127,0.13749514806152413
345,2302,8.97822674500037,8,100,0.08,0.04109346127318457,0.14998107769277233
345,2303,8.979902261082284,10,200,0.05,0.027382645473457017,0.08957814852860962
345,2335,9.03351877570355,12,200,0.06,0.03465219410651454,0.10193169336217282
345,2343,9.046922904358865,15,200,0.075,0.04597491700833055,0.12004361066028794
345,2351,9.060327033014183,21,200,0.105,0.06970748770124899,0.15518032036723173
345,2359,9.0737311616695,17,200,0.085,0.05374574998400461,0.13189587115123463
346,994,6.801495735144342,2,25,0.08,0.022220401084126245,0.24966109123460217
346,1671,7.9358201226004965,2,25,0.08,0.022220401084126245,0.24966109123460217
346,2009,8.502144558287617,2,25,0.08,0.022220401084126245,0.24966109123460217
346,2178,8.785306776131176,4,25,0.16,0.06403451412098321,0.3465362177560826
346,2263,8.927725643093913,4,25,0.16,0.06403451412098321,0.3465362177560826
346,2284,8.96291148081412,2,25,0.08,0.022220401084126245,0.24966109123460217
346,2286,8.966262512977949,7,100,0.07,0.0343192608798127,0.13749514806152413
346,2287,8.967938029059862,7,100,0.07,0.0343192608798127,0.13749514806152413
346,2288,8.969613545141778,7,100,0.07,0.0343192608798127,0.13749514806152413
346,2289,8.971289061223692,8,100,0.08,0.04109346127318457,0.14998107769277233
346,2290,8.972964577305607,7,100,0.07,0.0343192608798127,0.13749514806152413
346,2291,8.97464009338752,7,100,0.07,0.0343192608798127,0.13749514806152413
346,2292,8.976315609469436,7,100,0.07,0.0343192608798127,0.13749514806152413
346,2293,8.97799112555135,8,100,0.08,0.04109346127318457,0.14998107769277233
346,2294,8.979666641633266,10,200,0.05,0.027382645473457017,0.08957814852860962
346,2326,9.03328315625453,13,200,0.065,0.03837635449161451,0.10801907971038324
346,2334,9.046687284909847,16,200,0.08,0.04984058570487163,0.12598948869705726
346,2342,9.060091413565164,21,200,0.105,0.06970748770124899,0.15518032036723173
346,2350,9.07349554222048,17,200,0.085,0.05374574998400461,0.13189587115123463
347,985,6.801260115695323,2,25,0.08,0.022220401084126245,0.24966109123460217
347,1662,7.9355845031514765,2,25,0.08,0.022220401084126245,0.24966109123460217
347,2000,8.501908938838596,2,25,0.08,0.022220401084126245,0.24966109123460217
347,2169,8.785071156682157,4,25,0.16,0.06403451412098321,0.3465362177560826
347,2254,8.927490023644895,4,25,0.16,0.06403451412098321,0.3465362177560826
347,2275,8.9626758613651,2,25,0.08,0.022220401084126245,0.24966109123460217
347,2277,8.966026893528928,7,100,0.07,0.0343192608798127,0.13749514806152413
347,2278,8.967702409610844,7,100,0.07,0.0343192608798127,0.13749514806152413
347,2279,8.969377925692758,7,100,0.07,0.0343192608798127,0.13749514806152413
347,2280,8.971053441774673,8,100,0.08,0.04109346127318457,0.14998107769277233
347,2281,8.972728957856587,7,100,0.07,0.0343192608798127,0.13749514806152413
347,2282,8.974404473938502,7,100,0.07,0.0343192608798127,0.13749514806152413
347,2283,8.976079990020416,7,100,0.07,0.0343192608798127,0.13749514806152413
347,2284,8.97775550610233,8,100,0.08,0.04109346127318457,0.14998107769277233
347,2285,8.979431022184245,11,200,0.055,0.03098534156570805,0.09578699916966896
347,2317,9.033047536805512,13,200,0.065,0.03837635449161451,0.10801907971038324
347,2325,9.046451665460827,17,200,0.085,0.05374574998400461,0.13189587115123463
347,2333,9.059855794116144,21,200,0.105,0.06970748770124899,0.15518032036723173
347,2341,9.073259922771461,17,200,0.085,0.05374574998400461,0.13189587115123463
348,976,6.801024496246303,2,25,0.08,0.022220401084126245,0.24966109123460217
348,1653,7.935348883702457,2,25,0.08,0.022220401084126245,0.24966109123460217
348,1991,8.501673319389578,2,25,0.08,0.022220401084126245,0.24966109123460217
348,2160,8.784835537233137,4,25,0.16,0.06403451412098321,0.3465362177560826
348,2245,8.927254404195875,4,25,0.16,0.06403451412098321,0.3465362177560826
348,2266,8.962440241916081,2,25,0.08,0.022220401084126245,0.24966109123460217
348,2268,8.96579127407991,7,100,0.07,0.0343192608798127,0.13749514806152413
348,2269,8.967466790161824,7,100,0.07,0.0343192608798127,0.13749514806152413
348,2270,8.96914230624374,7,100,0.07,0.0343192608798127,0.13749514806152413
348,2271,8.970817822325653,9,100,0.09,0.04807253976868698,0.16226212922188998
348,2272,8.972493338407567,8,100,0.08,0.04109346127318457,0.14998107769277233
348,2273,8.974168854489482,7,100,0.07,0.0343192608798127,0.13749514806152413
348,2274,8.975844370571398,7,100,0.07,0.0343192608798127,0.13749514806152413
348,2275,8.977519886653312,9,100,0.09,0.04807253976868698,0.16226212922188998
348,2276,8.979195402735225,11,200,0.055,0.03098534156570805,0.09578699916966896
348,2308,9.032811917356492,13,200,0.065,0.03837635449161451,0.10801907971038324
348,2316,9.046216046011809,17,200,0.085,0.05374574998400461,0.13189587115123463
348,2324,9.059620174667124,21,200,0.105,0.06970748770124899,0.15518032036723173
348,2332,9.073024303322441,18,200,0.09,0.05768744866037736,0.13776571920817224
349,967,6.8007888767972835,2,25,0.08,0.022220401084126245,0.24966109123460217
349,1644,7.935113264253438,2,25,0.08,0.022220401084126245,0.24966109123460217
349,1982,8.501437699940558,2,25,0.08,0.022220401084126245,0.24966109123460217
349,2151,8.784599917784117,4,25,0.16,0.06403451412098321,0.3465362177560826
349,2236,8.927018784746856,4,25,0.16,0.06403451412098321,0.3465362177560826
349,2257,8.96220462246706,2,25,0.08,0.022220401084126245,0.24966109123460217
349,2259,8.96555565463089,7,100,0.07,0.0343192608798127,0.13749514806152413
349,2260,8.967231170712804,7,100,0.07,0.0343192608798127,0.13749514806152413
349,2261,8.96890668679472,7,100,0.07,0.0343192608798127,0.13749514806152413
349,2262,8.970582202876635,7,100,0.07,0.0343192608798127,0.13749514806152413
349,2263,8.972257718958549,7,100,0.07,0.0343192608798127,0.13749514806152413
349,2264,8.973933235040462,7,100,0.07,0.0343192608798127,0.13749514806152413
349,2265,8.975608751122378,7,100,0.07,0.0343192608798127,0.13749514806152413
349,2266,8.977284267204292,9,100,0.09,0.04807253976868698,0.16226212922188998
349,2267,8.978959783286207,11,200,0.055,0.03098534156570805,0.09578699916966896
349,2299,9.032576297907472,14,200,0.07,0.04215217166140097,0.11405480927390717
349,2307,9.045980426562789,17,200,0.085,0.05374574998400461,0.13189587115123463
349,2315,9.059384555218106,21,200,0.105,0.06970748770124899,0.15518032036723173
349,2323,9.072788683873421,18,200,0.09,0.05768744866037736,0.13776571920817224
350,959,6.80222877343018,2,25,0.08,0.022220401084126245,0.24966109123460217
350,1635,7.93487764480442,2,25,0.08,0.022220401084126245,0.24966109123460217
350,1973,8.50120208049154,2,25,0.08,0.022220401084126245,0.24966109123460217
350,2143,8.786039814417014,4,25,0.16,0.06403451412098321,0.3465362177560826
350,2227,8.926783165297836,4,25,0.16,0.06403451412098321,0.3465362177560826
350,2248,8.961969003018043,2,25,0.08,0.022220401084126245,0.24966109123460217
350,2250,8.965320035181872,7,100,0.07,0.0343192608798127,0.13749514806152413
350,2251,8.966995551263786,7,100,0.07,0.0343192608798127,0.13749514806152413
350,2252,8.968671067345701,7,100,0.07,0.0343192608798127,0.13749514806152413
350,2253,8.970346583427615,7,100,0.07,0.0343192608798127,0.13749514806152413
350,2254,8.97202209950953,7,100,0.07,0.0343192608798127,0.13749514806152413
350,2255,8.973697615591444,7,100,0.07,0.0343192608798127,0.13749514806152413
350,2256,8.97537313167336,7,100,0.07,0.0343192608798127,0.13749514806152413
350,2257,8.977048647755273,7,100,0.07,0.0343192608798127,0.13749514806152413
350,2258,8.978724163837189,18,200,0.09,0.05768744866037736,0.13776571920817224
350,2290,9.032340678458453,15,200,0.075,0.04597491700833055,0.12004361066028794
350,2298,9.04574480711377,17,200,0.085,0.05374574998400461,0.13189587115123463
350,2306,9.059148935769088,22,200,0.11,0.07377244436816725,0.16092691043362384
350,2314,9.072553064424403,18,200,0.09,0.05768744866037736,0.13776571920817224
351,950,6.80199315398116,2,25,0.08,0.022220401084126245,0.24966109123460217
351,1626,7.9346420253554,2,25,0.08,0.022220401084126245,0.24966109123460217
351,1965,8.502641977124435,2,25,0.08,0.022220401084126245,0.24966109123460217
351,2134,8.785804194967994,4,25,0.16,0.06403451412098321,0.3465362177560826
351,2218,8.926547545848818,4,25,0.16,0.06403451412098321,0.3465362177560826
351,2240,8.963408899650938,2,25,0.08,0.022220401084126245,0.24966109123460217
351,2241,8.965084415732852,8,100,0.08,0.04109346127318457,0.14998107769277233
351,2242,8.966759931814767,8,100,0.08,0.04109346127318457,0.14998107769277233
351,2243,8.968435447896681,8,100,0.08,0.04109346127318457,0.14998107769277233
351,2244,8.970110963978597,8,100,0.08,0.04109346127318457,0.14998107769277233
351,2245,8.97178648006051,8,100,0.08,0.04109346127318457,0.14998107769277233
351,2246,8.973461996142426,8,100,0.08,0.04109346127318457,0.14998107769277233
351,2247,8.97513751222434,8,100,0.08,0.04109346127318457,0.14998107769277233
351,2248,8.976813028306253,8,100,0.08,0.04109346127318457,0.14998107769277233
351,2249,8.978488544388169,18,200,0.09,0.05768744866037736,0.13776571920817224
351,2281,9.032105059009435,16,200,0.08,0.04984058570487163,0.12598948869705726
351,2289,9.04550918766475,17,200,0.085,0.05374574998400461,0.13189587115123463
351,2297,9.058913316320067,22,200,0.11,0.07377244436816725,0.16092691043362384
351,2305,9.072317444975383,18,200,0.09,0.05768744866037736,0.13776571920817224
352,941,6.801757534532141,2,25,0.08,0.022220401084126245,0.24966109123460217
352,1617,7.934406405906381,2,25,0.08,0.022220401084126245,0.24966109123460217
352,1956,8.502406357675415,3,25,0.12,0.04166817117905038,0.29955794091884674
352,2125,8.785568575518976,0,25,0.0,0.0,0.13319225276039096
352,2209,8.926311926399798,4,25,0.16,0.06403451412098321,0.3465362177560826
352,2231,8.963173280201918,2,25,0.08,0.022220401084126245,0.24966109123460217
352,2233,8.966524312365747,8,100,0.08,0.04109346127318457,0.14998107769277233
352,2234,8.968199828447663,8,100,0.08,0.04109346127318457,0.14998107769277233
352,2235,8.969875344529576,8,100,0.08,0.04109346127318457,0.14998107769277233
352,2236,8.97155086061149,9,100,0.09,0.04807253976868698,0.16226212922188998
352,2237,8.973226376693406,8,100,0.08,0.04109346127318457,0.14998107769277233
352,2238,8.974901892775321,8,100,0.08,0.04109346127318457,0.14998107769277233
352,2239,8.976577408857235,8,100,0.08,0.04109346127318457,0.14998107769277233
352,2240,8.978252924939149,9,100,0.09,0.04807253976868698,0.16226212922188998
352,2241,8.979928441021064,12,200,0.06,0.03465219410651454,0.10193169336217282
352,2273,9.03354495564233,18,200,0.09,0.05768744866037736,0.13776571920817224
352,2281,9.046949084297646,18,200,0.09,0.05768744866037736,0.13776571920817224
352,2289,9.060353212952963,23,200,0.115,0.07786373208518774,0.16664716944991373
352,2297,9.073757341608278,18,200,0.09,0.05768744866037736,0.13776571920817224
353,932,6.801521915083121,2,25,0.08,0.022220401084126245,0.24966109123460217
353,1609,7.935846302539276,2,25,0.08,0.022220401084126245,0.24966109123460217
353,1947,8.502170738226397,3,25,0.12,0.04166817117905038,0.29955794091884674
353,2116,8.785332956069956,0,25,0.0,0.0,0.13319225276039096
353,2201,8.927751823032693,4,25,0.16,0.06403451412098321,0.3465362177560826
353,2222,8.9629376607529,2,25,0.08,0.022220401084126245,0.24966109123460217
353,2224,8.966288692916727,9,100,0.09,0.04807253976868698,0.16226212922188998
353,2225,8.967964208998643,9,100,0.09,0.04807253976868698,0.16226212922188998
353,2226,8.969639725080558,9,100,0.09,0.04807253976868698,0.16226212922188998
353,2227,8.971315241162472,10,100,0.1,0.0552291368050726,0.17436566221012448
353,2228,8.972990757244386,8,100,0.08,0.04109346127318457,0.14998107769277233
353,2229,8.974666273326301,9,100,0.09,0.04807253976868698,0.16226212922188998
353,2230,8.976341789408215,9,100,0.09,0.04807253976868698,0.16226212922188998
353,2231,8.97801730549013,10,100,0.1,0.0552291368050726,0.17436566221012448
353,2232,8.979692821572044,12,200,0.06,0.03465219410651454,0.10193169336217282
353,2264,9.03330933619331,18,200,0.09,0.05768744866037736,0.13776571920817224
353,2272,9.046713464848626,18,200,0.09,0.05768744866037736,0.13776571920817224
353,2280,9.060117593503943,24,200,0.12,0.0819799268161472,0.17234252145226464
353,2288,9.07352172215926,18,200,0.09,0.05768744866037736,0.13776571920817224
354,923,6.801286295634101,2,25,0.08,0.022220401084126245,0.24966109123460217
354,1600,7.935610683090257,2,25,0.08,0.022220401084126245,0.24966109123460217
354,1938,8.501935118777377,3,25,0.12,0.04166817117905038,0.29955794091884674
354,2107,8.785097336620936,0,25,0.0,0.0,0.13319225276039096
354,2192,8.927516203583673,4,25,0.16,0.06403451412098321,0.3465362177560826
354,2213,8.96270204130388,2,25,0.08,0.022220401084126245,0.24966109123460217
354,2215,8.966053073467709,9,100,0.09,0.04807253976868698,0.16226212922188998
354,2216,8.967728589549623,9,100,0.09,0.04807253976868698,0.16226212922188998
354,2217,8.969404105631538,9,100,0.09,0.04807253976868698,0.16226212922188998
354,2218,8.971079621713452,11,100,0.11,0.06254196329419368,0.18631296574562342
354,2219,8.972755137795367,9,100,0.09,0.04807253976868698,0.16226212922188998
354,2220,8.974430653877281,9,100,0.09,0.04807253976868698,0.16226212922188998
354,2221,8.976106169959195,9,100,0.09,0.04807253976868698,0.16226212922188998
354,2222,8.97778168604111,11,100,0.11,0.06254196329419368,0.18631296574562342
354,2223,8.979457202123026,12,200,0.06,0.03465219410651454,0.10193169336217282
354,2255,9.03307371674429,18,200,0.09,0.05768744866037736,0.13776571920817224
354,2263,9.046477845399608,18,200,0.09,0.05768744866037736,0.13776571920817224
354,2271,9.059881974054925,25,200,0.125,0.0861197445025044,0.1780142504992178
354,2279,9.07328610271024,19,200,0.095,0.061663102507449205,0.14360161209441077
355,914,6.801050676185083,2,25,0.08,0.022220401084126245,0.24966109123460217
355,1591,7.935375063641239,2,25,0.08,0.022220401084126245,0.24966109123460217
355,1929,8.501699499328359,3,25,0.12,0.04166817117905038,0.29955794091884674
355,2098,8.784861717171918,0,25,0.0,0.0,0.13319225276039096
355,2183,8.927280584134655,4,25,0.16,0.06403451412098321,0.3465362177560826
355,2204,8.962466421854861,2,25,0.08,0.022220401084126245,0.24966109123460217
355,2206,8.96581745401869,9,100,0.09,0.04807253976868698,0.16226212922188998
355,2207,8.967492970100604,9,100,0.09,0.04807253976868698,0.16226212922188998
355,2208,8.96916848618252,9,100,0.09,0.04807253976868698,0.16226212922188998
355,2209,8.970844002264434,11,100,0.11,0.06254196329419368,0.18631296574562342
355,2210,8.972519518346349,9,100,0.09,0.04807253976868698,0.16226212922188998
355,2211,8.974195034428263,9,100,0.09,0.04807253976868698,0.16226212922188998
355,2212,8.975870550510177,9,100,0.09,0.04807253976868698,0.16226212922188998
355,2213,8.977546066592092,11,100,0.11,0.06254196329419368,0.18631296574562342
355,2214,8.979221582674008,12,200,0.06,0.03465219410651454,0.10193169336217282
355,2246,9.032838097295272,19,200,0.095,0.061663102507449205,0.14360161209441077
355,2254,9.04624222595059,18,200,0.09,0.05768744866037736,0.13776571920817224
355,2262,9.059646354605906,25,200,0.125,0.0861197445025044,0.1780142504992178
355,2270,9.073050483261222,20,200,0.1,0.06567044845124732,0.14940581288392302
356,905,6.800815056736064,2,25,0.08,0.022220401084126245,0.24966109123460217
356,1582,7.9351394441922185,2,25,0.08,0.022220401084126245,0.24966109123460217
356,1920,8.501463879879338,3,25,0.12,0.04166817117905038,0.29955794091884674
356,2089,8.7846260977229,0,25,0.0,0.0,0.13319225276039096
356,2174,8.927044964685635,4,25,0.16,0.06403451412098321,0.3465362177560826
356,2195,8.962230802405841,2,25,0.08,0.022220401084126245,0.24966109123460217
356,2197,8.96558183456967,9,100,0.09,0.04807253976868698,0.16226212922188998
356,2198,8.967257350651586,9,100,0.09,0.04807253976868698,0.16226212922188998
356,2199,8.9689328667335,9,100,0.09,0.04807253976868698,0.16226212922188998
356,2200,8.970608382815414,11,100,0.11,0.06254196329419368,0.18631296574562342
356,2201,8.972283898897329,9,100,0.09,0.04807253976868698,0.16226212922188998
356,2202,8.973959414979245,9,100,0.09,0.04807253976868698,0.16226212922188998
356,2203,8.975634931061158,9,100,0.09,0.04807253976868698,0.16226212922188998
356,2204,8.977310447143072,11,100,0.11,0.06254196329419368,0.18631296574562342
356,2205,8.978985963224988,12,200,0.06,0.03465219410651454,0.10193169336217282
356,2237,9.032602477846254,20,200,0.1,0.06567044845124732,0.14940581288392302
356,2245,9.04600660650157,18,200,0.09,0.05768744866037736,0.13776571920817224
356,2253,9.059410735156886,25,200,0.125,0.0861197445025044,0.1780142504992178
356,2261,9.072814863812201,20,200,0.1,0.06567044845124732,0.14940581288392302
357,897,6.802254953368959,2,25,0.08,0.022220401084126245,0.24966109123460217
357,1573,7.934903824743199,2,25,0.08,0.022220401084126245,0.24966109123460217
357,1911,8.50122826043032,3,25,0.12,0.04166817117905038,0.29955794091884674
357,2081,8.786065994355795,0,25,0.0,0.0,0.13319225276039096
357,2165,8.926809345236617,4,25,0.16,0.06403451412098321,0.3465362177560826
357,2186,8.961995182956823,2,25,0.08,0.022220401084126245,0.24966109123460217
357,2188,8.96534621512065,9,100,0.09,0.04807253976868698,0.16226212922188998
357,2189,8.967021731202566,9,100,0.09,0.04807253976868698,0.16226212922188998
357,2190,8.96869724728448,9,100,0.09,0.04807253976868698,0.16226212922188998
357,2191,8.970372763366395,9,100,0.09,0.04807253976868698,0.16226212922188998
357,2192,8.972048279448309,9,100,0.09,0.04807253976868698,0.16226212922188998
357,2193,8.973723795530224,9,100,0.09,0.04807253976868698,0.16226212922188998
357,2194,8.975399311612138,9,100,0.09,0.04807253976868698,0.16226212922188998
357,2195,8.977074827694054,9,100,0.09,0.04807253976868698,0.16226212922188998
357,2196,8.978750343775967,22,200,0.11,0.07377244436816725,0.16092691043362384
357,2228,9.032366858397234,21,200,0.105,0.06970748770124899,0.15518032036723173
357,2236,9.04577098705255,19,200,0.095,0.061663102507449205,0.14360161209441077
357,2244,9.059175115707866,25,200,0.125,0.0861197445025044,0.1780142504992178
357,2252,9.072579244363183,21,200,0.105,0.06970748770124899,0.15518032036723173
358,888,6.80201933391994,2,25,0.08,0.022220401084126245,0.24966109123460217
358,1564,7.93466820529418,2,25,0.08,0.022220401084126245,0.24966109123460217
358,1903,8.502668157063214,3,25,0.12,0.04166817117905038,0.29955794091884674
358,2072,8.785830374906775,0,25,0.0,0.0,0.13319225276039096
358,2156,8.926573725787597,4,25,0.16,0.06403451412098321,0.3465362177560826
358,2177,8.961759563507803,2,25,0.08,0.022220401084126245,0.24966109123460217
358,2179,8.965110595671632,9,100,0.09,0.04807253976868698,0.16226212922188998
358,2180,8.966786111753546,9,100,0.09,0.04807253976868698,0.16226212922188998
358,2181,8.968461627835461,9,100,0.09,0.04807253976868698,0.16226212922188998
358,2182,8.970137143917375,9,100,0.09,0.04807253976868698,0.16226212922188998
358,2183,8.97181265999929,9,100,0.09,0.04807253976868698,0.16226212922188998
358,2184,8.973488176081204,9,100,0.09,0.04807253976868698,0.16226212922188998
358,2185,8.975163692163118,9,100,0.09,0.04807253976868698,0.16226212922188998
358,2186,8.976839208245034,9,100,0.09,0.04807253976868698,0.16226212922188998
358,2187,8.97851472432695,22,200,0.11,0.07377244436816725,0.16092691043362384
358,2219,9.032131238948214,21,200,0.105,0.06970748770124899,0.15518032036723173
358,2227,9.04553536760353,19,200,0.095,0.061663102507449205,0.14360161209441077
358,2235,9.058939496258848,26,200,0.13,0.09028202253521182,0.18366351919982074
358,2243,9.072343624914163,21,200,0.105,0.06970748770124899,0.15518032036723173
359,879,6.80178371447092,2,25,0.08,0.022220401084126245,0.24966109123460217
359,1555,7.93443258584516,2,25,0.08,0.022220401084126245,0.24966109123460217
359,1894,8.502432537614194,3,25,0.12,0.04166817117905038,0.29955794091884674
359,2063,8.785594755457755,0,25,0.0,0.0,0.13319225276039096
359,2147,8.926338106338578,4,25,0.16,0.06403451412098321,0.3465362177560826
359,2169,8.963199460140698,2,25,0.08,0.022220401084126245,0.24966109123460217
359,2171,8.966550492304528,9,100,0.09,0.04807253976868698,0.16226212922188998
359,2172,8.968226008386441,9,100,0.09,0.04807253976868698,0.16226212922188998
359,2173,8.969901524468355,9,100,0.09,0.04807253976868698,0.16226212922188998
359,2174,8.97157704055027,11,100,0.11,0.06254196329419368,0.18631296574562342
359,2175,8.973252556632186,9,100,0.09,0.04807253976868698,0.16226212922188998
359,2176,8.9749280727141,9,100,0.09,0.04807253976868698,0.16226212922188998
359,2177,8.976603588796014,9,100,0.09,0.04807253976868698,0.16226212922188998
359,2178,8.97827910487793,11,100,0.11,0.06254196329419368,0.18631296574562342
359,2179,8.979954620959843,14,200,0.07,0.04215217166140097,0.11405480927390717
359,2211,9.03357113558111,21,200,0.105,0.06970748770124899,0.15518032036723173
359,2219,9.046975264236426,19,200,0.095,0.061663102507449205,0.14360161209441077
359,2227,9.060379392891742,26,200,0.13,0.09028202253521182,0.18366351919982074
359,2235,9.073783521547059,21,200,0.105,0.06970748770124899,0.15518032036723173
360,870,6.801548095021902,2,25,0.08,0.022220401084126245,0.24966109123460217
360,1547,7.935872482478056,2,25,0.08,0.022220401084126245,0.24966109123460217
360,1885,8.502196918165176,3,25,0.12,0.04166817117905038,0.29955794091884674
360,2054,8.785359136008736,0,25,0.0,0.0,0.13319225276039096
360,2139,8.927778002971474,4,25,0.16,0.06403451412098321,0.3465362177560826
360,2160,8.962963840691678,2,25,0.08,0.022220401084126245,0.24966109123460217
360,2162,8.96631487285551,9,100,0.09,0.04807253976868698,0.16226212922188998
360,2163,8.967990388937423,9,100,0.09,0.04807253976868698,0.16226212922188998
360,2164,8.969665905019337,9,100,0.09,0.04807253976868698,0.16226212922188998
360,2165,8.971341421101252,11,100,0.11,0.06254196329419368,0.18631296574562342
360,2166,8.973016937183166,9,100,0.09,0.04807253976868698,0.16226212922188998
360,2167,8.974692453265082,9,100,0.09,0.04807253976868698,0.16226212922188998
360,2168,8.976367969346995,9,100,0.09,0.04807253976868698,0.16226212922188998
360,2169,8.97804348542891,11,100,0.11,0.06254196329419368,0.18631296574562342
360,2170,8.979719001510825,14,200,0.07,0.04215217166140097,0.11405480927390717
360,2202,9.033335516132091,21,200,0.105,0.06970748770124899,0.15518032036723173
360,2210,9.046739644787408,19,200,0.095,0.061663102507449205,0.14360161209441077
360,2218,9.060143773442723,27,200,0.135,0.09446570427968658,0.18929138418865638
360,2226,9.07354790209804,21,200,0.105,0.06970748770124899,0.15518032036723173
361,861,6.801312475572883,2,25,0.08,0.022220401084126245,0.24966109123460217
361,1538,7.935636863029037,2,25,0.08,0.022220401084126245,0.24966109123460217
361,1876,8.501961298716157,3,25,0.12,0.04166817117905038,0.29955794091884674
361,2045,8.785123516559716,0,25,0.0,0.0,0.13319225276039096
361,2130,8.927542383522454,4,25,0.16,0.06403451412098321,0.3465362177560826
361,2151,8.96272822124266,2,25,0.08,0.022220401084126245,0.24966109123460217
361,2153,8.96607925340649,9,100,0.09,0.04807253976868698,0.16226212922188998
361,2154,8.967754769488403,9,100,0.09,0.04807253976868698,0.16226212922188998
361,2155,8.969430285570319,9,100,0.09,0.04807253976868698,0.16226212922188998
361,2156,8.971105801652232,11,100,0.11,0.06254196329419368,0.18631296574562342
361,2157,8.972781317734148,9,100,0.09,0.04807253976868698,0.16226212922188998
361,2158,8.974456833816062,9,100,0.09,0.04807253976868698,0.16226212922188998
361,2159,8.976132349897977,9,100,0.09,0.04807253976868698,0.16226212922188998
361,2160,8.97780786597989,11,100,0.11,0.06254196329419368,0.18631296574562342
361,2161,8.979483382061805,15,200,0.075,0.04597491700833055,0.12004361066028794
361,2193,9.033099896683071,22,200,0.11,0.07377244436816725,0.16092691043362384
361,2201,9.046504025338388,19,200,0.095,0.061663102507449205,0.14360161209441077
361,2209,9.059908153993703,27,200,0.135,0.09446570427968658,0.18929138418865638
361,2217,9.07331228264902,21,200,0.105,0.06970748770124899,0.15518032036723173
362,852,6.8010768561238635,2,25,0.08,0.022220401084126245,0.24966109123460217
362,1529,7.935401243580017,2,25,0.08,0.022220401084126245,0.24966109123460217
362,1867,8.501725679267137,3,25,0.12,0.04166817117905038,0.29955794091884674
362,2036,8.784887897110698,0,25,0.0,0.0,0.13319225276039096
362,2121,8.927306764073435,3,25,0.12,0.04166817117905038,0.29955794091884674
362,2142,8.96249260179364,2,25,0.08,0.022220401084126245,0.24966109123460217
362,2144,8.96584363395747,9,100,0.09,0.04807253976868698,0.16226212922188998
362,2145,8.967519150039385,9,100,0.09,0.04807253976868698,0.16226212922188998
362,2146,8.969194666121298,9,100,0.09,0.04807253976868698,0.16226212922188998
362,2147,8.970870182203214,11,100,0.11,0.06254196329419368,0.18631296574562342
362,2148,8.972545698285128,9,100,0.09,0.04807253976868698,0.16226212922188998
362,2149,8.974221214367041,9,100,0.09,0.04807253976868698,0.16226212922188998
362,2150,8.975896730448957,9,100,0.09,0.04807253976868698,0.16226212922188998
362,2151,8.977572246530872,11,100,0.11,0.06254196329419368,0.18631296574562342
362,2152,8.979247762612786,15,200,0.075,0.04597491700833055,0.12004361066028794
362,2184,9.03286427723405,22,200,0.11,0.07377244436816725,0.16092691043362384
362,2192,9.046268405889368,20,200,0.1,0.06567044845124732,0.14940581288392302
362,2200,9.059672534544685,27,200,0.135,0.09446570427968658,0.18929138418865638
362,2208,9.073076663200002,21,200,0.105,0.06970748770124899,0.15518032036723173
363,843,6.800841236674843,2,25,0.08,0.022220401084126245,0.24966109123460217
363,1520,7.935165624130998,2,25,0.08,0.022220401084126245,0.24966109123460217
363,1858,8.501490059818117,3,25,0.12,0.04166817117905038,0.29955794091884674
363,2027,8.784652277661678,0,25,0.0,0.0,0.13319225276039096
363,2112,8.927071144624415,3,25,0.12,0.04166817117905038,0.29955794091884674
363,2133,8.962256982344622,2,25,0.08,0.022220401084126245,0.24966109123460217
363,2135,8.965608014508451,9,100,0.09,0.04807253976868698,0.16226212922188998
363,2136,8.967283530590365,9,100,0.09,0.04807253976868698,0.16226212922188998
363,2137,8.968959046672278,9,100,0.09,0.04807253976868698,0.16226212922188998
363,2138,8.970634562754194,11,100,0.11,0.06254196329419368,0.18631296574562342
363,2139,8.97231007883611,9,100,0.09,0.04807253976868698,0.16226212922188998
363,2140,8.973985594918023,9,100,0.09,0.04807253976868698,0.16226212922188998
363,2141,8.975661110999937,9,100,0.09,0.04807253976868698,0.16226212922188998
363,2142,8.977336627081852,11,100,0.11,0.06254196329419368,0.18631296574562342
363,2143,8.979012143163766,15,200,0.075,0.04597491700833055,0.12004361066028794
363,2175,9.032628657785033,23,200,0.115,0.07786373208518774,0.16664716944991373
363,2183,9.04603278644035,20,200,0.1,0.06567044845124732,0.14940581288392302
363,2191,9.059436915095665,27,200,0.135,0.09446570427968658,0.18929138418865638
363,2199,9.072841043750982,22,200,0.11,0.07377244436816725,0.16092691043362384
364,834,6.800605617225824,2,25,0.08,0.022220401084126245,0.24966109123460217
364,1511,7.934930004681979,2,25,0.08,0.022220401084126245,0.24966109123460217
364,1849,8.501254440369099,3,25,0.12,0.04166817117905038,0.29955794091884674
364,2019,8.786092174294573,0,25,0.0,0.0,0.13319225276039096
364,2103,8.926835525175395,3,25,0.12,0.04166817117905038,0.29955794091884674
364,2124,8.962021362895602,1,25,0.04,0.007096233423382075,0.1954406391161776
364,2126,8.96537239505943,9,100,0.09,0.04807253976868698,0.16226212922188998
364,2127,8.967047911141346,9,100,0.09,0.04807253976868698,0.16226212922188998
364,2128,8.96872342722326,9,100,0.09,0.04807253976868698,0.16226212922188998
364,2129,8.970398943305174,9,100,0.09,0.04807253976868698,0.16226212922188998
364,2130,8.97207445938709,9,100,0.09,0.04807253976868698,0.16226212922188998
364,2131,8.973749975469003,9,100,0.09,0.04807253976868698,0.16226212922188998
364,2132,8.975425491550919,9,100,0.09,0.04807253976868698,0.16226212922188998
364,2133,8.977101007632832,9,100,0.09,0.04807253976868698,0.16226212922188998
364,2134,8.978776523714748,24,200,0.12,0.0819799268161472,0.17234252145226464
364,2166,9.032393038336012,23,200,0.115,0.07786373208518774,0.16664716944991373
364,2174,9.04579716699133,20,200,0.1,0.06567044845124732,0.14940581288392302
364,2182,9.059201295646647,27,200,0.135,0.09446570427968658,0.18929138418865638
364,2190,9.072605424301962,22,200,0.11,0.07377244436816725,0.16092691043362384
365,826,6.80204551385872,2,25,0.08,0.022220401084126245,0.24966109123460217
365,1502,7.934694385232959,2,25,0.08,0.022220401084126245,0.24966109123460217
365,1841,8.502694337001994,3,25,0.12,0.04166817117905038,0.29955794091884674
365,2010,8.785856554845553,0,25,0.0,0.0,0.13319225276039096
365,2094,8.926599905726377,3,25,0.12,0.04166817117905038,0.29955794091884674
365,2115,8.961785743446583,1,25,0.04,0.007096233423382075,0.1954406391161776
365,2117,8.96513677561041,11,100,0.11,0.06254196329419368,0.18631296574562342
365,2118,8.966812291692326,11,100,0.11,0.06254196329419368,0.18631296574562342
365,2119,8.96848780777424,11,100,0.11,0.06254196329419368,0.18631296574562342
365,2120,8.970163323856156,13,100,0.13,0.07757167395660301,0.20980351513245427
365,2121,8.97183883993807,13,100,0.13,0.07757167395660301,0.20980351513245427
365,2122,8.973514356019985,11,100,0.11,0.06254196329419368,0.18631296574562342
365,2123,8.975189872101899,11,100,0.11,0.06254196329419368,0.18631296574562342
365,2124,8.976865388183814,13,100,0.13,0.07757167395660301,0.20980351513245427
365,2125,8.978540904265728,23,200,0.115,0.07786373208518774,0.16664716944991373
365,2157,9.032157418886994,23,200,0.115,0.07786373208518774,0.16664716944991373
365,2165,9.04556154754231,20,200,0.1,0.06567044845124732,0.14940581288392302
365,2173,9.058965676197626,28,200,0.14,0.09866982605979482,0.1948988091418585
365,2181,9.072369804852944,22,200,0.11,0.07377244436816725,0.16092691043362384
366,817,6.8018098944097005,2,25,0.08,0.022220401084126245,0.24966109123460217
366,1493,7.9344587657839405,2,25,0.08,0.022220401084126245,0.24966109123460217
366,1832,8.502458717552976,3,25,0.12,0.04166817117905038,0.29955794091884674
366,2001,8.785620935396535,0,25,0.0,0.0,0.13319225276039096
366,2085,8.926364286277359,3,25,0.12,0.04166817117905038,0.29955794091884674
366,2107,8.963225640079479,1,25,0.04,0.007096233423382075,0.1954406391161776
366,2109,8.966576672243308,11,100,0.11,0.06254196329419368,0.18631296574562342
366,2110,8.968252188325222,11,100,0.11,0.06254196329419368,0.18631296574562342
366,2111,8.969927704407137,11,100,0.11,0.06254196329419368,0.18631296574562342
366,2112,8.971603220489051,11,100,0.11,0.06254196329419368,0.18631296574562342
366,2113,8.973278736570965,11,100,0.11,0.06254196329419368,0.18631296574562342
366,2114,8.97495425265288,11,100,0.11,0.06254196329419368,0.18631296574562342
366,2115,8.976629768734796,11,100,0.11,0.06254196329419368,0.18631296574562342
366,2116,8.97830528481671,11,100,0.11,0.06254196329419368,0.18631296574562342
366,2117,8.979980800898623,15,200,0.075,0.04597491700833055,0.12004361066028794
366,2149,9.03359731551989,22,200,0.11,0.07377244436816725,0.16092691043362384
366,2157,9.047001444175207,21,200,0.105,0.06970748770124899,0.15518032036723173
366,2165,9.060405572830522,29,200,0.145,0.10289350613885,0.20048667579611365
366,2173,9.073809701485839,22,200,0.11,0.07377244436816725,0.16092691043362384
367,808,6.801574274960681,2,25,0.08,0.022220401084126245,0.24966109123460217
367,1485,7.935898662416836,2,25,0.08,0.022220401084126245,0.24966109123460217
367,1823,8.502223098103956,3,25,0.12,0.04166817117905038,0.29955794091884674
367,1992,8.785385315947515,0,25,0.0,0.0,0.13319225276039096
367,2077,8.927804182910254,3,25,0.12,0.04166817117905038,0.29955794091884674
367,2098,8.962990020630459,1,25,0.04,0.007096233423382075,0.1954406391161776
367,2100,8.966341052794288,11,100,0.11,0.06254196329419368,0.18631296574562342
367,2101,8.968016568876202,11,100,0.11,0.06254196329419368,0.18631296574562342
367,2102,8.969692084958117,11,100,0.11,0.06254196329419368,0.18631296574562342
367,2103,8.971367601040033,11,100,0.11,0.06254196329419368,0.18631296574562342
367,2104,8.973043117121946,11,100,0.11,0.06254196329419368,0.18631296574562342
367,2105,8.97471863320386,11,100,0.11,0.06254196329419368,0.18631296574562342
367,2106,8.976394149285776,11,100,0.11,0.06254196329419368,0.18631296574562342
367,2107,8.97806966536769,11,100,0.11,0.06254196329419368,0.18631296574562342
367,2108,8.979745181449605,15,200,0.075,0.04597491700833055,0.12004361066028794
367,2140,9.03336169607087,23,200,0.115,0.07786373208518774,0.16664716944991373
367,2148,9.046765824726187,21,200,0.105,0.06970748770124899,0.15518032036723173
367,2156,9.060169953381504,29,200,0.145,0.10289350613885,0.20048667579611365
367,2164,9.07357408203682,22,200,0.11,0.07377244436816725,0.16092691043362384
368,799,6.801338655511662,2,25,0.08,0.022220401084126245,0.24966109123460217
368,1476,7.935663042967817,2,25,0.08,0.022220401084126245,0.24966109123460217
368,1814,8.501987478654936,3,25,0.12,0.04166817117905038,0.29955794091884674
368,1983,8.785149696498497,0,25,0.0,0.0,0.13319225276039096
368,2068,8.927568563461234,3,25,0.12,0.04166817117905038,0.29955794091884674
368,2089,8.962754401181439,1,25,0.04,0.007096233423382075,0.1954406391161776
368,2091,8.96610543334527,11,100,0.11,0.06254196329419368,0.18631296574562342
368,2092,8.967780949427183,11,100,0.11,0.06254196329419368,0.18631296574562342
368,2093,8.969456465509097,11,100,0.11,0.06254196329419368,0.18631296574562342
368,2094,8.971131981591013,11,100,0.11,0.06254196329419368,0.18631296574562342
368,2095,8.972807497672926,11,100,0.11,0.06254196329419368,0.18631296574562342
368,2096,8.974483013754842,11,100,0.11,0.06254196329419368,0.18631296574562342
368,2097,8.976158529836756,11,100,0.11,0.06254196329419368,0.18631296574562342
368,2098,8.977834045918671,11,100,0.11,0.06254196329419368,0.18631296574562342
368,2099,8.979509562000585,17,200,0.085,0.05374574998400461,0.13189587115123463
368,2131,9.033126076621851,23,200,0.115,0.07786373208518774,0.16664716944991373
368,2139,9.046530205277168,23,200,0.115,0.07786373208518774,0.16664716944991373
368,2147,9.059934333932484,29,200,0.145,0.10289350613885,0.20048667579611365
368,2155,9.0733384625878,22,200,0.11,0.07377244436816725,0.16092691043362384
369,790,6.801103036062642,2,25,0.08,0.022220401084126245,0.24966109123460217
369,1467,7.935427423518798,2,25,0.08,0.022220401084126245,0.24966109123460217
369,1805,8.501751859205918,3,25,0.12,0.04166817117905038,0.29955794091884674
369,1974,8.784914077049477,0,25,0.0,0.0,0.13319225276039096
369,2059,8.927332944012214,3,25,0.12,0.04166817117905038,0.29955794091884674
369,2080,8.96251878173242,1,25,0.04,0.007096233423382075,0.1954406391161776
369,2082,8.96586981389625,11,100,0.11,0.06254196329419368,0.18631296574562342
369,2083,8.967545329978163,11,100,0.11,0.06254196329419368,0.18631296574562342
369,2084,8.969220846060079,11,100,0.11,0.06254196329419368,0.18631296574562342
369,2085,8.970896362141993,11,100,0.11,0.06254196329419368,0.18631296574562342
369,2086,8.972571878223908,11,100,0.11,0.06254196329419368,0.18631296574562342
369,2087,8.974247394305822,11,100,0.11,0.06254196329419368,0.18631296574562342
369,2088,8.975922910387737,11,100,0.11,0.06254196329419368,0.18631296574562342
369,2089,8.977598426469651,11,100,0.11,0.06254196329419368,0.18631296574562342
369,2090,8.979273942551565,17,200,0.085,0.05374574998400461,0.13189587115123463
369,2122,9.032890457172831,23,200,0.115,0.07786373208518774,0.16664716944991373
369,2130,9.046294585828148,23,200,0.115,0.07786373208518774,0.16664716944991373
369,2138,9.059698714483464,29,200,0.145,0.10289350613885,0.20048667579611365
369,2146,9.07310284313878,22,200,0.11,0.07377244436816725,0.16092691043362384
370,781,6.800867416613623,2,25,0.08,0.022220401084126245,0.24966109123460217
370,1458,7.9351918040697775,2,25,0.08,0.022220401084126245,0.24966109123460217
370,1796,8.501516239756898,3,25,0.12,0.04166817117905038,0.29955794091884674
370,1965,8.784678457600458,0,25,0.0,0.0,0.13319225276039096
370,2050,8.927097324563196,3,25,0.12,0.04166817117905038,0.29955794091884674
370,2071,8.9622831622834,1,25,0.04,0.007096233423382075,0.1954406391161776
370,2073,8.96563419444723,11,100,0.11,0.06254196329419368,0.18631296574562342
370,2074,8.967309710529145,11,100,0.11,0.06254196329419368,0.18631296574562342
370,2075,8.968985226611059,11,100,0.11,0.06254196329419368,0.18631296574562342
370,2076,8.970660742692974,11,100,0.11,0.06254196329419368,0.18631296574562342
370,2077,8.972336258774888,11,100,0.11,0.06254196329419368,0.18631296574562342
370,2078,8.974011774856802,11,100,0.11,0.06254196329419368,0.18631296574562342
370,2079,8.975687290938717,11,100,0.11,0.06254196329419368,0.18631296574562342
370,2080,8.977362807020633,11,100,0.11,0.06254196329419368,0.18631296574562342
370,2081,8.979038323102547,17,200,0.085,0.05374574998400461,0.13189587115123463
370,2113,9.032654837723811,23,200,0.115,0.07786373208518774,0.16664716944991373
370,2121,9.046058966379128,23,200,0.115,0.07786373208518774,0.16664716944991373
370,2129,9.059463095034445,29,200,0.145,0.10289350613885,0.20048667579611365
370,2137,9.072867223689762,22,200,0.11,0.07377244436816725,0.16092691043362384
371,772,6.800631797164605,2,25,0.08,0.022220401084126245,0.24966109123460217
371,1449,7.934956184620759,2,25,0.08,0.022220401084126245,0.24966109123460217
371,1787,8.50128062030788,3,25,0.12,0.04166817117905038,0.29955794091884674
371,1957,8.786118354233354,0,25,0.0,0.0,0.13319225276039096
371,2041,8.926861705114177,3,25,0.12,0.04166817117905038,0.29955794091884674
371,2062,8.962047542834382,1,25,0.04,0.007096233423382075,0.1954406391161776
371,2064,8.965398574998211,11,100,0.11,0.06254196329419368,0.18631296574562342
371,2065,8.967074091080125,11,100,0.11,0.06254196329419368,0.18631296574562342
371,2066,8.96874960716204,11,100,0.11,0.06254196329419368,0.18631296574562342
371,2067,8.970425123243956,13,100,0.13,0.07757167395660301,0.20980351513245427
371,2068,8.97210063932587,13,100,0.13,0.07757167395660301,0.20980351513245427
371,2069,8.973776155407784,11,100,0.11,0.06254196329419368,0.18631296574562342
371,2070,8.975451671489699,11,100,0.11,0.06254196329419368,0.18631296574562342
371,2071,8.977127187571613,13,100,0.13,0.07757167395660301,0.20980351513245427
371,2072,8.978802703653528,26,200,0.13,0.09028202253521182,0.18366351919982074
371,2104,9.032419218274793,23,200,0.115,0.07786373208518774,0.16664716944991373
371,2112,9.04582334693011,24,200,0.12,0.0819799268161472,0.17234252145226464
371,2120,9.059227475585427,29,200,0.145,0.10289350613885,0.20048667579611365
371,2128,9.072631604240744,22,200,0.11,0.07377244436816725,0.16092691043362384
372,764,6.8020716937975,2,25,0.08,0.022220401084126245,0.24966109123460217
372,1440,7.93472056517174,2,25,0.08,0.022220401084126245,0.24966109123460217
372,1779,8.502720516940775,3,25,0.12,0.04166817117905038,0.29955794091884674
372,1948,8.785882734784334,0,25,0.0,0.0,0.13319225276039096
372,2032,8.926626085665157,3,25,0.12,0.04166817117905038,0.29955794091884674
372,2053,8.961811923385362,1,25,0.04,0.007096233423382075,0.1954406391161776
372,2055,8.965162955549193,11,100,0.11,0.06254196329419368,0.18631296574562342
372,2056,8.966838471631107,11,100,0.11,0.06254196329419368,0.18631296574562342
372,2057,8.96851398771302,11,100,0.11,0.06254196329419368,0.18631296574562342
372,2058,8.970189503794936,13,100,0.13,0.07757167395660301,0.20980351513245427
372,2059,8.97186501987685,13,100,0.13,0.07757167395660301,0.20980351513245427
372,2060,8.973540535958765,11,100,0.11,0.06254196329419368,0.18631296574562342
372,2061,8.975216052040679,11,100,0.11,0.06254196329419368,0.18631296574562342
372,2062,8.976891568122594,13,100,0.13,0.07757167395660301,0.20980351513245427
372,2063,8.978567084204508,26,200,0.13,0.09028202253521182,0.18366351919982074
372,2095,9.032183598825775,25,200,0.125,0.0861197445025044,0.1780142504992178
372,2103,9.045587727481092,24,200,0.12,0.0819799268161472,0.17234252145226464
372,2111,9.058991856136407,29,200,0.145,0.10289350613885,0.20048667579611365
372,2119,9.072395984791724,23,200,0.115,0.07786373208518774,0.16664716944991373
373,755,6.801836074348481,2,25,0.08,0.022220401084126245,0.24966109123460217
373,1431,7.934484945722721,2,25,0.08,0.022220401084126245,0.24966109123460217
373,1770,8.502484897491755,3,25,0.12,0.04166817117905038,0.29955794091884674
373,1939,8.785647115335316,0,25,0.0,0.0,0.13319225276039096
373,2023,8.926390466216137,3,25,0.12,0.04166817117905038,0.29955794091884674
373,2045,8.963251820018257,1,25,0.04,0.007096233423382075,0.1954406391161776
373,2047,8.966602852182087,11,100,0.11,0.06254196329419368,0.18631296574562342
373,2048,8.968278368264002,11,100,0.11,0.06254196329419368,0.18631296574562342
373,2049,8.969953884345916,11,100,0.11,0.06254196329419368,0.18631296574562342
373,2050,8.971629400427831,11,100,0.11,0.06254196329419368,0.18631296574562342
373,2051,8.973304916509745,11,100,0.11,0.06254196329419368,0.18631296574562342
373,2052,8.97498043259166,11,100,0.11,0.06254196329419368,0.18631296574562342
373,2053,8.976655948673574,11,100,0.11,0.06254196329419368,0.18631296574562342
373,2054,8.978331464755488,11,100,0.11,0.06254196329419368,0.18631296574562342
373,2055,8.980006980837404,17,200,0.085,0.05374574998400461,0.13189587115123463
373,2087,9.03362349545867,25,200,0.125,0.0861197445025044,0.1780142504992178
373,2095,9.047027624113985,24,200,0.12,0.0819799268161472,0.17234252145226464
373,2103,9.060431752769302,30,200,0.15,0.10713593533492477,0.20605579333334925
373,2111,9.07383588142462,24,200,0.12,0.0819799268161472,0.17234252145226464
374,746,6.801600454899461,2,25,0.08,0.022220401084126245,0.24966109123460217
374,1423,7.9359248423556155,2,25,0.08,0.022220401084126245,0.24966109123460217
374,1761,8.502249278042736,3,25,0.12,0.04166817117905038,0.29955794091884674
374,1930,8.785411495886295,0,25,0.0,0.0,0.13319225276039096
374,2015,8.927830362849033,3,25,0.12,0.04166817117905038,0.29955794091884674
374,2036,8.963016200569239,1,25,0.04,0.007096233423382075,0.1954406391161776
374,2038,8.966367232733068,11,100,0.11,0.06254196329419368,0.18631296574562342
374,2039,8.968042748814982,11,100,0.11,0.06254196329419368,0.18631296574562342
374,2040,8.969718264896898,11,100,0.11,0.06254196329419368,0.18631296574562342
374,2041,8.971393780978811,11,100,0.11,0.06254196329419368,0.18631296574562342
374,2042,8.973069297060725,11,100,0.11,0.06254196329419368,0.18631296574562342
374,2043,8.97474481314264,11,100,0.11,0.06254196329419368,0.18631296574562342
374,2044,8.976420329224556,11,100,0.11,0.06254196329419368,0.18631296574562342
374,2045,8.97809584530647,11,100,0.11,0.06254196329419368,0.18631296574562342
374,2046,8.979771361388384,17,200,0.085,0.05374574998400461,0.13189587115123463
374,2078,9.03338787600965,26,200,0.13,0.09028202253521182,0.18366351919982074
374,2086,9.046792004664967,25,200,0.125,0.0861197445025044,0.1780142504992178
374,2094,9.060196133320282,30,200,0.15,0.10713593533492477,0.20605579333334925
374,2102,9.0736002619756,24,200,0.12,0.0819799268161472,0.17234252145226464
375,737,6.801364835450442,2,25,0.08,0.022220401084126245,0.24966109123460217
375,1414,7.935689222906596,2,25,0.08,0.022220401084126245,0.24966109123460217
375,1752,8.502013658593716,3,25,0.12,0.04166817117905038,0.29955794091884674
375,1921,8.785175876437275,0,25,0.0,0.0,0.13319225276039096
375,2006,8.927594743400014,3,25,0.12,0.04166817117905038,0.29955794091884674
375,2027,8.962780581120219,1,25,0.04,0.007096233423382075,0.1954406391161776
375,2029,8.966131613284048,11,100,0.11,0.06254196329419368,0.18631296574562342
375,2030,8.967807129365962,11,100,0.11,0.06254196329419368,0.18631296574562342
375,2031,8.969482645447878,11,100,0.11,0.06254196329419368,0.18631296574562342
375,2032,8.971158161529793,11,100,0.11,0.06254196329419368,0.18631296574562342
375,2033,8.972833677611707,11,100,0.11,0.06254196329419368,0.18631296574562342
375,2034,8.97450919369362,11,100,0.11,0.06254196329419368,0.18631296574562342
375,2035,8.976184709775536,11,100,0.11,0.06254196329419368,0.18631296574562342
375,2036,8.97786022585745,11,100,0.11,0.06254196329419368,0.18631296574562342
375,2037,8.979535741939365,17,200,0.085,0.05374574998400461,0.13189587115123463
375,2069,9.03315225656063,26,200,0.13,0.09028202253521182,0.18366351919982074
375,2077,9.046556385215947,26,200,0.13,0.09028202253521182,0.18366351919982074
375,2085,9.059960513871264,31,200,0.155,0.11139636898322336,0.21160690641836105
375,2093,9.073364642526581,25,200,0.125,0.0861197445025044,0.1780142504992178
376,728,6.8011292160014225,2,25,0.08,0.022220401084126245,0.24966109123460217
376,1405,7.935453603457576,2,25,0.08,0.022220401084126245,0.24966109123460217
376,1743,8.501778039144696,3,25,0.12,0.04166817117905038,0.29955794091884674
376,1912,8.784940256988257,0,25,0.0,0.0,0.13319225276039096
376,1997,8.927359123950994,3,25,0.12,0.04166817117905038,0.29955794091884674
376,2018,8.962544961671199,1,25,0.04,0.007096233423382075,0.1954406391161776
376,2020,8.96589599383503,11,100,0.11,0.06254196329419368,0.18631296574562342
376,2021,8.967571509916944,11,100,0.11,0.06254196329419368,0.18631296574562342
376,2022,8.969247025998857,11,100,0.11,0.06254196329419368,0.18631296574562342
376,2023,8.970922542080773,11,100,0.11,0.06254196329419368,0.18631296574562342
376,2024,8.972598058162687,11,100,0.11,0.06254196329419368,0.18631296574562342
376,2025,8.974273574244602,11,100,0.11,0.06254196329419368,0.18631296574562342
376,2026,8.975949090326516,11,100,0.11,0.06254196329419368,0.18631296574562342
376,2027,8.97762460640843,11,100,0.11,0.06254196329419368,0.18631296574562342
376,2028,8.979300122490345,17,200,0.085,0.05374574998400461,0.13189587115123463
376,2060,9.032916637111612,26,200,0.13,0.09028202253521182,0.18366351919982074
376,2068,9.046320765766929,26,200,0.13,0.09028202253521182,0.18366351919982074
376,2076,9.059724894422244,31,200,0.155,0.11139636898322336,0.21160690641836105
376,2084,9.073129023077561,25,200,0.125,0.0861197445025044,0.1780142504992178
377,719,6.800893596552404,2,25,0.08,0.022220401084126245,0.24966109123460217
377,1396,7.935217984008558,2,25,0.08,0.022220401084126245,0.24966109123460217
377,1734,8.501542419695678,3,25,0.12,0.04166817117905038,0.29955794091884674
377,1903,8.784704637539239,0,25,0.0,0.0,0.13319225276039096
377,1988,8.927123504501976,3,25,0.12,0.04166817117905038,0.29955794091884674
377,2009,8.96230934222218,1,25,0.04,0.007096233423382075,0.1954406391161776
377,2011,8.96566037438601,11,100,0.11,0.06254196329419368,0.18631296574562342
377,2012,8.967335890467925,11,100,0.11,0.06254196329419368,0.18631296574562342
377,2013,8.96901140654984,11,100,0.11,0.06254196329419368,0.18631296574562342
377,2014,8.970686922631755,11,100,0.11,0.06254196329419368,0.18631296574562342
377,2015,8.972362438713668,11,100,0.11,0.06254196329419368,0.18631296574562342
377,2016,8.974037954795584,11,100,0.11,0.06254196329419368,0.18631296574562342
377,2017,8.975713470877498,11,100,0.11,0.06254196329419368,0.18631296574562342
377,2018,8.977388986959411,11,100,0.11,0.06254196329419368,0.18631296574562342
377,2019,8.979064503041327,18,200,0.09,0.05768744866037736,0.13776571920817224
377,2051,9.032681017662593,27,200,0.135,0.09446570427968658,0.18929138418865638
377,2059,9.046085146317909,27,200,0.135,0.09446570427968658,0.18929138418865638
377,2067,9.059489274973226,32,200,0.16,0.11567412001614788,0.2171407021187469
377,2075,9.072893403628543,25,200,0.125,0.0861197445025044,0.1780142504992178
378,710,6.800657977103384,2,25,0.08,0.022220401084126245,0.24966109123460217
378,1387,7.934982364559539,2,25,0.08,0.022220401084126245,0.24966109123460217
378,1725,8.50130680024666,3,25,0.12,0.04166817117905038,0.29955794091884674
378,1895,8.786144534172134,0,25,0.0,0.0,0.13319225276039096
378,1979,8.926887885052956,3,25,0.12,0.04166817117905038,0.29955794091884674
378,2000,8.962073722773162,1,25,0.04,0.007096233423382075,0.1954406391161776
378,2002,8.965424754936992,11,100,0.11,0.06254196329419368,0.18631296574562342
378,2003,8.967100271018905,11,100,0.11,0.06254196329419368,0.18631296574562342
378,2004,8.968775787100821,11,100,0.11,0.06254196329419368,0.18631296574562342
378,2005,8.970451303182735,13,100,0.13,0.07757167395660301,0.20980351513245427
378,2006,8.972126819264648,13,100,0.13,0.07757167395660301,0.20980351513245427
378,2007,8.973802335346564,11,100,0.11,0.06254196329419368,0.18631296574562342
378,2008,8.97547785142848,11,100,0.11,0.06254196329419368,0.18631296574562342
378,2009,8.977153367510393,13,100,0.13,0.07757167395660301,0.20980351513245427
378,2010,8.978828883592307,27,200,0.135,0.09446570427968658,0.18929138418865638
378,2042,9.032445398213573,27,200,0.135,0.09446570427968658,0.18929138418865638
378,2050,9.04584952686889,27,200,0.135,0.09446570427968658,0.18929138418865638
378,2058,9.059253655524206,33,200,0.165,0.11996855297651625,0.22265781589168893
378,2066,9.072657784179523,25,200,0.125,0.0861197445025044,0.1780142504992178
379,702,6.80209787373628,2,25,0.08,0.022220401084126245,0.24966109123460217
379,1378,7.93474674511052,2,25,0.08,0.022220401084126245,0.24966109123460217
379,1717,8.502746696879555,3,25,0.12,0.04166817117905038,0.29955794091884674
379,1886,8.785908914723114,0,25,0.0,0.0,0.13319225276039096
379,1970,8.926652265603938,3,25,0.12,0.04166817117905038,0.29955794091884674
379,1991,8.961838103324142,1,25,0.04,0.007096233423382075,0.1954406391161776
379,1993,8.965189135487972,11,100,0.11,0.06254196329419368,0.18631296574562342
379,1994,8.966864651569885,11,100,0.11,0.06254196329419368,0.18631296574562342
379,1995,8.9685401676518,11,100,0.11,0.06254196329419368,0.18631296574562342
379,1996,8.970215683733716,14,100,0.14,0.08526343626497378,0.2213718828487036
379,1997,8.97189119981563,14,100,0.14,0.08526343626497378,0.2213718828487036
379,1998,8.973566715897544,11,100,0.11,0.06254196329419368,0.18631296574562342
379,1999,8.97524223197946,11,100,0.11,0.06254196329419368,0.18631296574562342
379,2000,8.976917748061373,14,100,0.14,0.08526343626497378,0.2213718828487036
379,2001,8.978593264143289,28,200,0.14,0.09866982605979482,0.1948988091418585
379,2033,9.032209778764553,27,200,0.135,0.09446570427968658,0.18929138418865638
379,2041,9.04561390741987,28,200,0.14,0.09866982605979482,0.1948988091418585
379,2049,9.059018036075187,34,200,0.17,0.12427907881439243,0.22815883678712312
379,2057,9.072422164730504,25,200,0.125,0.0861197445025044,0.1780142504992178
380,693,6.80186225428726,3,25,0.12,0.04166817117905038,0.29955794091884674
380,1369,7.9345111256614995,2,25,0.08,0.022220401084126245,0.24966109123460217
380,1708,8.502511077430535,3,25,0.12,0.04166817117905038,0.29955794091884674
380,1877,8.785673295274094,0,25,0.0,0.0,0.13319225276039096
380,1961,8.926416646154918,3,25,0.12,0.04166817117905038,0.29955794091884674
380,1983,8.963277999957038,1,25,0.04,0.007096233423382075,0.1954406391161776
380,1984,8.964953516038953,11,100,0.11,0.06254196329419368,0.18631296574562342
380,1985,8.966629032120867,11,100,0.11,0.06254196329419368,0.18631296574562342
380,1986,8.96830454820278,11,100,0.11,0.06254196329419368,0.18631296574562342
380,1987,8.969980064284696,14,100,0.14,0.08526343626497378,0.2213718828487036
380,1988,8.97165558036661,14,100,0.14,0.08526343626497378,0.2213718828487036
380,1989,8.973331096448526,11,100,0.11,0.06254196329419368,0.18631296574562342
380,1990,8.97500661253044,11,100,0.11,0.06254196329419368,0.18631296574562342
380,1991,8.976682128612353,11,100,0.11,0.06254196329419368,0.18631296574562342
380,1992,8.978357644694269,28,200,0.14,0.09866982605979482,0.1948988091418585
380,2024,9.031974159315535,27,200,0.135,0.09446570427968658,0.18929138418865638
380,2032,9.045378287970852,28,200,0.14,0.09866982605979482,0.1948988091418585
380,2040,9.058782416626167,34,200,0.17,0.12427907881439243,0.22815883678712312
380,2048,9.072186545281484,25,200,0.125,0.0861197445025044,0.1780142504992178
381,684,6.801626634838241,3,25,0.12,0.04166817117905038,0.29955794091884674
381,1361,7.935951022294395,2,25,0.08,0.022220401084126245,0.24966109123460217
381,1699,8.502275457981515,2,25,0.08,0.022220401084126245,0.24966109123460217
381,1868,8.785437675825076,0,25,0.0,0.0,0.13319225276039096
381,1953,8.927856542787813,3,25,0.12,0.04166817117905038,0.29955794091884674
381,1974,8.963042380508018,1,25,0.04,0.007096233423382075,0.1954406391161776
381,1976,8.966393412671847,11,100,0.11,0.06254196329419368,0.18631296574562342
381,1977,8.968068928753762,11,100,0.11,0.06254196329419368,0.18631296574562342
381,1978,8.969744444835676,11,100,0.11,0.06254196329419368,0.18631296574562342
381,1979,8.97141996091759,11,100,0.11,0.06254196329419368,0.18631296574562342
381,1980,8.973095476999505,11,100,0.11,0.06254196329419368,0.18631296574562342
381,1981,8.974770993081421,11,100,0.11,0.06254196329419368,0.18631296574562342
381,1982,8.976446509163335,11,100,0.11,0.06254196329419368,0.18631296574562342
381,1983,8.978122025245248,11,100,0.11,0.06254196329419368,0.18631296574562342
381,1984,8.979797541327164,20,200,0.1,0.06567044845124732,0.14940581288392302
381,2016,9.03341405594843,27,200,0.135,0.09446570427968658,0.18929138418865638
381,2024,9.046818184603746,28,200,0.14,0.09866982605979482,0.1948988091418585
381,2032,9.060222313259063,34,200,0.17,0.12427907881439243,0.22815883678712312
381,2040,9.073626441914378,25,200,0.125,0.0861197445025044,0.1780142504992178
382,675,6.801391015389222,3,25,0.12,0.04166817117905038,0.29955794091884674
382,1352,7.935715402845377,2,25,0.08,0.022220401084126245,0.24966109123460217
382,1690,8.502039838532497,2,25,0.08,0.022220401084126245,0.24966109123460217
382,1859,8.785202056376058,0,25,0.0,0.0,0.13319225276039096
382,1944,8.927620923338793,3,25,0.12,0.04166817117905038,0.29955794091884674
382,1965,8.962806761059,1,25,0.04,0.007096233423382075,0.1954406391161776
382,1967,8.966157793222829,11,100,0.11,0.06254196329419368,0.18631296574562342
382,1968,8.967833309304744,11,100,0.11,0.06254196329419368,0.18631296574562342
382,1969,8.969508825386658,11,100,0.11,0.06254196329419368,0.18631296574562342
382,1970,8.971184341468572,11,100,0.11,0.06254196329419368,0.18631296574562342
382,1971,8.972859857550487,11,100,0.11,0.06254196329419368,0.18631296574562342
382,1972,8.974535373632403,11,100,0.11,0.06254196329419368,0.18631296574562342
382,1973,8.976210889714316,11,100,0.11,0.06254196329419368,0.18631296574562342
382,1974,8.97788640579623,11,100,0.11,0.06254196329419368,0.18631296574562342
382,1975,8.979561921878146,20,200,0.1,0.06567044845124732,0.14940581288392302
382,2007,9.033178436499412,28,200,0.14,0.09866982605979482,0.1948988091418585
382,2015,9.046582565154727,28,200,0.14,0.09866982605979482,0.1948988091418585
382,2023,9.059986693810044,34,200,0.17,0.12427907881439243,0.22815883678712312
382,2031,9.07339082246536,27,200,0.135,0.09446570427968658,0.18929138418865638
383,666,6.801155395940203,3,25,0.12,0.04166817117905038,0.29955794091884674
383,1343,7.9354797833963575,2,25,0.08,0.022220401084126245,0.24966109123460217
383,1681,8.501804219083478,2,25,0.08,0.022220401084126245,0.24966109123460217
383,1850,8.784966436927037,0,25,0.0,0.0,0.13319225276039096
383,1935,8.927385303889775,3,25,0.12,0.04166817117905038,0.29955794091884674
383,1956,8.962571141609981,1,25,0.04,0.007096233423382075,0.1954406391161776
383,1958,8.965922173773809,11,100,0.11,0.06254196329419368,0.18631296574562342
383,1959,8.967597689855724,11,100,0.11,0.06254196329419368,0.18631296574562342
383,1960,8.96927320593764,11,100,0.11,0.06254196329419368,0.18631296574562342
383,1961,8.970948722019553,11,100,0.11,0.06254196329419368,0.18631296574562342
383,1962,8.972624238101467,11,100,0.11,0.06254196329419368,0.18631296574562342
383,1963,8.974299754183383,11,100,0.11,0.06254196329419368,0.18631296574562342
383,1964,8.975975270265296,11,100,0.11,0.06254196329419368,0.18631296574562342
383,1965,8.977650786347212,11,100,0.11,0.06254196329419368,0.18631296574562342
383,1966,8.979326302429126,22,200,0.11,0.07377244436816725,0.16092691043362384
383,1998,9.032942817050392,28,200,0.14,0.09866982605979482,0.1948988091418585
383,2006,9.046346945705707,28,200,0.14,0.09866982605979482,0.1948988091418585
383,2014,9.059751074361024,35,200,0.175,0.1286051503455461,0.23364431198927976
383,2022,9.073155203016341,28,200,0.14,0.09866982605979482,0.1948988091418585
384,657,6.800919776491183,3,25,0.12,0.04166817117905038,0.29955794091884674
384,1334,7.935244163947338,2,25,0.08,0.022220401084126245,0.24966109123460217
384,1672,8.501568599634458,2,25,0.08,0.022220401084126245,0.24966109123460217
384,1841,8.784730817478017,0,25,0.0,0.0,0.13319225276039096
384,1926,8.927149684440755,3,25,0.12,0.04166817117905038,0.29955794091884674
384,1947,8.962335522160961,1,25,0.04,0.007096233423382075,0.1954406391161776
384,1949,8.96568655432479,11,100,0.11,0.06254196329419368,0.18631296574562342
384,1950,8.967362070406704,11,100,0.11,0.06254196329419368,0.18631296574562342
384,1951,8.96903758648862,11,100,0.11,0.06254196329419368,0.18631296574562342
384,1952,8.970713102570533,11,100,0.11,0.06254196329419368,0.18631296574562342
384,1953,8.972388618652449,11,100,0.11,0.06254196329419368,0.18631296574562342
384,1954,8.974064134734363,11,100,0.11,0.06254196329419368,0.18631296574562342
384,1955,8.975739650816276,11,100,0.11,0.06254196329419368,0.18631296574562342
384,1956,8.977415166898192,11,100,0.11,0.06254196329419368,0.18631296574562342
384,1957,8.979090682980107,22,200,0.11,0.07377244436816725,0.16092691043362384
384,1989,9.032707197601372,29,200,0.145,0.10289350613885,0.20048667579611365
384,1997,9.046111326256689,29,200,0.145,0.10289350613885,0.20048667579611365
384,2005,9.059515454912006,36,200,0.18,0.13294625827141174,0.2391147507967245
384,2013,9.072919583567321,29,200,0.145,0.10289350613885,0.20048667579611365
385,648,6.800684157042164,3,25,0.12,0.04166817117905038,0.29955794091884674
385,1325,7.935008544498318,2,25,0.08,0.022220401084126245,0.24966109123460217
385,1663,8.501332980185438,1,25,0.04,0.007096233423382075,0.1954406391161776
385,1833,8.786170714110913,0,25,0.0,0.0,0.13319225276039096
385,1917,8.926914064991736,3,25,0.12,0.04166817117905038,0.29955794091884674
385,1938,8.962099902711941,1,25,0.04,0.007096233423382075,0.1954406391161776
385,1940,8.96545093487577,11,100,0.11,0.06254196329419368,0.18631296574562342
385,1941,8.967126450957686,11,100,0.11,0.06254196329419368,0.18631296574562342
385,1942,8.9688019670396,11,100,0.11,0.06254196329419368,0.18631296574562342
385,1943,8.970477483121513,15,100,0.15,0.09305985248417561,0.2328355966541218
385,1944,8.972152999203429,15,100,0.15,0.09305985248417561,0.2328355966541218
385,1945,8.973828515285344,11,100,0.11,0.06254196329419368,0.18631296574562342
385,1946,8.975504031367258,11,100,0.11,0.06254196329419368,0.18631296574562342
385,1947,8.977179547449172,15,100,0.15,0.09305985248417561,0.2328355966541218
385,1948,8.978855063531087,32,200,0.16,0.11567412001614788,0.2171407021187469
385,1980,9.032471578152354,30,200,0.15,0.10713593533492477,0.20605579333334925
385,1988,9.045875706807669,29,200,0.145,0.10289350613885,0.20048667579611365
385,1996,9.059279835462986,37,200,0.185,0.1373019276778717,0.24457062812357494
385,2004,9.072683964118301,29,200,0.145,0.10289350613885,0.20048667579611365
386,640,6.802124053675059,3,25,0.12,0.04166817117905038,0.29955794091884674
386,1316,7.934772925049299,2,25,0.08,0.022220401084126245,0.24966109123460217
386,1655,8.502772876818334,1,25,0.04,0.007096233423382075,0.1954406391161776
386,1824,8.785935094661895,0,25,0.0,0.0,0.13319225276039096
386,1908,8.926678445542716,3,25,0.12,0.04166817117905038,0.29955794091884674
386,1929,8.961864283262923,1,25,0.04,0.007096233423382075,0.1954406391161776
386,1931,8.96521531542675,11,100,0.11,0.06254196329419368,0.18631296574562342
386,1932,8.966890831508666,11,100,0.11,0.06254196329419368,0.18631296574562342
386,1933,8.968566347590581,11,100,0.11,0.06254196329419368,0.18631296574562342
386,1934,8.970241863672495,15,100,0.15,0.09305985248417561,0.2328355966541218
386,1935,8.971917379754409,15,100,0.15,0.09305985248417561,0.2328355966541218
386,1936,8.973592895836324,11,100,0.11,0.06254196329419368,0.18631296574562342
386,1937,8.975268411918238,11,100,0.11,0.06254196329419368,0.18631296574562342
386,1938,8.976943928000154,15,100,0.15,0.09305985248417561,0.2328355966541218
386,1939,8.978619444082067,33,200,0.165,0.11996855297651625,0.22265781589168893
386,1971,9.032235958703334,30,200,0.15,0.10713593533492477,0.20605579333334925
386,1979,9.045640087358649,29,200,0.145,0.10289350613885,0.20048667579611365
386,1987,9.059044216013966,37,200,0.185,0.1373019276778717,0.24457062812357494
386,1995,9.072448344669283,29,200,0.145,0.10289350613885,0.20048667579611365
387,631,6.801888434226041,3,25,0.12,0.04166817117905038,0.29955794091884674
387,1307,7.934537305600281,2,25,0.08,0.022220401084126245,0.24966109123460217
387,1646,8.502537257369315,1,25,0.04,0.007096233423382075,0.1954406391161776
387,1815,8.785699475212876,0,25,0.0,0.0,0.13319225276039096
387,1899,8.926442826093698,3,25,0.12,0.04166817117905038,0.29955794091884674
387,1921,8.963304179895818,1,25,0.04,0.007096233423382075,0.1954406391161776
387,1922,8.964979695977732,11,100,0.11,0.06254196329419368,0.18631296574562342
387,1923,8.966655212059647,11,100,0.11,0.06254196329419368,0.18631296574562342
387,1924,8.968330728141563,11,100,0.11,0.06254196329419368,0.18631296574562342
387,1925,8.970006244223477,15,100,0.15,0.09305985248417561,0.2328355966541218
387,1926,8.97168176030539,15,100,0.15,0.09305985248417561,0.2328355966541218
387,1927,8.973357276387306,11,100,0.11,0.06254196329419368,0.18631296574562342
387,1928,8.97503279246922,11,100,0.11,0.06254196329419368,0.18631296574562342
387,1929,8.976708308551135,15,100,0.15,0.09305985248417561,0.2328355966541218
387,1930,8.978383824633049,33,200,0.165,0.11996855297651625,0.22265781589168893
387,1962,9.032000339254315,30,200,0.15,0.10713593533492477,0.20605579333334925
387,1970,9.04540446790963,29,200,0.145,0.10289350613885,0.20048667579611365
387,1978,9.058808596564948,37,200,0.185,0.1373019276778717,0.24457062812357494
387,1986,9.072212725220265,29,200,0.145,0.10289350613885,0.20048667579611365
388,622,6.801652814777022,3,25,0.12,0.04166817117905038,0.29955794091884674
388,1299,7.935977202233175,2,25,0.08,0.022220401084126245,0.24966109123460217
388,1637,8.502301637920295,1,25,0.04,0.007096233423382075,0.1954406391161776
388,1806,8.785463855763856,0,25,0.0,0.0,0.13319225276039096
388,1891,8.927882722726594,3,25,0.12,0.04166817117905038,0.29955794091884674
388,1912,8.9630685604468,1,25,0.04,0.007096233423382075,0.1954406391161776
388,1914,8.966419592610627,11,100,0.11,0.06254196329419368,0.18631296574562342
388,1915,8.968095108692543,11,100,0.11,0.06254196329419368,0.18631296574562342
388,1916,8.969770624774457,11,100,0.11,0.06254196329419368,0.18631296574562342
388,1917,8.971446140856372,11,100,0.11,0.06254196329419368,0.18631296574562342
388,1918,8.973121656938286,11,100,0.11,0.06254196329419368,0.18631296574562342
388,1919,8.9747971730202,11,100,0.11,0.06254196329419368,0.18631296574562342
388,1920,8.976472689102115,11,100,0.11,0.06254196329419368,0.18631296574562342
388,1921,8.97814820518403,11,100,0.11,0.06254196329419368,0.18631296574562342
388,1922,8.979823721265944,24,200,0.12,0.0819799268161472,0.17234252145226464
388,1954,9.03344023588721,30,200,0.15,0.10713593533492477,0.20605579333334925
388,1962,9.046844364542526,30,200,0.15,0.10713593533492477,0.20605579333334925
388,1970,9.060248493197843,37,200,0.185,0.1373019276778717,0.24457062812357494
388,1978,9.07365262185316,29,200,0.145,0.10289350613885,0.20048667579611365
389,613,6.801417195328002,3,25,0.12,0.04166817117905038,0.29955794091884674
389,1290,7.935741582784156,2,25,0.08,0.022220401084126245,0.24966109123460217
389,1628,8.502066018471277,1,25,0.04,0.007096233423382075,0.1954406391161776
389,1797,8.785228236314836,0,25,0.0,0.0,0.13319225276039096
389,1882,8.927647103277573,3,25,0.12,0.04166817117905038,0.29955794091884674
389,1903,8.96283294099778,1,25,0.04,0.007096233423382075,0.1954406391161776
389,1905,8.966183973161609,11,100,0.11,0.06254196329419368,0.18631296574562342
389,1906,8.967859489243523,11,100,0.11,0.06254196329419368,0.18631296574562342
389,1907,8.969535005325437,11,100,0.11,0.06254196329419368,0.18631296574562342
389,1908,8.971210521407352,11,100,0.11,0.06254196329419368,0.18631296574562342
389,1909,8.972886037489268,11,100,0.11,0.06254196329419368,0.18631296574562342
389,1910,8.974561553571181,11,100,0.11,0.06254196329419368,0.18631296574562342
389,1911,8.976237069653095,11,100,0.11,0.06254196329419368,0.18631296574562342
389,1912,8.97791258573501,11,100,0.11,0.06254196329419368,0.18631296574562342
389,1913,8.979588101816924,24,200,0.12,0.0819799268161472,0.17234252145226464
389,1945,9.03320461643819,31,200,0.155,0.11139636898322336,0.21160690641836105
389,1953,9.046608745093508,31,200,0.155,0.11139636898322336,0.21160690641836105
389,1961,9.060012873748823,38,200,0.19,0.1416717149442203,0.25001238759053673
389,1969,9.07341700240414,30,200,0.15,0.10713593533492477,0.20605579333334925
390,604,6.801181575878982,3,25,0.12,0.04166817117905038,0.29955794091884674
390,1281,7.935505963335137,2,25,0.08,0.022220401084126245,0.24966109123460217
390,1619,8.501830399022257,1,25,0.04,0.007096233423382075,0.1954406391161776
390,1788,8.784992616865818,0,25,0.0,0.0,0.13319225276039096
390,1873,8.927411483828553,3,25,0.12,0.04166817117905038,0.29955794091884674
390,1894,8.96259732154876,1,25,0.04,0.007096233423382075,0.1954406391161776
390,1896,8.965948353712589,11,100,0.11,0.06254196329419368,0.18631296574562342
390,1897,8.967623869794505,11,100,0.11,0.06254196329419368,0.18631296574562342
390,1898,8.969299385876418,11,100,0.11,0.06254196329419368,0.18631296574562342
390,1899,8.970974901958332,11,100,0.11,0.06254196329419368,0.18631296574562342
390,1900,8.972650418040248,11,100,0.11,0.06254196329419368,0.18631296574562342
390,1901,8.974325934122161,11,100,0.11,0.06254196329419368,0.18631296574562342
390,1902,8.976001450204077,11,100,0.11,0.06254196329419368,0.18631296574562342
390,1903,8.97767696628599,11,100,0.11,0.06254196329419368,0.18631296574562342
390,1904,8.979352482367906,25,200,0.125,0.0861197445025044,0.1780142504992178
390,1936,9.032968996989172,32,200,0.16,0.11567412001614788,0.2171407021187469
390,1944,9.046373125644488,31,200,0.155,0.11139636898322336,0.21160690641836105
390,1952,9.059777254299805,38,200,0.19,0.1416717149442203,0.25001238759053673
390,1960,9.07318138295512,30,200,0.15,0.10713593533492477,0.20605579333334925
391,595,6.800945956429963,3,25,0.12,0.04166817117905038,0.29955794091884674
391,1272,7.935270343886117,4,25,0.16,0.06403451412098321,0.3465362177560826
391,1610,8.501594779573239,1,25,0.04,0.007096233423382075,0.1954406391161776
391,1779,8.784756997416798,0,25,0.0,0.0,0.13319225276039096
391,1864,8.927175864379535,3,25,0.12,0.04166817117905038,0.29955794091884674
391,1885,8.962361702099741,1,25,0.04,0.007096233423382075,0.1954406391161776
391,1887,8.965712734263569,11,100,0.11,0.06254196329419368,0.18631296574562342
391,1888,8.967388250345484,11,100,0.11,0.06254196329419368,0.18631296574562342
391,1889,8.969063766427398,11,100,0.11,0.06254196329419368,0.18631296574562342
391,1890,8.970739282509314,11,100,0.11,0.06254196329419368,0.18631296574562342
391,1891,8.972414798591227,11,100,0.11,0.06254196329419368,0.18631296574562342
391,1892,8.974090314673143,11,100,0.11,0.06254196329419368,0.18631296574562342
391,1893,8.975765830755057,11,100,0.11,0.06254196329419368,0.18631296574562342
391,1894,8.977441346836972,11,100,0.11,0.06254196329419368,0.18631296574562342
391,1895,8.979116862918886,25,200,0.125,0.0861197445025044,0.1780142504992178
391,1927,9.032733377540152,33,200,0.165,0.11996855297651625,0.22265781589168893
391,1935,9.046137506195468,32,200,0.16,0.11567412001614788,0.2171407021187469
391,1943,9.059541634850785,38,200,0.19,0.1416717149442203,0.25001238759053673
391,1951,9.072945763506102,30,200,0.15,0.10713593533492477,0.20605579333334925
392,586,6.800710336980945,3,25,0.12,0.04166817117905038,0.29955794091884674
392,1263,7.935034724437099,4,25,0.16,0.06403451412098321,0.3465362177560826
392,1601,8.501359160124219,1,25,0.04,0.007096233423382075,0.1954406391161776
392,1771,8.786196894049693,0,25,0.0,0.0,0.13319225276039096
392,1855,8.926940244930517,3,25,0.12,0.04166817117905038,0.29955794091884674
392,1876,8.962126082650721,2,25,0.08,0.022220401084126245,0.24966109123460217
392,1878,8.96547711481455,12,100,0.12,0.06999406407369688,0.19812099499074032
392,1879,8.967152630896466,12,100,0.12,0.06999406407369688,0.19812099499074032
392,1880,8.96882814697838,12,100,0.12,0.06999406407369688,0.19812099499074032
392,1881,8.970503663060295,16,100,0.16,0.10095288451828571,0.24420269464463182
392,1882,8.97217917914221,16,100,0.16,0.10095288451828571,0.24420269464463182
392,1883,8.973854695224123,12,100,0.12,0.06999406407369688,0.19812099499074032
392,1884,8.975530211306038,12,100,0.12,0.06999406407369688,0.19812099499074032
392,1885,8.977205727387954,16,100,0.16,0.10095288451828571,0.24420269464463182
392,1886,8.978881243469868,34,200,0.17,0.12427907881439243,0.22815883678712312
392,1918,9.032497758091134,33,200,0.165,0.11996855297651625,0.22265781589168893
392,1926,9.04590188674645,32,200,0.16,0.11567412001614788,0.2171407021187469
392,1934,9.059306015401766,38,200,0.19,0.1416717149442203,0.25001238759053673
392,1942,9.072710144057083,31,200,0.155,0.11139636898322336,0.21160690641836105
393,578,6.8021502336138395,3,25,0.12,0.04166817117905038,0.29955794091884674
393,1254,7.9347991049880795,4,25,0.16,0.06403451412098321,0.3465362177560826
393,1593,8.502799056757114,1,25,0.04,0.007096233423382075,0.1954406391161776
393,1762,8.785961274600673,0,25,0.0,0.0,0.13319225276039096
393,1846,8.926704625481497,3,25,0.12,0.04166817117905038,0.29955794091884674
393,1867,8.961890463201703,2,25,0.08,0.022220401084126245,0.24966109123460217
393,1869,8.965241495365532,12,100,0.12,0.06999406407369688,0.19812099499074032
393,1870,8.966917011447446,12,100,0.12,0.06999406407369688,0.19812099499074032
393,1871,8.96859252752936,12,100,0.12,0.06999406407369688,0.19812099499074032
393,1872,8.970268043611275,17,100,0.17,0.10893566075403191,0.2554800484335057
393,1873,8.971943559693191,17,100,0.17,0.10893566075403191,0.2554800484335057
393,1874,8.973619075775105,12,100,0.12,0.06999406407369688,0.19812099499074032
393,1875,8.975294591857018,12,100,0.12,0.06999406407369688,0.19812099499074032
393,1876,8.976970107938934,17,100,0.17,0.10893566075403191,0.2554800484335057
393,1877,8.978645624020848,35,200,0.175,0.1286051503455461,0.23364431198927976
393,1909,9.032262138642114,33,200,0.165,0.11996855297651625,0.22265781589168893
393,1917,9.045666267297431,32,200,0.16,0.11567412001614788,0.2171407021187469
393,1925,9.059070395952746,38,200,0.19,0.1416717149442203,0.25001238759053673
393,1933,9.072474524608063,32,200,0.16,0.11567412001614788,0.2171407021187469
394,569,6.80191461416482,4,25,0.16,0.06403451412098321,0.3465362177560826
394,1245,7.93456348553906,4,25,0.16,0.06403451412098321,0.3465362177560826
394,1584,8.502563437308094,1,25,0.04,0.007096233423382075,0.1954406391161776
394,1753,8.785725655151655,1,25,0.04,0.007096233423382075,0.1954406391161776
394,1837,8.926469006032477,3,25,0.12,0.04166817117905038,0.29955794091884674
394,1859,8.963330359834597,2,25,0.08,0.022220401084126245,0.24966109123460217
394,1860,8.965005875916512,13,100,0.13,0.07757167395660301,0.20980351513245427
394,1861,8.966681391998428,13,100,0.13,0.07757167395660301,0.20980351513245427
394,1862,8.968356908080342,13,100,0.13,0.07757167395660301,0.20980351513245427
394,1863,8.970032424162255,18,100,0.18,0.11700225458662546,0.2666735846255322
394,1864,8.97170794024417,18,100,0.18,0.11700225458662546,0.2666735846255322
394,1865,8.973383456326085,13,100,0.13,0.07757167395660301,0.20980351513245427
394,1866,8.975058972408,13,100,0.13,0.07757167395660301,0.20980351513245427
394,1867,8.976734488489914,18,100,0.18,0.11700225458662546,0.2666735846255322
394,1868,8.97841000457183,35,200,0.175,0.1286051503455461,0.23364431198927976
394,1900,9.032026519193094,33,200,0.165,0.11996855297651625,0.22265781589168893
394,1908,9.045430647848411,33,200,0.165,0.11996855297651625,0.22265781589168893
394,1916,9.058834776503728,39,200,0.195,0.1460552050050192,0.2554404442630482
394,1924,9.072238905159043,32,200,0.16,0.11567412001614788,0.2171407021187469
395,560,6.801678994715801,4,25,0.16,0.06403451412098321,0.3465362177560826
395,1236,7.93432786609004,4,25,0.16,0.06403451412098321,0.3465362177560826
395,1575,8.502327817859076,1,25,0.04,0.007096233423382075,0.1954406391161776
395,1744,8.785490035702635,1,25,0.04,0.007096233423382075,0.1954406391161776
395,1829,8.927908902665372,4,25,0.16,0.06403451412098321,0.3465362177560826
395,1850,8.963094740385579,2,25,0.08,0.022220401084126245,0.24966109123460217
395,1852,8.966445772549408,13,100,0.13,0.07757167395660301,0.20980351513245427
395,1853,8.968121288631322,13,100,0.13,0.07757167395660301,0.20980351513245427
395,1854,8.969796804713237,13,100,0.13,0.07757167395660301,0.20980351513245427
395,1855,8.97147232079515,13,100,0.13,0.07757167395660301,0.20980351513245427
395,1856,8.973147836877066,13,100,0.13,0.07757167395660301,0.20980351513245427
395,1857,8.97482335295898,13,100,0.13,0.07757167395660301,0.20980351513245427
395,1858,8.976498869040896,13,100,0.13,0.07757167395660301,0.20980351513245427
395,1859,8.97817438512281,13,100,0.13,0.07757167395660301,0.20980351513245427
395,1860,8.979849901204723,26,200,0.13,0.09028202253521182,0.18366351919982074
395,1892,9.03346641582599,34,200,0.17,0.12427907881439243,0.22815883678712312
395,1900,9.046870544481306,33,200,0.165,0.11996855297651625,0.22265781589168893
395,1908,9.060274673136622,39,200,0.195,0.1460552050050192,0.2554404442630482
395,1916,9.073678801791939,32,200,0.16,0.11567412001614788,0.2171407021187469
396,551,6.801443375266781,4,25,0.16,0.06403451412098321,0.3465362177560826
396,1228,7.935767762722936,4,25,0.16,0.06403451412098321,0.3465362177560826
396,1566,8.502092198410056,1,25,0.04,0.007096233423382075,0.1954406391161776
396,1735,8.785254416253617,1,25,0.04,0.007096233423382075,0.1954406391161776
396,1820,8.927673283216354,4,25,0.16,0.06403451412098321,0.3465362177560826
396,1841,8.962859120936558,2,25,0.08,0.022220401084126245,0.24966109123460217
396,1843,8.966210153100388,13,100,0.13,0.07757167395660301,0.20980351513245427
396,1844,8.967885669182303,13,100,0.13,0.07757167395660301,0.20980351513245427
396,1845,8.969561185264217,13,100,0.13,0.07757167395660301,0.20980351513245427
396,1846,8.971236701346132,13,100,0.13,0.07757167395660301,0.20980351513245427
396,1847,8.972912217428046,13,100,0.13,0.07757167395660301,0.20980351513245427
396,1848,8.97458773350996,13,100,0.13,0.07757167395660301,0.20980351513245427
396,1849,8.976263249591875,13,100,0.13,0.07757167395660301,0.20980351513245427
396,1850,8.977938765673791,13,100,0.13,0.07757167395660301,0.20980351513245427
396,1851,8.979614281755705,26,200,0.13,0.09028202253521182,0.18366351919982074
396,1883,9.03323079637697,34,200,0.17,0.12427907881439243,0.22815883678712312
396,1891,9.046634925032286,34,200,0.17,0.12427907881439243,0.22815883678712312
396,1899,9.060039053687603,39,200,0.195,0.1460552050050192,0.2554404442630482
396,1907,9.07344318234292,32,200,0.16,0.11567412001614788,0.2171407021187469
397,542,6.801207755817762,4,25,0.16,0.06403451412098321,0.3465362177560826
397,1219,7.9355321432739165,4,25,0.16,0.06403451412098321,0.3465362177560826
397,1557,8.501856578961036,1,25,0.04,0.007096233423382075,0.1954406391161776
397,1726,8.785018796804597,1,25,0.04,0.007096233423382075,0.1954406391161776
397,1811,8.927437663767334,4,25,0.16,0.06403451412098321,0.3465362177560826
397,1832,8.96262350148754,2,25,0.08,0.022220401084126245,0.24966109123460217
397,1834,8.96597453365137,13,100,0.13,0.07757167395660301,0.20980351513245427
397,1835,8.967650049733283,13,100,0.13,0.07757167395660301,0.20980351513245427
397,1836,8.969325565815197,13,100,0.13,0.07757167395660301,0.20980351513245427
397,1837,8.971001081897112,13,100,0.13,0.07757167395660301,0.20980351513245427
397,1838,8.972676597979028,13,100,0.13,0.07757167395660301,0.20980351513245427
397,1839,8.974352114060942,13,100,0.13,0.07757167395660301,0.20980351513245427
397,1840,8.976027630142855,13,100,0.13,0.07757167395660301,0.20980351513245427
397,1841,8.977703146224771,13,100,0.13,0.07757167395660301,0.20980351513245427
397,1842,8.979378662306685,27,200,0.135,0.09446570427968658,0.18929138418865638
397,1874,9.032995176927951,35,200,0.175,0.1286051503455461,0.23364431198927976
397,1882,9.046399305583268,34,200,0.17,0.12427907881439243,0.22815883678712312
397,1890,9.059803434238583,39,200,0.195,0.1460552050050192,0.2554404442630482
397,1898,9.0732075628939,33,200,0.165,0.11996855297651625,0.22265781589168893
398,533,6.800972136368744,4,25,0.16,0.06403451412098321,0.3465362177560826
398,1210,7.935296523824898,4,25,0.16,0.06403451412098321,0.3465362177560826
398,1548,8.501620959512017,1,25,0.04,0.007096233423382075,0.1954406391161776
398,1717,8.784783177355578,1,25,0.04,0.007096233423382075,0.1954406391161776
398,1802,8.927202044318316,4,25,0.16,0.06403451412098321,0.3465362177560826
398,1823,8.96238788203852,2,25,0.08,0.022220401084126245,0.24966109123460217
398,1825,8.965738914202351,14,100,0.14,0.08526343626497378,0.2213718828487036
398,1826,8.967414430284265,14,100,0.14,0.08526343626497378,0.2213718828487036
398,1827,8.969089946366179,14,100,0.14,0.08526343626497378,0.2213718828487036
398,1828,8.970765462448094,14,100,0.14,0.08526343626497378,0.2213718828487036
398,1829,8.972440978530008,14,100,0.14,0.08526343626497378,0.2213718828487036
398,1830,8.974116494611923,14,100,0.14,0.08526343626497378,0.2213718828487036
398,1831,8.975792010693837,14,100,0.14,0.08526343626497378,0.2213718828487036
398,1832,8.977467526775753,14,100,0.14,0.08526343626497378,0.2213718828487036
398,1833,8.979143042857666,27,200,0.135,0.09446570427968658,0.18929138418865638
398,1865,9.032759557478933,35,200,0.175,0.1286051503455461,0.23364431198927976
398,1873,9.04616368613425,34,200,0.17,0.12427907881439243,0.22815883678712312
398,1881,9.059567814789565,39,200,0.195,0.1460552050050192,0.2554404442630482
398,1889,9.072971943444882,34,200,0.17,0.12427907881439243,0.22815883678712312
399,524,6.8007365169197245,4,25,0.16,0.06403451412098321,0.3465362177560826
399,1201,7.935060904375879,4,25,0.16,0.06403451412098321,0.3465362177560826
399,1539,8.501385340062999,1,25,0.04,0.007096233423382075,0.1954406391161776
399,1709,8.786223073988474,1,25,0.04,0.007096233423382075,0.1954406391161776
399,1793,8.926966424869295,4,25,0.16,0.06403451412098321,0.3465362177560826
399,1814,8.962152262589502,2,25,0.08,0.022220401084126245,0.24966109123460217
399,1816,8.965503294753331,15,100,0.15,0.09305985248417561,0.2328355966541218
399,1817,8.967178810835245,15,100,0.15,0.09305985248417561,0.2328355966541218
399,1818,8.96885432691716,15,100,0.15,0.09305985248417561,0.2328355966541218
399,1819,8.970529842999074,20,100,0.2,0.13336693289714838,0.2888291663642495
399,1820,8.97220535908099,20,100,0.2,0.13336693289714838,0.2888291663642495
399,1821,8.973880875162903,15,100,0.15,0.09305985248417561,0.2328355966541218
399,1822,8.975556391244819,15,100,0.15,0.09305985248417561,0.2328355966541218
399,1823,8.977231907326733,20,100,0.2,0.13336693289714838,0.2888291663642495
399,1824,8.978907423408646,36,200,0.18,0.13294625827141174,0.2391147507967245
399,1856,9.032523938029913,36,200,0.18,0.13294625827141174,0.2391147507967245
399,1864,9.04592806668523,34,200,0.17,0.12427907881439243,0.22815883678712312
399,1872,9.059332195340545,40,200,0.2,0.15045200891679145,0.2608551870845863
399,1880,9.072736323995862,34,200,0.17,0.12427907881439243,0.22815883678712312
400,516,6.802176413552619,4,25,0.16,0.06403451412098321,0.3465362177560826
400,1192,7.934825284926859,4,25,0.16,0.06403451412098321,0.3465362177560826
400,1531,8.502825236695895,1,25,0.04,0.007096233423382075,0.1954406391161776
400,1700,8.785987454539454,1,25,0.04,0.007096233423382075,0.1954406391161776
400,1784,8.926730805420277,4,25,0.16,0.06403451412098321,0.3465362177560826
400,1805,8.961916643140482,2,25,0.08,0.022220401084126245,0.24966109123460217
400,1807,8.965267675304311,15,100,0.15,0.09305985248417561,0.2328355966541218
400,1808,8.966943191386227,15,100,0.15,0.09305985248417561,0.2328355966541218
400,1809,8.96861870746814,15,100,0.15,0.09305985248417561,0.2328355966541218
400,1810,8.970294223550056,20,100,0.2,0.13336693289714838,0.2888291663642495
400,1811,8.97196973963197,20,100,0.2,0.13336693289714838,0.2888291663642495
400,1812,8.973645255713883,15,100,0.15,0.09305985248417561,0.2328355966541218
400,1813,8.975320771795799,15,100,0.15,0.09305985248417561,0.2328355966541218
400,1814,8.976996287877714,20,100,0.2,0.13336693289714838,0.2888291663642495
400,1815,8.978671803959628,36,200,0.18,0.13294625827141174,0.2391147507967245
400,1847,9.032288318580893,36,200,0.18,0.13294625827141174,0.2391147507967245
400,1855,9.04569244723621,34,200,0.17,0.12427907881439243,0.22815883678712312
400,1863,9.059096575891527,40,200,0.2,0.15045200891679145,0.2608551870845863
400,1871,9.072500704546844,34,200,0.17,0.12427907881439243,0.22815883678712312
401,507,6.8019407941036,4,25,0.16,0.06403451412098321,0.3465362177560826
401,1183,7.93458966547784,4,25,0.16,0.06403451412098321,0.3465362177560826
401,1522,8.502589617246874,1,25,0.04,0.007096233423382075,0.1954406391161776
401,1691,8.785751835090434,1,25,0.04,0.007096233423382075,0.1954406391161776
401,1775,8.926495185971257,4,25,0.16,0.06403451412098321,0.3465362177560826
401,1797,8.963356539773377,2,25,0.08,0.022220401084126245,0.24966109123460217
401,1798,8.965032055855293,15,100,0.15,0.09305985248417561,0.2328355966541218
401,1799,8.966707571937206,15,100,0.15,0.09305985248417561,0.2328355966541218
401,1800,8.96838308801912,15,100,0.15,0.09305985248417561,0.2328355966541218
401,1801,8.970058604101036,19,100,0.19,0.12514751467908536,0.27778845455769235
401,1802,8.971734120182951,20,100,0.2,0.13336693289714838,0.2888291663642495
401,1803,8.973409636264865,15,100,0.15,0.09305985248417561,0.2328355966541218
401,1804,8.975085152346779,15,100,0.15,0.09305985248417561,0.2328355966541218
401,1805,8.976760668428694,19,100,0.19,0.12514751467908536,0.27778845455769235
401,1806,8.978436184510608,36,200,0.18,0.13294625827141174,0.2391147507967245
401,1838,9.032052699131874,36,200,0.18,0.13294625827141174,0.2391147507967245
401,1846,9.045456827787191,34,200,0.17,0.12427907881439243,0.22815883678712312
401,1854,9.058860956442507,41,200,0.205,0.15486176168906182,0.2662569810456263
401,1862,9.072265085097824,35,200,0.175,0.1286051503455461,0.23364431198927976
402,498,6.801705174654581,4,25,0.16,0.06403451412098321,0.3465362177560826
402,1174,7.934354046028821,4,25,0.16,0.06403451412098321,0.3465362177560826
402,1513,8.502353997797854,1,25,0.04,0.007096233423382075,0.1954406391161776
402,1682,8.785516215641415,1,25,0.04,0.007096233423382075,0.1954406391161776
402,1767,8.927935082604153,4,25,0.16,0.06403451412098321,0.3465362177560826
402,1788,8.963120920324357,2,25,0.08,0.022220401084126245,0.24966109123460217
402,1790,8.966471952488188,16,100,0.16,0.10095288451828571,0.24420269464463182
402,1791,8.968147468570102,16,100,0.16,0.10095288451828571,0.24420269464463182
402,1792,8.969822984652016,16,100,0.16,0.10095288451828571,0.24420269464463182
402,1793,8.971498500733931,16,100,0.16,0.10095288451828571,0.24420269464463182
402,1794,8.973174016815845,16,100,0.16,0.10095288451828571,0.24420269464463182
402,1795,8.97484953289776,16,100,0.16,0.10095288451828571,0.24420269464463182
402,1796,8.976525048979674,16,100,0.16,0.10095288451828571,0.24420269464463182
402,1797,8.97820056506159,16,100,0.16,0.10095288451828571,0.24420269464463182
402,1798,8.979876081143503,27,200,0.135,0.09446570427968658,0.18929138418865638
402,1830,9.03349259576477,36,200,0.18,0.13294625827141174,0.2391147507967245
402,1838,9.046896724420087,34,200,0.17,0.12427907881439243,0.22815883678712312
402,1846,9.060300853075402,41,200,0.205,0.15486176168906182,0.2662569810456263
402,1854,9.07370498173072,35,200,0.175,0.1286051503455461,0.23364431198927976
403,489,6.801469555205562,4,25,0.16,0.06403451412098321,0.3465362177560826
403,1166,7.935793942661716,4,25,0.16,0.06403451412098321,0.3465362177560826
403,1504,8.502118378348836,1,25,0.04,0.007096233423382075,0.1954406391161776
403,1673,8.785280596192397,1,25,0.04,0.007096233423382075,0.1954406391161776
403,1758,8.927699463155134,4,25,0.16,0.06403451412098321,0.3465362177560826
403,1779,8.962885300875339,2,25,0.08,0.022220401084126245,0.24966109123460217
403,1781,8.966236333039168,16,100,0.16,0.10095288451828571,0.24420269464463182
403,1782,8.967911849121084,16,100,0.16,0.10095288451828571,0.24420269464463182
403,1783,8.969587365202997,16,100,0.16,0.10095288451828571,0.24420269464463182
403,1784,8.971262881284913,16,100,0.16,0.10095288451828571,0.24420269464463182
403,1785,8.972938397366827,16,100,0.16,0.10095288451828571,0.24420269464463182
403,1786,8.974613913448742,16,100,0.16,0.10095288451828571,0.24420269464463182
403,1787,8.976289429530656,16,100,0.16,0.10095288451828571,0.24420269464463182
403,1788,8.97796494561257,16,100,0.16,0.10095288451828571,0.24420269464463182
403,1789,8.979640461694485,28,200,0.14,0.09866982605979482,0.1948988091418585
403,1821,9.033256976315752,36,200,0.18,0.13294625827141174,0.2391147507967245
403,1829,9.046661104971067,34,200,0.17,0.12427907881439243,0.22815883678712312
403,1837,9.060065233626384,41,200,0.205,0.15486176168906182,0.2662569810456263
403,1845,9.0734693622817,36,200,0.18,0.13294625827141174,0.2391147507967245
404,480,6.801233935756542,4,25,0.16,0.06403451412098321,0.3465362177560826
404,1157,7.935558323212697,4,25,0.16,0.06403451412098321,0.3465362177560826
404,1495,8.501882758899818,1,25,0.04,0.007096233423382075,0.1954406391161776
404,1664,8.785044976743377,1,25,0.04,0.007096233423382075,0.1954406391161776
404,1749,8.927463843706114,4,25,0.16,0.06403451412098321,0.3465362177560826
404,1770,8.96264968142632,3,25,0.12,0.04166817117905038,0.29955794091884674
404,1772,8.96600071359015,16,100,0.16,0.10095288451828571,0.24420269464463182
404,1773,8.967676229672064,16,100,0.16,0.10095288451828571,0.24420269464463182
404,1774,8.969351745753979,16,100,0.16,0.10095288451828571,0.24420269464463182
404,1775,8.971027261835893,16,100,0.16,0.10095288451828571,0.24420269464463182
404,1776,8.972702777917807,16,100,0.16,0.10095288451828571,0.24420269464463182
404,1777,8.974378293999722,16,100,0.16,0.10095288451828571,0.24420269464463182
404,1778,8.976053810081638,16,100,0.16,0.10095288451828571,0.24420269464463182
404,1779,8.977729326163551,16,100,0.16,0.10095288451828571,0.24420269464463182
404,1780,8.979404842245465,29,200,0.145,0.10289350613885,0.20048667579611365
404,1812,9.033021356866731,37,200,0.185,0.1373019276778717,0.24457062812357494
404,1820,9.046425485522049,34,200,0.17,0.12427907881439243,0.22815883678712312
404,1828,9.059829614177364,41,200,0.205,0.15486176168906182,0.2662569810456263
404,1836,9.07323374283268,36,200,0.18,0.13294625827141174,0.2391147507967245
405,471,6.800998316307523,4,25,0.16,0.06403451412098321,0.3465362177560826
405,1148,7.935322703763678,4,25,0.16,0.06403451412098321,0.3465362177560826
405,1486,8.501647139450798,1,25,0.04,0.007096233423382075,0.1954406391161776
405,1655,8.784809357294357,1,25,0.04,0.007096233423382075,0.1954406391161776
405,1740,8.927228224257096,4,25,0.16,0.06403451412098321,0.3465362177560826
405,1761,8.9624140619773,3,25,0.12,0.04166817117905038,0.29955794091884674
405,1763,8.96576509414113,16,100,0.16,0.10095288451828571,0.24420269464463182
405,1764,8.967440610223044,16,100,0.16,0.10095288451828571,0.24420269464463182
405,1765,8.969116126304959,16,100,0.16,0.10095288451828571,0.24420269464463182
405,1766,8.970791642386875,16,100,0.16,0.10095288451828571,0.24420269464463182
405,1767,8.972467158468788,16,100,0.16,0.10095288451828571,0.24420269464463182
405,1768,8.974142674550702,16,100,0.16,0.10095288451828571,0.24420269464463182
405,1769,8.975818190632618,16,100,0.16,0.10095288451828571,0.24420269464463182
405,1770,8.977493706714531,16,100,0.16,0.10095288451828571,0.24420269464463182
405,1771,8.979169222796447,29,200,0.145,0.10289350613885,0.20048667579611365
405,1803,9.032785737417711,37,200,0.185,0.1373019276778717,0.24457062812357494
405,1811,9.046189866073028,34,200,0.17,0.12427907881439243,0.22815883678712312
405,1819,9.059593994728345,41,200,0.205,0.15486176168906182,0.2662569810456263
405,1827,9.072998123383663,36,200,0.18,0.13294625827141174,0.2391147507967245
406,462,6.800762696858504,4,25,0.16,0.06403451412098321,0.3465362177560826
406,1139,7.935087084314659,4,25,0.16,0.06403451412098321,0.3465362177560826
406,1477,8.501411520001778,1,25,0.04,0.007096233423382075,0.1954406391161776
406,1647,8.786249253927252,1,25,0.04,0.007096233423382075,0.1954406391161776
406,1731,8.926992604808076,4,25,0.16,0.06403451412098321,0.3465362177560826
406,1752,8.96217844252828,3,25,0.12,0.04166817117905038,0.29955794091884674
406,1754,8.965529474692111,16,100,0.16,0.10095288451828571,0.24420269464463182
406,1755,8.967204990774025,16,100,0.16,0.10095288451828571,0.24420269464463182
406,1756,8.968880506855939,16,100,0.16,0.10095288451828571,0.24420269464463182
406,1757,8.970556022937854,21,100,0.21,0.14165654017044627,0.2997996891155716
406,1758,8.972231539019768,22,100,0.22,0.15001282338296415,0.3107035359276738
406,1759,8.973907055101684,16,100,0.16,0.10095288451828571,0.24420269464463182
406,1760,8.975582571183597,16,100,0.16,0.10095288451828571,0.24420269464463182
406,1761,8.977258087265513,16,100,0.16,0.10095288451828571,0.24420269464463182
406,1762,8.978933603347427,30,200,0.15,0.10713593533492477,0.20605579333334925
406,1794,9.032550117968693,37,200,0.185,0.1373019276778717,0.24457062812357494
406,1802,9.04595424662401,36,200,0.18,0.13294625827141174,0.2391147507967245
406,1810,9.059358375279325,41,200,0.205,0.15486176168906182,0.2662569810456263
406,1818,9.072762503934642,36,200,0.18,0.13294625827141174,0.2391147507967245
407,454,6.8022025934913986,5,25,0.2,0.08860584630746873,0.3913095053487659
407,1130,7.934851464865639,4,25,0.16,0.06403451412098321,0.3465362177560826
407,1468,8.50117590055276,1,25,0.04,0.007096233423382075,0.1954406391161776
407,1638,8.786013634478234,1,25,0.04,0.007096233423382075,0.1954406391161776
407,1722,8.926756985359056,4,25,0.16,0.06403451412098321,0.3465362177560826
407,1743,8.961942823079262,5,25,0.2,0.08860584630746873,0.3913095053487659
407,1745,8.965293855243091,17,100,0.17,0.10893566075403191,0.2554800484335057
407,1746,8.966969371325005,17,100,0.17,0.10893566075403191,0.2554800484335057
407,1747,8.96864488740692,17,100,0.17,0.10893566075403191,0.2554800484335057
407,1748,8.970320403488834,23,100,0.23,0.15843265832598313,0.32154383100927497
407,1749,8.971995919570748,23,100,0.23,0.15843265832598313,0.32154383100927497
407,1750,8.973671435652664,17,100,0.17,0.10893566075403191,0.2554800484335057
407,1751,8.97534695173458,17,100,0.17,0.10893566075403191,0.2554800484335057
407,1752,8.977022467816493,23,100,0.23,0.15843265832598313,0.32154383100927497
407,1753,8.978697983898407,39,200,0.195,0.1460552050050192,0.2554404442630482
407,1785,9.032314498519673,37,200,0.185,0.1373019276778717,0.24457062812357494
407,1793,9.04571862717499,36,200,0.18,0.13294625827141174,0.2391147507967245
407,1801,9.059122755830305,43,200,0.215,0.16371876218582487,0.277023074015484
407,1809,9.072526884485622,37,200,0.185,0.1373019276778717,0.24457062812357494
408,445,6.801966974042379,5,25,0.2,0.08860584630746873,0.3913095053487659
408,1121,7.934615845416619,4,25,0.16,0.06403451412098321,0.3465362177560826
408,1460,8.502615797185655,1,25,0.04,0.007096233423382075,0.1954406391161776
408,1629,8.785778015029214,1,25,0.04,0.007096233423382075,0.1954406391161776
408,1713,8.926521365910038,4,25,0.16,0.06403451412098321,0.3465362177560826
408,1735,8.963382719712158,5,25,0.2,0.08860584630746873,0.3913095053487659
408,1736,8.965058235794071,17,100,0.17,0.10893566075403191,0.2554800484335057
408,1737,8.966733751875985,17,100,0.17,0.10893566075403191,0.2554800484335057
408,1738,8.9684092679579,17,100,0.17,0.10893566075403191,0.2554800484335057
408,1739,8.970084784039816,24,100,0.24,0.1669132550788802,0.3323233642809979
408,1740,8.97176030012173,24,100,0.24,0.1669132550788802,0.3323233642809979
408,1741,8.973435816203644,17,100,0.17,0.10893566075403191,0.2554800484335057
408,1742,8.97511133228556,17,100,0.17,0.10893566075403191,0.2554800484335057
408,1743,8.976786848367473,24,100,0.24,0.1669132550788802,0.3323233642809979
408,1744,8.978462364449388,39,200,0.195,0.1460552050050192,0.2554404442630482
408,1776,9.032078879070653,38,200,0.19,0.1416717149442203,0.25001238759053673
408,1784,9.04548300772597,38,200,0.19,0.1416717149442203,0.25001238759053673
408,1792,9.058887136381287,44,200,0.22,0.1681653832242373,0.2823879997103819
408,1800,9.072291265036604,37,200,0.185,0.1373019276778717,0.24457062812357494
409,436,6.801731354593361,5,25,0.2,0.08860584630746873,0.3913095053487659
409,1112,7.934380225967601,4,25,0.16,0.06403451412098321,0.3465362177560826
409,1451,8.502380177736637,1,25,0.04,0.007096233423382075,0.1954406391161776
409,1620,8.785542395580196,1,25,0.04,0.007096233423382075,0.1954406391161776
409,1705,8.927961262542933,4,25,0.16,0.06403451412098321,0.3465362177560826
409,1726,8.96314710026314,5,25,0.2,0.08860584630746873,0.3913095053487659
409,1728,8.966498132426967,17,100,0.17,0.10893566075403191,0.2554800484335057
409,1729,8.968173648508882,17,100,0.17,0.10893566075403191,0.2554800484335057
409,1730,8.969849164590798,17,100,0.17,0.10893566075403191,0.2554800484335057
409,1731,8.971524680672712,17,100,0.17,0.10893566075403191,0.2554800484335057
409,1732,8.973200196754625,17,100,0.17,0.10893566075403191,0.2554800484335057
409,1733,8.97487571283654,17,100,0.17,0.10893566075403191,0.2554800484335057
409,1734,8.976551228918455,17,100,0.17,0.10893566075403191,0.2554800484335057
409,1735,8.97822674500037,17,100,0.17,0.10893566075403191,0.2554800484335057
409,1736,8.979902261082284,30,200,0.15,0.10713593533492477,0.20605579333334925
409,1768,9.03351877570355,39,200,0.195,0.1460552050050192,0.2554404442630482
409,1776,9.046922904358865,39,200,0.195,0.1460552050050192,0.2554404442630482
409,1784,9.060327033014183,44,200,0.22,0.1681653832242373,0.2823879997103819
409,1792,9.0737311616695,37,200,0.185,0.1373019276778717,0.24457062812357494
410,427,6.801495735144342,5,25,0.2,0.08860584630746873,0.3913095053487659
410,1104,7.9358201226004965,4,25,0.16,0.06403451412098321,0.3465362177560826
410,1442,8.502144558287617,2,25,0.08,0.022220401084126245,0.24966109123460217
410,1611,8.785306776131176,1,25,0.04,0.007096233423382075,0.1954406391161776
410,1696,8.927725643093913,3,25,0.12,0.04166817117905038,0.29955794091884674
410,1717,8.96291148081412,6,25,0.24,0.1149631362645245,0.4342968351708788
410,1719,8.966262512977949,17,100,0.17,0.10893566075403191,0.2554800484335057
410,1720,8.967938029059862,17,100,0.17,0.10893566075403191,0.2554800484335057
410,1721,8.969613545141778,17,100,0.17,0.10893566075403191,0.2554800484335057
410,1722,8.971289061223692,17,100,0.17,0.10893566075403191,0.2554800484335057
410,1723,8.972964577305607,17,100,0.17,0.10893566075403191,0.2554800484335057
410,1724,8.97464009338752,17,100,0.17,0.10893566075403191,0.2554800484335057
410,1725,8.976315609469435,17,100,0.17,0.10893566075403191,0.2554800484335057
410,1726,8.97799112555135,17,100,0.17,0.10893566075403191,0.2554800484335057
410,1727,8.979666641633266,31,200,0.155,0.11139636898322336,0.21160690641836105
410,1759,9.03328315625453,39,200,0.195,0.1460552050050192,0.2554404442630482
410,1767,9.046687284909847,39,200,0.195,0.1460552050050192,0.2554404442630482
410,1775,9.060091413565164,44,200,0.22,0.1681653832242373,0.2823879997103819
410,1783,9.07349554222048,39,200,0.195,0.1460552050050192,0.2554404442630482
411,418,6.801260115695322,3,25,0.12,0.04166817117905038,0.29955794091884674
411,1095,7.9355845031514765,4,25,0.16,0.06403451412098321,0.3465362177560826
411,1433,8.501908938838596,2,25,0.08,0.022220401084126245,0.24966109123460217
411,1602,8.785071156682157,1,25,0.04,0.007096233423382075,0.1954406391161776
411,1687,8.927490023644895,3,25,0.12,0.04166817117905038,0.29955794091884674
411,1708,8.9626758613651,6,25,0.24,0.1149631362645245,0.4342968351708788
411,1710,8.966026893528928,17,100,0.17,0.10893566075403191,0.2554800484335057
411,1711,8.967702409610844,17,100,0.17,0.10893566075403191,0.2554800484335057
411,1712,8.969377925692758,17,100,0.17,0.10893566075403191,0.2554800484335057
411,1713,8.971053441774671,17,100,0.17,0.10893566075403191,0.2554800484335057
411,1714,8.972728957856587,17,100,0.17,0.10893566075403191,0.2554800484335057
411,1715,8.974404473938502,17,100,0.17,0.10893566075403191,0.2554800484335057
411,1716,8.976079990020416,17,100,0.17,0.10893566075403191,0.2554800484335057
411,1717,8.97775550610233,17,100,0.17,0.10893566075403191,0.2554800484335057
411,1718,8.979431022184245,31,200,0.155,0.11139636898322336,0.21160690641836105
411,1750,9.033047536805512,39,200,0.195,0.1460552050050192,0.2554404442630482
411,1758,9.046451665460827,40,200,0.2,0.15045200891679145,0.2608551870845863
411,1766,9.059855794116144,46,200,0.23,0.1770934322171564,0.2930830441840836
411,1774,9.07325992277146,39,200,0.195,0.1460552050050192,0.2554404442630482
412,409,6.801024496246303,3,25,0.12,0.04166817117905038,0.29955794091884674
412,1086,7.935348883702457,4,25,0.16,0.06403451412098321,0.3465362177560826
412,1424,8.501673319389578,2,25,0.08,0.022220401084126245,0.24966109123460217
412,1593,8.784835537233137,1,25,0.04,0.007096233423382075,0.1954406391161776
412,1678,8.927254404195875,3,25,0.12,0.04166817117905038,0.29955794091884674
412,1699,8.962440241916081,3,25,0.12,0.04166817117905038,0.29955794091884674
412,1701,8.965791274079908,17,100,0.17,0.10893566075403191,0.2554800484335057
412,1702,8.967466790161824,17,100,0.17,0.10893566075403191,0.2554800484335057
412,1703,8.96914230624374,17,100,0.17,0.10893566075403191,0.2554800484335057
412,1704,8.970817822325653,17,100,0.17,0.10893566075403191,0.2554800484335057
412,1705,8.972493338407567,17,100,0.17,0.10893566075403191,0.2554800484335057
412,1706,8.974168854489482,17,100,0.17,0.10893566075403191,0.2554800484335057
412,1707,8.975844370571396,17,100,0.17,0.10893566075403191,0.2554800484335057
412,1708,8.977519886653312,17,100,0.17,0.10893566075403191,0.2554800484335057
412,1709,8.979195402735225,31,200,0.155,0.11139636898322336,0.21160690641836105
412,1741,9.032811917356492,41,200,0.205,0.15486176168906182,0.2662569810456263
412,1749,9.046216046011807,41,200,0.205,0.15486176168906182,0.2662569810456263
412,1757,9.059620174667124,47,200,0.235,0.18157433377419854,0.2984136893603518
412,1765,9.073024303322441,41,200,0.205,0.15486176168906182,0.2662569810456263
413,400,6.8007888767972835,3,25,0.12,0.04166817117905038,0.29955794091884674
413,1077,7.935113264253438,4,25,0.16,0.06403451412098321,0.3465362177560826
413,1415,8.501437699940558,2,25,0.08,0.022220401084126245,0.24966109123460217
413,1584,8.784599917784117,2,25,0.08,0.022220401084126245,0.24966109123460217
413,1669,8.927018784746856,3,25,0.12,0.04166817117905038,0.29955794091884674
413,1690,8.96220462246706,4,25,0.16,0.06403451412098321,0.3465362177560826
413,1692,8.96555565463089,26,100,0.26,0.18404698413091963,0.3537098952781987
413,1693,8.967231170712804,26,100,0.26,0.18404698413091963,0.3537098952781987
413,1694,8.96890668679472,26,100,0.26,0.18404698413091963,0.3537098952781987
413,1695,8.970582202876633,14,100,0.14,0.08526343626497378,0.2213718828487036
413,1696,8.972257718958549,16,100,0.16,0.10095288451828571,0.24420269464463182
413,1697,8.973933235040462,26,100,0.26,0.18404698413091963,0.3537098952781987
413,1698,8.975608751122378,26,100,0.26,0.18404698413091963,0.3537098952781987
413,1699,8.977284267204292,26,100,0.26,0.18404698413091963,0.3537098952781987
413,1700,8.978959783286207,31,200,0.155,0.11139636898322336,0.21160690641836105
413,1732,9.032576297907472,41,200,0.205,0.15486176168906182,0.2662569810456263
413,1740,9.045980426562789,41,200,0.205,0.15486176168906182,0.2662569810456263
413,1748,9.059384555218106,48,200,0.24,0.1860661595414933,0.3037334103263674
413,1756,9.072788683873421,43,200,0.215,0.16371876218582487,0.277023074015484
414,392,6.80222877343018,3,25,0.12,0.04166817117905038,0.29955794091884674
414,1068,7.93487764480442,4,25,0.16,0.06403451412098321,0.3465362177560826
414,1406,8.50120208049154,3,25,0.12,0.04166817117905038,0.29955794091884674
414,1576,8.786039814417014,2,25,0.08,0.022220401084126245,0.24966109123460217
414,1660,8.926783165297836,3,25,0.12,0.04166817117905038,0.29955794091884674
414,1681,8.961969003018043,4,25,0.16,0.06403451412098321,0.3465362177560826
414,1683,8.965320035181872,26,100,0.26,0.18404698413091963,0.3537098952781987
414,1684,8.966995551263786,26,100,0.26,0.18404698413091963,0.3537098952781987
414,1685,8.968671067345701,26,100,0.26,0.18404698413091963,0.3537098952781987
414,1686,8.970346583427615,14,100,0.14,0.08526343626497378,0.2213718828487036
414,1687,8.97202209950953,16,100,0.16,0.10095288451828571,0.24420269464463182
414,1688,8.973697615591444,26,100,0.26,0.18404698413091963,0.3537098952781987
414,1689,8.975373131673358,26,100,0.26,0.18404698413091963,0.3537098952781987
414,1690,8.977048647755273,14,100,0.14,0.08526343626497378,0.2213718828487036
414,1691,8.978724163837189,41,200,0.205,0.15486176168906182,0.2662569810456263
414,1723,9.032340678458453,41,200,0.205,0.15486176168906182,0.2662569810456263
414,1731,9.04574480711377,42,200,0.21,0.15928412034547004,0.2716461691225284
414,1739,9.059148935769088,49,200,0.245,0.1905686805032898,0.3090424360978812
414,1747,9.072553064424403,44,200,0.22,0.1681653832242373,0.2823879997103819
415,383,6.80199315398116,3,25,0.12,0.04166817117905038,0.29955794091884674
415,1059,7.9346420253554,4,25,0.16,0.06403451412098321,0.3465362177560826
415,1398,8.502641977124435,4,25,0.16,0.06403451412098321,0.3465362177560826
415,1567,8.785804194967994,2,25,0.08,0.022220401084126245,0.24966109123460217
415,1651,8.926547545848818,3,25,0.12,0.04166817117905038,0.29955794091884674
415,1673,8.963408899650938,4,25,0.16,0.06403451412098321,0.3465362177560826
415,1674,8.965084415732852,26,100,0.26,0.18404698413091963,0.3537098952781987
415,1675,8.966759931814767,26,100,0.26,0.18404698413091963,0.3537098952781987
415,1676,8.968435447896681,26,100,0.26,0.18404698413091963,0.3537098952781987
415,1677,8.970110963978595,14,100,0.14,0.08526343626497378,0.2213718828487036
415,1678,8.97178648006051,16,100,0.16,0.10095288451828571,0.24420269464463182
415,1679,8.973461996142426,26,100,0.26,0.18404698413091963,0.3537098952781987
415,1680,8.97513751222434,26,100,0.26,0.18404698413091963,0.3537098952781987
415,1681,8.976813028306253,14,100,0.14,0.08526343626497378,0.2213718828487036
415,1682,8.978488544388169,43,200,0.215,0.16371876218582487,0.277023074015484
415,1714,9.032105059009435,41,200,0.205,0.15486176168906182,0.2662569810456263
415,1722,9.04550918766475,42,200,0.21,0.15928412034547004,0.2716461691225284
415,1730,9.058913316320067,50,200,0.25,0.195081679676731,0.3143409836577504
415,1738,9.072317444975383,44,200,0.22,0.1681653832242373,0.2823879997103819
416,374,6.801757534532141,3,25,0.12,0.04166817117905038,0.29955794091884674
416,1050,7.934406405906381,4,25,0.16,0.06403451412098321,0.3465362177560826
416,1389,8.502406357675415,4,25,0.16,0.06403451412098321,0.3465362177560826
416,1558,8.785568575518976,2,25,0.08,0.022220401084126245,0.24966109123460217
416,1642,8.926311926399798,3,25,0.12,0.04166817117905038,0.29955794091884674
416,1664,8.963173280201918,4,25,0.16,0.06403451412098321,0.3465362177560826
416,1666,8.966524312365747,28,100,0.28,0.2013968515708077,0.3748802878875508
416,1667,8.968199828447663,28,100,0.28,0.2013968515708077,0.3748802878875508
416,1668,8.969875344529576,28,100,0.28,0.2013968515708077,0.3748802878875508
416,1669,8.97155086061149,28,100,0.28,0.2013968515708077,0.3748802878875508
416,1670,8.973226376693406,28,100,0.28,0.2013968515708077,0.3748802878875508
416,1671,8.97490189277532,28,100,0.28,0.2013968515708077,0.3748802878875508
416,1672,8.976577408857235,28,100,0.28,0.2013968515708077,0.3748802878875508
416,1673,8.978252924939149,28,100,0.28,0.2013968515708077,0.3748802878875508
416,1674,8.979928441021064,34,200,0.17,0.12427907881439243,0.22815883678712312
416,1706,9.03354495564233,42,200,0.21,0.15928412034547004,0.2716461691225284
416,1714,9.046949084297646,43,200,0.215,0.16371876218582487,0.277023074015484
416,1722,9.060353212952963,50,200,0.25,0.195081679676731,0.3143409836577504
416,1730,9.073757341608278,44,200,0.22,0.1681653832242373,0.2823879997103819
417,365,6.801521915083121,3,25,0.12,0.04166817117905038,0.29955794091884674
417,1042,7.935846302539276,4,25,0.16,0.06403451412098321,0.3465362177560826
417,1380,8.502170738226397,5,25,0.2,0.08860584630746873,0.3913095053487659
417,1549,8.785332956069956,2,25,0.08,0.022220401084126245,0.24966109123460217
417,1634,8.927751823032693,3,25,0.12,0.04166817117905038,0.29955794091884674
417,1655,8.9629376607529,4,25,0.16,0.06403451412098321,0.3465362177560826
417,1657,8.966288692916727,28,100,0.28,0.2013968515708077,0.3748802878875508
417,1658,8.967964208998643,28,100,0.28,0.2013968515708077,0.3748802878875508
417,1659,8.969639725080556,28,100,0.28,0.2013968515708077,0.3748802878875508
417,1660,8.971315241162472,28,100,0.28,0.2013968515708077,0.3748802878875508
417,1661,8.972990757244386,28,100,0.28,0.2013968515708077,0.3748802878875508
417,1662,8.974666273326301,28,100,0.28,0.2013968515708077,0.3748802878875508
417,1663,8.976341789408215,28,100,0.28,0.2013968515708077,0.3748802878875508
417,1664,8.97801730549013,28,100,0.28,0.2013968515708077,0.3748802878875508
417,1665,8.979692821572044,37,200,0.185,0.1373019276778717,0.24457062812357494
417,1697,9.03330933619331,42,200,0.21,0.15928412034547004,0.2716461691225284
417,1705,9.046713464848626,44,200,0.22,0.1681653832242373,0.2823879997103819
417,1713,9.060117593503943,51,200,0.255,0.19960495132458245,0.3196292587432093
417,1721,9.07352172215926,44,200,0.22,0.1681653832242373,0.2823879997103819
418,356,6.801286295634101,3,25,0.12,0.04166817117905038,0.29955794091884674
418,1033,7.935610683090257,4,25,0.16,0.06403451412098321,0.3465362177560826
418,1371,8.501935118777377,5,25,0.2,0.08860584630746873,0.3913095053487659
418,1540,8.785097336620936,3,25,0.12,0.04166817117905038,0.29955794091884674
418,1625,8.927516203583673,4,25,0.16,0.06403451412098321,0.3465362177560826
418,1646,8.96270204130388,4,25,0.16,0.06403451412098321,0.3465362177560826
418,1648,8.966053073467709,28,100,0.28,0.2013968515708077,0.3748802878875508
418,1649,8.967728589549623,28,100,0.28,0.2013968515708077,0.3748802878875508
418,1650,8.969404105631538,28,100,0.28,0.2013968515708077,0.3748802878875508
418,1651,8.971079621713452,28,100,0.28,0.2013968515708077,0.3748802878875508
418,1652,8.972755137795367,28,100,0.28,0.2013968515708077,0.3748802878875508
418,1653,8.974430653877281,28,100,0.28,0.2013968515708077,0.3748802878875508
418,1654,8.976106169959195,28,100,0.28,0.2013968515708077,0.3748802878875508
418,1655,8.97778168604111,28,100,0.28,0.2013968515708077,0.3748802878875508
418,1656,8.979457202123026,38,200,0.19,0.1416717149442203,0.25001238759053673
418,1688,9.03307371674429,43,200,0.215,0.16371876218582487,0.277023074015484
418,1696,9.046477845399608,44,200,0.22,0.1681653832242373,0.2823879997103819
418,1704,9.059881974054925,51,200,0.255,0.19960495132458245,0.3196292587432093
418,1712,9.07328610271024,44,200,0.22,0.1681653832242373,0.2823879997103819
419,347,6.801050676185083,3,25,0.12,0.04166817117905038,0.29955794091884674
419,1024,7.935375063641238,4,25,0.16,0.06403451412098321,0.3465362177560826
419,1362,8.501699499328359,5,25,0.2,0.08860584630746873,0.3913095053487659
419,1531,8.784861717171918,3,25,0.12,0.04166817117905038,0.29955794091884674
419,1616,8.927280584134655,4,25,0.16,0.06403451412098321,0.3465362177560826
419,1637,8.962466421854861,4,25,0.16,0.06403451412098321,0.3465362177560826
419,1639,8.96581745401869,28,100,0.28,0.2013968515708077,0.3748802878875508
419,1640,8.967492970100604,28,100,0.28,0.2013968515708077,0.3748802878875508
419,1641,8.969168486182518,28,100,0.28,0.2013968515708077,0.3748802878875508
419,1642,8.970844002264434,28,100,0.28,0.2013968515708077,0.3748802878875508
419,1643,8.972519518346349,28,100,0.28,0.2013968515708077,0.3748802878875508
419,1644,8.974195034428263,28,100,0.28,0.2013968515708077,0.3748802878875508
419,1645,8.975870550510177,28,100,0.28,0.2013968515708077,0.3748802878875508
419,1646,8.977546066592092,28,100,0.28,0.2013968515708077,0.3748802878875508
419,1647,8.979221582674006,38,200,0.19,0.1416717149442203,0.25001238759053673
419,1679,9.032838097295272,43,200,0.215,0.16371876218582487,0.277023074015484
419,1687,9.04624222595059,47,200,0.235,0.18157433377419854,0.2984136893603518
419,1695,9.059646354605905,51,200,0.255,0.19960495132458245,0.3196292587432093
419,1703,9.073050483261222,46,200,0.23,0.1770934322171564,0.2930830441840836
420,338,6.800815056736064,3,25,0.12,0.04166817117905038,0.29955794091884674
420,1015,7.9351394441922185,4,25,0.16,0.06403451412098321,0.3465362177560826
420,1353,8.501463879879338,5,25,0.2,0.08860584630746873,0.3913095053487659
420,1522,8.7846260977229,3,25,0.12,0.04166817117905038,0.29955794091884674
420,1607,8.927044964685635,4,25,0.16,0.06403451412098321,0.3465362177560826
420,1628,8.962230802405841,4,25,0.16,0.06403451412098321,0.3465362177560826
420,1630,8.96558183456967,28,100,0.28,0.2013968515708077,0.3748802878875508
420,1631,8.967257350651586,28,100,0.28,0.2013968515708077,0.3748802878875508
420,1632,8.9689328667335,28,100,0.28,0.2013968515708077,0.3748802878875508
420,1633,8.970608382815414,28,100,0.28,0.2013968515708077,0.3748802878875508
420,1634,8.972283898897329,28,100,0.28,0.2013968515708077,0.3748802878875508
420,1635,8.973959414979243,28,100,0.28,0.2013968515708077,0.3748802878875508
420,1636,8.975634931061158,28,100,0.28,0.2013968515708077,0.3748802878875508
420,1637,8.977310447143072,28,100,0.28,0.2013968515708077,0.3748802878875508
420,1638,8.978985963224988,39,200,0.195,0.1460552050050192,0.2554404442630482
420,1670,9.032602477846254,44,200,0.22,0.1681653832242373,0.2823879997103819
420,1678,9.04600660650157,48,200,0.24,0.1860661595414933,0.3037334103263674
420,1686,9.059410735156886,52,200,0.26,0.2041383002358024,0.32490745656529973
420,1694,9.072814863812201,48,200,0.24,0.1860661595414933,0.3037334103263674
421,330,6.802254953368959,3,25,0.12,0.04166817117905038,0.29955794091884674
421,1006,7.934903824743199,4,25,0.16,0.06403451412098321,0.3465362177560826
421,1344,8.50122826043032,5,25,0.2,0.08860584630746873,0.3913095053487659
421,1514,8.786065994355793,3,25,0.12,0.04166817117905038,0.29955794091884674
421,1598,8.926809345236617,4,25,0.16,0.06403451412098321,0.3465362177560826
421,1619,8.961995182956823,4,25,0.16,0.06403451412098321,0.3465362177560826
421,1621,8.96534621512065,28,100,0.28,0.2013968515708077,0.3748802878875508
421,1622,8.967021731202566,28,100,0.28,0.2013968515708077,0.3748802878875508
421,1623,8.96869724728448,28,100,0.28,0.2013968515708077,0.3748802878875508
421,1624,8.970372763366395,15,100,0.15,0.09305985248417561,0.2328355966541218
421,1625,8.972048279448309,18,100,0.18,0.11700225458662546,0.2666735846255322
421,1626,8.973723795530224,28,100,0.28,0.2013968515708077,0.3748802878875508
421,1627,8.975399311612138,28,100,0.28,0.2013968515708077,0.3748802878875508
421,1628,8.977074827694054,15,100,0.15,0.09305985248417561,0.2328355966541218
421,1629,8.978750343775967,49,200,0.245,0.1905686805032898,0.3090424360978812
421,1661,9.032366858397234,45,200,0.225,0.17262369678203637,0.2877412328858932
421,1669,9.04577098705255,48,200,0.24,0.1860661595414933,0.3037334103263674
421,1677,9.059175115707866,54,200,0.27,0.2132344977387029,0.33543435252902004
421,1685,9.072579244363183,49,200,0.245,0.1905686805032898,0.3090424360978812
422,321,6.802019333919939,3,25,0.12,0.04166817117905038,0.29955794091884674
422,997,7.93466820529418,4,25,0.16,0.06403451412098321,0.3465362177560826
422,1336,8.502668157063214,5,25,0.2,0.08860584630746873,0.3913095053487659
422,1505,8.785830374906775,3,25,0.12,0.04166817117905038,0.29955794091884674
422,1589,8.926573725787597,4,25,0.16,0.06403451412098321,0.3465362177560826
422,1610,8.961759563507803,4,25,0.16,0.06403451412098321,0.3465362177560826
422,1612,8.965110595671632,28,100,0.28,0.2013968515708077,0.3748802878875508
422,1613,8.966786111753546,28,100,0.28,0.2013968515708077,0.3748802878875508
422,1614,8.968461627835461,28,100,0.28,0.2013968515708077,0.3748802878875508
422,1615,8.970137143917375,16,100,0.16,0.10095288451828571,0.24420269464463182
422,1616,8.97181265999929,19,100,0.19,0.12514751467908536,0.27778845455769235
422,1617,8.973488176081204,28,100,0.28,0.2013968515708077,0.3748802878875508
422,1618,8.975163692163118,28,100,0.28,0.2013968515708077,0.3748802878875508
422,1619,8.976839208245034,16,100,0.16,0.10095288451828571,0.24420269464463182
422,1620,8.97851472432695,49,200,0.245,0.1905686805032898,0.3090424360978812
422,1652,9.032131238948214,45,200,0.225,0.17262369678203637,0.2877412328858932
422,1660,9.04553536760353,49,200,0.245,0.1905686805032898,0.3090424360978812
422,1668,9.058939496258848,54,200,0.27,0.2132344977387029,0.33543435252902004
422,1676,9.072343624914163,51,200,0.255,0.19960495132458245,0.3196292587432093
423,312,6.80178371447092,3,25,0.12,0.04166817117905038,0.29955794091884674
423,988,7.93443258584516,5,25,0.2,0.08860584630746873,0.3913095053487659
423,1327,8.502432537614194,5,25,0.2,0.08860584630746873,0.3913095053487659
423,1496,8.785594755457755,3,25,0.12,0.04166817117905038,0.29955794091884674
423,1580,8.926338106338576,4,25,0.16,0.06403451412098321,0.3465362177560826
423,1602,8.963199460140698,4,25,0.16,0.06403451412098321,0.3465362177560826
423,1604,8.966550492304528,28,100,0.28,0.2013968515708077,0.3748802878875508
423,1605,8.968226008386441,28,100,0.28,0.2013968515708077,0.3748802878875508
423,1606,8.969901524468355,28,100,0.28,0.2013968515708077,0.3748802878875508
423,1607,8.97157704055027,28,100,0.28,0.2013968515708077,0.3748802878875508
423,1608,8.973252556632186,28,100,0.28,0.2013968515708077,0.3748802878875508
423,1609,8.9749280727141,28,100,0.28,0.2013968515708077,0.3748802878875508
423,1610,8.976603588796014,28,100,0.28,0.2013968515708077,0.3748802878875508
423,1611,8.97827910487793,28,100,0.28,0.2013968515708077,0.3748802878875508
423,1612,8.979954620959843,44,200,0.22,0.1681653832242373,0.2823879997103819
423,1644,9.03357113558111,45,200,0.225,0.17262369678203637,0.2877412328858932
423,1652,9.046975264236426,49,200,0.245,0.1905686805032898,0.3090424360978812
423,1660,9.060379392891742,56,200,0.28,0.2223688973234035,0.3459230464109402
423,1668,9.073783521547059,51,200,0.255,0.19960495132458245,0.3196292587432093
424,303,6.801548095021902,3,25,0.12,0.04166817117905038,0.29955794091884674
424,980,7.935872482478056,5,25,0.2,0.08860584630746873,0.3913095053487659
424,1318,8.502196918165176,5,25,0.2,0.08860584630746873,0.3913095053487659
424,1487,8.785359136008736,3,25,0.12,0.04166817117905038,0.29955794091884674
424,1572,8.927778002971474,4,25,0.16,0.06403451412098321,0.3465362177560826
424,1593,8.962963840691678,4,25,0.16,0.06403451412098321,0.3465362177560826
424,1595,8.96631487285551,28,100,0.28,0.2013968515708077,0.3748802878875508
424,1596,8.967990388937423,28,100,0.28,0.2013968515708077,0.3748802878875508
424,1597,8.969665905019337,28,100,0.28,0.2013968515708077,0.3748802878875508
424,1598,8.971341421101252,28,100,0.28,0.2013968515708077,0.3748802878875508
424,1599,8.973016937183166,28,100,0.28,0.2013968515708077,0.3748802878875508
424,1600,8.974692453265082,28,100,0.28,0.2013968515708077,0.3748802878875508
424,1601,8.976367969346995,28,100,0.28,0.2013968515708077,0.3748802878875508
424,1602,8.97804348542891,28,100,0.28,0.2013968515708077,0.3748802878875508
424,1603,8.979719001510825,44,200,0.22,0.1681653832242373,0.2823879997103819
424,1635,9.033335516132091,47,200,0.235,0.18157433377419854,0.2984136893603518
424,1643,9.046739644787408,50,200,0.25,0.195081679676731,0.3143409836577504
424,1651,9.060143773442723,56,200,0.28,0.2223688973234035,0.3459230464109402
424,1659,9.07354790209804,52,200,0.26,0.2041383002358024,0.32490745656529973
425,294,6.801312475572883,3,25,0.12,0.04166817117905038,0.29955794091884674
425,971,7.935636863029037,5,25,0.2,0.08860584630746873,0.3913095053487659
425,1309,8.501961298716157,5,25,0.2,0.08860584630746873,0.3913095053487659
425,1478,8.785123516559716,3,25,0.12,0.04166817117905038,0.29955794091884674
425,1563,8.927542383522454,4,25,0.16,0.06403451412098321,0.3465362177560826
425,1584,8.96272822124266,4,25,0.16,0.06403451412098321,0.3465362177560826
425,1586,8.96607925340649,28,100,0.28,0.2013968515708077,0.3748802878875508
425,1587,8.967754769488403,28,100,0.28,0.2013968515708077,0.3748802878875508
425,1588,8.969430285570319,28,100,0.28,0.2013968515708077,0.3748802878875508
425,1589,8.971105801652232,28,100,0.28,0.2013968515708077,0.3748802878875508
425,1590,8.972781317734148,28,100,0.28,0.2013968515708077,0.3748802878875508
425,1591,8.974456833816062,28,100,0.28,0.2013968515708077,0.3748802878875508
425,1592,8.976132349897977,28,100,0.28,0.2013968515708077,0.3748802878875508
425,1593,8.97780786597989,28,100,0.28,0.2013968515708077,0.3748802878875508
425,1594,8.979483382061805,44,200,0.22,0.1681653832242373,0.2823879997103819
425,1626,9.033099896683071,47,200,0.235,0.18157433377419854,0.2984136893603518
425,1634,9.046504025338388,50,200,0.25,0.195081679676731,0.3143409836577504
425,1642,9.059908153993703,57,200,0.285,0.22695002962622268,0.35115346084143123
425,1650,9.07331228264902,54,200,0.27,0.2132344977387029,0.33543435252902004
426,285,6.801076856123863,3,25,0.12,0.04166817117905038,0.29955794091884674
426,962,7.935401243580017,6,25,0.24,0.1149631362645245,0.4342968351708788
426,1300,8.501725679267137,5,25,0.2,0.08860584630746873,0.3913095053487659
426,1469,8.784887897110698,3,25,0.12,0.04166817117905038,0.29955794091884674
426,1554,8.927306764073435,4,25,0.16,0.06403451412098321,0.3465362177560826
426,1575,8.96249260179364,4,25,0.16,0.06403451412098321,0.3465362177560826
426,1577,8.96584363395747,28,100,0.28,0.2013968515708077,0.3748802878875508
426,1578,8.967519150039385,28,100,0.28,0.2013968515708077,0.3748802878875508
426,1579,8.969194666121298,28,100,0.28,0.2013968515708077,0.3748802878875508
426,1580,8.970870182203214,28,100,0.28,0.2013968515708077,0.3748802878875508
426,1581,8.972545698285128,28,100,0.28,0.2013968515708077,0.3748802878875508
426,1582,8.974221214367041,28,100,0.28,0.2013968515708077,0.3748802878875508
426,1583,8.975896730448957,28,100,0.28,0.2013968515708077,0.3748802878875508
426,1584,8.977572246530872,28,100,0.28,0.2013968515708077,0.3748802878875508
426,1585,8.979247762612786,44,200,0.22,0.1681653832242373,0.2823879997103819
426,1617,9.03286427723405,48,200,0.24,0.1860661595414933,0.3037334103263674
426,1625,9.046268405889368,50,200,0.25,0.195081679676731,0.3143409836577504
426,1633,9.059672534544685,57,200,0.285,0.22695002962622268,0.35115346084143123
426,1641,9.073076663200002,55,200,0.275,0.21779700288091797,0.3406833941201153
427,276,6.800841236674843,4,25,0.16,0.06403451412098321,0.3465362177560826
427,953,7.935165624130998,6,25,0.24,0.1149631362645245,0.4342968351708788
427,1291,8.501490059818117,5,25,0.2,0.08860584630746873,0.3913095053487659
427,1460,8.784652277661678,4,25,0.16,0.06403451412098321,0.3465362177560826
427,1545,8.927071144624415,4,25,0.16,0.06403451412098321,0.3465362177560826
427,1566,8.962256982344622,4,25,0.16,0.06403451412098321,0.3465362177560826
427,1568,8.965608014508451,28,100,0.28,0.2013968515708077,0.3748802878875508
427,1569,8.967283530590365,28,100,0.28,0.2013968515708077,0.3748802878875508
427,1570,8.968959046672278,28,100,0.28,0.2013968515708077,0.3748802878875508
427,1571,8.970634562754194,28,100,0.28,0.2013968515708077,0.3748802878875508
427,1572,8.97231007883611,28,100,0.28,0.2013968515708077,0.3748802878875508
427,1573,8.973985594918023,28,100,0.28,0.2013968515708077,0.3748802878875508
427,1574,8.975661110999937,28,100,0.28,0.2013968515708077,0.3748802878875508
427,1575,8.977336627081852,28,100,0.28,0.2013968515708077,0.3748802878875508
427,1576,8.979012143163766,44,200,0.22,0.1681653832242373,0.2823879997103819
427,1608,9.032628657785033,48,200,0.24,0.1860661595414933,0.3037334103263674
427,1616,9.04603278644035,50,200,0.25,0.195081679676731,0.3143409836577504
427,1624,9.059436915095665,57,200,0.285,0.22695002962622268,0.35115346084143123
427,1632,9.072841043750982,56,200,0.28,0.2223688973234035,0.3459230464109402
428,267,6.800605617225824,4,25,0.16,0.06403451412098321,0.3465362177560826
428,944,7.934930004681979,6,25,0.24,0.1149631362645245,0.4342968351708788
428,1282,8.501254440369099,5,25,0.2,0.08860584630746873,0.3913095053487659
428,1452,8.786092174294573,4,25,0.16,0.06403451412098321,0.3465362177560826
428,1536,8.926835525175395,4,25,0.16,0.06403451412098321,0.3465362177560826
428,1557,8.962021362895602,4,25,0.16,0.06403451412098321,0.3465362177560826
428,1559,8.96537239505943,28,100,0.28,0.2013968515708077,0.3748802878875508
428,1560,8.967047911141346,28,100,0.28,0.2013968515708077,0.3748802878875508
428,1561,8.96872342722326,28,100,0.28,0.2013968515708077,0.3748802878875508
428,1562,8.970398943305174,19,100,0.19,0.12514751467908536,0.27778845455769235
428,1563,8.97207445938709,21,100,0.21,0.14165654017044627,0.2997996891155716
428,1564,8.973749975469003,28,100,0.28,0.2013968515708077,0.3748802878875508
428,1565,8.975425491550919,28,100,0.28,0.2013968515708077,0.3748802878875508
428,1566,8.977101007632832,19,100,0.19,0.12514751467908536,0.27778845455769235
428,1567,8.978776523714748,53,200,0.265,0.2086815410670056,0.33017576246740693
428,1599,9.032393038336012,50,200,0.25,0.195081679676731,0.3143409836577504
428,1607,9.04579716699133,52,200,0.26,0.2041383002358024,0.32490745656529973
428,1615,9.059201295646647,58,200,0.29,0.23154025564693195,0.3563747815540324
428,1623,9.072605424301962,57,200,0.285,0.22695002962622268,0.35115346084143123
429,259,6.80204551385872,4,25,0.16,0.06403451412098321,0.3465362177560826
429,935,7.934694385232959,6,25,0.24,0.1149631362645245,0.4342968351708788
429,1274,8.502694337001994,3,25,0.12,0.04166817117905038,0.29955794091884674
429,1443,8.785856554845553,4,25,0.16,0.06403451412098321,0.3465362177560826
429,1527,8.926599905726377,4,25,0.16,0.06403451412098321,0.3465362177560826
429,1548,8.961785743446583,4,25,0.16,0.06403451412098321,0.3465362177560826
429,1550,8.96513677561041,28,100,0.28,0.2013968515708077,0.3748802878875508
429,1551,8.966812291692326,28,100,0.28,0.2013968515708077,0.3748802878875508
429,1552,8.96848780777424,28,100,0.28,0.2013968515708077,0.3748802878875508
429,1553,8.970163323856156,19,100,0.19,0.12514751467908536,0.27778845455769235
429,1554,8.97183883993807,21,100,0.21,0.14165654017044627,0.2997996891155716
429,1555,8.973514356019985,28,100,0.28,0.2013968515708077,0.3748802878875508
429,1556,8.975189872101899,28,100,0.28,0.2013968515708077,0.3748802878875508
429,1557,8.976865388183814,19,100,0.19,0.12514751467908536,0.27778845455769235
429,1558,8.978540904265728,53,200,0.265,0.2086815410670056,0.33017576246740693
429,1590,9.032157418886994,50,200,0.25,0.195081679676731,0.3143409836577504
429,1598,9.04556154754231,52,200,0.26,0.2041383002358024,0.32490745656529973
429,1606,9.058965676197626,58,200,0.29,0.23154025564693195,0.3563747815540324
429,1614,9.072369804852944,60,200,0.3,0.24074744639257037,0.3667906842750147
430,250,6.8018098944097005,4,25,0.16,0.06403451412098321,0.3465362177560826
430,926,7.9344587657839405,6,25,0.24,0.1149631362645245,0.4342968351708788
430,1265,8.502458717552976,3,25,0.12,0.04166817117905038,0.29955794091884674
430,1434,8.785620935396535,4,25,0.16,0.06403451412098321,0.3465362177560826
430,1518,8.926364286277359,5,25,0.2,0.08860584630746873,0.3913095053487659
430,1540,8.963225640079479,4,25,0.16,0.06403451412098321,0.3465362177560826
430,1542,8.966576672243308,28,100,0.28,0.2013968515708077,0.3748802878875508
430,1543,8.968252188325222,28,100,0.28,0.2013968515708077,0.3748802878875508
430,1544,8.969927704407137,28,100,0.28,0.2013968515708077,0.3748802878875508
430,1545,8.971603220489051,28,100,0.28,0.2013968515708077,0.3748802878875508
430,1546,8.973278736570965,28,100,0.28,0.2013968515708077,0.3748802878875508
430,1547,8.97495425265288,28,100,0.28,0.2013968515708077,0.3748802878875508
430,1548,8.976629768734796,28,100,0.28,0.2013968515708077,0.3748802878875508
430,1549,8.97830528481671,28,100,0.28,0.2013968515708077,0.3748802878875508
430,1550,8.979980800898623,45,200,0.225,0.17262369678203637,0.2877412328858932
430,1582,9.03359731551989,53,200,0.265,0.2086815410670056,0.33017576246740693
430,1590,9.047001444175207,52,200,0.26,0.2041383002358024,0.32490745656529973
430,1598,9.060405572830522,60,200,0.3,0.24074744639257037,0.3667906842750147
430,1606,9.073809701485839,60,200,0.3,0.24074744639257037,0.3667906842750147
431,241,6.801574274960681,4,25,0.16,0.06403451412098321,0.3465362177560826
431,918,7.935898662416836,6,25,0.24,0.1149631362645245,0.4342968351708788
431,1256,8.502223098103956,3,25,0.12,0.04166817117905038,0.29955794091884674
431,1425,8.785385315947515,4,25,0.16,0.06403451412098321,0.3465362177560826
431,1510,8.927804182910254,5,25,0.2,0.08860584630746873,0.3913095053487659
431,1531,8.962990020630459,4,25,0.16,0.06403451412098321,0.3465362177560826
431,1533,8.966341052794288,28,100,0.28,0.2013968515708077,0.3748802878875508
431,1534,8.968016568876202,28,100,0.28,0.2013968515708077,0.3748802878875508
431,1535,8.969692084958117,28,100,0.28,0.2013968515708077,0.3748802878875508
431,1536,8.971367601040033,28,100,0.28,0.2013968515708077,0.3748802878875508
431,1537,8.973043117121946,28,100,0.28,0.2013968515708077,0.3748802878875508
431,1538,8.97471863320386,28,100,0.28,0.2013968515708077,0.3748802878875508
431,1539,8.976394149285776,28,100,0.28,0.2013968515708077,0.3748802878875508
431,1540,8.97806966536769,28,100,0.28,0.2013968515708077,0.3748802878875508
431,1541,8.979745181449605,47,200,0.235,0.18157433377419854,0.2984136893603518
431,1573,9.03336169607087,53,200,0.265,0.2086815410670056,0.33017576246740693
431,1581,9.046765824726187,53,200,0.265,0.2086815410670056,0.33017576246740693
431,1589,9.060169953381504,60,200,0.3,0.24074744639257037,0.3667906842750147
431,1597,9.07357408203682,62,200,0.31,0.2499894479224967,0.37717177621170916
432,232,6.801338655511662,4,25,0.16,0.06403451412098321,0.3465362177560826
432,909,7.935663042967817,6,25,0.24,0.1149631362645245,0.4342968351708788
432,1247,8.501987478654936,3,25,0.12,0.04166817117905038,0.29955794091884674
432,1416,8.785149696498497,4,25,0.16,0.06403451412098321,0.3465362177560826
432,1501,8.927568563461234,5,25,0.2,0.08860584630746873,0.3913095053487659
432,1522,8.962754401181439,4,25,0.16,0.06403451412098321,0.3465362177560826
432,1524,8.96610543334527,28,100,0.28,0.2013968515708077,0.3748802878875508
432,1525,8.967780949427183,28,100,0.28,0.2013968515708077,0.3748802878875508
432,1526,8.969456465509097,28,100,0.28,0.2013968515708077,0.3748802878875508
432,1527,8.971131981591013,28,100,0.28,0.2013968515708077,0.3748802878875508
432,1528,8.972807497672926,28,100,0.28,0.2013968515708077,0.3748802878875508
432,1529,8.974483013754842,28,100,0.28,0.2013968515708077,0.3748802878875508
432,1530,8.976158529836756,28,100,0.28,0.2013968515708077,0.3748802878875508
432,1531,8.977834045918671,28,100,0.28,0.2013968515708077,0.3748802878875508
432,1532,8.979509562000585,47,200,0.235,0.18157433377419854,0.2984136893603518
432,1564,9.033126076621851,54,200,0.27,0.2132344977387029,0.33543435252902004
432,1572,9.046530205277168,54,200,0.27,0.2132344977387029,0.33543435252902004
432,1580,9.059934333932484,61,200,0.305,0.2453641558726048,0.3719855215282907
432,1588,9.0733384625878,62,200,0.31,0.2499894479224967,0.37717177621170916
433,223,6.801103036062643,4,25,0.16,0.06403451412098321,0.3465362177560826
433,900,7.935427423518798,6,25,0.24,0.1149631362645245,0.4342968351708788
433,1238,8.501751859205918,3,25,0.12,0.04166817117905038,0.29955794091884674
433,1407,8.784914077049477,4,25,0.16,0.06403451412098321,0.3465362177560826
433,1492,8.927332944012214,5,25,0.2,0.08860584630746873,0.3913095053487659
433,1513,8.96251878173242,5,25,0.2,0.08860584630746873,0.3913095053487659
433,1515,8.96586981389625,28,100,0.28,0.2013968515708077,0.3748802878875508
433,1516,8.967545329978163,28,100,0.28,0.2013968515708077,0.3748802878875508
433,1517,8.969220846060079,28,100,0.28,0.2013968515708077,0.3748802878875508
433,1518,8.970896362141993,28,100,0.28,0.2013968515708077,0.3748802878875508
433,1519,8.972571878223908,28,100,0.28,0.2013968515708077,0.3748802878875508
433,1520,8.974247394305822,28,100,0.28,0.2013968515708077,0.3748802878875508
433,1521,8.975922910387737,28,100,0.28,0.2013968515708077,0.3748802878875508
433,1522,8.977598426469651,28,100,0.28,0.2013968515708077,0.3748802878875508
433,1523,8.979273942551565,48,200,0.24,0.1860661595414933,0.3037334103263674
433,1555,9.032890457172831,54,200,0.27,0.2132344977387029,0.33543435252902004
433,1563,9.046294585828148,54,200,0.27,0.2132344977387029,0.33543435252902004
433,1571,9.059698714483464,64,200,0.32,0.2592653327095053,0.38751898489132125
433,1579,9.07310284313878,63,200,0.315,0.2546232094605245,0.38234956140699167
434,214,6.800867416613623,4,25,0.16,0.06403451412098321,0.3465362177560826
434,891,7.9351918040697775,6,25,0.24,0.1149631362645245,0.4342968351708788
434,1229,8.501516239756898,4,25,0.16,0.06403451412098321,0.3465362177560826
434,1398,8.784678457600458,4,25,0.16,0.06403451412098321,0.3465362177560826
434,1483,8.927097324563196,5,25,0.2,0.08860584630746873,0.3913095053487659
434,1504,8.9622831622834,5,25,0.2,0.08860584630746873,0.3913095053487659
434,1506,8.96563419444723,28,100,0.28,0.2013968515708077,0.3748802878875508
434,1507,8.967309710529145,28,100,0.28,0.2013968515708077,0.3748802878875508
434,1508,8.968985226611059,28,100,0.28,0.2013968515708077,0.3748802878875508
434,1509,8.970660742692974,28,100,0.28,0.2013968515708077,0.3748802878875508
434,1510,8.972336258774888,28,100,0.28,0.2013968515708077,0.3748802878875508
434,1511,8.974011774856802,28,100,0.28,0.2013968515708077,0.3748802878875508
434,1512,8.975687290938717,28,100,0.28,0.2013968515708077,0.3748802878875508
434,1513,8.977362807020633,28,100,0.28,0.2013968515708077,0.3748802878875508
434,1514,8.979038323102547,50,200,0.25,0.195081679676731,0.3143409836577504
434,1546,9.032654837723811,54,200,0.27,0.2132344977387029,0.33543435252902004
434,1554,9.046058966379128,56,200,0.28,0.2223688973234035,0.3459230464109402
434,1562,9.059463095034445,66,200,0.33,0.26857425825421716,0.3978331528132302
434,1570,9.072867223689762,63,200,0.315,0.2546232094605245,0.38234956140699167
435,205,6.800631797164605,4,25,0.16,0.06403451412098321,0.3465362177560826
435,882,7.934956184620759,7,25,0.28,0.14283853773683666,0.4757660534777354
435,1220,8.50128062030788,4,25,0.16,0.06403451412098321,0.3465362177560826
435,1390,8.786118354233354,5,25,0.2,0.08860584630746873,0.3913095053487659
435,1474,8.926861705114177,5,25,0.2,0.08860584630746873,0.3913095053487659
435,1495,8.962047542834382,5,25,0.2,0.08860584630746873,0.3913095053487659
435,1497,8.965398574998211,28,100,0.28,0.2013968515708077,0.3748802878875508
435,1498,8.967074091080125,28,100,0.28,0.2013968515708077,0.3748802878875508
435,1499,8.96874960716204,28,100,0.28,0.2013968515708077,0.3748802878875508
435,1500,8.970425123243956,19,100,0.19,0.12514751467908536,0.27778845455769235
435,1501,8.97210063932587,21,100,0.21,0.14165654017044627,0.2997996891155716
435,1502,8.973776155407784,28,100,0.28,0.2013968515708077,0.3748802878875508
435,1503,8.975451671489699,28,100,0.28,0.2013968515708077,0.3748802878875508
435,1504,8.977127187571613,19,100,0.19,0.12514751467908536,0.27778845455769235
435,1505,8.978802703653528,59,200,0.295,0.2361394381410138,0.3615871457932609
435,1537,9.032419218274793,54,200,0.27,0.2132344977387029,0.33543435252902004
435,1545,9.04582334693011,57,200,0.285,0.22695002962622268,0.35115346084143123
435,1553,9.059227475585427,66,200,0.33,0.26857425825421716,0.3978331528132302
435,1561,9.072631604240744,64,200,0.32,0.2592653327095053,0.38751898489132125
436,197,6.8020716937975,4,25,0.16,0.06403451412098321,0.3465362177560826
436,873,7.93472056517174,7,25,0.28,0.14283853773683666,0.4757660534777354
436,1212,8.502720516940775,4,25,0.16,0.06403451412098321,0.3465362177560826
436,1381,8.785882734784334,5,25,0.2,0.08860584630746873,0.3913095053487659
436,1465,8.926626085665157,5,25,0.2,0.08860584630746873,0.3913095053487659
436,1486,8.961811923385362,5,25,0.2,0.08860584630746873,0.3913095053487659
436,1488,8.965162955549193,29,100,0.29,0.21014835693844294,0.3853889125445355
436,1489,8.966838471631107,29,100,0.29,0.21014835693844294,0.3853889125445355
436,1490,8.96851398771302,29,100,0.29,0.21014835693844294,0.3853889125445355
436,1491,8.970189503794936,19,100,0.19,0.12514751467908536,0.27778845455769235
436,1492,8.97186501987685,21,100,0.21,0.14165654017044627,0.2997996891155716
436,1493,8.973540535958765,29,100,0.29,0.21014835693844294,0.3853889125445355
436,1494,8.975216052040679,29,100,0.29,0.21014835693844294,0.3853889125445355
436,1495,8.976891568122594,19,100,0.19,0.12514751467908536,0.27778845455769235
436,1496,8.978567084204508,59,200,0.295,0.2361394381410138,0.3615871457932609
436,1528,9.032183598825775,54,200,0.27,0.2132344977387029,0.33543435252902004
436,1536,9.045587727481092,57,200,0.285,0.22695002962622268,0.35115346084143123
436,1544,9.058991856136407,66,200,0.33,0.26857425825421716,0.3978331528132302
436,1552,9.072395984791724,64,200,0.32,0.2592653327095053,0.38751898489132125
437,188,6.80183607434848,4,25,0.16,0.06403451412098321,0.3465362177560826
437,864,7.934484945722721,7,25,0.28,0.14283853773683666,0.4757660534777354
437,1203,8.502484897491755,4,25,0.16,0.06403451412098321,0.3465362177560826
437,1372,8.785647115335316,5,25,0.2,0.08860584630746873,0.3913095053487659
437,1456,8.926390466216137,5,25,0.2,0.08860584630746873,0.3913095053487659
437,1478,8.963251820018257,7,25,0.28,0.14283853773683666,0.4757660534777354
437,1480,8.966602852182087,29,100,0.29,0.21014835693844294,0.3853889125445355
437,1481,8.968278368264002,29,100,0.29,0.21014835693844294,0.3853889125445355
437,1482,8.969953884345916,29,100,0.29,0.21014835693844294,0.3853889125445355
437,1483,8.971629400427831,29,100,0.29,0.21014835693844294,0.3853889125445355
437,1484,8.973304916509745,29,100,0.29,0.21014835693844294,0.3853889125445355
437,1485,8.97498043259166,29,100,0.29,0.21014835693844294,0.3853889125445355
437,1486,8.976655948673574,29,100,0.29,0.21014835693844294,0.3853889125445355
437,1487,8.978331464755488,29,100,0.29,0.21014835693844294,0.3853889125445355
437,1488,8.980006980837404,52,200,0.26,0.2041383002358024,0.32490745656529973
437,1520,9.03362349545867,55,200,0.275,0.21779700288091797,0.3406833941201153
437,1528,9.047027624113985,57,200,0.285,0.22695002962622268,0.35115346084143123
437,1536,9.060431752769302,67,200,0.335,0.27324086932910685,0.4029780884716509
437,1544,9.073835881424618,65,200,0.325,0.263915714943814,0.392680149390323
438,179,6.801600454899461,4,25,0.16,0.06403451412098321,0.3465362177560826
438,856,7.9359248423556155,7,25,0.28,0.14283853773683666,0.4757660534777354
438,1194,8.502249278042736,4,25,0.16,0.06403451412098321,0.3465362177560826
438,1363,8.785411495886295,5,25,0.2,0.08860584630746873,0.3913095053487659
438,1448,8.927830362849033,5,25,0.2,0.08860584630746873,0.3913095053487659
438,1469,8.963016200569239,7,25,0.28,0.14283853773683666,0.4757660534777354
438,1471,8.966367232733068,29,100,0.29,0.21014835693844294,0.3853889125445355
438,1472,8.968042748814982,29,100,0.29,0.21014835693844294,0.3853889125445355
438,1473,8.969718264896898,29,100,0.29,0.21014835693844294,0.3853889125445355
438,1474,8.971393780978811,29,100,0.29,0.21014835693844294,0.3853889125445355
438,1475,8.973069297060725,29,100,0.29,0.21014835693844294,0.3853889125445355
438,1476,8.97474481314264,29,100,0.29,0.21014835693844294,0.3853889125445355
438,1477,8.976420329224556,29,100,0.29,0.21014835693844294,0.3853889125445355
438,1478,8.97809584530647,29,100,0.29,0.21014835693844294,0.3853889125445355
438,1479,8.979771361388384,52,200,0.26,0.2041383002358024,0.32490745656529973
438,1511,9.03338787600965,55,200,0.275,0.21779700288091797,0.3406833941201153
438,1519,9.046792004664967,58,200,0.29,0.23154025564693195,0.3563747815540324
438,1527,9.060196133320282,69,200,0.345,0.2825979433061415,0.41324410796123684
438,1535,9.0736002619756,67,200,0.335,0.27324086932910685,0.4029780884716509
439,170,6.801364835450442,4,25,0.16,0.06403451412098321,0.3465362177560826
439,847,7.935689222906596,10,25,0.4,0.23403302272702053,0.5926054278250577
439,1185,8.502013658593716,4,25,0.16,0.06403451412098321,0.3465362177560826
439,1354,8.785175876437275,5,25,0.2,0.08860584630746873,0.3913095053487659
439,1439,8.927594743400014,5,25,0.2,0.08860584630746873,0.3913095053487659
439,1460,8.962780581120219,7,25,0.28,0.14283853773683666,0.4757660534777354
439,1462,8.966131613284048,29,100,0.29,0.21014835693844294,0.3853889125445355
439,1463,8.967807129365962,29,100,0.29,0.21014835693844294,0.3853889125445355
439,1464,8.969482645447878,29,100,0.29,0.21014835693844294,0.3853889125445355
439,1465,8.971158161529793,29,100,0.29,0.21014835693844294,0.3853889125445355
439,1466,8.972833677611707,29,100,0.29,0.21014835693844294,0.3853889125445355
439,1467,8.97450919369362,29,100,0.29,0.21014835693844294,0.3853889125445355
439,1468,8.976184709775536,29,100,0.29,0.21014835693844294,0.3853889125445355
439,1469,8.97786022585745,29,100,0.29,0.21014835693844294,0.3853889125445355
439,1470,8.979535741939365,54,200,0.27,0.2132344977387029,0.33543435252902004
439,1502,9.03315225656063,55,200,0.275,0.21779700288091797,0.3406833941201153
439,1510,9.046556385215947,58,200,0.29,0.23154025564693195,0.3563747815540324
439,1518,9.059960513871264,69,200,0.345,0.2825979433061415,0.41324410796123684
439,1526,9.07336464252658,67,200,0.335,0.27324086932910685,0.4029780884716509
440,161,6.8011292160014225,4,25,0.16,0.06403451412098321,0.3465362177560826
440,838,7.935453603457577,10,25,0.4,0.23403302272702053,0.5926054278250577
440,1176,8.501778039144696,4,25,0.16,0.06403451412098321,0.3465362177560826
440,1345,8.784940256988257,5,25,0.2,0.08860584630746873,0.3913095053487659
440,1430,8.927359123950994,5,25,0.2,0.08860584630746873,0.3913095053487659
440,1451,8.962544961671199,7,25,0.28,0.14283853773683666,0.4757660534777354
440,1453,8.965895993835028,29,100,0.29,0.21014835693844294,0.3853889125445355
440,1454,8.967571509916944,29,100,0.29,0.21014835693844294,0.3853889125445355
440,1455,8.969247025998857,29,100,0.29,0.21014835693844294,0.3853889125445355
440,1456,8.970922542080773,29,100,0.29,0.21014835693844294,0.3853889125445355
440,1457,8.972598058162687,29,100,0.29,0.21014835693844294,0.3853889125445355
440,1458,8.974273574244602,29,100,0.29,0.21014835693844294,0.3853889125445355
440,1459,8.975949090326516,29,100,0.29,0.21014835693844294,0.3853889125445355
440,1460,8.97762460640843,29,100,0.29,0.21014835693844294,0.3853889125445355
440,1461,8.979300122490345,54,200,0.27,0.2132344977387029,0.33543435252902004
440,1493,9.032916637111612,55,200,0.275,0.21779700288091797,0.3406833941201153
440,1501,9.046320765766929,58,200,0.29,0.23154025564693195,0.3563747815540324
440,1509,9.059724894422244,69,200,0.345,0.2825979433061415,0.41324410796123684
440,1517,9.073129023077561,68,200,0.34,0.2779154592508567,0.4081150452832114
441,152,6.800893596552403,4,25,0.16,0.06403451412098321,0.3465362177560826
441,829,7.935217984008558,10,25,0.4,0.23403302272702053,0.5926054278250577
441,1167,8.501542419695678,4,25,0.16,0.06403451412098321,0.3465362177560826
441,1336,8.784704637539239,5,25,0.2,0.08860584630746873,0.3913095053487659
441,1421,8.927123504501976,5,25,0.2,0.08860584630746873,0.3913095053487659
441,1442,8.96230934222218,7,25,0.28,0.14283853773683666,0.4757660534777354
441,1444,8.96566037438601,29,100,0.29,0.21014835693844294,0.3853889125445355
441,1445,8.967335890467925,29,100,0.29,0.21014835693844294,0.3853889125445355
441,1446,8.96901140654984,29,100,0.29,0.21014835693844294,0.3853889125445355
441,1447,8.970686922631753,29,100,0.29,0.21014835693844294,0.3853889125445355
441,1448,8.972362438713668,29,100,0.29,0.21014835693844294,0.3853889125445355
441,1449,8.974037954795584,29,100,0.29,0.21014835693844294,0.3853889125445355
441,1450,8.975713470877498,29,100,0.29,0.21014835693844294,0.3853889125445355
441,1451,8.977388986959411,29,100,0.29,0.21014835693844294,0.3853889125445355
441,1452,8.979064503041327,54,200,0.27,0.2132344977387029,0.33543435252902004
441,1484,9.032681017662593,58,200,0.29,0.23154025564693195,0.3563747815540324
441,1492,9.046085146317909,59,200,0.295,0.2361394381410138,0.3615871457932609
441,1500,9.059489274973226,69,200,0.345,0.2825979433061415,0.41324410796123684
441,1508,9.072893403628541,68,200,0.34,0.2779154592508567,0.4081150452832114
442,143,6.800657977103384,4,25,0.16,0.06403451412098321,0.3465362177560826
442,820,7.934982364559539,10,25,0.4,0.23403302272702053,0.5926054278250577
442,1158,8.50130680024666,4,25,0.16,0.06403451412098321,0.3465362177560826
442,1328,8.786144534172134,5,25,0.2,0.08860584630746873,0.3913095053487659
442,1412,8.926887885052956,5,25,0.2,0.08860584630746873,0.3913095053487659
442,1433,8.962073722773162,7,25,0.28,0.14283853773683666,0.4757660534777354
442,1435,8.96542475493699,29,100,0.29,0.21014835693844294,0.3853889125445355
442,1436,8.967100271018905,29,100,0.29,0.21014835693844294,0.3853889125445355
442,1437,8.968775787100821,29,100,0.29,0.21014835693844294,0.3853889125445355
442,1438,8.970451303182735,21,100,0.21,0.14165654017044627,0.2997996891155716
442,1439,8.972126819264648,23,100,0.23,0.15843265832598313,0.32154383100927497
442,1440,8.973802335346564,29,100,0.29,0.21014835693844294,0.3853889125445355
442,1441,8.975477851428478,29,100,0.29,0.21014835693844294,0.3853889125445355
442,1442,8.977153367510393,21,100,0.21,0.14165654017044627,0.2997996891155716
442,1443,8.978828883592307,62,200,0.31,0.2499894479224967,0.37717177621170916
442,1475,9.032445398213573,58,200,0.29,0.23154025564693195,0.3563747815540324
442,1483,9.04584952686889,61,200,0.305,0.2453641558726048,0.3719855215282907
442,1491,9.059253655524206,72,200,0.36,0.2966919725753122,0.4285847188919973
442,1499,9.072657784179523,68,200,0.34,0.2779154592508567,0.4081150452832114
443,135,6.80209787373628,5,25,0.2,0.08860584630746873,0.3913095053487659
443,811,7.93474674511052,10,25,0.4,0.23403302272702053,0.5926054278250577
443,1150,8.502746696879553,5,25,0.2,0.08860584630746873,0.3913095053487659
443,1319,8.785908914723114,5,25,0.2,0.08860584630746873,0.3913095053487659
443,1403,8.926652265603938,5,25,0.2,0.08860584630746873,0.3913095053487659
443,1424,8.961838103324142,7,25,0.28,0.14283853773683666,0.4757660534777354
443,1426,8.965189135487972,30,100,0.3,0.21894885238515713,0.39584854712244144
443,1427,8.966864651569885,30,100,0.3,0.21894885238515713,0.39584854712244144
443,1428,8.9685401676518,30,100,0.3,0.21894885238515713,0.39584854712244144
443,1429,8.970215683733715,22,100,0.22,0.15001282338296415,0.3107035359276738
443,1430,8.97189119981563,23,100,0.23,0.15843265832598313,0.32154383100927497
443,1431,8.973566715897544,30,100,0.3,0.21894885238515713,0.39584854712244144
443,1432,8.97524223197946,30,100,0.3,0.21894885238515713,0.39584854712244144
443,1433,8.976917748061373,22,100,0.22,0.15001282338296415,0.3107035359276738
443,1434,8.978593264143289,63,200,0.315,0.2546232094605245,0.38234956140699167
443,1466,9.032209778764553,60,200,0.3,0.24074744639257037,0.3667906842750147
443,1474,9.04561390741987,61,200,0.305,0.2453641558726048,0.3719855215282907
443,1482,9.059018036075187,72,200,0.36,0.2966919725753122,0.4285847188919973
443,1490,9.072422164730503,68,200,0.34,0.2779154592508567,0.4081150452832114
444,126,6.80186225428726,5,25,0.2,0.08860584630746873,0.3913095053487659
444,802,7.9345111256614995,10,25,0.4,0.23403302272702053,0.5926054278250577
444,1141,8.502511077430535,5,25,0.2,0.08860584630746873,0.3913095053487659
444,1310,8.785673295274094,5,25,0.2,0.08860584630746873,0.3913095053487659
444,1394,8.926416646154918,5,25,0.2,0.08860584630746873,0.3913095053487659
444,1416,8.963277999957038,7,25,0.28,0.14283853773683666,0.4757660534777354
444,1417,8.964953516038952,30,100,0.3,0.21894885238515713,0.39584854712244144
444,1418,8.966629032120867,30,100,0.3,0.21894885238515713,0.39584854712244144
444,1419,8.96830454820278,30,100,0.3,0.21894885238515713,0.39584854712244144
444,1420,8.969980064284696,22,100,0.22,0.15001282338296415,0.3107035359276738
444,1421,8.97165558036661,23,100,0.23,0.15843265832598313,0.32154383100927497
444,1422,8.973331096448526,30,100,0.3,0.21894885238515713,0.39584854712244144
444,1423,8.97500661253044,37,100,0.37,0.2818236047080924,0.46779470497184666
444,1424,8.976682128612353,30,100,0.3,0.21894885238515713,0.39584854712244144
444,1425,8.978357644694269,64,200,0.32,0.2592653327095053,0.38751898489132125
444,1457,9.031974159315535,61,200,0.305,0.2453641558726048,0.3719855215282907
444,1465,9.045378287970852,62,200,0.31,0.2499894479224967,0.37717177621170916
444,1473,9.058782416626167,72,200,0.36,0.2966919725753122,0.4285847188919973
444,1481,9.072186545281484,68,200,0.34,0.2779154592508567,0.4081150452832114
445,117,6.80162663483824,5,25,0.2,0.08860584630746873,0.3913095053487659
445,794,7.935951022294395,10,25,0.4,0.23403302272702053,0.5926054278250577
445,1132,8.502275457981515,5,25,0.2,0.08860584630746873,0.3913095053487659
445,1301,8.785437675825076,5,25,0.2,0.08860584630746873,0.3913095053487659
445,1386,8.927856542787813,5,25,0.2,0.08860584630746873,0.3913095053487659
445,1407,8.963042380508018,8,25,0.32,0.172051902198581,0.5158973087951598
445,1409,8.966393412671847,30,100,0.3,0.21894885238515713,0.39584854712244144
445,1410,8.968068928753762,30,100,0.3,0.21894885238515713,0.39584854712244144
445,1411,8.969744444835676,30,100,0.3,0.21894885238515713,0.39584854712244144
445,1412,8.97141996091759,30,100,0.3,0.21894885238515713,0.39584854712244144
445,1413,8.973095476999505,30,100,0.3,0.21894885238515713,0.39584854712244144
445,1414,8.974770993081421,30,100,0.3,0.21894885238515713,0.39584854712244144
445,1415,8.976446509163335,30,100,0.3,0.21894885238515713,0.39584854712244144
445,1416,8.978122025245248,30,100,0.3,0.21894885238515713,0.39584854712244144
445,1417,8.979797541327164,56,200,0.28,0.2223688973234035,0.3459230464109402
445,1449,9.03341405594843,62,200,0.31,0.2499894479224967,0.37717177621170916
445,1457,9.046818184603746,62,200,0.31,0.2499894479224967,0.37717177621170916
445,1465,9.060222313259063,73,200,0.365,0.30140526417602626,0.4336829740245936
445,1473,9.073626441914378,68,200,0.34,0.2779154592508567,0.4081150452832114
446,108,6.801391015389222,6,25,0.24,0.1149631362645245,0.4342968351708788
446,785,7.935715402845377,11,25,0.44,0.26665638767770883,0.629326682653538
446,1123,8.502039838532497,5,25,0.2,0.08860584630746873,0.3913095053487659
446,1292,8.785202056376058,5,25,0.2,0.08860584630746873,0.3913095053487659
446,1377,8.927620923338793,5,25,0.2,0.08860584630746873,0.3913095053487659
446,1398,8.962806761059,8,25,0.32,0.172051902198581,0.5158973087951598
446,1400,8.966157793222829,30,100,0.3,0.21894885238515713,0.39584854712244144
446,1401,8.967833309304744,30,100,0.3,0.21894885238515713,0.39584854712244144
446,1402,8.969508825386658,30,100,0.3,0.21894885238515713,0.39584854712244144
446,1403,8.971184341468572,30,100,0.3,0.21894885238515713,0.39584854712244144
446,1404,8.972859857550487,30,100,0.3,0.21894885238515713,0.39584854712244144
446,1405,8.974535373632401,30,100,0.3,0.21894885238515713,0.39584854712244144
446,1406,8.976210889714316,30,100,0.3,0.21894885238515713,0.39584854712244144
446,1407,8.97788640579623,30,100,0.3,0.21894885238515713,0.39584854712244144
446,1408,8.979561921878146,58,200,0.29,0.23154025564693195,0.3563747815540324
446,1440,9.033178436499412,62,200,0.31,0.2499894479224967,0.37717177621170916
446,1448,9.046582565154727,62,200,0.31,0.2499894479224967,0.37717177621170916
446,1456,9.059986693810044,73,200,0.365,0.30140526417602626,0.4336829740245936
446,1464,9.07339082246536,68,200,0.34,0.2779154592508567,0.4081150452832114
447,99,6.801155395940203,6,25,0.24,0.1149631362645245,0.4342968351708788
447,776,7.9354797833963575,11,25,0.44,0.26665638767770883,0.629326682653538
447,1114,8.501804219083477,5,25,0.2,0.08860584630746873,0.3913095053487659
447,1283,8.784966436927037,5,25,0.2,0.08860584630746873,0.3913095053487659
447,1368,8.927385303889775,6,25,0.24,0.1149631362645245,0.4342968351708788
447,1389,8.962571141609981,9,25,0.36,0.20247880678156654,0.5548150239913429
447,1391,8.965922173773809,30,100,0.3,0.21894885238515713,0.39584854712244144
447,1392,8.967597689855724,30,100,0.3,0.21894885238515713,0.39584854712244144
447,1393,8.969273205937638,30,100,0.3,0.21894885238515713,0.39584854712244144
447,1394,8.970948722019553,30,100,0.3,0.21894885238515713,0.39584854712244144
447,1395,8.972624238101467,30,100,0.3,0.21894885238515713,0.39584854712244144
447,1396,8.974299754183383,30,100,0.3,0.21894885238515713,0.39584854712244144
447,1397,8.975975270265296,30,100,0.3,0.21894885238515713,0.39584854712244144
447,1398,8.977650786347212,30,100,0.3,0.21894885238515713,0.39584854712244144
447,1399,8.979326302429126,59,200,0.295,0.2361394381410138,0.3615871457932609
447,1431,9.032942817050392,62,200,0.31,0.2499894479224967,0.37717177621170916
447,1439,9.046346945705707,63,200,0.315,0.2546232094605245,0.38234956140699167
447,1447,9.059751074361024,73,200,0.365,0.30140526417602626,0.4336829740245936
447,1455,9.073155203016341,68,200,0.34,0.2779154592508567,0.4081150452832114
448,90,6.800919776491184,6,25,0.24,0.1149631362645245,0.4342968351708788
448,767,7.935244163947338,11,25,0.44,0.26665638767770883,0.629326682653538
448,1105,8.501568599634458,5,25,0.2,0.08860584630746873,0.3913095053487659
448,1274,8.784730817478017,8,25,0.32,0.172051902198581,0.5158973087951598
448,1359,8.927149684440755,7,25,0.28,0.14283853773683666,0.4757660534777354
448,1380,8.962335522160961,9,25,0.36,0.20247880678156654,0.5548150239913429
448,1382,8.96568655432479,30,100,0.3,0.21894885238515713,0.39584854712244144
448,1383,8.967362070406704,30,100,0.3,0.21894885238515713,0.39584854712244144
448,1384,8.96903758648862,30,100,0.3,0.21894885238515713,0.39584854712244144
448,1385,8.970713102570533,30,100,0.3,0.21894885238515713,0.39584854712244144
448,1386,8.972388618652449,30,100,0.3,0.21894885238515713,0.39584854712244144
448,1387,8.974064134734363,30,100,0.3,0.21894885238515713,0.39584854712244144
448,1388,8.975739650816276,30,100,0.3,0.21894885238515713,0.39584854712244144
448,1389,8.977415166898192,30,100,0.3,0.21894885238515713,0.39584854712244144
448,1390,8.979090682980107,60,200,0.3,0.24074744639257037,0.3667906842750147
448,1422,9.032707197601372,62,200,0.31,0.2499894479224967,0.37717177621170916
448,1430,9.046111326256689,65,200,0.325,0.263915714943814,0.392680149390323
448,1438,9.059515454912006,74,200,0.37,0.30612608362251653,0.4387737013114137
448,1446,9.072919583567321,70,200,0.35,0.28728824080917403,0.4183653571915147
449,81,6.800684157042164,6,25,0.24,0.1149631362645245,0.4342968351708788
449,758,7.935008544498318,12,25,0.48,0.30031285833050775,0.6650148317799078
449,1096,8.501332980185438,5,25,0.2,0.08860584630746873,0.3913095053487659
449,1266,8.786170714110913,8,25,0.32,0.172051902198581,0.5158973087951598
449,1350,8.926914064991736,7,25,0.28,0.14283853773683666,0.4757660534777354
449,1371,8.962099902711941,9,25,0.36,0.20247880678156654,0.5548150239913429
449,1373,8.96545093487577,30,100,0.3,0.21894885238515713,0.39584854712244144
449,1374,8.967126450957686,30,100,0.3,0.21894885238515713,0.39584854712244144
449,1375,8.9688019670396,30,100,0.3,0.21894885238515713,0.39584854712244144
449,1376,8.970477483121513,26,100,0.26,0.18404698413091963,0.3537098952781987
449,1377,8.972152999203429,26,100,0.26,0.18404698413091963,0.3537098952781987
449,1378,8.973828515285344,30,100,0.3,0.21894885238515713,0.39584854712244144
449,1379,8.975504031367258,30,100,0.3,0.21894885238515713,0.39584854712244144
449,1380,8.977179547449172,26,100,0.26,0.18404698413091963,0.3537098952781987
449,1381,8.978855063531087,67,200,0.335,0.27324086932910685,0.4029780884716509
449,1413,9.032471578152354,62,200,0.31,0.2499894479224967,0.37717177621170916
449,1421,9.045875706807669,66,200,0.33,0.26857425825421716,0.3978331528132302
449,1429,9.059279835462986,75,200,0.375,0.310854368105246,0.4438569635619946
449,1437,9.072683964118301,70,200,0.35,0.28728824080917403,0.4183653571915147
450,73,6.802124053675059,6,25,0.24,0.1149631362645245,0.4342968351708788
450,749,7.934772925049299,12,25,0.48,0.30031285833050775,0.6650148317799078
450,1088,8.502772876818334,5,25,0.2,0.08860584630746873,0.3913095053487659
450,1257,8.785935094661895,8,25,0.32,0.172051902198581,0.5158973087951598
450,1341,8.926678445542716,7,25,0.28,0.14283853773683666,0.4757660534777354
450,1362,8.961864283262923,9,25,0.36,0.20247880678156654,0.5548150239913429
450,1364,8.96521531542675,30,100,0.3,0.21894885238515713,0.39584854712244144
450,1365,8.966890831508666,30,100,0.3,0.21894885238515713,0.39584854712244144
450,1366,8.968566347590581,30,100,0.3,0.21894885238515713,0.39584854712244144
450,1367,8.970241863672495,26,100,0.26,0.18404698413091963,0.3537098952781987
450,1368,8.971917379754409,26,100,0.26,0.18404698413091963,0.3537098952781987
450,1369,8.973592895836324,30,100,0.3,0.21894885238515713,0.39584854712244144
450,1370,8.975268411918238,30,100,0.3,0.21894885238515713,0.39584854712244144
450,1371,8.976943928000154,26,100,0.26,0.18404698413091963,0.3537098952781987
450,1372,8.978619444082067,69,200,0.345,0.2825979433061415,0.41324410796123684
450,1404,9.032235958703334,62,200,0.31,0.2499894479224967,0.37717177621170916
450,1412,9.045640087358649,66,200,0.33,0.26857425825421716,0.3978331528132302
450,1420,9.059044216013966,75,200,0.375,0.310854368105246,0.4438569635619946
450,1428,9.072448344669283,71,200,0.355,0.2919862749369033,0.4234788697970958
451,64,6.801888434226041,6,25,0.24,0.1149631362645245,0.4342968351708788
451,740,7.934537305600281,12,25,0.48,0.30031285833050775,0.6650148317799078
451,1079,8.502537257369315,5,25,0.2,0.08860584630746873,0.3913095053487659
451,1248,8.785699475212875,8,25,0.32,0.172051902198581,0.5158973087951598
451,1332,8.926442826093698,7,25,0.28,0.14283853773683666,0.4757660534777354
451,1354,8.963304179895818,9,25,0.36,0.20247880678156654,0.5548150239913429
451,1355,8.964979695977732,30,100,0.3,0.21894885238515713,0.39584854712244144
451,1356,8.966655212059647,30,100,0.3,0.21894885238515713,0.39584854712244144
451,1357,8.968330728141561,30,100,0.3,0.21894885238515713,0.39584854712244144
451,1358,8.970006244223477,26,100,0.26,0.18404698413091963,0.3537098952781987
451,1359,8.97168176030539,26,100,0.26,0.18404698413091963,0.3537098952781987
451,1360,8.973357276387306,30,100,0.3,0.21894885238515713,0.39584854712244144
451,1361,8.97503279246922,30,100,0.3,0.21894885238515713,0.39584854712244144
451,1362,8.976708308551135,26,100,0.26,0.18404698413091963,0.3537098952781987
451,1363,8.978383824633049,70,200,0.35,0.28728824080917403,0.4183653571915147
451,1395,9.032000339254315,63,200,0.315,0.2546232094605245,0.38234956140699167
451,1403,9.04540446790963,67,200,0.335,0.27324086932910685,0.4029780884716509
451,1411,9.058808596564948,75,200,0.375,0.310854368105246,0.4438569635619946
451,1419,9.072212725220265,71,200,0.355,0.2919862749369033,0.4234788697970958
452,55,6.801652814777021,6,25,0.24,0.1149631362645245,0.4342968351708788
452,732,7.935977202233175,12,25,0.48,0.30031285833050775,0.6650148317799078
452,1070,8.502301637920295,5,25,0.2,0.08860584630746873,0.3913095053487659
452,1239,8.785463855763856,8,25,0.32,0.172051902198581,0.5158973087951598
452,1324,8.927882722726594,7,25,0.28,0.14283853773683666,0.4757660534777354
452,1345,8.963068560446798,9,25,0.36,0.20247880678156654,0.5548150239913429
452,1347,8.966419592610627,30,100,0.3,0.21894885238515713,0.39584854712244144
452,1348,8.968095108692543,30,100,0.3,0.21894885238515713,0.39584854712244144
452,1349,8.969770624774457,30,100,0.3,0.21894885238515713,0.39584854712244144
452,1350,8.971446140856372,30,100,0.3,0.21894885238515713,0.39584854712244144
452,1351,8.973121656938286,30,100,0.3,0.21894885238515713,0.39584854712244144
452,1352,8.9747971730202,30,100,0.3,0.21894885238515713,0.39584854712244144
452,1353,8.976472689102115,30,100,0.3,0.21894885238515713,0.39584854712244144
452,1354,8.97814820518403,30,100,0.3,0.21894885238515713,0.39584854712244144
452,1355,8.979823721265944,64,200,0.32,0.2592653327095053,0.38751898489132125
452,1387,9.033440235887209,63,200,0.315,0.2546232094605245,0.38234956140699167
452,1395,9.046844364542526,68,200,0.34,0.2779154592508567,0.4081150452832114
452,1403,9.060248493197843,76,200,0.38,0.31559005800516143,0.44893282039538956
452,1411,9.07365262185316,70,200,0.35,0.28728824080917403,0.4183653571915147
453,46,6.801417195328002,6,25,0.24,0.1149631362645245,0.4342968351708788
453,723,7.935741582784156,12,25,0.48,0.30031285833050775,0.6650148317799078
453,1061,8.502066018471277,5,25,0.2,0.08860584630746873,0.3913095053487659
453,1230,8.785228236314836,8,25,0.32,0.172051902198581,0.5158973087951598
453,1315,8.927647103277573,7,25,0.28,0.14283853773683666,0.4757660534777354
453,1336,8.96283294099778,9,25,0.36,0.20247880678156654,0.5548150239913429
453,1338,8.966183973161609,30,100,0.3,0.21894885238515713,0.39584854712244144
453,1339,8.967859489243523,30,100,0.3,0.21894885238515713,0.39584854712244144
453,1340,8.969535005325437,30,100,0.3,0.21894885238515713,0.39584854712244144
453,1341,8.971210521407352,30,100,0.3,0.21894885238515713,0.39584854712244144
453,1342,8.972886037489268,30,100,0.3,0.21894885238515713,0.39584854712244144
453,1343,8.974561553571181,30,100,0.3,0.21894885238515713,0.39584854712244144
453,1344,8.976237069653095,30,100,0.3,0.21894885238515713,0.39584854712244144
453,1345,8.97791258573501,30,100,0.3,0.21894885238515713,0.39584854712244144
453,1346,8.979588101816924,64,200,0.32,0.2592653327095053,0.38751898489132125
453,1378,9.03320461643819,63,200,0.315,0.2546232094605245,0.38234956140699167
453,1386,9.046608745093508,70,200,0.35,0.28728824080917403,0.4183653571915147
453,1394,9.060012873748823,76,200,0.38,0.31559005800516143,0.44893282039538956
453,1402,9.07341700240414,71,200,0.355,0.2919862749369033,0.4234788697970958
454,37,6.801181575878982,6,25,0.24,0.1149631362645245,0.4342968351708788
454,714,7.935505963335137,12,25,0.48,0.30031285833050775,0.6650148317799078
454,1052,8.501830399022257,5,25,0.2,0.08860584630746873,0.3913095053487659
454,1221,8.784992616865818,8,25,0.32,0.172051902198581,0.5158973087951598
454,1306,8.927411483828553,7,25,0.28,0.14283853773683666,0.4757660534777354
454,1327,8.96259732154876,9,25,0.36,0.20247880678156654,0.5548150239913429
454,1329,8.965948353712589,30,100,0.3,0.21894885238515713,0.39584854712244144
454,1330,8.967623869794505,30,100,0.3,0.21894885238515713,0.39584854712244144
454,1331,8.969299385876418,30,100,0.3,0.21894885238515713,0.39584854712244144
454,1332,8.970974901958332,30,100,0.3,0.21894885238515713,0.39584854712244144
454,1333,8.972650418040248,30,100,0.3,0.21894885238515713,0.39584854712244144
454,1334,8.974325934122161,30,100,0.3,0.21894885238515713,0.39584854712244144
454,1335,8.976001450204077,30,100,0.3,0.21894885238515713,0.39584854712244144
454,1336,8.97767696628599,30,100,0.3,0.21894885238515713,0.39584854712244144
454,1337,8.979352482367906,65,200,0.325,0.263915714943814,0.392680149390323
454,1369,9.03296899698917,64,200,0.32,0.2592653327095053,0.38751898489132125
454,1377,9.046373125644488,70,200,0.35,0.28728824080917403,0.4183653571915147
454,1385,9.059777254299805,76,200,0.38,0.31559005800516143,0.44893282039538956
454,1393,9.07318138295512,71,200,0.355,0.2919862749369033,0.4234788697970958
455,28,6.800945956429963,6,25,0.24,0.1149631362645245,0.4342968351708788
455,705,7.935270343886118,12,25,0.48,0.30031285833050775,0.6650148317799078
455,1043,8.501594779573237,5,25,0.2,0.08860584630746873,0.3913095053487659
455,1212,8.784756997416798,8,25,0.32,0.172051902198581,0.5158973087951598
455,1297,8.927175864379535,7,25,0.28,0.14283853773683666,0.4757660534777354
455,1318,8.962361702099741,9,25,0.36,0.20247880678156654,0.5548150239913429
455,1320,8.965712734263569,30,100,0.3,0.21894885238515713,0.39584854712244144
455,1321,8.967388250345484,30,100,0.3,0.21894885238515713,0.39584854712244144
455,1322,8.969063766427398,30,100,0.3,0.21894885238515713,0.39584854712244144
455,1323,8.970739282509314,30,100,0.3,0.21894885238515713,0.39584854712244144
455,1324,8.972414798591227,30,100,0.3,0.21894885238515713,0.39584854712244144
455,1325,8.974090314673143,30,100,0.3,0.21894885238515713,0.39584854712244144
455,1326,8.975765830755057,30,100,0.3,0.21894885238515713,0.39584854712244144
455,1327,8.977441346836972,30,100,0.3,0.21894885238515713,0.39584854712244144
455,1328,8.979116862918886,65,200,0.325,0.263915714943814,0.392680149390323
455,1360,9.032733377540152,66,200,0.33,0.26857425825421716,0.3978331528132302
455,1368,9.046137506195468,70,200,0.35,0.28728824080917403,0.4183653571915147
455,1376,9.059541634850785,76,200,0.38,0.31559005800516143,0.44893282039538956
455,1384,9.072945763506102,73,200,0.365,0.30140526417602626,0.4336829740245936
456,19,6.800710336980944,6,25,0.24,0.1149631362645245,0.4342968351708788
456,696,7.935034724437099,12,25,0.48,0.30031285833050775,0.6650148317799078
456,1034,8.501359160124219,5,25,0.2,0.08860584630746873,0.3913095053487659
456,1204,8.786196894049693,8,25,0.32,0.172051902198581,0.5158973087951598
456,1288,8.926940244930517,7,25,0.28,0.14283853773683666,0.4757660534777354
456,1309,8.962126082650721,10,25,0.4,0.23403302272702053,0.5926054278250577
456,1311,8.96547711481455,30,100,0.3,0.21894885238515713,0.39584854712244144
456,1312,8.967152630896466,30,100,0.3,0.21894885238515713,0.39584854712244144
456,1313,8.96882814697838,30,100,0.3,0.21894885238515713,0.39584854712244144
456,1314,8.970503663060295,27,100,0.27,0.19269584096677836,0.36432116846696
456,1315,8.97217917914221,27,100,0.27,0.19269584096677836,0.36432116846696
456,1316,8.973854695224123,30,100,0.3,0.21894885238515713,0.39584854712244144
456,1317,8.975530211306038,30,100,0.3,0.21894885238515713,0.39584854712244144
456,1318,8.977205727387954,27,100,0.27,0.19269584096677836,0.36432116846696
456,1319,8.978881243469868,72,200,0.36,0.2966919725753122,0.4285847188919973
456,1351,9.032497758091132,66,200,0.33,0.26857425825421716,0.3978331528132302
456,1359,9.04590188674645,70,200,0.35,0.28728824080917403,0.4183653571915147
456,1367,9.059306015401766,76,200,0.38,0.31559005800516143,0.44893282039538956
456,1375,9.072710144057083,74,200,0.37,0.30612608362251653,0.4387737013114137
457,11,6.8021502336138395,6,25,0.24,0.1149631362645245,0.4342968351708788
457,687,7.9347991049880795,12,25,0.48,0.30031285833050775,0.6650148317799078
457,1026,8.502799056757114,5,25,0.2,0.08860584630746873,0.3913095053487659
457,1195,8.785961274600673,8,25,0.32,0.172051902198581,0.5158973087951598
457,1279,8.926704625481497,7,25,0.28,0.14283853773683666,0.4757660534777354
457,1300,8.961890463201703,10,25,0.4,0.23403302272702053,0.5926054278250577
457,1302,8.965241495365532,30,100,0.3,0.21894885238515713,0.39584854712244144
457,1303,8.966917011447446,30,100,0.3,0.21894885238515713,0.39584854712244144
457,1304,8.96859252752936,30,100,0.3,0.21894885238515713,0.39584854712244144
457,1305,8.970268043611275,27,100,0.27,0.19269584096677836,0.36432116846696
457,1306,8.971943559693191,27,100,0.27,0.19269584096677836,0.36432116846696
457,1307,8.973619075775105,30,100,0.3,0.21894885238515713,0.39584854712244144
457,1308,8.975294591857018,30,100,0.3,0.21894885238515713,0.39584854712244144
457,1309,8.976970107938934,27,100,0.27,0.19269584096677836,0.36432116846696
457,1310,8.978645624020848,73,200,0.365,0.30140526417602626,0.4336829740245936
457,1342,9.032262138642114,66,200,0.33,0.26857425825421716,0.3978331528132302
457,1350,9.045666267297431,70,200,0.35,0.28728824080917403,0.4183653571915147
457,1358,9.059070395952746,77,200,0.385,0.3203330967849892,0.4540013283488722
457,1366,9.072474524608063,76,200,0.38,0.31559005800516143,0.44893282039538956
458,2,6.80191461416482,6,25,0.24,0.1149631362645245,0.4342968351708788
458,678,7.93456348553906,13,25,0.52,0.3349851682200921,0.6996871416694923
458,1017,8.502563437308094,6,25,0.24,0.1149631362645245,0.4342968351708788
458,1186,8.785725655151655,8,25,0.32,0.172051902198581,0.5158973087951598
458,1270,8.926469006032477,11,25,0.44,0.26665638767770883,0.629326682653538
458,1292,8.963330359834597,10,25,0.4,0.23403302272702053,0.5926054278250577
458,1293,8.965005875916512,30,100,0.3,0.21894885238515713,0.39584854712244144
458,1294,8.966681391998428,30,100,0.3,0.21894885238515713,0.39584854712244144
458,1295,8.968356908080342,30,100,0.3,0.21894885238515713,0.39584854712244144
458,1296,8.970032424162255,27,100,0.27,0.19269584096677836,0.36432116846696
458,1297,8.97170794024417,27,100,0.27,0.19269584096677836,0.36432116846696
458,1298,8.973383456326085,30,100,0.3,0.21894885238515713,0.39584854712244144
458,1299,8.975058972408,30,100,0.3,0.21894885238515713,0.39584854712244144
458,1300,8.976734488489914,27,100,0.27,0.19269584096677836,0.36432116846696
458,1301,8.97841000457183,73,200,0.365,0.30140526417602626,0.4336829740245936
458,1333,9.032026519193094,67,200,0.335,0.27324086932910685,0.4029780884716509
458,1341,9.045430647848411,70,200,0.35,0.28728824080917403,0.4183653571915147
458,1349,9.058834776503728,78,200,0.39,0.3250834308878392,0.4590625409793326
458,1357,9.072238905159043,78,200,0.39,0.3250834308878392,0.4590625409793326
459,669,7.934327866090041,13,25,0.52,0.3349851682200921,0.6996871416694923
459,1008,8.502327817859076,6,25,0.24,0.1149631362645245,0.4342968351708788
459,1177,8.785490035702635,8,25,0.32,0.172051902198581,0.5158973087951598
459,1262,8.927908902665372,11,25,0.44,0.26665638767770883,0.629326682653538
459,1283,8.963094740385579,10,25,0.4,0.23403302272702053,0.5926054278250577
459,1285,8.966445772549408,30,100,0.3,0.21894885238515713,0.39584854712244144
459,1286,8.968121288631322,30,100,0.3,0.21894885238515713,0.39584854712244144
459,1287,8.969796804713237,30,100,0.3,0.21894885238515713,0.39584854712244144
459,1288,8.97147232079515,30,100,0.3,0.21894885238515713,0.39584854712244144
459,1289,8.973147836877066,30,100,0.3,0.21894885238515713,0.39584854712244144
459,1290,8.97482335295898,30,100,0.3,0.21894885238515713,0.39584854712244144
459,1291,8.976498869040896,30,100,0.3,0.21894885238515713,0.39584854712244144
459,1292,8.97817438512281,30,100,0.3,0.21894885238515713,0.39584854712244144
459,1293,8.979849901204723,65,200,0.325,0.263915714943814,0.392680149390323
459,1325,9.03346641582599,67,200,0.335,0.27324086932910685,0.4029780884716509
459,1333,9.046870544481306,71,200,0.355,0.2919862749369033,0.4234788697970958
459,1341,9.060274673136622,79,200,0.395,0.3298410096426624,0.4641165089578198
459,1349,9.073678801791939,78,200,0.39,0.3250834308878392,0.4590625409793326
460,661,7.935767762722936,14,25,0.56,0.37067331734646203,0.7333436123222912
460,999,8.502092198410056,6,25,0.24,0.1149631362645245,0.4342968351708788
460,1168,8.785254416253617,8,25,0.32,0.172051902198581,0.5158973087951598
460,1253,8.927673283216354,12,25,0.48,0.30031285833050775,0.6650148317799078
460,1274,8.962859120936558,5,25,0.2,0.08860584630746873,0.3913095053487659
460,1276,8.966210153100388,30,100,0.3,0.21894885238515713,0.39584854712244144
460,1277,8.967885669182303,30,100,0.3,0.21894885238515713,0.39584854712244144
460,1278,8.969561185264217,30,100,0.3,0.21894885238515713,0.39584854712244144
460,1279,8.971236701346132,30,100,0.3,0.21894885238515713,0.39584854712244144
460,1280,8.972912217428046,30,100,0.3,0.21894885238515713,0.39584854712244144
460,1281,8.97458773350996,30,100,0.3,0.21894885238515713,0.39584854712244144
460,1282,8.976263249591875,30,100,0.3,0.21894885238515713,0.39584854712244144
460,1283,8.977938765673791,30,100,0.3,0.21894885238515713,0.39584854712244144
460,1284,8.979614281755705,65,200,0.325,0.263915714943814,0.392680149390323
460,1316,9.03323079637697,67,200,0.335,0.27324086932910685,0.4029780884716509
460,1324,9.046634925032286,72,200,0.36,0.2966919725753122,0.4285847188919973
460,1332,9.060039053687603,79,200,0.395,0.3298410096426624,0.4641165089578198
460,1340,9.07344318234292,79,200,0.395,0.3298410096426624,0.4641165089578198
461,652,7.9355321432739165,14,25,0.56,0.37067331734646203,0.7333436123222912
461,990,8.501856578961036,6,25,0.24,0.1149631362645245,0.4342968351708788
461,1159,8.785018796804597,8,25,0.32,0.172051902198581,0.5158973087951598
461,1244,8.927437663767334,13,25,0.52,0.3349851682200921,0.6996871416694923
461,1265,8.96262350148754,5,25,0.2,0.08860584630746873,0.3913095053487659
461,1267,8.96597453365137,30,100,0.3,0.21894885238515713,0.39584854712244144
461,1268,8.967650049733283,30,100,0.3,0.21894885238515713,0.39584854712244144
461,1269,8.969325565815197,30,100,0.3,0.21894885238515713,0.39584854712244144
461,1270,8.971001081897112,36,100,0.36,0.2727122033881362,0.45764597626718284
461,1271,8.972676597979028,40,100,0.4,0.3094012857712627,0.4979974139825367
461,1272,8.974352114060942,30,100,0.3,0.21894885238515713,0.39584854712244144
461,1273,8.976027630142855,38,100,0.38,0.29097599188067363,0.4779024478238856
461,1274,8.977703146224771,30,100,0.3,0.21894885238515713,0.39584854712244144
461,1275,8.979378662306685,65,200,0.325,0.263915714943814,0.392680149390323
461,1307,9.032995176927951,67,200,0.335,0.27324086932910685,0.4029780884716509
461,1315,9.046399305583268,72,200,0.36,0.2966919725753122,0.4285847188919973
461,1323,9.059803434238583,79,200,0.395,0.3298410096426624,0.4641165089578198
461,1331,9.0732075628939,80,200,0.4,0.3346057851761492,0.46916328015764336
462,643,7.935296523824898,14,25,0.56,0.37067331734646203,0.7333436123222912
462,981,8.501620959512017,6,25,0.24,0.1149631362645245,0.4342968351708788
462,1150,8.784783177355578,8,25,0.32,0.172051902198581,0.5158973087951598
462,1235,8.927202044318316,13,25,0.52,0.3349851682200921,0.6996871416694923
462,1256,8.96238788203852,5,25,0.2,0.08860584630746873,0.3913095053487659
462,1258,8.965738914202351,30,100,0.3,0.21894885238515713,0.39584854712244144
462,1259,8.967414430284265,30,100,0.3,0.21894885238515713,0.39584854712244144
462,1260,8.969089946366179,30,100,0.3,0.21894885238515713,0.39584854712244144
462,1261,8.970765462448094,36,100,0.36,0.2727122033881362,0.45764597626718284
462,1262,8.972440978530008,40,100,0.4,0.3094012857712627,0.4979974139825367
462,1263,8.974116494611923,30,100,0.3,0.21894885238515713,0.39584854712244144
462,1264,8.975792010693837,38,100,0.38,0.29097599188067363,0.4779024478238856
462,1265,8.977467526775753,30,100,0.3,0.21894885238515713,0.39584854712244144
462,1266,8.979143042857666,65,200,0.325,0.263915714943814,0.392680149390323
462,1298,9.032759557478933,67,200,0.335,0.27324086932910685,0.4029780884716509
462,1306,9.04616368613425,72,200,0.36,0.2966919725753122,0.4285847188919973
462,1314,9.059567814789565,80,200,0.4,0.3346057851761492,0.46916328015764336
462,1322,9.072971943444882,80,200,0.4,0.3346057851761492,0.46916328015764336
463,634,7.935060904375879,14,25,0.56,0.37067331734646203,0.7333436123222912
463,972,8.501385340062999,6,25,0.24,0.1149631362645245,0.4342968351708788
463,1142,8.786223073988474,8,25,0.32,0.172051902198581,0.5158973087951598
463,1226,8.926966424869295,13,25,0.52,0.3349851682200921,0.6996871416694923
463,1247,8.962152262589502,5,25,0.2,0.08860584630746873,0.3913095053487659
463,1249,8.965503294753331,30,100,0.3,0.21894885238515713,0.39584854712244144
463,1250,8.967178810835245,30,100,0.3,0.21894885238515713,0.39584854712244144
463,1251,8.96885432691716,30,100,0.3,0.21894885238515713,0.39584854712244144
463,1252,8.970529842999074,30,100,0.3,0.21894885238515713,0.39584854712244144
463,1253,8.97220535908099,30,100,0.3,0.21894885238515713,0.39584854712244144
463,1254,8.973880875162903,30,100,0.3,0.21894885238515713,0.39584854712244144
463,1255,8.975556391244819,40,100,0.4,0.3094012857712627,0.4979974139825367
463,1256,8.977231907326733,36,100,0.36,0.2727122033881362,0.45764597626718284
463,1257,8.978907423408646,79,200,0.395,0.3298410096426624,0.4641165089578198
463,1289,9.032523938029913,68,200,0.34,0.2779154592508567,0.4081150452832114
463,1297,9.04592806668523,73,200,0.365,0.30140526417602626,0.4336829740245936
463,1305,9.059332195340545,82,200,0.41,0.3441567485880499,0.4792354102123633
463,1313,9.072736323995862,81,200,0.405,0.3393777123306897,0.4742028997364132
464,625,7.934825284926859,14,25,0.56,0.37067331734646203,0.7333436123222912
464,964,8.502825236695895,6,25,0.24,0.1149631362645245,0.4342968351708788
464,1133,8.785987454539454,8,25,0.32,0.172051902198581,0.5158973087951598
464,1217,8.926730805420277,13,25,0.52,0.3349851682200921,0.6996871416694923
464,1238,8.961916643140482,5,25,0.2,0.08860584630746873,0.3913095053487659
464,1240,8.965267675304311,30,100,0.3,0.21894885238515713,0.39584854712244144
464,1241,8.966943191386227,30,100,0.3,0.21894885238515713,0.39584854712244144
464,1242,8.96861870746814,30,100,0.3,0.21894885238515713,0.39584854712244144
464,1243,8.970294223550056,30,100,0.3,0.21894885238515713,0.39584854712244144
464,1244,8.97196973963197,30,100,0.3,0.21894885238515713,0.39584854712244144
464,1245,8.973645255713883,30,100,0.3,0.21894885238515713,0.39584854712244144
464,1246,8.975320771795799,40,100,0.4,0.3094012857712627,0.4979974139825367
464,1247,8.976996287877714,36,100,0.36,0.2727122033881362,0.45764597626718284
464,1248,8.978671803959628,80,200,0.4,0.3346057851761492,0.46916328015764336
464,1280,9.032288318580893,69,200,0.345,0.2825979433061415,0.41324410796123684
464,1288,9.04569244723621,74,200,0.37,0.30612608362251653,0.4387737013114137
464,1296,9.059096575891527,85,200,0.425,0.3585361249314706,0.4942906740688738
464,1304,9.072500704546844,84,200,0.42,0.3537359911147436,0.48927926115229037
465,616,7.93458966547784,15,25,0.6,0.4073945721749423,0.7659669772729795
465,955,8.502589617246874,6,25,0.24,0.1149631362645245,0.4342968351708788
465,1124,8.785751835090434,8,25,0.32,0.172051902198581,0.5158973087951598
465,1208,8.926495185971257,13,25,0.52,0.3349851682200921,0.6996871416694923
465,1230,8.963356539773377,5,25,0.2,0.08860584630746873,0.3913095053487659
465,1231,8.965032055855293,30,100,0.3,0.21894885238515713,0.39584854712244144
465,1232,8.966707571937206,30,100,0.3,0.21894885238515713,0.39584854712244144
465,1233,8.96838308801912,30,100,0.3,0.21894885238515713,0.39584854712244144
465,1234,8.970058604101036,30,100,0.3,0.21894885238515713,0.39584854712244144
465,1235,8.971734120182951,30,100,0.3,0.21894885238515713,0.39584854712244144
465,1236,8.973409636264865,30,100,0.3,0.21894885238515713,0.39584854712244144
465,1237,8.975085152346779,40,100,0.4,0.3094012857712627,0.4979974139825367
465,1238,8.976760668428694,36,100,0.36,0.2727122033881362,0.45764597626718284
465,1239,8.978436184510608,80,200,0.4,0.3346057851761492,0.46916328015764336
465,1271,9.032052699131874,70,200,0.35,0.28728824080917403,0.4183653571915147
465,1279,9.045456827787191,76,200,0.38,0.31559005800516143,0.44893282039538956
465,1287,9.058860956442507,86,200,0.43,0.36334322282848375,0.4992951229051709
465,1295,9.072265085097824,86,200,0.43,0.36334322282848375,0.4992951229051709
466,607,7.934354046028821,15,25,0.6,0.4073945721749423,0.7659669772729795
466,946,8.502353997797854,6,25,0.24,0.1149631362645245,0.4342968351708788
466,1115,8.785516215641415,8,25,0.32,0.172051902198581,0.5158973087951598
466,1200,8.927935082604153,13,25,0.52,0.3349851682200921,0.6996871416694923
466,1221,8.963120920324357,5,25,0.2,0.08860584630746873,0.3913095053487659
466,1223,8.966471952488188,30,100,0.3,0.21894885238515713,0.39584854712244144
466,1224,8.968147468570102,30,100,0.3,0.21894885238515713,0.39584854712244144
466,1225,8.969822984652016,30,100,0.3,0.21894885238515713,0.39584854712244144
466,1226,8.971498500733931,37,100,0.37,0.2818236047080924,0.46779470497184666
466,1227,8.973174016815845,41,100,0.41,0.31867312954204063,0.5079857002363788
466,1228,8.97484953289776,30,100,0.3,0.21894885238515713,0.39584854712244144
466,1229,8.976525048979674,41,100,0.41,0.31867312954204063,0.5079857002363788
466,1230,8.978200565061588,30,100,0.3,0.21894885238515713,0.39584854712244144
466,1231,8.979876081143503,66,200,0.33,0.26857425825421716,0.3978331528132302
466,1263,9.03349259576477,70,200,0.35,0.28728824080917403,0.4183653571915147
466,1271,9.046896724420087,77,200,0.385,0.3203330967849892,0.4540013283488722
466,1279,9.060300853075402,86,200,0.43,0.36334322282848375,0.4992951229051709
466,1287,9.07370498173072,86,200,0.43,0.36334322282848375,0.4992951229051709
467,599,7.935793942661716,15,25,0.6,0.4073945721749423,0.7659669772729795
467,937,8.502118378348836,6,25,0.24,0.1149631362645245,0.4342968351708788
467,1106,8.785280596192397,8,25,0.32,0.172051902198581,0.5158973087951598
467,1191,8.927699463155134,13,25,0.52,0.3349851682200921,0.6996871416694923
467,1212,8.962885300875339,5,25,0.2,0.08860584630746873,0.3913095053487659
467,1214,8.966236333039168,30,100,0.3,0.21894885238515713,0.39584854712244144
467,1215,8.967911849121084,30,100,0.3,0.21894885238515713,0.39584854712244144
467,1216,8.969587365202997,30,100,0.3,0.21894885238515713,0.39584854712244144
467,1217,8.971262881284913,38,100,0.38,0.29097599188067363,0.4779024478238856
467,1218,8.972938397366827,42,100,0.42,0.3279838260663658,0.5179351337366738
467,1219,8.974613913448742,30,100,0.3,0.21894885238515713,0.39584854712244144
467,1220,8.976289429530656,41,100,0.41,0.31867312954204063,0.5079857002363788
467,1221,8.97796494561257,30,100,0.3,0.21894885238515713,0.39584854712244144
467,1222,8.979640461694485,66,200,0.33,0.26857425825421716,0.3978331528132302
467,1254,9.033256976315752,72,200,0.36,0.2966919725753122,0.4285847188919973
467,1262,9.046661104971067,77,200,0.385,0.3203330967849892,0.4540013283488722
467,1270,9.060065233626384,87,200,0.435,0.36815725451898934,0.5042926379479759
467,1278,9.073469362281699,87,200,0.435,0.36815725451898934,0.5042926379479759
468,590,7.935558323212697,15,25,0.6,0.4073945721749423,0.7659669772729795
468,928,8.501882758899818,6,25,0.24,0.1149631362645245,0.4342968351708788
468,1097,8.785044976743377,9,25,0.36,0.20247880678156654,0.5548150239913429
468,1182,8.927463843706114,13,25,0.52,0.3349851682200921,0.6996871416694923
468,1203,8.96264968142632,5,25,0.2,0.08860584630746873,0.3913095053487659
468,1205,8.96600071359015,30,100,0.3,0.21894885238515713,0.39584854712244144
468,1206,8.967676229672064,30,100,0.3,0.21894885238515713,0.39584854712244144
468,1207,8.969351745753979,30,100,0.3,0.21894885238515713,0.39584854712244144
468,1208,8.971027261835893,38,100,0.38,0.29097599188067363,0.4779024478238856
468,1209,8.972702777917807,42,100,0.42,0.3279838260663658,0.5179351337366738
468,1210,8.974378293999722,30,100,0.3,0.21894885238515713,0.39584854712244144
468,1211,8.976053810081638,41,100,0.41,0.31867312954204063,0.5079857002363788
468,1212,8.977729326163551,30,100,0.3,0.21894885238515713,0.39584854712244144
468,1213,8.979404842245465,66,200,0.33,0.26857425825421716,0.3978331528132302
468,1245,9.033021356866731,72,200,0.36,0.2966919725753122,0.4285847188919973
468,1253,9.046425485522049,78,200,0.39,0.3250834308878392,0.4590625409793326
468,1261,9.059829614177364,88,200,0.44,0.3729781920017676,0.5092832471985078
468,1269,9.07323374283268,87,200,0.435,0.36815725451898934,0.5042926379479759
469,581,7.935322703763678,15,25,0.6,0.4073945721749423,0.7659669772729795
469,919,8.501647139450798,6,25,0.24,0.1149631362645245,0.4342968351708788
469,1088,8.784809357294357,9,25,0.36,0.20247880678156654,0.5548150239913429
469,1173,8.927228224257096,13,25,0.52,0.3349851682200921,0.6996871416694923
469,1194,8.9624140619773,6,25,0.24,0.1149631362645245,0.4342968351708788
469,1196,8.96576509414113,31,100,0.31,0.2277969715485257,0.4062605579836929
469,1197,8.967440610223044,31,100,0.31,0.2277969715485257,0.4062605579836929
469,1198,8.969116126304959,31,100,0.31,0.2277969715485257,0.4062605579836929
469,1199,8.970791642386875,38,100,0.38,0.29097599188067363,0.4779024478238856
469,1200,8.972467158468788,42,100,0.42,0.3279838260663658,0.5179351337366738
469,1201,8.974142674550702,31,100,0.31,0.2277969715485257,0.4062605579836929
469,1202,8.975818190632618,41,100,0.41,0.31867312954204063,0.5079857002363788
469,1203,8.977493706714531,31,100,0.31,0.2277969715485257,0.4062605579836929
469,1204,8.979169222796447,66,200,0.33,0.26857425825421716,0.3978331528132302
469,1236,9.032785737417711,72,200,0.36,0.2966919725753122,0.4285847188919973
469,1244,9.046189866073028,78,200,0.39,0.3250834308878392,0.4590625409793326
469,1252,9.059593994728345,88,200,0.44,0.3729781920017676,0.5092832471985078
469,1260,9.07299812338366,89,200,0.445,0.377806009517404,0.5142669764161818
470,572,7.935087084314659,15,25,0.6,0.4073945721749423,0.7659669772729795
470,910,8.501411520001778,6,25,0.24,0.1149631362645245,0.4342968351708788
470,1080,8.786249253927252,10,25,0.4,0.23403302272702053,0.5926054278250577
470,1164,8.926992604808076,13,25,0.52,0.3349851682200921,0.6996871416694923
470,1185,8.96217844252828,6,25,0.24,0.1149631362645245,0.4342968351708788
470,1187,8.96552947469211,32,100,0.32,0.23669147266401064,0.4166261868928281
470,1188,8.967204990774025,32,100,0.32,0.23669147266401064,0.4166261868928281
470,1189,8.968880506855939,32,100,0.32,0.23669147266401064,0.4166261868928281
470,1190,8.970556022937854,32,100,0.32,0.23669147266401064,0.4166261868928281
470,1191,8.972231539019768,32,100,0.32,0.23669147266401064,0.4166261868928281
470,1192,8.973907055101684,32,100,0.32,0.23669147266401064,0.4166261868928281
470,1193,8.975582571183597,42,100,0.42,0.3279838260663658,0.5179351337366738
470,1194,8.977258087265511,32,100,0.32,0.23669147266401064,0.4166261868928281
470,1195,8.978933603347427,69,200,0.345,0.2825979433061415,0.41324410796123684
470,1227,9.032550117968693,73,200,0.365,0.30140526417602626,0.4336829740245936
470,1235,9.04595424662401,80,200,0.4,0.3346057851761492,0.46916328015764336
470,1243,9.059358375279325,88,200,0.44,0.3729781920017676,0.5092832471985078
470,1251,9.072762503934642,90,200,0.45,0.38264068350836655,0.5192438491585296
471,563,7.9348514648656385,15,25,0.6,0.4073945721749423,0.7659669772729795
471,901,8.50117590055276,6,25,0.24,0.1149631362645245,0.4342968351708788
471,1071,8.786013634478234,10,25,0.4,0.23403302272702053,0.5926054278250577
471,1155,8.926756985359056,13,25,0.52,0.3349851682200921,0.6996871416694923
471,1176,8.961942823079262,6,25,0.24,0.1149631362645245,0.4342968351708788
471,1178,8.965293855243091,32,100,0.32,0.23669147266401064,0.4166261868928281
471,1179,8.966969371325005,32,100,0.32,0.23669147266401064,0.4166261868928281
471,1180,8.96864488740692,32,100,0.32,0.23669147266401064,0.4166261868928281
471,1181,8.970320403488834,32,100,0.32,0.23669147266401064,0.4166261868928281
471,1182,8.97199591957075,32,100,0.32,0.23669147266401064,0.4166261868928281
471,1183,8.973671435652664,32,100,0.32,0.23669147266401064,0.4166261868928281
471,1184,8.97534695173458,42,100,0.42,0.3279838260663658,0.5179351337366738
471,1185,8.977022467816493,38,100,0.38,0.29097599188067363,0.4779024478238856
471,1186,8.978697983898407,89,200,0.445,0.377806009517404,0.5142669764161818
471,1218,9.032314498519673,73,200,0.365,0.30140526417602626,0.4336829740245936
471,1226,9.04571862717499,82,200,0.41,0.3441567485880499,0.4792354102123633
471,1234,9.059122755830305,88,200,0.44,0.3729781920017676,0.5092832471985078
471,1242,9.072526884485622,92,200,0.46,0.39233051748177505,0.529177108651742
472,554,7.934615845416619,15,25,0.6,0.4073945721749423,0.7659669772729795
472,893,8.502615797185655,6,25,0.24,0.1149631362645245,0.4342968351708788
472,1062,8.785778015029214,10,25,0.4,0.23403302272702053,0.5926054278250577
472,1146,8.926521365910038,13,25,0.52,0.3349851682200921,0.6996871416694923
472,1168,8.963382719712158,6,25,0.24,0.1149631362645245,0.4342968351708788
472,1169,8.965058235794071,32,100,0.32,0.23669147266401064,0.4166261868928281
472,1170,8.966733751875987,32,100,0.32,0.23669147266401064,0.4166261868928281
472,1171,8.9684092679579,32,100,0.32,0.23669147266401064,0.4166261868928281
472,1172,8.970084784039816,32,100,0.32,0.23669147266401064,0.4166261868928281
472,1173,8.97176030012173,32,100,0.32,0.23669147266401064,0.4166261868928281
472,1174,8.973435816203644,32,100,0.32,0.23669147266401064,0.4166261868928281
472,1175,8.97511133228556,42,100,0.42,0.3279838260663658,0.5179351337366738
472,1176,8.976786848367473,38,100,0.38,0.29097599188067363,0.4779024478238856
472,1177,8.978462364449388,90,200,0.45,0.38264068350836655,0.5192438491585296
472,1209,9.032078879070653,73,200,0.365,0.30140526417602626,0.4336829740245936
472,1217,9.04548300772597,84,200,0.42,0.3537359911147436,0.48927926115229037
472,1225,9.058887136381287,88,200,0.44,0.3729781920017676,0.5092832471985078
472,1233,9.072291265036604,93,200,0.465,0.3971856410502652,0.5341335318165621
473,545,7.934380225967601,15,25,0.6,0.4073945721749423,0.7659669772729795
473,884,8.502380177736635,6,25,0.24,0.1149631362645245,0.4342968351708788
473,1053,8.785542395580196,10,25,0.4,0.23403302272702053,0.5926054278250577
473,1138,8.927961262542933,13,25,0.52,0.3349851682200921,0.6996871416694923
473,1159,8.96314710026314,6,25,0.24,0.1149631362645245,0.4342968351708788
473,1161,8.966498132426967,33,100,0.33,0.24563122674486615,0.42694656283659266
473,1162,8.968173648508882,33,100,0.33,0.24563122674486615,0.42694656283659266
473,1163,8.969849164590796,33,100,0.33,0.24563122674486615,0.42694656283659266
473,1164,8.971524680672712,41,100,0.41,0.31867312954204063,0.5079857002363788
473,1165,8.973200196754625,44,100,0.44,0.34672026560951685,0.5377189542427627
473,1166,8.97487571283654,33,100,0.33,0.24563122674486615,0.42694656283659266
473,1167,8.976551228918455,43,100,0.43,0.33733298455633143,0.5278461052713281
473,1168,8.97822674500037,33,100,0.33,0.24563122674486615,0.42694656283659266
473,1169,8.979902261082284,72,200,0.36,0.2966919725753122,0.4285847188919973
473,1201,9.03351877570355,74,200,0.37,0.30612608362251653,0.4387737013114137
473,1209,9.046922904358865,85,200,0.425,0.3585361249314706,0.4942906740688738
473,1217,9.060327033014183,88,200,0.44,0.3729781920017676,0.5092832471985078
473,1225,9.0737311616695,93,200,0.465,0.3971856410502652,0.5341335318165621
474,537,7.9358201226004965,15,25,0.6,0.4073945721749423,0.7659669772729795
474,875,8.502144558287617,6,25,0.24,0.1149631362645245,0.4342968351708788
474,1044,8.785306776131176,10,25,0.4,0.23403302272702053,0.5926054278250577
474,1129,8.927725643093913,13,25,0.52,0.3349851682200921,0.6996871416694923
474,1150,8.96291148081412,6,25,0.24,0.1149631362645245,0.4342968351708788
474,1152,8.966262512977949,33,100,0.33,0.24563122674486615,0.42694656283659266
474,1153,8.967938029059862,33,100,0.33,0.24563122674486615,0.42694656283659266
474,1154,8.969613545141778,33,100,0.33,0.24563122674486615,0.42694656283659266
474,1155,8.971289061223692,42,100,0.42,0.3279838260663658,0.5179351337366738
474,1156,8.972964577305607,45,100,0.45,0.3561453790959721,0.5475539707809277
474,1157,8.97464009338752,33,100,0.33,0.24563122674486615,0.42694656283659266
474,1158,8.976315609469436,43,100,0.43,0.33733298455633143,0.5278461052713281
474,1159,8.97799112555135,33,100,0.33,0.24563122674486615,0.42694656283659266
474,1160,8.979666641633266,72,200,0.36,0.2966919725753122,0.4285847188919973
474,1192,9.03328315625453,74,200,0.37,0.30612608362251653,0.4387737013114137
474,1200,9.046687284909847,85,200,0.425,0.3585361249314706,0.4942906740688738
474,1208,9.060091413565164,91,200,0.455,0.3874821925827813,0.5242138868174252
474,1216,9.07349554222048,93,200,0.465,0.3971856410502652,0.5341335318165621
475,528,7.9355845031514765,15,25,0.6,0.4073945721749423,0.7659669772729795
475,866,8.501908938838596,6,25,0.24,0.1149631362645245,0.4342968351708788
475,1035,8.785071156682157,10,25,0.4,0.23403302272702053,0.5926054278250577
475,1120,8.927490023644895,13,25,0.52,0.3349851682200921,0.6996871416694923
475,1141,8.9626758613651,6,25,0.24,0.1149631362645245,0.4342968351708788
475,1143,8.966026893528928,33,100,0.33,0.24563122674486615,0.42694656283659266
475,1144,8.967702409610844,33,100,0.33,0.24563122674486615,0.42694656283659266
475,1145,8.969377925692758,33,100,0.33,0.24563122674486615,0.42694656283659266
475,1146,8.971053441774673,43,100,0.43,0.33733298455633143,0.5278461052713281
475,1147,8.972728957856587,46,100,0.46,0.36560808238430004,0.5573513975172198
475,1148,8.974404473938502,33,100,0.33,0.24563122674486615,0.42694656283659266
475,1149,8.976079990020416,43,100,0.43,0.33733298455633143,0.5278461052713281
475,1150,8.97775550610233,33,100,0.33,0.24563122674486615,0.42694656283659266
475,1151,8.979431022184245,72,200,0.36,0.2966919725753122,0.4285847188919973
475,1183,9.033047536805512,74,200,0.37,0.30612608362251653,0.4387737013114137
475,1191,9.046451665460827,85,200,0.425,0.3585361249314706,0.4942906740688738
475,1199,9.059855794116144,92,200,0.46,0.39233051748177505,0.529177108651742
475,1207,9.07325992277146,93,200,0.465,0.3971856410502652,0.5341335318165621
476,519,7.935348883702457,15,25,0.6,0.4073945721749423,0.7659669772729795
476,857,8.501673319389578,6,25,0.24,0.1149631362645245,0.4342968351708788
476,1026,8.784835537233137,10,25,0.4,0.23403302272702053,0.5926054278250577
476,1111,8.927254404195875,13,25,0.52,0.3349851682200921,0.6996871416694923
476,1132,8.962440241916081,6,25,0.24,0.1149631362645245,0.4342968351708788
476,1134,8.96579127407991,34,100,0.34,0.2546152073669388,0.4372227122391401
476,1135,8.967466790161824,34,100,0.34,0.2546152073669388,0.4372227122391401
476,1136,8.96914230624374,34,100,0.34,0.2546152073669388,0.4372227122391401
476,1137,8.970817822325653,43,100,0.43,0.33733298455633143,0.5278461052713281
476,1138,8.972493338407567,46,100,0.46,0.36560808238430004,0.5573513975172198
476,1139,8.974168854489482,34,100,0.34,0.2546152073669388,0.4372227122391401
476,1140,8.975844370571396,43,100,0.43,0.33733298455633143,0.5278461052713281
476,1141,8.977519886653312,34,100,0.34,0.2546152073669388,0.4372227122391401
476,1142,8.979195402735225,73,200,0.365,0.30140526417602626,0.4336829740245936
476,1174,9.032811917356492,74,200,0.37,0.30612608362251653,0.4387737013114137
476,1182,9.046216046011809,86,200,0.43,0.36334322282848375,0.4992951229051709
476,1190,9.059620174667124,92,200,0.46,0.39233051748177505,0.529177108651742
476,1198,9.073024303322441,93,200,0.465,0.3971856410502652,0.5341335318165621
477,510,7.935113264253438,15,25,0.6,0.4073945721749423,0.7659669772729795
477,848,8.501437699940558,5,25,0.2,0.08860584630746873,0.3913095053487659
477,1017,8.784599917784117,10,25,0.4,0.23403302272702053,0.5926054278250577
477,1102,8.927018784746855,13,25,0.52,0.3349851682200921,0.6996871416694923
477,1123,8.96220462246706,6,25,0.24,0.1149631362645245,0.4342968351708788
477,1125,8.96555565463089,34,100,0.34,0.2546152073669388,0.4372227122391401
477,1126,8.967231170712804,34,100,0.34,0.2546152073669388,0.4372227122391401
477,1127,8.96890668679472,34,100,0.34,0.2546152073669388,0.4372227122391401
477,1128,8.970582202876633,34,100,0.34,0.2546152073669388,0.4372227122391401
477,1129,8.972257718958549,34,100,0.34,0.2546152073669388,0.4372227122391401
477,1130,8.973933235040462,34,100,0.34,0.2546152073669388,0.4372227122391401
477,1131,8.975608751122378,43,100,0.43,0.33733298455633143,0.5278461052713281
477,1132,8.977284267204292,34,100,0.34,0.2546152073669388,0.4372227122391401
477,1133,8.978959783286207,74,200,0.37,0.30612608362251653,0.4387737013114137
477,1165,9.032576297907472,76,200,0.38,0.31559005800516143,0.44893282039538956
477,1173,9.045980426562789,86,200,0.43,0.36334322282848375,0.4992951229051709
477,1181,9.059384555218106,92,200,0.46,0.39233051748177505,0.529177108651742
477,1189,9.072788683873421,93,200,0.465,0.3971856410502652,0.5341335318165621
478,501,7.93487764480442,15,25,0.6,0.4073945721749423,0.7659669772729795
478,839,8.50120208049154,5,25,0.2,0.08860584630746873,0.3913095053487659
478,1009,8.786039814417014,10,25,0.4,0.23403302272702053,0.5926054278250577
478,1093,8.926783165297836,13,25,0.52,0.3349851682200921,0.6996871416694923
478,1114,8.961969003018043,6,25,0.24,0.1149631362645245,0.4342968351708788
478,1116,8.965320035181872,35,100,0.35,0.26364248181460326,0.4474555678160957
478,1117,8.966995551263786,35,100,0.35,0.26364248181460326,0.4474555678160957
478,1118,8.968671067345701,35,100,0.35,0.26364248181460326,0.4474555678160957
478,1119,8.970346583427615,35,100,0.35,0.26364248181460326,0.4474555678160957
478,1120,8.97202209950953,35,100,0.35,0.26364248181460326,0.4474555678160957
478,1121,8.973697615591444,35,100,0.35,0.26364248181460326,0.4474555678160957
478,1122,8.97537313167336,43,100,0.43,0.33733298455633143,0.5278461052713281
478,1123,8.977048647755273,39,100,0.39,0.3001687394111505,0.48796983031802876
478,1124,8.978724163837189,91,200,0.455,0.3874821925827813,0.5242138868174252
478,1156,9.032340678458453,78,200,0.39,0.3250834308878392,0.4590625409793326
478,1164,9.04574480711377,86,200,0.43,0.36334322282848375,0.4992951229051709
478,1172,9.059148935769088,92,200,0.46,0.39233051748177505,0.529177108651742
478,1180,9.072553064424403,94,200,0.47,0.4020475482110944,0.5390831713890433
479,492,7.9346420253554,15,25,0.6,0.4073945721749423,0.7659669772729795
479,831,8.502641977124435,5,25,0.2,0.08860584630746873,0.3913095053487659
479,1000,8.785804194967994,10,25,0.4,0.23403302272702053,0.5926054278250577
479,1084,8.926547545848818,13,25,0.52,0.3349851682200921,0.6996871416694923
479,1106,8.963408899650938,7,25,0.28,0.14283853773683666,0.4757660534777354
479,1107,8.965084415732852,35,100,0.35,0.26364248181460326,0.4474555678160957
479,1108,8.966759931814767,35,100,0.35,0.26364248181460326,0.4474555678160957
479,1109,8.968435447896681,35,100,0.35,0.26364248181460326,0.4474555678160957
479,1110,8.970110963978597,35,100,0.35,0.26364248181460326,0.4474555678160957
479,1111,8.97178648006051,35,100,0.35,0.26364248181460326,0.4474555678160957
479,1112,8.973461996142426,35,100,0.35,0.26364248181460326,0.4474555678160957
479,1113,8.97513751222434,43,100,0.43,0.33733298455633143,0.5278461052713281
479,1114,8.976813028306253,40,100,0.4,0.3094012857712627,0.4979974139825367
479,1115,8.978488544388169,92,200,0.46,0.39233051748177505,0.529177108651742
479,1147,9.032105059009435,78,200,0.39,0.3250834308878392,0.4590625409793326
479,1155,9.04550918766475,86,200,0.43,0.36334322282848375,0.4992951229051709
479,1163,9.058913316320067,92,200,0.46,0.39233051748177505,0.529177108651742
479,1171,9.072317444975383,94,200,0.47,0.4020475482110944,0.5390831713890433
480,483,7.934406405906381,15,25,0.6,0.4073945721749423,0.7659669772729795
480,822,8.502406357675415,5,25,0.2,0.08860584630746873,0.3913095053487659
480,991,8.785568575518976,10,25,0.4,0.23403302272702053,0.5926054278250577
480,1075,8.926311926399798,13,25,0.52,0.3349851682200921,0.6996871416694923
480,1097,8.963173280201918,7,25,0.28,0.14283853773683666,0.4757660534777354
480,1099,8.966524312365747,36,100,0.36,0.2727122033881362,0.45764597626718284
480,1100,8.968199828447663,36,100,0.36,0.2727122033881362,0.45764597626718284
480,1101,8.969875344529576,36,100,0.36,0.2727122033881362,0.45764597626718284
480,1102,8.97155086061149,44,100,0.44,0.34672026560951685,0.5377189542427627
480,1103,8.973226376693406,47,100,0.47,0.3751081788809403,0.5671114310451996
480,1104,8.97490189277532,36,100,0.36,0.2727122033881362,0.45764597626718284
480,1105,8.976577408857235,45,100,0.45,0.3561453790959721,0.5475539707809277
480,1106,8.978252924939149,36,100,0.36,0.2727122033881362,0.45764597626718284
480,1107,8.979928441021064,74,200,0.37,0.30612608362251653,0.4387737013114137
480,1139,9.033544955642329,78,200,0.39,0.3250834308878392,0.4590625409793326
480,1147,9.046949084297646,86,200,0.43,0.36334322282848375,0.4992951229051709
480,1155,9.060353212952963,93,200,0.465,0.3971856410502652,0.5341335318165621
480,1163,9.073757341608278,94,200,0.47,0.4020475482110944,0.5390831713890433
481,475,7.935846302539276,16,25,0.64,0.44518497600865714,0.7975211932184334
481,813,8.502170738226395,5,25,0.2,0.08860584630746873,0.3913095053487659
481,982,8.785332956069956,10,25,0.4,0.23403302272702053,0.5926054278250577
481,1067,8.927751823032693,13,25,0.52,0.3349851682200921,0.6996871416694923
481,1088,8.9629376607529,7,25,0.28,0.14283853773683666,0.4757660534777354
481,1090,8.966288692916727,36,100,0.36,0.2727122033881362,0.45764597626718284
481,1091,8.967964208998643,36,100,0.36,0.2727122033881362,0.45764597626718284
481,1092,8.969639725080556,36,100,0.36,0.2727122033881362,0.45764597626718284
481,1093,8.971315241162472,44,100,0.44,0.34672026560951685,0.5377189542427627
481,1094,8.972990757244386,47,100,0.47,0.3751081788809403,0.5671114310451996
481,1095,8.974666273326301,36,100,0.36,0.2727122033881362,0.45764597626718284
481,1096,8.976341789408215,45,100,0.45,0.3561453790959721,0.5475539707809277
481,1097,8.97801730549013,36,100,0.36,0.2727122033881362,0.45764597626718284
481,1098,8.979692821572044,75,200,0.375,0.310854368105246,0.4438569635619946
481,1130,9.03330933619331,78,200,0.39,0.3250834308878392,0.4590625409793326
481,1138,9.046713464848626,86,200,0.43,0.36334322282848375,0.4992951229051709
481,1146,9.060117593503943,93,200,0.465,0.3971856410502652,0.5341335318165621
481,1154,9.07352172215926,95,200,0.475,0.40691622594241644,0.5440260403910315
482,466,7.935610683090256,16,25,0.64,0.44518497600865714,0.7975211932184334
482,804,8.501935118777377,5,25,0.2,0.08860584630746873,0.3913095053487659
482,973,8.785097336620936,10,25,0.4,0.23403302272702053,0.5926054278250577
482,1058,8.927516203583673,13,25,0.52,0.3349851682200921,0.6996871416694923
482,1079,8.96270204130388,7,25,0.28,0.14283853773683666,0.4757660534777354
482,1081,8.966053073467709,36,100,0.36,0.2727122033881362,0.45764597626718284
482,1082,8.967728589549623,36,100,0.36,0.2727122033881362,0.45764597626718284
482,1083,8.969404105631538,36,100,0.36,0.2727122033881362,0.45764597626718284
482,1084,8.971079621713452,45,100,0.45,0.3561453790959721,0.5475539707809277
482,1085,8.972755137795367,48,100,0.48,0.38464551686177634,0.5768342230889836
482,1086,8.974430653877281,36,100,0.36,0.2727122033881362,0.45764597626718284
482,1087,8.976106169959195,46,100,0.46,0.36560808238430004,0.5573513975172198
482,1088,8.97778168604111,36,100,0.36,0.2727122033881362,0.45764597626718284
482,1089,8.979457202123024,75,200,0.375,0.310854368105246,0.4438569635619946
482,1121,9.03307371674429,79,200,0.395,0.3298410096426624,0.4641165089578198
482,1129,9.046477845399608,86,200,0.43,0.36334322282848375,0.4992951229051709
482,1137,9.059881974054925,93,200,0.465,0.3971856410502652,0.5341335318165621
482,1145,9.07328610271024,95,200,0.475,0.40691622594241644,0.5440260403910315
483,457,7.935375063641238,16,25,0.64,0.44518497600865714,0.7975211932184334
483,795,8.501699499328359,5,25,0.2,0.08860584630746873,0.3913095053487659
483,964,8.784861717171918,10,25,0.4,0.23403302272702053,0.5926054278250577
483,1049,8.927280584134655,14,25,0.56,0.37067331734646203,0.7333436123222912
483,1070,8.962466421854861,7,25,0.28,0.14283853773683666,0.4757660534777354
483,1072,8.96581745401869,37,100,0.37,0.2818236047080924,0.46779470497184666
483,1073,8.967492970100604,37,100,0.37,0.2818236047080924,0.46779470497184666
483,1074,8.969168486182518,37,100,0.37,0.2818236047080924,0.46779470497184666
483,1075,8.970844002264434,45,100,0.45,0.3561453790959721,0.5475539707809277
483,1076,8.972519518346349,49,100,0.49,0.3942199885796587,0.5865198813957212
483,1077,8.974195034428263,37,100,0.37,0.2818236047080924,0.46779470497184666
483,1078,8.975870550510177,46,100,0.46,0.36560808238430004,0.5573513975172198
483,1079,8.977546066592092,37,100,0.37,0.2818236047080924,0.46779470497184666
483,1080,8.979221582674006,75,200,0.375,0.310854368105246,0.4438569635619946
483,1112,9.032838097295272,80,200,0.4,0.3346057851761492,0.46916328015764336
483,1120,9.04624222595059,86,200,0.43,0.36334322282848375,0.4992951229051709
483,1128,9.059646354605905,93,200,0.465,0.3971856410502652,0.5341335318165621
483,1136,9.073050483261222,95,200,0.475,0.40691622594241644,0.5440260403910315
484,448,7.9351394441922185,16,25,0.64,0.44518497600865714,0.7975211932184334
484,786,8.501463879879338,5,25,0.2,0.08860584630746873,0.3913095053487659
484,955,8.7846260977229,10,25,0.4,0.23403302272702053,0.5926054278250577
484,1040,8.927044964685635,15,25,0.6,0.4073945721749423,0.7659669772729795
484,1061,8.962230802405841,7,25,0.28,0.14283853773683666,0.4757660534777354
484,1063,8.96558183456967,37,100,0.37,0.2818236047080924,0.46779470497184666
484,1064,8.967257350651586,37,100,0.37,0.2818236047080924,0.46779470497184666
484,1065,8.9689328667335,37,100,0.37,0.2818236047080924,0.46779470497184666
484,1066,8.970608382815414,45,100,0.45,0.3561453790959721,0.5475539707809277
484,1067,8.972283898897329,50,100,0.5,0.40383152963549296,0.596168470364507
484,1068,8.973959414979243,37,100,0.37,0.2818236047080924,0.46779470497184666
484,1069,8.975634931061158,46,100,0.46,0.36560808238430004,0.5573513975172198
484,1070,8.977310447143072,37,100,0.37,0.2818236047080924,0.46779470497184666
484,1071,8.978985963224988,77,200,0.385,0.3203330967849892,0.4540013283488722
484,1103,9.032602477846252,80,200,0.4,0.3346057851761492,0.46916328015764336
484,1111,9.04600660650157,87,200,0.435,0.36815725451898934,0.5042926379479759
484,1119,9.059410735156886,93,200,0.465,0.3971856410502652,0.5341335318165621
484,1127,9.072814863812201,95,200,0.475,0.40691622594241644,0.5440260403910315
485,439,7.934903824743199,16,25,0.64,0.44518497600865714,0.7975211932184334
485,777,8.501228260430318,5,25,0.2,0.08860584630746873,0.3913095053487659
485,947,8.786065994355793,10,25,0.4,0.23403302272702053,0.5926054278250577
485,1031,8.926809345236617,15,25,0.6,0.4073945721749423,0.7659669772729795
485,1052,8.961995182956823,7,25,0.28,0.14283853773683666,0.4757660534777354
485,1054,8.96534621512065,37,100,0.37,0.2818236047080924,0.46779470497184666
485,1055,8.967021731202566,37,100,0.37,0.2818236047080924,0.46779470497184666
485,1056,8.96869724728448,37,100,0.37,0.2818236047080924,0.46779470497184666
485,1057,8.970372763366395,37,100,0.37,0.2818236047080924,0.46779470497184666
485,1058,8.972048279448309,37,100,0.37,0.2818236047080924,0.46779470497184666
485,1059,8.973723795530224,37,100,0.37,0.2818236047080924,0.46779470497184666
485,1060,8.975399311612138,46,100,0.46,0.36560808238430004,0.5573513975172198
485,1061,8.977074827694054,43,100,0.43,0.33733298455633143,0.5278461052713281
485,1062,8.978750343775967,94,200,0.47,0.4020475482110944,0.5390831713890433
485,1094,9.032366858397234,83,200,0.415,0.34894285399844827,0.4842608515352753
485,1102,9.04577098705255,88,200,0.44,0.3729781920017676,0.5092832471985078
485,1110,9.059175115707866,94,200,0.47,0.4020475482110944,0.5390831713890433
485,1118,9.072579244363183,96,200,0.48,0.4117916632582544,0.548962149808504
486,430,7.934668205294179,16,25,0.64,0.44518497600865714,0.7975211932184334
486,769,8.502668157063214,7,25,0.28,0.14283853773683666,0.4757660534777354
486,938,8.785830374906775,10,25,0.4,0.23403302272702053,0.5926054278250577
486,1022,8.926573725787597,16,25,0.64,0.44518497600865714,0.7975211932184334
486,1043,8.961759563507803,7,25,0.28,0.14283853773683666,0.4757660534777354
486,1045,8.965110595671632,38,100,0.38,0.29097599188067363,0.4779024478238856
486,1046,8.966786111753546,38,100,0.38,0.29097599188067363,0.4779024478238856
486,1047,8.968461627835461,38,100,0.38,0.29097599188067363,0.4779024478238856
486,1048,8.970137143917375,38,100,0.38,0.29097599188067363,0.4779024478238856
486,1049,8.97181265999929,38,100,0.38,0.29097599188067363,0.4779024478238856
486,1050,8.973488176081204,38,100,0.38,0.29097599188067363,0.4779024478238856
486,1051,8.975163692163118,47,100,0.47,0.3751081788809403,0.5671114310451996
486,1052,8.976839208245034,44,100,0.44,0.34672026560951685,0.5377189542427627
486,1053,8.978514724326947,95,200,0.475,0.40691622594241644,0.5440260403910315
486,1085,9.032131238948214,83,200,0.415,0.34894285399844827,0.4842608515352753
486,1093,9.04553536760353,89,200,0.445,0.377806009517404,0.5142669764161818
486,1101,9.058939496258848,94,200,0.47,0.4020475482110944,0.5390831713890433
486,1109,9.072343624914163,98,200,0.49,0.42156278278393533,0.5588141237494437
487,421,7.93443258584516,9,25,0.36,0.20247880678156654,0.5548150239913429
487,760,8.502432537614194,7,25,0.28,0.14283853773683666,0.4757660534777354
487,929,8.785594755457755,10,25,0.4,0.23403302272702053,0.5926054278250577
487,1013,8.926338106338578,16,25,0.64,0.44518497600865714,0.7975211932184334
487,1035,8.963199460140698,7,25,0.28,0.14283853773683666,0.4757660534777354
487,1037,8.966550492304528,38,100,0.38,0.29097599188067363,0.4779024478238856
487,1038,8.968226008386441,38,100,0.38,0.29097599188067363,0.4779024478238856
487,1039,8.969901524468355,38,100,0.38,0.29097599188067363,0.4779024478238856
487,1040,8.97157704055027,46,100,0.46,0.36560808238430004,0.5573513975172198
487,1041,8.973252556632184,52,100,0.52,0.4231657769110165,0.6153544831382237
487,1042,8.9749280727141,38,100,0.38,0.29097599188067363,0.4779024478238856
487,1043,8.976603588796014,47,100,0.47,0.3751081788809403,0.5671114310451996
487,1044,8.97827910487793,38,100,0.38,0.29097599188067363,0.4779024478238856
487,1045,8.979954620959843,81,200,0.405,0.3393777123306897,0.4742028997364132
487,1077,9.03357113558111,85,200,0.425,0.3585361249314706,0.4942906740688738
487,1085,9.046975264236426,90,200,0.45,0.38264068350836655,0.5192438491585296
487,1093,9.060379392891742,95,200,0.475,0.40691622594241644,0.5440260403910315
487,1101,9.073783521547059,99,200,0.495,0.4264584530693174,0.5637300001973722
488,413,7.935872482478056,9,25,0.36,0.20247880678156654,0.5548150239913429
488,751,8.502196918165176,7,25,0.28,0.14283853773683666,0.4757660534777354
488,920,8.785359136008736,10,25,0.4,0.23403302272702053,0.5926054278250577
488,1005,8.927778002971474,16,25,0.64,0.44518497600865714,0.7975211932184334
488,1026,8.962963840691678,7,25,0.28,0.14283853773683666,0.4757660534777354
488,1028,8.96631487285551,38,100,0.38,0.29097599188067363,0.4779024478238856
488,1029,8.967990388937423,38,100,0.38,0.29097599188067363,0.4779024478238856
488,1030,8.969665905019337,38,100,0.38,0.29097599188067363,0.4779024478238856
488,1031,8.971341421101252,46,100,0.46,0.36560808238430004,0.5573513975172198
488,1032,8.973016937183166,52,100,0.52,0.4231657769110165,0.6153544831382237
488,1033,8.974692453265082,38,100,0.38,0.29097599188067363,0.4779024478238856
488,1034,8.976367969346995,48,100,0.48,0.38464551686177634,0.5768342230889836
488,1035,8.97804348542891,38,100,0.38,0.29097599188067363,0.4779024478238856
488,1036,8.979719001510825,84,200,0.42,0.3537359911147436,0.48927926115229037
488,1068,9.033335516132091,86,200,0.43,0.36334322282848375,0.4992951229051709
488,1076,9.046739644787408,91,200,0.455,0.3874821925827813,0.5242138868174252
488,1084,9.060143773442723,96,200,0.48,0.4117916632582544,0.548962149808504
488,1092,9.07354790209804,99,200,0.495,0.4264584530693174,0.5637300001973722
489,404,7.935636863029037,9,25,0.36,0.20247880678156654,0.5548150239913429
489,742,8.501961298716157,7,25,0.28,0.14283853773683666,0.4757660534777354
489,911,8.785123516559716,10,25,0.4,0.23403302272702053,0.5926054278250577
489,996,8.927542383522454,16,25,0.64,0.44518497600865714,0.7975211932184334
489,1017,8.96272822124266,7,25,0.28,0.14283853773683666,0.4757660534777354
489,1019,8.96607925340649,38,100,0.38,0.29097599188067363,0.4779024478238856
489,1020,8.967754769488403,38,100,0.38,0.29097599188067363,0.4779024478238856
489,1021,8.969430285570319,38,100,0.38,0.29097599188067363,0.4779024478238856
489,1022,8.971105801652232,46,100,0.46,0.36560808238430004,0.5573513975172198
489,1023,8.972781317734148,52,100,0.52,0.4231657769110165,0.6153544831382237
489,1024,8.974456833816062,38,100,0.38,0.29097599188067363,0.4779024478238856
489,1025,8.976132349897977,48,100,0.48,0.38464551686177634,0.5768342230889836
489,1026,8.97780786597989,38,100,0.38,0.29097599188067363,0.4779024478238856
489,1027,8.979483382061805,86,200,0.43,0.36334322282848375,0.4992951229051709
489,1059,9.033099896683071,86,200,0.43,0.36334322282848375,0.4992951229051709
489,1067,9.046504025338388,91,200,0.455,0.3874821925827813,0.5242138868174252
489,1075,9.059908153993703,97,200,0.485,0.41667385119216255,0.5538915086079063
489,1083,9.07331228264902,100,200,0.5,0.43136085907267824,0.5686391409273218
490,395,7.935401243580017,9,25,0.36,0.20247880678156654,0.5548150239913429
490,733,8.501725679267137,7,25,0.28,0.14283853773683666,0.4757660534777354
490,902,8.784887897110698,11,25,0.44,0.26665638767770883,0.629326682653538
490,987,8.927306764073435,16,25,0.64,0.44518497600865714,0.7975211932184334
490,1008,8.96249260179364,7,25,0.28,0.14283853773683666,0.4757660534777354
490,1010,8.96584363395747,40,100,0.4,0.3094012857712627,0.4979974139825367
490,1011,8.967519150039385,40,100,0.4,0.3094012857712627,0.4979974139825367
490,1012,8.969194666121298,40,100,0.4,0.3094012857712627,0.4979974139825367
490,1013,8.970870182203214,46,100,0.46,0.36560808238430004,0.5573513975172198
490,1014,8.972545698285128,52,100,0.52,0.4231657769110165,0.6153544831382237
490,1015,8.974221214367041,40,100,0.4,0.3094012857712627,0.4979974139825367
490,1016,8.975896730448957,49,100,0.49,0.3942199885796587,0.5865198813957212
490,1017,8.97757224653087,40,100,0.4,0.3094012857712627,0.4979974139825367
490,1018,8.979247762612786,87,200,0.435,0.36815725451898934,0.5042926379479759
490,1050,9.03286427723405,86,200,0.43,0.36334322282848375,0.4992951229051709
490,1058,9.046268405889368,91,200,0.455,0.3874821925827813,0.5242138868174252
490,1066,9.059672534544685,97,200,0.485,0.41667385119216255,0.5538915086079063
490,1074,9.073076663200002,102,200,0.51,0.44118587625055616,0.5784372172160646
491,386,7.935165624130998,10,25,0.4,0.23403302272702053,0.5926054278250577
491,724,8.501490059818117,7,25,0.28,0.14283853773683666,0.4757660534777354
491,893,8.784652277661678,11,25,0.44,0.26665638767770883,0.629326682653538
491,978,8.927071144624415,16,25,0.64,0.44518497600865714,0.7975211932184334
491,999,8.962256982344622,7,25,0.28,0.14283853773683666,0.4757660534777354
491,1001,8.965608014508451,40,100,0.4,0.3094012857712627,0.4979974139825367
491,1002,8.967283530590365,40,100,0.4,0.3094012857712627,0.4979974139825367
491,1003,8.968959046672278,40,100,0.4,0.3094012857712627,0.4979974139825367
491,1004,8.970634562754194,46,100,0.46,0.36560808238430004,0.5573513975172198
491,1005,8.972310078836108,52,100,0.52,0.4231657769110165,0.6153544831382237
491,1006,8.973985594918023,40,100,0.4,0.3094012857712627,0.4979974139825367
491,1007,8.975661110999937,49,100,0.49,0.3942199885796587,0.5865198813957212
491,1008,8.977336627081852,40,100,0.4,0.3094012857712627,0.4979974139825367
491,1009,8.979012143163766,88,200,0.44,0.3729781920017676,0.5092832471985078
491,1041,9.032628657785033,87,200,0.435,0.36815725451898934,0.5042926379479759
491,1049,9.04603278644035,91,200,0.455,0.3874821925827813,0.5242138868174252
491,1057,9.059436915095665,98,200,0.49,0.42156278278393533,0.5588141237494437
491,1065,9.072841043750982,103,200,0.515,0.44610849139209374,0.5833261488078374
492,377,7.934930004681979,10,25,0.4,0.23403302272702053,0.5926054278250577
492,715,8.501254440369099,7,25,0.28,0.14283853773683666,0.4757660534777354
492,885,8.786092174294573,11,25,0.44,0.26665638767770883,0.629326682653538
492,969,8.926835525175395,16,25,0.64,0.44518497600865714,0.7975211932184334
492,990,8.962021362895602,7,25,0.28,0.14283853773683666,0.4757660534777354
492,992,8.96537239505943,41,100,0.41,0.31867312954204063,0.5079857002363788
492,993,8.967047911141345,41,100,0.41,0.31867312954204063,0.5079857002363788
492,994,8.96872342722326,41,100,0.41,0.31867312954204063,0.5079857002363788
492,995,8.970398943305174,41,100,0.41,0.31867312954204063,0.5079857002363788
492,996,8.97207445938709,41,100,0.41,0.31867312954204063,0.5079857002363788
492,997,8.973749975469003,41,100,0.41,0.31867312954204063,0.5079857002363788
492,998,8.975425491550919,49,100,0.49,0.3942199885796587,0.5865198813957212
492,999,8.977101007632832,46,100,0.46,0.36560808238430004,0.5573513975172198
492,1000,8.978776523714748,102,200,0.51,0.44118587625055616,0.5784372172160646
492,1032,9.032393038336012,88,200,0.44,0.3729781920017676,0.5092832471985078
492,1040,9.04579716699133,92,200,0.46,0.39233051748177505,0.529177108651742
492,1048,9.059201295646647,99,200,0.495,0.4264584530693174,0.5637300001973722
492,1056,9.072605424301962,103,200,0.515,0.44610849139209374,0.5833261488078374
493,368,7.934694385232959,10,25,0.4,0.23403302272702053,0.5926054278250577
493,707,8.502694337001994,8,25,0.32,0.172051902198581,0.5158973087951598
493,876,8.785856554845553,11,25,0.44,0.26665638767770883,0.629326682653538
493,960,8.926599905726377,16,25,0.64,0.44518497600865714,0.7975211932184334
493,981,8.961785743446582,7,25,0.28,0.14283853773683666,0.4757660534777354
493,983,8.96513677561041,41,100,0.41,0.31867312954204063,0.5079857002363788
493,984,8.966812291692326,41,100,0.41,0.31867312954204063,0.5079857002363788
493,985,8.96848780777424,41,100,0.41,0.31867312954204063,0.5079857002363788
493,986,8.970163323856156,41,100,0.41,0.31867312954204063,0.5079857002363788
493,987,8.97183883993807,41,100,0.41,0.31867312954204063,0.5079857002363788
493,988,8.973514356019985,41,100,0.41,0.31867312954204063,0.5079857002363788
493,989,8.975189872101899,49,100,0.49,0.3942199885796587,0.5865198813957212
493,990,8.976865388183814,46,100,0.46,0.36560808238430004,0.5573513975172198
493,991,8.978540904265728,103,200,0.515,0.44610849139209374,0.5833261488078374
493,1023,9.032157418886994,89,200,0.445,0.377806009517404,0.5142669764161818
493,1031,9.04556154754231,93,200,0.465,0.3971856410502652,0.5341335318165621
493,1039,9.058965676197626,101,200,0.505,0.4362699998026278,0.5735415469306826
493,1047,9.072369804852944,105,200,0.525,0.45597395960896836,0.5930837740575836
494,359,7.9344587657839405,10,25,0.4,0.23403302272702053,0.5926054278250577
494,698,8.502458717552976,8,25,0.32,0.172051902198581,0.5158973087951598
494,867,8.785620935396535,11,25,0.44,0.26665638767770883,0.629326682653538
494,951,8.926364286277359,16,25,0.64,0.44518497600865714,0.7975211932184334
494,973,8.963225640079479,7,25,0.28,0.14283853773683666,0.4757660534777354
494,975,8.966576672243308,41,100,0.41,0.31867312954204063,0.5079857002363788
494,976,8.968252188325222,41,100,0.41,0.31867312954204063,0.5079857002363788
494,977,8.969927704407137,41,100,0.41,0.31867312954204063,0.5079857002363788
494,978,8.971603220489051,46,100,0.46,0.36560808238430004,0.5573513975172198
494,979,8.973278736570965,52,100,0.52,0.4231657769110165,0.6153544831382237
494,980,8.97495425265288,41,100,0.41,0.31867312954204063,0.5079857002363788
494,981,8.976629768734794,49,100,0.49,0.3942199885796587,0.5865198813957212
494,982,8.97830528481671,41,100,0.41,0.31867312954204063,0.5079857002363788
494,983,8.979980800898623,92,200,0.46,0.39233051748177505,0.529177108651742
494,1015,9.03359731551989,90,200,0.45,0.38264068350836655,0.5192438491585296
494,1023,9.047001444175207,94,200,0.47,0.4020475482110944,0.5390831713890433
494,1031,9.060405572830522,101,200,0.505,0.4362699998026278,0.5735415469306826
494,1039,9.073809701485839,104,200,0.52,0.45103785019149595,0.5882083367417457
495,351,7.935898662416836,10,25,0.4,0.23403302272702053,0.5926054278250577
495,689,8.502223098103956,8,25,0.32,0.172051902198581,0.5158973087951598
495,858,8.785385315947515,11,25,0.44,0.26665638767770883,0.629326682653538
495,943,8.927804182910254,16,25,0.64,0.44518497600865714,0.7975211932184334
495,964,8.962990020630459,7,25,0.28,0.14283853773683666,0.4757660534777354
495,966,8.966341052794288,42,100,0.42,0.3279838260663658,0.5179351337366738
495,967,8.968016568876202,42,100,0.42,0.3279838260663658,0.5179351337366738
495,968,8.969692084958117,42,100,0.42,0.3279838260663658,0.5179351337366738
495,969,8.971367601040031,47,100,0.47,0.3751081788809403,0.5671114310451996
495,970,8.973043117121946,53,100,0.53,0.4328885689548006,0.6248918211190597
495,971,8.97471863320386,42,100,0.42,0.3279838260663658,0.5179351337366738
495,972,8.976394149285776,49,100,0.49,0.3942199885796587,0.5865198813957212
495,973,8.97806966536769,42,100,0.42,0.3279838260663658,0.5179351337366738
495,974,8.979745181449605,92,200,0.46,0.39233051748177505,0.529177108651742
495,1006,9.03336169607087,90,200,0.45,0.38264068350836655,0.5192438491585296
495,1014,9.046765824726187,94,200,0.47,0.4020475482110944,0.5390831713890433
495,1022,9.060169953381504,101,200,0.505,0.4362699998026278,0.5735415469306826
495,1030,9.073574082036819,107,200,0.535,0.46586646818343785,0.6028143589497348
496,342,7.935663042967817,10,25,0.4,0.23403302272702053,0.5926054278250577
496,680,8.501987478654936,8,25,0.32,0.172051902198581,0.5158973087951598
496,849,8.785149696498497,12,25,0.48,0.30031285833050775,0.6650148317799078
496,934,8.927568563461234,16,25,0.64,0.44518497600865714,0.7975211932184334
496,955,8.962754401181439,7,25,0.28,0.14283853773683666,0.4757660534777354
496,957,8.966105433345268,42,100,0.42,0.3279838260663658,0.5179351337366738
496,958,8.967780949427183,42,100,0.42,0.3279838260663658,0.5179351337366738
496,959,8.969456465509097,42,100,0.42,0.3279838260663658,0.5179351337366738
496,960,8.971131981591013,48,100,0.48,0.38464551686177634,0.5768342230889836
496,961,8.972807497672926,54,100,0.54,0.44264860248278026,0.6343919176157001
496,962,8.974483013754842,42,100,0.42,0.3279838260663658,0.5179351337366738
496,963,8.976158529836756,49,100,0.49,0.3942199885796587,0.5865198813957212
496,964,8.977834045918671,42,100,0.42,0.3279838260663658,0.5179351337366738
496,965,8.979509562000585,93,200,0.465,0.3971856410502652,0.5341335318165621
496,997,9.033126076621851,91,200,0.455,0.3874821925827813,0.5242138868174252
496,1005,9.046530205277167,96,200,0.48,0.4117916632582544,0.548962149808504
496,1013,9.059934333932484,102,200,0.51,0.44118587625055616,0.5784372172160646
496,1021,9.0733384625878,108,200,0.54,0.4708228913482581,0.607669482518225
497,333,7.935427423518798,10,25,0.4,0.23403302272702053,0.5926054278250577
497,671,8.501751859205918,8,25,0.32,0.172051902198581,0.5158973087951598
497,840,8.784914077049477,12,25,0.48,0.30031285833050775,0.6650148317799078
497,925,8.927332944012214,18,25,0.72,0.5242339465222646,0.8571614622631633
497,946,8.96251878173242,7,25,0.28,0.14283853773683666,0.4757660534777354
497,948,8.96586981389625,43,100,0.43,0.33733298455633143,0.5278461052713281
497,949,8.967545329978163,43,100,0.43,0.33733298455633143,0.5278461052713281
497,950,8.969220846060079,43,100,0.43,0.33733298455633143,0.5278461052713281
497,951,8.970896362141993,48,100,0.48,0.38464551686177634,0.5768342230889836
497,952,8.972571878223908,56,100,0.56,0.46228104575723733,0.6532797343904833
497,953,8.974247394305822,43,100,0.43,0.33733298455633143,0.5278461052713281
497,954,8.975922910387737,49,100,0.49,0.3942199885796587,0.5865198813957212
497,955,8.977598426469651,43,100,0.43,0.33733298455633143,0.5278461052713281
497,956,8.979273942551565,93,200,0.465,0.3971856410502652,0.5341335318165621
497,988,9.032890457172831,92,200,0.46,0.39233051748177505,0.529177108651742
497,996,9.046294585828148,97,200,0.485,0.41667385119216255,0.5538915086079063
497,1004,9.059698714483464,103,200,0.515,0.44610849139209374,0.5833261488078374
497,1012,9.07310284313878,108,200,0.54,0.4708228913482581,0.607669482518225
498,324,7.9351918040697775,10,25,0.4,0.23403302272702053,0.5926054278250577
498,662,8.501516239756898,8,25,0.32,0.172051902198581,0.5158973087951598
498,831,8.784678457600458,12,25,0.48,0.30031285833050775,0.6650148317799078
498,916,8.927097324563196,18,25,0.72,0.5242339465222646,0.8571614622631633
498,937,8.9622831622834,7,25,0.28,0.14283853773683666,0.4757660534777354
498,939,8.96563419444723,43,100,0.43,0.33733298455633143,0.5278461052713281
498,940,8.967309710529145,43,100,0.43,0.33733298455633143,0.5278461052713281
498,941,8.968985226611059,43,100,0.43,0.33733298455633143,0.5278461052713281
498,942,8.970660742692974,48,100,0.48,0.38464551686177634,0.5768342230889836
498,943,8.972336258774888,56,100,0.56,0.46228104575723733,0.6532797343904833
498,944,8.974011774856802,43,100,0.43,0.33733298455633143,0.5278461052713281
498,945,8.975687290938717,49,100,0.49,0.3942199885796587,0.5865198813957212
498,946,8.977362807020631,43,100,0.43,0.33733298455633143,0.5278461052713281
498,947,8.979038323102547,94,200,0.47,0.4020475482110944,0.5390831713890433
498,979,9.032654837723811,93,200,0.465,0.3971856410502652,0.5341335318165621
498,987,9.046058966379128,97,200,0.485,0.41667385119216255,0.5538915086079063
498,995,9.059463095034445,104,200,0.52,0.45103785019149595,0.5882083367417457
498,1003,9.072867223689762,108,200,0.54,0.4708228913482581,0.607669482518225
499,315,7.934956184620759,11,25,0.44,0.26665638767770883,0.629326682653538
499,653,8.50128062030788,8,25,0.32,0.172051902198581,0.5158973087951598
499,823,8.786118354233354,13,25,0.52,0.3349851682200921,0.6996871416694923
499,907,8.926861705114177,18,25,0.72,0.5242339465222646,0.8571614622631633
499,928,8.962047542834382,7,25,0.28,0.14283853773683666,0.4757660534777354
499,930,8.965398574998211,43,100,0.43,0.33733298455633143,0.5278461052713281
499,931,8.967074091080125,43,100,0.43,0.33733298455633143,0.5278461052713281
499,932,8.96874960716204,43,100,0.43,0.33733298455633143,0.5278461052713281
499,933,8.970425123243954,43,100,0.43,0.33733298455633143,0.5278461052713281
499,934,8.97210063932587,43,100,0.43,0.33733298455633143,0.5278461052713281
499,935,8.973776155407784,43,100,0.43,0.33733298455633143,0.5278461052713281
499,936,8.975451671489699,49,100,0.49,0.3942199885796587,0.5865198813957212
499,937,8.977127187571613,46,100,0.46,0.36560808238430004,0.5573513975172198
499,938,8.978802703653528,107,200,0.535,0.46586646818343785,0.6028143589497348
499,970,9.032419218274793,93,200,0.465,0.3971856410502652,0.5341335318165621
499,978,9.04582334693011,100,200,0.5,0.43136085907267824,0.5686391409273218
499,986,9.059227475585427,104,200,0.52,0.45103785019149595,0.5882083367417457
499,994,9.072631604240742,108,200,0.54,0.4708228913482581,0.607669482518225
500,306,7.93472056517174,11,25,0.44,0.26665638767770883,0.629326682653538
500,645,8.502720516940775,9,25,0.36,0.20247880678156654,0.5548150239913429
500,814,8.785882734784334,13,25,0.52,0.3349851682200921,0.6996871416694923
500,898,8.926626085665157,18,25,0.72,0.5242339465222646,0.8571614622631633
500,919,8.961811923385362,7,25,0.28,0.14283853773683666,0.4757660534777354
500,921,8.965162955549191,43,100,0.43,0.33733298455633143,0.5278461052713281
500,922,8.966838471631107,43,100,0.43,0.33733298455633143,0.5278461052713281
500,923,8.96851398771302,43,100,0.43,0.33733298455633143,0.5278461052713281
500,924,8.970189503794936,43,100,0.43,0.33733298455633143,0.5278461052713281
500,925,8.97186501987685,43,100,0.43,0.33733298455633143,0.5278461052713281
500,926,8.973540535958765,43,100,0.43,0.33733298455633143,0.5278461052713281
500,927,8.975216052040679,49,100,0.49,0.3942199885796587,0.5865198813957212
500,928,8.976891568122594,46,100,0.46,0.36560808238430004,0.5573513975172198
500,929,8.978567084204508,108,200,0.54,0.4708228913482581,0.607669482518225
500,961,9.032183598825775,93,200,0.465,0.3971856410502652,0.5341335318165621
500,969,9.04558772748109,100,200,0.5,0.43136085907267824,0.5686391409273218
500,977,9.058991856136407,104,200,0.52,0.45103785019149595,0.5882083367417457
500,985,9.072395984791724,108,200,0.54,0.4708228913482581,0.607669482518225
501,297,7.93448494572272,11,25,0.44,0.26665638767770883,0.629326682653538
501,636,8.502484897491755,9,25,0.36,0.20247880678156654,0.5548150239913429
501,805,8.785647115335316,13,25,0.52,0.3349851682200921,0.6996871416694923
501,889,8.926390466216137,18,25,0.72,0.5242339465222646,0.8571614622631633
501,911,8.963251820018257,7,25,0.28,0.14283853773683666,0.4757660534777354
501,913,8.966602852182087,43,100,0.43,0.33733298455633143,0.5278461052713281
501,914,8.968278368264002,43,100,0.43,0.33733298455633143,0.5278461052713281
501,915,8.969953884345916,43,100,0.43,0.33733298455633143,0.5278461052713281
501,916,8.971629400427831,49,100,0.49,0.3942199885796587,0.5865198813957212
501,917,8.973304916509745,57,100,0.57,0.47215389472867186,0.6626670154436686
501,918,8.97498043259166,43,100,0.43,0.33733298455633143,0.5278461052713281
501,919,8.976655948673574,49,100,0.49,0.3942199885796587,0.5865198813957212
501,920,8.978331464755488,43,100,0.43,0.33733298455633143,0.5278461052713281
501,921,8.980006980837404,94,200,0.47,0.4020475482110944,0.5390831713890433
501,953,9.03362349545867,95,200,0.475,0.40691622594241644,0.5440260403910315
501,961,9.047027624113985,101,200,0.505,0.4362699998026278,0.5735415469306826
501,969,9.060431752769302,104,200,0.52,0.45103785019149595,0.5882083367417457
501,977,9.07383588142462,110,200,0.55,0.48075615084147033,0.6173593164916334
502,289,7.9359248423556155,11,25,0.44,0.26665638767770883,0.629326682653538
502,627,8.502249278042736,9,25,0.36,0.20247880678156654,0.5548150239913429
502,796,8.785411495886295,13,25,0.52,0.3349851682200921,0.6996871416694923
502,881,8.927830362849033,18,25,0.72,0.5242339465222646,0.8571614622631633
502,902,8.963016200569239,8,25,0.32,0.172051902198581,0.5158973087951598
502,904,8.966367232733068,43,100,0.43,0.33733298455633143,0.5278461052713281
502,905,8.968042748814982,43,100,0.43,0.33733298455633143,0.5278461052713281
502,906,8.969718264896898,43,100,0.43,0.33733298455633143,0.5278461052713281
502,907,8.971393780978811,50,100,0.5,0.40383152963549296,0.596168470364507
502,908,8.973069297060725,58,100,0.58,0.4820648662633263,0.6720161739336342
502,909,8.97474481314264,43,100,0.43,0.33733298455633143,0.5278461052713281
502,910,8.976420329224554,50,100,0.5,0.40383152963549296,0.596168470364507
502,911,8.97809584530647,43,100,0.43,0.33733298455633143,0.5278461052713281
502,912,8.979771361388384,97,200,0.485,0.41667385119216255,0.5538915086079063
502,944,9.03338787600965,98,200,0.49,0.42156278278393533,0.5588141237494437
502,952,9.046792004664967,102,200,0.51,0.44118587625055616,0.5784372172160646
502,960,9.060196133320282,105,200,0.525,0.45597395960896836,0.5930837740575836
502,968,9.0736002619756,110,200,0.55,0.48075615084147033,0.6173593164916334
503,280,7.935689222906596,11,25,0.44,0.26665638767770883,0.629326682653538
503,618,8.502013658593716,9,25,0.36,0.20247880678156654,0.5548150239913429
503,787,8.785175876437275,13,25,0.52,0.3349851682200921,0.6996871416694923
503,872,8.927594743400013,18,25,0.72,0.5242339465222646,0.8571614622631633
503,893,8.962780581120219,8,25,0.32,0.172051902198581,0.5158973087951598
503,895,8.966131613284048,43,100,0.43,0.33733298455633143,0.5278461052713281
503,896,8.967807129365962,43,100,0.43,0.33733298455633143,0.5278461052713281
503,897,8.969482645447878,43,100,0.43,0.33733298455633143,0.5278461052713281
503,898,8.971158161529791,50,100,0.5,0.40383152963549296,0.596168470364507
503,899,8.972833677611707,58,100,0.58,0.4820648662633263,0.6720161739336342
503,900,8.97450919369362,43,100,0.43,0.33733298455633143,0.5278461052713281
503,901,8.976184709775536,50,100,0.5,0.40383152963549296,0.596168470364507
503,902,8.97786022585745,43,100,0.43,0.33733298455633143,0.5278461052713281
503,903,8.979535741939365,97,200,0.485,0.41667385119216255,0.5538915086079063
503,935,9.03315225656063,98,200,0.49,0.42156278278393533,0.5588141237494437
503,943,9.046556385215947,102,200,0.51,0.44118587625055616,0.5784372172160646
503,951,9.059960513871264,106,200,0.53,0.4609168286109567,0.5979524517889057
503,959,9.07336464252658,112,200,0.56,0.4907167528014922,0.6270218079982324
504,271,7.935453603457577,11,25,0.44,0.26665638767770883,0.629326682653538
504,609,8.501778039144696,9,25,0.36,0.20247880678156654,0.5548150239913429
504,778,8.784940256988257,13,25,0.52,0.3349851682200921,0.6996871416694923
504,863,8.927359123950994,18,25,0.72,0.5242339465222646,0.8571614622631633
504,884,8.962544961671199,8,25,0.32,0.172051902198581,0.5158973087951598
504,886,8.965895993835028,44,100,0.44,0.34672026560951685,0.5377189542427627
504,887,8.967571509916944,44,100,0.44,0.34672026560951685,0.5377189542427627
504,888,8.969247025998857,44,100,0.44,0.34672026560951685,0.5377189542427627
504,889,8.970922542080773,52,100,0.52,0.4231657769110165,0.6153544831382237
504,890,8.972598058162687,59,100,0.59,0.4920142997636212,0.6813268704579594
504,891,8.974273574244602,44,100,0.44,0.34672026560951685,0.5377189542427627
504,892,8.975949090326516,51,100,0.51,0.41348011860427875,0.6057800114203413
504,893,8.97762460640843,44,100,0.44,0.34672026560951685,0.5377189542427627
504,894,8.979300122490345,98,200,0.49,0.42156278278393533,0.5588141237494437
504,926,9.032916637111612,99,200,0.495,0.4264584530693174,0.5637300001973722
504,934,9.046320765766927,103,200,0.515,0.44610849139209374,0.5833261488078374
504,942,9.059724894422244,107,200,0.535,0.46586646818343785,0.6028143589497348
504,950,9.073129023077561,113,200,0.565,0.4957073620520242,0.6318427454810105
505,262,7.935217984008558,12,25,0.48,0.30031285833050775,0.6650148317799078
505,600,8.501542419695678,9,25,0.36,0.20247880678156654,0.5548150239913429
505,769,8.784704637539239,13,25,0.52,0.3349851682200921,0.6996871416694923
505,854,8.927123504501976,18,25,0.72,0.5242339465222646,0.8571614622631633
505,875,8.96230934222218,8,25,0.32,0.172051902198581,0.5158973087951598
505,877,8.96566037438601,44,100,0.44,0.34672026560951685,0.5377189542427627
505,878,8.967335890467925,44,100,0.44,0.34672026560951685,0.5377189542427627
505,879,8.96901140654984,44,100,0.44,0.34672026560951685,0.5377189542427627
505,880,8.970686922631755,52,100,0.52,0.4231657769110165,0.6153544831382237
505,881,8.972362438713668,59,100,0.59,0.4920142997636212,0.6813268704579594
505,882,8.974037954795584,44,100,0.44,0.34672026560951685,0.5377189542427627
505,883,8.975713470877498,52,100,0.52,0.4231657769110165,0.6153544831382237
505,884,8.977388986959411,44,100,0.44,0.34672026560951685,0.5377189542427627
505,885,8.979064503041327,98,200,0.49,0.42156278278393533,0.5588141237494437
505,917,9.032681017662593,99,200,0.495,0.4264584530693174,0.5637300001973722
505,925,9.046085146317909,104,200,0.52,0.45103785019149595,0.5882083367417457
505,933,9.059489274973226,109,200,0.545,0.47578611318257474,0.6125178074172186
505,941,9.072893403628541,114,200,0.57,0.5007048770948288,0.6366567771715163
506,253,7.934982364559539,12,25,0.48,0.30031285833050775,0.6650148317799078
506,591,8.50130680024666,9,25,0.36,0.20247880678156654,0.5548150239913429
506,761,8.786144534172134,13,25,0.52,0.3349851682200921,0.6996871416694923
506,845,8.926887885052956,11,25,0.44,0.26665638767770883,0.629326682653538
506,866,8.962073722773162,9,25,0.36,0.20247880678156654,0.5548150239913429
506,868,8.965424754936992,46,100,0.46,0.36560808238430004,0.5573513975172198
506,869,8.967100271018905,46,100,0.46,0.36560808238430004,0.5573513975172198
506,870,8.968775787100821,46,100,0.46,0.36560808238430004,0.5573513975172198
506,871,8.970451303182735,46,100,0.46,0.36560808238430004,0.5573513975172198
506,872,8.972126819264648,46,100,0.46,0.36560808238430004,0.5573513975172198
506,873,8.973802335346564,46,100,0.46,0.36560808238430004,0.5573513975172198
506,874,8.975477851428478,52,100,0.52,0.4231657769110165,0.6153544831382237
506,875,8.977153367510393,50,100,0.5,0.40383152963549296,0.596168470364507
506,876,8.978828883592307,113,200,0.565,0.4957073620520242,0.6318427454810105
506,908,9.032445398213573,99,200,0.495,0.4264584530693174,0.5637300001973722
506,916,9.04584952686889,107,200,0.535,0.46586646818343785,0.6028143589497348
506,924,9.059253655524206,110,200,0.55,0.48075615084147033,0.6173593164916334
506,932,9.072657784179523,115,200,0.575,0.505709325931126,0.6414638750685293
507,244,7.93474674511052,12,25,0.48,0.30031285833050775,0.6650148317799078
507,583,8.502746696879553,9,25,0.36,0.20247880678156654,0.5548150239913429
507,752,8.785908914723114,13,25,0.52,0.3349851682200921,0.6996871416694923
507,836,8.926652265603936,12,25,0.48,0.30031285833050775,0.6650148317799078
507,857,8.961838103324142,9,25,0.36,0.20247880678156654,0.5548150239913429
507,859,8.965189135487972,47,100,0.47,0.3751081788809403,0.5671114310451996
507,860,8.966864651569885,47,100,0.47,0.3751081788809403,0.5671114310451996
507,861,8.9685401676518,47,100,0.47,0.3751081788809403,0.5671114310451996
507,862,8.970215683733715,47,100,0.47,0.3751081788809403,0.5671114310451996
507,863,8.97189119981563,47,100,0.47,0.3751081788809403,0.5671114310451996
507,864,8.973566715897544,47,100,0.47,0.3751081788809403,0.5671114310451996
507,865,8.97524223197946,53,100,0.53,0.4328885689548006,0.6248918211190597
507,866,8.976917748061373,50,100,0.5,0.40383152963549296,0.596168470364507
507,867,8.978593264143289,115,200,0.575,0.505709325931126,0.6414638750685293
507,899,9.032209778764553,99,200,0.495,0.4264584530693174,0.5637300001973722
507,907,9.04561390741987,109,200,0.545,0.47578611318257474,0.6125178074172186
507,915,9.059018036075187,112,200,0.56,0.4907167528014922,0.6270218079982324
507,923,9.072422164730503,116,200,0.58,0.5107207388477095,0.6462640088852564
508,235,7.9345111256615,12,25,0.48,0.30031285833050775,0.6650148317799078
508,574,8.502511077430535,9,25,0.36,0.20247880678156654,0.5548150239913429
508,743,8.785673295274094,13,25,0.52,0.3349851682200921,0.6996871416694923
508,827,8.926416646154918,12,25,0.48,0.30031285833050775,0.6650148317799078
508,849,8.963277999957038,12,25,0.48,0.30031285833050775,0.6650148317799078
508,850,8.964953516038952,47,100,0.47,0.3751081788809403,0.5671114310451996
508,851,8.966629032120867,47,100,0.47,0.3751081788809403,0.5671114310451996
508,852,8.96830454820278,47,100,0.47,0.3751081788809403,0.5671114310451996
508,853,8.969980064284696,47,100,0.47,0.3751081788809403,0.5671114310451996
508,854,8.97165558036661,47,100,0.47,0.3751081788809403,0.5671114310451996
508,855,8.973331096448526,47,100,0.47,0.3751081788809403,0.5671114310451996
508,856,8.97500661253044,47,100,0.47,0.3751081788809403,0.5671114310451996
508,857,8.976682128612353,47,100,0.47,0.3751081788809403,0.5671114310451996
508,858,8.978357644694269,115,200,0.575,0.505709325931126,0.6414638750685293
508,890,9.031974159315535,100,200,0.5,0.43136085907267824,0.5686391409273218
508,898,9.04537828797085,109,200,0.545,0.47578611318257474,0.6125178074172186
508,906,9.058782416626167,113,200,0.565,0.4957073620520242,0.6318427454810105
508,914,9.072186545281484,116,200,0.58,0.5107207388477095,0.6462640088852564
509,227,7.935951022294395,12,25,0.48,0.30031285833050775,0.6650148317799078
509,565,8.502275457981515,9,25,0.36,0.20247880678156654,0.5548150239913429
509,734,8.785437675825076,13,25,0.52,0.3349851682200921,0.6996871416694923
509,819,8.927856542787813,12,25,0.48,0.30031285833050775,0.6650148317799078
509,840,8.963042380508018,12,25,0.48,0.30031285833050775,0.6650148317799078
509,842,8.966393412671847,53,100,0.53,0.4328885689548006,0.6248918211190597
509,843,8.968068928753762,53,100,0.53,0.4328885689548006,0.6248918211190597
509,844,8.969744444835676,53,100,0.53,0.4328885689548006,0.6248918211190597
509,845,8.97141996091759,39,100,0.39,0.3001687394111505,0.48796983031802876
509,846,8.973095476999505,39,100,0.39,0.3001687394111505,0.48796983031802876
509,847,8.974770993081421,53,100,0.53,0.4328885689548006,0.6248918211190597
509,848,8.976446509163335,53,100,0.53,0.4328885689548006,0.6248918211190597
509,849,8.978122025245248,39,100,0.39,0.3001687394111505,0.48796983031802876
509,850,8.979797541327164,101,200,0.505,0.4362699998026278,0.5735415469306826
509,882,9.03341405594843,102,200,0.51,0.44118587625055616,0.5784372172160646
509,890,9.046818184603746,111,200,0.555,0.4857330235838182,0.6221939904825959
509,898,9.060222313259063,114,200,0.57,0.5007048770948288,0.6366567771715163
509,906,9.073626441914378,116,200,0.58,0.5107207388477095,0.6462640088852564
510,218,7.935715402845377,12,25,0.48,0.30031285833050775,0.6650148317799078
510,556,8.502039838532497,9,25,0.36,0.20247880678156654,0.5548150239913429
510,725,8.785202056376058,14,25,0.56,0.37067331734646203,0.7333436123222912
510,810,8.927620923338793,12,25,0.48,0.30031285833050775,0.6650148317799078
510,831,8.962806761059,12,25,0.48,0.30031285833050775,0.6650148317799078
510,833,8.966157793222829,53,100,0.53,0.4328885689548006,0.6248918211190597
510,834,8.967833309304744,53,100,0.53,0.4328885689548006,0.6248918211190597
510,835,8.969508825386658,53,100,0.53,0.4328885689548006,0.6248918211190597
510,836,8.971184341468572,40,100,0.4,0.3094012857712627,0.4979974139825367
510,837,8.972859857550487,40,100,0.4,0.3094012857712627,0.4979974139825367
510,838,8.974535373632401,53,100,0.53,0.4328885689548006,0.6248918211190597
510,839,8.976210889714316,53,100,0.53,0.4328885689548006,0.6248918211190597
510,840,8.97788640579623,40,100,0.4,0.3094012857712627,0.4979974139825367
510,841,8.979561921878146,102,200,0.51,0.44118587625055616,0.5784372172160646
510,873,9.03317843649941,104,200,0.52,0.45103785019149595,0.5882083367417457
510,881,9.046582565154727,113,200,0.565,0.4957073620520242,0.6318427454810105
510,889,9.059986693810044,114,200,0.57,0.5007048770948288,0.6366567771715163
510,897,9.07339082246536,117,200,0.585,0.5157391484647247,0.6510571460015516
511,209,7.9354797833963575,12,25,0.48,0.30031285833050775,0.6650148317799078
511,547,8.501804219083477,9,25,0.36,0.20247880678156654,0.5548150239913429
511,716,8.784966436927037,14,25,0.56,0.37067331734646203,0.7333436123222912
511,801,8.927385303889775,12,25,0.48,0.30031285833050775,0.6650148317799078
511,822,8.962571141609981,12,25,0.48,0.30031285833050775,0.6650148317799078
511,824,8.965922173773809,53,100,0.53,0.4328885689548006,0.6248918211190597
511,825,8.967597689855724,53,100,0.53,0.4328885689548006,0.6248918211190597
511,826,8.969273205937638,53,100,0.53,0.4328885689548006,0.6248918211190597
511,827,8.970948722019553,41,100,0.41,0.31867312954204063,0.5079857002363788
511,828,8.972624238101467,41,100,0.41,0.31867312954204063,0.5079857002363788
511,829,8.974299754183383,53,100,0.53,0.4328885689548006,0.6248918211190597
511,830,8.975975270265296,53,100,0.53,0.4328885689548006,0.6248918211190597
511,831,8.977650786347212,41,100,0.41,0.31867312954204063,0.5079857002363788
511,832,8.979326302429126,103,200,0.515,0.44610849139209374,0.5833261488078374
511,864,9.032942817050392,105,200,0.525,0.45597395960896836,0.5930837740575836
511,872,9.046346945705707,113,200,0.565,0.4957073620520242,0.6318427454810105
511,880,9.059751074361024,116,200,0.58,0.5107207388477095,0.6462640088852564
511,888,9.073155203016341,117,200,0.585,0.5157391484647247,0.6510571460015516
512,200,7.9352441639473374,12,25,0.48,0.30031285833050775,0.6650148317799078
512,538,8.501568599634458,9,25,0.36,0.20247880678156654,0.5548150239913429
512,707,8.784730817478017,14,25,0.56,0.37067331734646203,0.7333436123222912
512,792,8.927149684440755,12,25,0.48,0.30031285833050775,0.6650148317799078
512,813,8.962335522160961,12,25,0.48,0.30031285833050775,0.6650148317799078
512,815,8.96568655432479,53,100,0.53,0.4328885689548006,0.6248918211190597
512,816,8.967362070406704,53,100,0.53,0.4328885689548006,0.6248918211190597
512,817,8.96903758648862,53,100,0.53,0.4328885689548006,0.6248918211190597
512,818,8.970713102570533,41,100,0.41,0.31867312954204063,0.5079857002363788
512,819,8.972388618652449,41,100,0.41,0.31867312954204063,0.5079857002363788
512,820,8.974064134734363,53,100,0.53,0.4328885689548006,0.6248918211190597
512,821,8.975739650816276,53,100,0.53,0.4328885689548006,0.6248918211190597
512,822,8.977415166898192,41,100,0.41,0.31867312954204063,0.5079857002363788
512,823,8.979090682980107,104,200,0.52,0.45103785019149595,0.5882083367417457
512,855,9.032707197601372,105,200,0.525,0.45597395960896836,0.5930837740575836
512,863,9.046111326256689,114,200,0.57,0.5007048770948288,0.6366567771715163
512,871,9.059515454912006,117,200,0.585,0.5157391484647247,0.6510571460015516
512,879,9.072919583567321,117,200,0.585,0.5157391484647247,0.6510571460015516
513,191,7.935008544498318,12,25,0.48,0.30031285833050775,0.6650148317799078
513,529,8.501332980185438,9,25,0.36,0.20247880678156654,0.5548150239913429
513,699,8.786170714110913,14,25,0.56,0.37067331734646203,0.7333436123222912
513,783,8.926914064991736,12,25,0.48,0.30031285833050775,0.6650148317799078
513,804,8.962099902711941,12,25,0.48,0.30031285833050775,0.6650148317799078
513,806,8.96545093487577,54,100,0.54,0.44264860248278026,0.6343919176157001
513,807,8.967126450957686,54,100,0.54,0.44264860248278026,0.6343919176157001
513,808,8.9688019670396,54,100,0.54,0.44264860248278026,0.6343919176157001
513,809,8.970477483121513,54,100,0.54,0.44264860248278026,0.6343919176157001
513,810,8.972152999203429,54,100,0.54,0.44264860248278026,0.6343919176157001
513,811,8.973828515285344,54,100,0.54,0.44264860248278026,0.6343919176157001
513,812,8.975504031367258,54,100,0.54,0.44264860248278026,0.6343919176157001
513,813,8.977179547449172,54,100,0.54,0.44264860248278026,0.6343919176157001
513,814,8.978855063531087,117,200,0.585,0.5157391484647247,0.6510571460015516
513,846,9.032471578152354,107,200,0.535,0.46586646818343785,0.6028143589497348
513,854,9.045875706807669,116,200,0.58,0.5107207388477095,0.6462640088852564
513,862,9.059279835462986,118,200,0.59,0.5207645897876366,0.65584325141195
513,870,9.072683964118301,119,200,0.595,0.5257971002635867,0.6606222876693102
514,182,7.934772925049299,12,25,0.48,0.30031285833050775,0.6650148317799078
514,521,8.502772876818334,9,25,0.36,0.20247880678156654,0.5548150239913429
514,690,8.785935094661895,14,25,0.56,0.37067331734646203,0.7333436123222912
514,774,8.926678445542716,12,25,0.48,0.30031285833050775,0.6650148317799078
514,795,8.961864283262923,12,25,0.48,0.30031285833050775,0.6650148317799078
514,797,8.96521531542675,55,100,0.55,0.45244602921907245,0.6438546209040279
514,798,8.966890831508666,55,100,0.55,0.45244602921907245,0.6438546209040279
514,799,8.96856634759058,55,100,0.55,0.45244602921907245,0.6438546209040279
514,800,8.970241863672495,55,100,0.55,0.45244602921907245,0.6438546209040279
514,801,8.971917379754409,55,100,0.55,0.45244602921907245,0.6438546209040279
514,802,8.973592895836324,55,100,0.55,0.45244602921907245,0.6438546209040279
514,803,8.975268411918238,55,100,0.55,0.45244602921907245,0.6438546209040279
514,804,8.976943928000154,55,100,0.55,0.45244602921907245,0.6438546209040279
514,805,8.978619444082067,118,200,0.59,0.5207645897876366,0.65584325141195
514,837,9.032235958703334,108,200,0.54,0.4708228913482581,0.607669482518225
514,845,9.045640087358649,116,200,0.58,0.5107207388477095,0.6462640088852564
514,853,9.059044216013966,118,200,0.59,0.5207645897876366,0.65584325141195
514,861,9.072448344669283,120,200,0.6,0.5308367198423567,0.6653942148238506
515,173,7.934537305600281,12,25,0.48,0.30031285833050775,0.6650148317799078
515,512,8.502537257369315,10,25,0.4,0.23403302272702053,0.5926054278250577
515,681,8.785699475212875,14,25,0.56,0.37067331734646203,0.7333436123222912
515,765,8.926442826093698,12,25,0.48,0.30031285833050775,0.6650148317799078
515,787,8.963304179895818,12,25,0.48,0.30031285833050775,0.6650148317799078
515,788,8.964979695977732,55,100,0.55,0.45244602921907245,0.6438546209040279
515,789,8.966655212059647,55,100,0.55,0.45244602921907245,0.6438546209040279
515,790,8.968330728141561,55,100,0.55,0.45244602921907245,0.6438546209040279
515,791,8.970006244223477,55,100,0.55,0.45244602921907245,0.6438546209040279
515,792,8.97168176030539,55,100,0.55,0.45244602921907245,0.6438546209040279
515,793,8.973357276387306,55,100,0.55,0.45244602921907245,0.6438546209040279
515,794,8.97503279246922,55,100,0.55,0.45244602921907245,0.6438546209040279
515,795,8.976708308551135,55,100,0.55,0.45244602921907245,0.6438546209040279
515,796,8.978383824633049,118,200,0.59,0.5207645897876366,0.65584325141195
515,828,9.032000339254315,108,200,0.54,0.4708228913482581,0.607669482518225
515,836,9.04540446790963,117,200,0.585,0.5157391484647247,0.6510571460015516
515,844,9.058808596564948,118,200,0.59,0.5207645897876366,0.65584325141195
515,852,9.072212725220265,120,200,0.6,0.5308367198423567,0.6653942148238506
516,165,7.935977202233175,12,25,0.48,0.30031285833050775,0.6650148317799078
516,503,8.502301637920295,11,25,0.44,0.26665638767770883,0.629326682653538
516,672,8.785463855763856,14,25,0.56,0.37067331734646203,0.7333436123222912
516,757,8.927882722726594,12,25,0.48,0.30031285833050775,0.6650148317799078
516,778,8.963068560446798,12,25,0.48,0.30031285833050775,0.6650148317799078
516,780,8.966419592610627,55,100,0.55,0.45244602921907245,0.6438546209040279
516,781,8.968095108692543,55,100,0.55,0.45244602921907245,0.6438546209040279
516,782,8.969770624774457,55,100,0.55,0.45244602921907245,0.6438546209040279
516,783,8.971446140856372,42,100,0.42,0.3279838260663658,0.5179351337366738
516,784,8.973121656938286,42,100,0.42,0.3279838260663658,0.5179351337366738
516,785,8.9747971730202,55,100,0.55,0.45244602921907245,0.6438546209040279
516,786,8.976472689102115,55,100,0.55,0.45244602921907245,0.6438546209040279
516,787,8.978148205184029,42,100,0.42,0.3279838260663658,0.5179351337366738
516,788,8.979823721265944,105,200,0.525,0.45597395960896836,0.5930837740575836
516,820,9.03344023588721,111,200,0.555,0.4857330235838182,0.6221939904825959
516,828,9.046844364542526,118,200,0.59,0.5207645897876366,0.65584325141195
516,836,9.060248493197843,119,200,0.595,0.5257971002635867,0.6606222876693102
516,844,9.07365262185316,120,200,0.6,0.5308367198423567,0.6653942148238506
517,156,7.935741582784156,12,25,0.48,0.30031285833050775,0.6650148317799078
517,494,8.502066018471277,11,25,0.44,0.26665638767770883,0.629326682653538
517,663,8.785228236314836,14,25,0.56,0.37067331734646203,0.7333436123222912
517,748,8.927647103277573,13,25,0.52,0.3349851682200921,0.6996871416694923
517,769,8.96283294099778,12,25,0.48,0.30031285833050775,0.6650148317799078
517,771,8.966183973161609,55,100,0.55,0.45244602921907245,0.6438546209040279
517,772,8.967859489243523,55,100,0.55,0.45244602921907245,0.6438546209040279
517,773,8.969535005325437,55,100,0.55,0.45244602921907245,0.6438546209040279
517,774,8.971210521407352,42,100,0.42,0.3279838260663658,0.5179351337366738
517,775,8.972886037489266,42,100,0.42,0.3279838260663658,0.5179351337366738
517,776,8.974561553571181,55,100,0.55,0.45244602921907245,0.6438546209040279
517,777,8.976237069653095,55,100,0.55,0.45244602921907245,0.6438546209040279
517,778,8.97791258573501,42,100,0.42,0.3279838260663658,0.5179351337366738
517,779,8.979588101816924,105,200,0.525,0.45597395960896836,0.5930837740575836
517,811,9.03320461643819,112,200,0.56,0.4907167528014922,0.6270218079982324
517,819,9.046608745093508,120,200,0.6,0.5308367198423567,0.6653942148238506
517,827,9.060012873748823,119,200,0.595,0.5257971002635867,0.6606222876693102
517,835,9.07341700240414,121,200,0.605,0.5358834910421801,0.6701589903573376
518,147,7.935505963335137,12,25,0.48,0.30031285833050775,0.6650148317799078
518,485,8.501830399022257,11,25,0.44,0.26665638767770883,0.629326682653538
518,654,8.784992616865816,14,25,0.56,0.37067331734646203,0.7333436123222912
518,739,8.927411483828553,13,25,0.52,0.3349851682200921,0.6996871416694923
518,760,8.96259732154876,12,25,0.48,0.30031285833050775,0.6650148317799078
518,762,8.965948353712589,55,100,0.55,0.45244602921907245,0.6438546209040279
518,763,8.967623869794503,55,100,0.55,0.45244602921907245,0.6438546209040279
518,764,8.969299385876418,55,100,0.55,0.45244602921907245,0.6438546209040279
518,765,8.970974901958332,42,100,0.42,0.3279838260663658,0.5179351337366738
518,766,8.972650418040248,42,100,0.42,0.3279838260663658,0.5179351337366738
518,767,8.974325934122161,55,100,0.55,0.45244602921907245,0.6438546209040279
518,768,8.976001450204077,55,100,0.55,0.45244602921907245,0.6438546209040279
518,769,8.97767696628599,42,100,0.42,0.3279838260663658,0.5179351337366738
518,770,8.979352482367906,105,200,0.525,0.45597395960896836,0.5930837740575836
518,802,9.03296899698917,114,200,0.57,0.5007048770948288,0.6366567771715163
518,810,9.046373125644488,120,200,0.6,0.5308367198423567,0.6653942148238506
518,818,9.059777254299805,119,200,0.595,0.5257971002635867,0.6606222876693102
518,826,9.07318138295512,122,200,0.61,0.5409374590206674,0.6749165691121608
519,138,7.935270343886118,12,25,0.48,0.30031285833050775,0.6650148317799078
519,476,8.501594779573237,11,25,0.44,0.26665638767770883,0.629326682653538
519,645,8.784756997416798,14,25,0.56,0.37067331734646203,0.7333436123222912
519,730,8.927175864379535,13,25,0.52,0.3349851682200921,0.6996871416694923
519,751,8.96236170209974,12,25,0.48,0.30031285833050775,0.6650148317799078
519,753,8.965712734263569,55,100,0.55,0.45244602921907245,0.6438546209040279
519,754,8.967388250345484,55,100,0.55,0.45244602921907245,0.6438546209040279
519,755,8.969063766427398,55,100,0.55,0.45244602921907245,0.6438546209040279
519,756,8.970739282509314,42,100,0.42,0.3279838260663658,0.5179351337366738
519,757,8.972414798591227,42,100,0.42,0.3279838260663658,0.5179351337366738
519,758,8.974090314673143,55,100,0.55,0.45244602921907245,0.6438546209040279
519,759,8.975765830755057,55,100,0.55,0.45244602921907245,0.6438546209040279
519,760,8.977441346836972,42,100,0.42,0.3279838260663658,0.5179351337366738
519,761,8.979116862918886,105,200,0.525,0.45597395960896836,0.5930837740575836
519,793,9.032733377540152,114,200,0.57,0.5007048770948288,0.6366567771715163
519,801,9.046137506195468,120,200,0.6,0.5308367198423567,0.6653942148238506
519,809,9.059541634850785,119,200,0.595,0.5257971002635867,0.6606222876693102
519,817,9.072945763506102,124,200,0.62,0.5510671796046104,0.6844099419948385
520,129,7.935034724437099,12,25,0.48,0.30031285833050775,0.6650148317799078
520,467,8.501359160124219,11,25,0.44,0.26665638767770883,0.629326682653538
520,637,8.786196894049693,15,25,0.6,0.4073945721749423,0.7659669772729795
520,721,8.926940244930517,13,25,0.52,0.3349851682200921,0.6996871416694923
520,742,8.962126082650721,12,25,0.48,0.30031285833050775,0.6650148317799078
520,744,8.96547711481455,55,100,0.55,0.45244602921907245,0.6438546209040279
520,745,8.967152630896466,55,100,0.55,0.45244602921907245,0.6438546209040279
520,746,8.96882814697838,55,100,0.55,0.45244602921907245,0.6438546209040279
520,747,8.970503663060295,55,100,0.55,0.45244602921907245,0.6438546209040279
520,748,8.97217917914221,55,100,0.55,0.45244602921907245,0.6438546209040279
520,749,8.973854695224123,55,100,0.55,0.45244602921907245,0.6438546209040279
520,750,8.975530211306038,55,100,0.55,0.45244602921907245,0.6438546209040279
520,751,8.977205727387952,55,100,0.55,0.45244602921907245,0.6438546209040279
520,752,8.978881243469868,118,200,0.59,0.5207645897876366,0.65584325141195
520,784,9.032497758091132,115,200,0.575,0.505709325931126,0.6414638750685293
520,792,9.04590188674645,120,200,0.6,0.5308367198423567,0.6653942148238506
520,800,9.059306015401766,119,200,0.595,0.5257971002635867,0.6606222876693102
520,808,9.072710144057083,124,200,0.62,0.5510671796046104,0.6844099419948385
521,120,7.9347991049880795,13,25,0.52,0.3349851682200921,0.6996871416694923
521,459,8.502799056757114,11,25,0.44,0.26665638767770883,0.629326682653538
521,628,8.785961274600673,15,25,0.6,0.4073945721749423,0.7659669772729795
521,712,8.926704625481497,13,25,0.52,0.3349851682200921,0.6996871416694923
521,733,8.961890463201703,12,25,0.48,0.30031285833050775,0.6650148317799078
521,735,8.965241495365532,55,100,0.55,0.45244602921907245,0.6438546209040279
521,736,8.966917011447446,55,100,0.55,0.45244602921907245,0.6438546209040279
521,737,8.96859252752936,55,100,0.55,0.45244602921907245,0.6438546209040279
521,738,8.970268043611275,55,100,0.55,0.45244602921907245,0.6438546209040279
521,739,8.97194355969319,55,100,0.55,0.45244602921907245,0.6438546209040279
521,740,8.973619075775105,55,100,0.55,0.45244602921907245,0.6438546209040279
521,741,8.975294591857018,55,100,0.55,0.45244602921907245,0.6438546209040279
521,742,8.976970107938934,55,100,0.55,0.45244602921907245,0.6438546209040279
521,743,8.978645624020848,118,200,0.59,0.5207645897876366,0.65584325141195
521,775,9.032262138642114,115,200,0.575,0.505709325931126,0.6414638750685293
521,783,9.045666267297431,122,200,0.61,0.5409374590206674,0.6749165691121608
521,791,9.059070395952746,119,200,0.595,0.5257971002635867,0.6606222876693102
521,799,9.072474524608063,124,200,0.62,0.5510671796046104,0.6844099419948385
522,111,7.93456348553906,13,25,0.52,0.3349851682200921,0.6996871416694923
522,450,8.502563437308094,11,25,0.44,0.26665638767770883,0.629326682653538
522,619,8.785725655151655,15,25,0.6,0.4073945721749423,0.7659669772729795
522,703,8.926469006032477,13,25,0.52,0.3349851682200921,0.6996871416694923
522,725,8.963330359834597,12,25,0.48,0.30031285833050775,0.6650148317799078
522,726,8.965005875916512,55,100,0.55,0.45244602921907245,0.6438546209040279
522,727,8.966681391998426,55,100,0.55,0.45244602921907245,0.6438546209040279
522,728,8.968356908080342,55,100,0.55,0.45244602921907245,0.6438546209040279
522,729,8.970032424162255,55,100,0.55,0.45244602921907245,0.6438546209040279
522,730,8.97170794024417,55,100,0.55,0.45244602921907245,0.6438546209040279
522,731,8.973383456326085,55,100,0.55,0.45244602921907245,0.6438546209040279
522,732,8.975058972408,55,100,0.55,0.45244602921907245,0.6438546209040279
522,733,8.976734488489914,55,100,0.55,0.45244602921907245,0.6438546209040279
522,734,8.97841000457183,118,200,0.59,0.5207645897876366,0.65584325141195
522,766,9.032026519193094,116,200,0.58,0.5107207388477095,0.6462640088852564
522,774,9.045430647848411,123,200,0.615,0.5459986716511277,0.6796669032150108
522,782,9.058834776503728,119,200,0.595,0.5257971002635867,0.6606222876693102
522,790,9.072238905159043,124,200,0.62,0.5510671796046104,0.6844099419948385
523,102,7.934327866090041,13,25,0.52,0.3349851682200921,0.6996871416694923
523,441,8.502327817859076,11,25,0.44,0.26665638767770883,0.629326682653538
523,610,8.785490035702635,15,25,0.6,0.4073945721749423,0.7659669772729795
523,695,8.927908902665372,13,25,0.52,0.3349851682200921,0.6996871416694923
523,716,8.963094740385579,12,25,0.48,0.30031285833050775,0.6650148317799078
523,718,8.966445772549408,57,100,0.57,0.47215389472867186,0.6626670154436686
523,719,8.968121288631322,57,100,0.57,0.47215389472867186,0.6626670154436686
523,720,8.969796804713237,57,100,0.57,0.47215389472867186,0.6626670154436686
523,721,8.97147232079515,43,100,0.43,0.33733298455633143,0.5278461052713281
523,722,8.973147836877066,43,100,0.43,0.33733298455633143,0.5278461052713281
523,723,8.97482335295898,57,100,0.57,0.47215389472867186,0.6626670154436686
523,724,8.976498869040896,57,100,0.57,0.47215389472867186,0.6626670154436686
523,725,8.97817438512281,43,100,0.43,0.33733298455633143,0.5278461052713281
523,726,8.979849901204723,107,200,0.535,0.46586646818343785,0.6028143589497348
523,758,9.03346641582599,116,200,0.58,0.5107207388477095,0.6462640088852564
523,766,9.046870544481306,124,200,0.62,0.5510671796046104,0.6844099419948385
523,774,9.060274673136622,120,200,0.6,0.5308367198423567,0.6653942148238506
523,782,9.073678801791939,126,200,0.63,0.5612262986885862,0.6938739163774834
524,94,7.935767762722936,13,25,0.52,0.3349851682200921,0.6996871416694923
524,432,8.502092198410056,11,25,0.44,0.26665638767770883,0.629326682653538
524,601,8.785254416253617,16,25,0.64,0.44518497600865714,0.7975211932184334
524,686,8.927673283216354,13,25,0.52,0.3349851682200921,0.6996871416694923
524,707,8.962859120936558,12,25,0.48,0.30031285833050775,0.6650148317799078
524,709,8.966210153100388,58,100,0.58,0.4820648662633263,0.6720161739336342
524,710,8.967885669182303,58,100,0.58,0.4820648662633263,0.6720161739336342
524,711,8.969561185264217,58,100,0.58,0.4820648662633263,0.6720161739336342
524,712,8.971236701346132,45,100,0.45,0.3561453790959721,0.5475539707809277
524,713,8.972912217428046,45,100,0.45,0.3561453790959721,0.5475539707809277
524,714,8.97458773350996,58,100,0.58,0.4820648662633263,0.6720161739336342
524,715,8.976263249591875,58,100,0.58,0.4820648662633263,0.6720161739336342
524,716,8.97793876567379,45,100,0.45,0.3561453790959721,0.5475539707809277
524,717,8.979614281755705,109,200,0.545,0.47578611318257474,0.6125178074172186
524,749,9.03323079637697,121,200,0.605,0.5358834910421801,0.6701589903573376
524,757,9.046634925032286,125,200,0.625,0.5561430364380054,0.6891456318947539
524,765,9.060039053687603,120,200,0.6,0.5308367198423567,0.6653942148238506
524,773,9.07344318234292,126,200,0.63,0.5612262986885862,0.6938739163774834
525,85,7.9355321432739165,13,25,0.52,0.3349851682200921,0.6996871416694923
525,423,8.501856578961036,17,25,0.68,0.4841026912048403,0.827948097801419
525,592,8.785018796804597,16,25,0.64,0.44518497600865714,0.7975211932184334
525,677,8.927437663767334,13,25,0.52,0.3349851682200921,0.6996871416694923
525,698,8.96262350148754,13,25,0.52,0.3349851682200921,0.6996871416694923
525,700,8.96597453365137,58,100,0.58,0.4820648662633263,0.6720161739336342
525,701,8.967650049733283,58,100,0.58,0.4820648662633263,0.6720161739336342
525,702,8.969325565815197,58,100,0.58,0.4820648662633263,0.6720161739336342
525,703,8.971001081897112,45,100,0.45,0.3561453790959721,0.5475539707809277
525,704,8.972676597979026,46,100,0.46,0.36560808238430004,0.5573513975172198
525,705,8.974352114060942,58,100,0.58,0.4820648662633263,0.6720161739336342
525,706,8.976027630142855,58,100,0.58,0.4820648662633263,0.6720161739336342
525,707,8.977703146224771,45,100,0.45,0.3561453790959721,0.5475539707809277
525,708,8.979378662306685,111,200,0.555,0.4857330235838182,0.6221939904825959
525,740,9.032995176927951,121,200,0.605,0.5358834910421801,0.6701589903573376
525,748,9.046399305583268,125,200,0.625,0.5561430364380054,0.6891456318947539
525,756,9.059803434238583,121,200,0.605,0.5358834910421801,0.6701589903573376
525,764,9.0732075628939,126,200,0.63,0.5612262986885862,0.6938739163774834
526,76,7.935296523824898,13,25,0.52,0.3349851682200921,0.6996871416694923
526,414,8.501620959512017,17,25,0.68,0.4841026912048403,0.827948097801419
526,583,8.784783177355578,16,25,0.64,0.44518497600865714,0.7975211932184334
526,668,8.927202044318316,13,25,0.52,0.3349851682200921,0.6996871416694923
526,689,8.96238788203852,13,25,0.52,0.3349851682200921,0.6996871416694923
526,691,8.96573891420235,59,100,0.59,0.4920142997636212,0.6813268704579594
526,692,8.967414430284265,59,100,0.59,0.4920142997636212,0.6813268704579594
526,693,8.969089946366179,59,100,0.59,0.4920142997636212,0.6813268704579594
526,694,8.970765462448094,46,100,0.46,0.36560808238430004,0.5573513975172198
526,695,8.972440978530008,46,100,0.46,0.36560808238430004,0.5573513975172198
526,696,8.974116494611923,59,100,0.59,0.4920142997636212,0.6813268704579594
526,697,8.975792010693837,59,100,0.59,0.4920142997636212,0.6813268704579594
526,698,8.977467526775753,46,100,0.46,0.36560808238430004,0.5573513975172198
526,699,8.979143042857666,111,200,0.555,0.4857330235838182,0.6221939904825959
526,731,9.032759557478933,122,200,0.61,0.5409374590206674,0.6749165691121608
526,739,9.046163686134248,126,200,0.63,0.5612262986885862,0.6938739163774834
526,747,9.059567814789565,123,200,0.615,0.5459986716511277,0.6796669032150108
526,755,9.072971943444882,127,200,0.635,0.5663170259754063,0.6985947358239737
527,67,7.935060904375878,13,25,0.52,0.3349851682200921,0.6996871416694923
527,405,8.501385340062999,17,25,0.68,0.4841026912048403,0.827948097801419
527,575,8.786223073988474,16,25,0.64,0.44518497600865714,0.7975211932184334
527,659,8.926966424869295,13,25,0.52,0.3349851682200921,0.6996871416694923
527,680,8.962152262589502,13,25,0.52,0.3349851682200921,0.6996871416694923
527,682,8.965503294753331,59,100,0.59,0.4920142997636212,0.6813268704579594
527,683,8.967178810835245,59,100,0.59,0.4920142997636212,0.6813268704579594
527,684,8.96885432691716,59,100,0.59,0.4920142997636212,0.6813268704579594
527,685,8.970529842999074,59,100,0.59,0.4920142997636212,0.6813268704579594
527,686,8.97220535908099,59,100,0.59,0.4920142997636212,0.6813268704579594
527,687,8.973880875162903,59,100,0.59,0.4920142997636212,0.6813268704579594
527,688,8.975556391244819,59,100,0.59,0.4920142997636212,0.6813268704579594
527,689,8.977231907326733,59,100,0.59,0.4920142997636212,0.6813268704579594
527,690,8.978907423408646,124,200,0.62,0.5510671796046104,0.6844099419948385
527,722,9.032523938029913,123,200,0.615,0.5459986716511277,0.6796669032150108
527,730,9.04592806668523,126,200,0.63,0.5612262986885862,0.6938739163774834
527,738,9.059332195340545,124,200,0.62,0.5510671796046104,0.6844099419948385
527,746,9.072736323995862,129,200,0.645,0.5765211302029042,0.7080137250630966
528,58,7.934825284926859,13,25,0.52,0.3349851682200921,0.6996871416694923
528,397,8.502825236695895,17,25,0.68,0.4841026912048403,0.827948097801419
528,566,8.785987454539454,16,25,0.64,0.44518497600865714,0.7975211932184334
528,650,8.926730805420277,13,25,0.52,0.3349851682200921,0.6996871416694923
528,671,8.961916643140482,13,25,0.52,0.3349851682200921,0.6996871416694923
528,673,8.965267675304311,60,100,0.6,0.5020025860174634,0.6905987142287373
528,674,8.966943191386227,60,100,0.6,0.5020025860174634,0.6905987142287373
528,675,8.96861870746814,60,100,0.6,0.5020025860174634,0.6905987142287373
528,676,8.970294223550056,60,100,0.6,0.5020025860174634,0.6905987142287373
528,677,8.97196973963197,60,100,0.6,0.5020025860174634,0.6905987142287373
528,678,8.973645255713883,60,100,0.6,0.5020025860174634,0.6905987142287373
528,679,8.975320771795799,60,100,0.6,0.5020025860174634,0.6905987142287373
528,680,8.976996287877713,60,100,0.6,0.5020025860174634,0.6905987142287373
528,681,8.978671803959628,125,200,0.625,0.5561430364380054,0.6891456318947539
528,713,9.032288318580893,123,200,0.615,0.5459986716511277,0.6796669032150108
528,721,9.04569244723621,127,200,0.635,0.5663170259754063,0.6985947358239737
528,729,9.059096575891527,125,200,0.625,0.5561430364380054,0.6891456318947539
528,737,9.072500704546844,130,200,0.65,0.5816346428084853,0.7127117591908259
529,49,7.93458966547784,13,25,0.52,0.3349851682200921,0.6996871416694923
529,388,8.502589617246874,17,25,0.68,0.4841026912048403,0.827948097801419
529,557,8.785751835090434,16,25,0.64,0.44518497600865714,0.7975211932184334
529,641,8.926495185971257,13,25,0.52,0.3349851682200921,0.6996871416694923
529,663,8.963356539773377,13,25,0.52,0.3349851682200921,0.6996871416694923
529,664,8.965032055855293,60,100,0.6,0.5020025860174634,0.6905987142287373
529,665,8.966707571937206,60,100,0.6,0.5020025860174634,0.6905987142287373
529,666,8.96838308801912,60,100,0.6,0.5020025860174634,0.6905987142287373
529,667,8.970058604101036,60,100,0.6,0.5020025860174634,0.6905987142287373
529,668,8.97173412018295,60,100,0.6,0.5020025860174634,0.6905987142287373
529,669,8.973409636264865,60,100,0.6,0.5020025860174634,0.6905987142287373
529,670,8.975085152346779,60,100,0.6,0.5020025860174634,0.6905987142287373
529,671,8.976760668428694,60,100,0.6,0.5020025860174634,0.6905987142287373
529,672,8.978436184510608,125,200,0.625,0.5561430364380054,0.6891456318947539
529,704,9.032052699131874,124,200,0.62,0.5510671796046104,0.6844099419948385
529,712,9.045456827787191,127,200,0.635,0.5663170259754063,0.6985947358239737
529,720,9.058860956442507,126,200,0.63,0.5612262986885862,0.6938739163774834
529,728,9.072265085097824,132,200,0.66,0.5918849547167886,0.7220845407491433
530,40,7.934354046028821,13,25,0.52,0.3349851682200921,0.6996871416694923
530,379,8.502353997797854,17,25,0.68,0.4841026912048403,0.827948097801419
530,548,8.785516215641415,16,25,0.64,0.44518497600865714,0.7975211932184334
530,633,8.927935082604153,13,25,0.52,0.3349851682200921,0.6996871416694923
530,654,8.963120920324357,13,25,0.52,0.3349851682200921,0.6996871416694923
530,656,8.966471952488186,60,100,0.6,0.5020025860174634,0.6905987142287373
530,657,8.968147468570102,60,100,0.6,0.5020025860174634,0.6905987142287373
530,658,8.969822984652016,60,100,0.6,0.5020025860174634,0.6905987142287373
530,659,8.971498500733931,50,100,0.5,0.40383152963549296,0.596168470364507
530,660,8.973174016815845,49,100,0.49,0.3942199885796587,0.5865198813957212
530,661,8.97484953289776,60,100,0.6,0.5020025860174634,0.6905987142287373
530,662,8.976525048979674,60,100,0.6,0.5020025860174634,0.6905987142287373
530,663,8.97820056506159,50,100,0.5,0.40383152963549296,0.596168470364507
530,664,8.979876081143503,114,200,0.57,0.5007048770948288,0.6366567771715163
530,696,9.03349259576477,125,200,0.625,0.5561430364380054,0.6891456318947539
530,704,9.046896724420085,128,200,0.64,0.5714152811080028,0.7033080274246877
530,712,9.060300853075402,127,200,0.635,0.5663170259754063,0.6985947358239737
530,720,9.07370498173072,134,200,0.67,0.6021668471867698,0.7314257417457829
531,32,7.935793942661716,14,25,0.56,0.37067331734646203,0.7333436123222912
531,370,8.502118378348836,17,25,0.68,0.4841026912048403,0.827948097801419
531,539,8.785280596192397,16,25,0.64,0.44518497600865714,0.7975211932184334
531,624,8.927699463155134,13,25,0.52,0.3349851682200921,0.6996871416694923
531,645,8.962885300875339,14,25,0.56,0.37067331734646203,0.7333436123222912
531,647,8.966236333039168,61,100,0.61,0.5120301696819712,0.6998312605888496
531,648,8.967911849121084,61,100,0.61,0.5120301696819712,0.6998312605888496
531,649,8.969587365202997,61,100,0.61,0.5120301696819712,0.6998312605888496
531,650,8.971262881284913,50,100,0.5,0.40383152963549296,0.596168470364507
531,651,8.972938397366827,50,100,0.5,0.40383152963549296,0.596168470364507
531,652,8.974613913448742,61,100,0.61,0.5120301696819712,0.6998312605888496
531,653,8.976289429530656,61,100,0.61,0.5120301696819712,0.6998312605888496
531,654,8.97796494561257,50,100,0.5,0.40383152963549296,0.596168470364507
531,655,8.979640461694485,115,200,0.575,0.505709325931126,0.6414638750685293
531,687,9.033256976315752,125,200,0.625,0.5561430364380054,0.6891456318947539
531,695,9.046661104971067,128,200,0.64,0.5714152811080028,0.7033080274246877
531,703,9.060065233626384,127,200,0.635,0.5663170259754063,0.6985947358239737
531,711,9.0734693622817,134,200,0.67,0.6021668471867698,0.7314257417457829
532,23,7.935558323212697,14,25,0.56,0.37067331734646203,0.7333436123222912
532,361,8.501882758899818,17,25,0.68,0.4841026912048403,0.827948097801419
532,530,8.785044976743377,16,25,0.64,0.44518497600865714,0.7975211932184334
532,615,8.927463843706114,14,25,0.56,0.37067331734646203,0.7333436123222912
532,636,8.96264968142632,14,25,0.56,0.37067331734646203,0.7333436123222912
532,638,8.96600071359015,61,100,0.61,0.5120301696819712,0.6998312605888496
532,639,8.967676229672064,61,100,0.61,0.5120301696819712,0.6998312605888496
532,640,8.969351745753979,61,100,0.61,0.5120301696819712,0.6998312605888496
532,641,8.971027261835893,50,100,0.5,0.40383152963549296,0.596168470364507
532,642,8.972702777917807,50,100,0.5,0.40383152963549296,0.596168470364507
532,643,8.974378293999722,61,100,0.61,0.5120301696819712,0.6998312605888496
532,644,8.976053810081636,61,100,0.61,0.5120301696819712,0.6998312605888496
532,645,8.977729326163551,50,100,0.5,0.40383152963549296,0.596168470364507
532,646,8.979404842245465,116,200,0.58,0.5107207388477095,0.6462640088852564
532,678,9.033021356866731,126,200,0.63,0.5612262986885862,0.6938739163774834
532,686,9.046425485522049,128,200,0.64,0.5714152811080028,0.7033080274246877
532,694,9.059829614177364,127,200,0.635,0.5663170259754063,0.6985947358239737
532,702,9.07323374283268,136,200,0.68,0.6124810151086787,0.7407346672904946
533,14,7.935322703763678,14,25,0.56,0.37067331734646203,0.7333436123222912
533,352,8.501647139450798,17,25,0.68,0.4841026912048403,0.827948097801419
533,521,8.784809357294357,16,25,0.64,0.44518497600865714,0.7975211932184334
533,606,8.927228224257094,14,25,0.56,0.37067331734646203,0.7333436123222912
533,627,8.9624140619773,15,25,0.6,0.4073945721749423,0.7659669772729795
533,629,8.96576509414113,63,100,0.63,0.5322052950281534,0.7181763952919076
533,630,8.967440610223044,63,100,0.63,0.5322052950281534,0.7181763952919076
533,631,8.969116126304959,63,100,0.63,0.5322052950281534,0.7181763952919076
533,632,8.970791642386873,50,100,0.5,0.40383152963549296,0.596168470364507
533,633,8.972467158468788,51,100,0.51,0.41348011860427875,0.6057800114203413
533,634,8.974142674550702,63,100,0.63,0.5322052950281534,0.7181763952919076
533,635,8.975818190632618,63,100,0.63,0.5322052950281534,0.7181763952919076
533,636,8.977493706714531,50,100,0.5,0.40383152963549296,0.596168470364507
533,637,8.979169222796447,118,200,0.59,0.5207645897876366,0.65584325141195
533,669,9.032785737417711,126,200,0.63,0.5612262986885862,0.6938739163774834
533,677,9.046189866073028,128,200,0.64,0.5714152811080028,0.7033080274246877
533,685,9.059593994728345,129,200,0.645,0.5765211302029042,0.7080137250630966
533,693,9.07299812338366,137,200,0.685,0.6176504385930084,0.7453767905394755
534,5,7.935087084314659,14,25,0.56,0.37067331734646203,0.7333436123222912
534,343,8.501411520001778,17,25,0.68,0.4841026912048403,0.827948097801419
534,513,8.786249253927252,16,25,0.64,0.44518497600865714,0.7975211932184334
534,597,8.926992604808076,14,25,0.56,0.37067331734646203,0.7333436123222912
534,618,8.96217844252828,15,25,0.6,0.4073945721749423,0.7659669772729795
534,620,8.96552947469211,63,100,0.63,0.5322052950281534,0.7181763952919076
534,621,8.967204990774025,63,100,0.63,0.5322052950281534,0.7181763952919076
534,622,8.968880506855939,63,100,0.63,0.5322052950281534,0.7181763952919076
534,623,8.970556022937854,63,100,0.63,0.5322052950281534,0.7181763952919076
534,624,8.972231539019768,63,100,0.63,0.5322052950281534,0.7181763952919076
534,625,8.973907055101684,63,100,0.63,0.5322052950281534,0.7181763952919076
534,626,8.975582571183597,63,100,0.63,0.5322052950281534,0.7181763952919076
534,627,8.977258087265511,50,100,0.5,0.40383152963549296,0.596168470364507
534,628,8.978933603347427,119,200,0.595,0.5257971002635867,0.6606222876693102
534,660,9.032550117968693,126,200,0.63,0.5612262986885862,0.6938739163774834
534,668,9.045954246624008,129,200,0.645,0.5765211302029042,0.7080137250630966
534,676,9.059358375279325,130,200,0.65,0.5816346428084853,0.7127117591908259
534,684,9.072762503934642,137,200,0.685,0.6176504385930084,0.7453767905394755
535,334,8.50117590055276,17,25,0.68,0.4841026912048403,0.827948097801419
535,504,8.786013634478234,16,25,0.64,0.44518497600865714,0.7975211932184334
535,588,8.926756985359056,14,25,0.56,0.37067331734646203,0.7333436123222912
535,609,8.961942823079262,15,25,0.6,0.4073945721749423,0.7659669772729795
535,611,8.965293855243091,63,100,0.63,0.5322052950281534,0.7181763952919076
535,612,8.966969371325005,63,100,0.63,0.5322052950281534,0.7181763952919076
535,613,8.96864488740692,63,100,0.63,0.5322052950281534,0.7181763952919076
535,614,8.970320403488834,63,100,0.63,0.5322052950281534,0.7181763952919076
535,615,8.971995919570748,63,100,0.63,0.5322052950281534,0.7181763952919076
535,616,8.973671435652664,63,100,0.63,0.5322052950281534,0.7181763952919076
535,617,8.97534695173458,63,100,0.63,0.5322052950281534,0.7181763952919076
535,618,8.977022467816493,63,100,0.63,0.5322052950281534,0.7181763952919076
535,619,8.978697983898407,131,200,0.655,0.5867558920387631,0.7174020566938584
535,651,9.032314498519673,127,200,0.635,0.5663170259754063,0.6985947358239737
535,659,9.04571862717499,131,200,0.655,0.5867558920387631,0.7174020566938584
535,667,9.059122755830305,132,200,0.66,0.5918849547167886,0.7220845407491433
535,675,9.072526884485622,137,200,0.685,0.6176504385930084,0.7453767905394755
536,326,8.502615797185655,17,25,0.68,0.4841026912048403,0.827948097801419
536,495,8.785778015029214,17,25,0.68,0.4841026912048403,0.827948097801419
536,579,8.926521365910038,14,25,0.56,0.37067331734646203,0.7333436123222912
536,601,8.963382719712158,15,25,0.6,0.4073945721749423,0.7659669772729795
536,602,8.965058235794071,63,100,0.63,0.5322052950281534,0.7181763952919076
536,603,8.966733751875985,63,100,0.63,0.5322052950281534,0.7181763952919076
536,604,8.9684092679579,63,100,0.63,0.5322052950281534,0.7181763952919076
536,605,8.970084784039816,63,100,0.63,0.5322052950281534,0.7181763952919076
536,606,8.97176030012173,63,100,0.63,0.5322052950281534,0.7181763952919076
536,607,8.973435816203644,63,100,0.63,0.5322052950281534,0.7181763952919076
536,608,8.97511133228556,63,100,0.63,0.5322052950281534,0.7181763952919076
536,609,8.976786848367473,63,100,0.63,0.5322052950281534,0.7181763952919076
536,610,8.978462364449388,131,200,0.655,0.5867558920387631,0.7174020566938584
536,642,9.032078879070653,129,200,0.645,0.5765211302029042,0.7080137250630966
536,650,9.04548300772597,132,200,0.66,0.5918849547167886,0.7220845407491433
536,658,9.058887136381287,133,200,0.665,0.5970219115283492,0.7267591306708931
536,666,9.072291265036604,137,200,0.685,0.6176504385930084,0.7453767905394755
537,317,8.502380177736635,17,25,0.68,0.4841026912048403,0.827948097801419
537,486,8.785542395580196,17,25,0.68,0.4841026912048403,0.827948097801419
537,571,8.927961262542933,14,25,0.56,0.37067331734646203,0.7333436123222912
537,592,8.96314710026314,16,25,0.64,0.44518497600865714,0.7975211932184334
537,594,8.966498132426967,64,100,0.64,0.5423540237328172,0.7272877966118639
537,595,8.968173648508882,64,100,0.64,0.5423540237328172,0.7272877966118639
537,596,8.969849164590796,64,100,0.64,0.5423540237328172,0.7272877966118639
537,597,8.971524680672712,51,100,0.51,0.41348011860427875,0.6057800114203413
537,598,8.973200196754625,52,100,0.52,0.4231657769110165,0.6153544831382237
537,599,8.97487571283654,64,100,0.64,0.5423540237328172,0.7272877966118639
537,600,8.976551228918455,64,100,0.64,0.5423540237328172,0.7272877966118639
537,601,8.97822674500037,51,100,0.51,0.41348011860427875,0.6057800114203413
537,602,8.979902261082284,123,200,0.615,0.5459986716511277,0.6796669032150108
537,634,9.03351877570355,131,200,0.655,0.5867558920387631,0.7174020566938584
537,642,9.046922904358865,133,200,0.665,0.5970219115283492,0.7267591306708931
537,650,9.060327033014183,134,200,0.67,0.6021668471867698,0.7314257417457829
537,658,9.0737311616695,137,200,0.685,0.6176504385930084,0.7453767905394755
538,308,8.502144558287617,18,25,0.72,0.5242339465222646,0.8571614622631633
538,477,8.785306776131176,18,25,0.72,0.5242339465222646,0.8571614622631633
538,562,8.927725643093913,14,25,0.56,0.37067331734646203,0.7333436123222912
538,583,8.96291148081412,16,25,0.64,0.44518497600865714,0.7975211932184334
538,585,8.966262512977949,65,100,0.65,0.5525444321839044,0.7363575181853969
538,586,8.967938029059862,65,100,0.65,0.5525444321839044,0.7363575181853969
538,587,8.969613545141778,65,100,0.65,0.5525444321839044,0.7363575181853969
538,588,8.971289061223692,52,100,0.52,0.4231657769110165,0.6153544831382237
538,589,8.972964577305607,52,100,0.52,0.4231657769110165,0.6153544831382237
538,590,8.97464009338752,65,100,0.65,0.5525444321839044,0.7363575181853969
538,591,8.976315609469436,65,100,0.65,0.5525444321839044,0.7363575181853969
538,592,8.97799112555135,52,100,0.52,0.4231657769110165,0.6153544831382237
538,593,8.979666641633264,123,200,0.615,0.5459986716511277,0.6796669032150108
538,625,9.03328315625453,132,200,0.66,0.5918849547167886,0.7220845407491433
538,633,9.046687284909847,136,200,0.68,0.6124810151086787,0.7407346672904946
538,641,9.060091413565164,134,200,0.67,0.6021668471867698,0.7314257417457829
538,649,9.07349554222048,137,200,0.685,0.6176504385930084,0.7453767905394755
539,299,8.501908938838596,18,25,0.72,0.5242339465222646,0.8571614622631633
539,468,8.785071156682157,18,25,0.72,0.5242339465222646,0.8571614622631633
539,553,8.927490023644895,15,25,0.6,0.4073945721749423,0.7659669772729795
539,574,8.9626758613651,16,25,0.64,0.44518497600865714,0.7975211932184334
539,576,8.966026893528928,65,100,0.65,0.5525444321839044,0.7363575181853969
539,577,8.967702409610844,65,100,0.65,0.5525444321839044,0.7363575181853969
539,578,8.969377925692758,65,100,0.65,0.5525444321839044,0.7363575181853969
539,579,8.971053441774673,53,100,0.53,0.4328885689548006,0.6248918211190597
539,580,8.972728957856587,53,100,0.53,0.4328885689548006,0.6248918211190597
539,581,8.9744044739385,65,100,0.65,0.5525444321839044,0.7363575181853969
539,582,8.976079990020416,65,100,0.65,0.5525444321839044,0.7363575181853969
539,583,8.97775550610233,53,100,0.53,0.4328885689548006,0.6248918211190597
539,584,8.979431022184245,125,200,0.625,0.5561430364380054,0.6891456318947539
539,616,9.033047536805512,132,200,0.66,0.5918849547167886,0.7220845407491433
539,624,9.046451665460827,137,200,0.685,0.6176504385930084,0.7453767905394755
539,632,9.059855794116144,134,200,0.67,0.6021668471867698,0.7314257417457829
539,640,9.07325992277146,137,200,0.685,0.6176504385930084,0.7453767905394755
540,290,8.501673319389578,18,25,0.72,0.5242339465222646,0.8571614622631633
540,459,8.784835537233139,18,25,0.72,0.5242339465222646,0.8571614622631633
540,544,8.927254404195875,15,25,0.6,0.4073945721749423,0.7659669772729795
540,565,8.962440241916081,16,25,0.64,0.44518497600865714,0.7975211932184334
540,567,8.96579127407991,65,100,0.65,0.5525444321839044,0.7363575181853969
540,568,8.967466790161826,65,100,0.65,0.5525444321839044,0.7363575181853969
540,569,8.96914230624374,65,100,0.65,0.5525444321839044,0.7363575181853969
540,570,8.970817822325653,53,100,0.53,0.4328885689548006,0.6248918211190597
540,571,8.972493338407569,53,100,0.53,0.4328885689548006,0.6248918211190597
540,572,8.974168854489482,65,100,0.65,0.5525444321839044,0.7363575181853969
540,573,8.975844370571398,65,100,0.65,0.5525444321839044,0.7363575181853969
540,574,8.977519886653312,53,100,0.53,0.4328885689548006,0.6248918211190597
540,575,8.979195402735227,127,200,0.635,0.5663170259754063,0.6985947358239737
540,607,9.032811917356492,133,200,0.665,0.5970219115283492,0.7267591306708931
540,615,9.046216046011809,138,200,0.69,0.6228282237882907,0.7500105520775032
540,623,9.059620174667126,134,200,0.67,0.6021668471867698,0.7314257417457829
540,631,9.073024303322441,137,200,0.685,0.6176504385930084,0.7453767905394755
541,281,8.501437699940558,18,25,0.72,0.5242339465222646,0.8571614622631633
541,450,8.784599917784117,18,25,0.72,0.5242339465222646,0.8571614622631633
541,535,8.927018784746855,15,25,0.6,0.4073945721749423,0.7659669772729795
541,556,8.96220462246706,18,25,0.72,0.5242339465222646,0.8571614622631633
541,558,8.96555565463089,65,100,0.65,0.5525444321839044,0.7363575181853969
541,559,8.967231170712804,65,100,0.65,0.5525444321839044,0.7363575181853969
541,560,8.96890668679472,65,100,0.65,0.5525444321839044,0.7363575181853969
541,561,8.970582202876633,65,100,0.65,0.5525444321839044,0.7363575181853969
541,562,8.972257718958549,65,100,0.65,0.5525444321839044,0.7363575181853969
541,563,8.973933235040462,65,100,0.65,0.5525444321839044,0.7363575181853969
541,564,8.975608751122378,65,100,0.65,0.5525444321839044,0.7363575181853969
541,565,8.977284267204292,53,100,0.53,0.4328885689548006,0.6248918211190597
541,566,8.978959783286207,129,200,0.645,0.5765211302029042,0.7080137250630966
541,598,9.032576297907472,133,200,0.665,0.5970219115283492,0.7267591306708931
541,606,9.045980426562789,140,200,0.7,0.6332093157249852,0.7592525536074295
541,614,9.059384555218106,134,200,0.67,0.6021668471867698,0.7314257417457829
541,622,9.072788683873421,138,200,0.69,0.6228282237882907,0.7500105520775032
542,272,8.50120208049154,18,25,0.72,0.5242339465222646,0.8571614622631633
542,442,8.786039814417014,18,25,0.72,0.5242339465222646,0.8571614622631633
542,526,8.926783165297836,15,25,0.6,0.4073945721749423,0.7659669772729795
542,547,8.961969003018043,18,25,0.72,0.5242339465222646,0.8571614622631633
542,549,8.965320035181872,67,100,0.67,0.5730534371634074,0.754368773255134
542,550,8.966995551263786,67,100,0.67,0.5730534371634074,0.754368773255134
542,551,8.968671067345701,67,100,0.67,0.5730534371634074,0.754368773255134
542,552,8.970346583427615,67,100,0.67,0.5730534371634074,0.754368773255134
542,553,8.97202209950953,67,100,0.67,0.5730534371634074,0.754368773255134
542,554,8.973697615591444,67,100,0.67,0.5730534371634074,0.754368773255134
542,555,8.97537313167336,67,100,0.67,0.5730534371634074,0.754368773255134
542,556,8.977048647755273,67,100,0.67,0.5730534371634074,0.754368773255134
542,557,8.978724163837187,142,200,0.71,0.6436252184459675,0.768459744353068
542,589,9.032340678458453,133,200,0.665,0.5970219115283492,0.7267591306708931
542,597,9.04574480711377,142,200,0.71,0.6436252184459675,0.768459744353068
542,605,9.059148935769088,135,200,0.675,0.607319850609677,0.7360842850561861
542,613,9.072553064424403,140,200,0.7,0.6332093157249852,0.7592525536074295
543,264,8.502641977124433,18,25,0.72,0.5242339465222646,0.8571614622631633
543,433,8.785804194967994,18,25,0.72,0.5242339465222646,0.8571614622631633
543,517,8.926547545848816,15,25,0.6,0.4073945721749423,0.7659669772729795
543,539,8.963408899650936,18,25,0.72,0.5242339465222646,0.8571614622631633
543,540,8.965084415732852,67,100,0.67,0.5730534371634074,0.754368773255134
543,541,8.966759931814765,67,100,0.67,0.5730534371634074,0.754368773255134
543,542,8.968435447896681,67,100,0.67,0.5730534371634074,0.754368773255134
543,543,8.970110963978595,67,100,0.67,0.5730534371634074,0.754368773255134
543,544,8.971786480060508,67,100,0.67,0.5730534371634074,0.754368773255134
543,545,8.973461996142424,67,100,0.67,0.5730534371634074,0.754368773255134
543,546,8.975137512224338,67,100,0.67,0.5730534371634074,0.754368773255134
543,547,8.976813028306253,67,100,0.67,0.5730534371634074,0.754368773255134
543,548,8.978488544388167,142,200,0.71,0.6436252184459675,0.768459744353068
543,580,9.032105059009433,133,200,0.665,0.5970219115283492,0.7267591306708931
543,588,9.04550918766475,142,200,0.71,0.6436252184459675,0.768459744353068
543,596,9.058913316320066,136,200,0.68,0.6124810151086787,0.7407346672904946
543,604,9.072317444975383,140,200,0.7,0.6332093157249852,0.7592525536074295
544,255,8.502406357675415,19,25,0.76,0.5657031648291212,0.8850368637354755
544,424,8.785568575518974,15,25,0.6,0.4073945721749423,0.7659669772729795
544,508,8.926311926399798,15,25,0.6,0.4073945721749423,0.7659669772729795
544,530,8.963173280201918,18,25,0.72,0.5242339465222646,0.8571614622631633
544,532,8.966524312365747,68,100,0.68,0.583373813107172,0.7633085273359895
544,533,8.968199828447661,68,100,0.68,0.583373813107172,0.7633085273359895
544,534,8.969875344529576,68,100,0.68,0.583373813107172,0.7633085273359895
544,535,8.97155086061149,57,100,0.57,0.47215389472867186,0.6626670154436686
544,536,8.973226376693406,58,100,0.58,0.4820648662633263,0.6720161739336342
544,537,8.97490189277532,68,100,0.68,0.583373813107172,0.7633085273359895
544,538,8.976577408857235,68,100,0.68,0.583373813107172,0.7633085273359895
544,539,8.978252924939149,57,100,0.57,0.47215389472867186,0.6626670154436686
544,540,8.979928441021064,133,200,0.665,0.5970219115283492,0.7267591306708931
544,572,9.033544955642329,133,200,0.665,0.5970219115283492,0.7267591306708931
544,580,9.046949084297646,144,200,0.72,0.6540769535890598,0.7776311026765964
544,588,9.060353212952963,137,200,0.685,0.6176504385930084,0.7453767905394755
544,596,9.073757341608278,142,200,0.71,0.6436252184459675,0.768459744353068
545,246,8.502170738226397,20,25,0.8,0.6086904946512341,0.9113941536925313
545,415,8.785332956069956,15,25,0.6,0.4073945721749423,0.7659669772729795
545,500,8.927751823032693,15,25,0.6,0.4073945721749423,0.7659669772729795
545,521,8.9629376607529,18,25,0.72,0.5242339465222646,0.8571614622631633
545,523,8.966288692916729,68,100,0.68,0.583373813107172,0.7633085273359895
545,524,8.967964208998643,68,100,0.68,0.583373813107172,0.7633085273359895
545,525,8.969639725080558,68,100,0.68,0.583373813107172,0.7633085273359895
545,526,8.971315241162472,57,100,0.57,0.47215389472867186,0.6626670154436686
545,527,8.972990757244387,58,100,0.58,0.4820648662633263,0.6720161739336342
545,528,8.974666273326301,68,100,0.68,0.583373813107172,0.7633085273359895
545,529,8.976341789408217,68,100,0.68,0.583373813107172,0.7633085273359895
545,530,8.97801730549013,57,100,0.57,0.47215389472867186,0.6626670154436686
545,531,8.979692821572044,133,200,0.665,0.5970219115283492,0.7267591306708931
545,563,9.03330933619331,133,200,0.665,0.5970219115283492,0.7267591306708931
545,571,9.046713464848628,145,200,0.725,0.6593166058798847,0.7822029971190819
545,579,9.060117593503945,138,200,0.69,0.6228282237882907,0.7500105520775032
545,587,9.07352172215926,141,200,0.705,0.638412854206739,0.7638605618589861
546,237,8.501935118777377,20,25,0.8,0.6086904946512341,0.9113941536925313
546,406,8.785097336620936,15,25,0.6,0.4073945721749423,0.7659669772729795
546,491,8.927516203583673,15,25,0.6,0.4073945721749423,0.7659669772729795
546,512,8.96270204130388,19,25,0.76,0.5657031648291212,0.8850368637354755
546,514,8.966053073467709,68,100,0.68,0.583373813107172,0.7633085273359895
546,515,8.967728589549623,68,100,0.68,0.583373813107172,0.7633085273359895
546,516,8.969404105631538,68,100,0.68,0.583373813107172,0.7633085273359895
546,517,8.971079621713452,59,100,0.59,0.4920142997636212,0.6813268704579594
546,518,8.972755137795367,61,100,0.61,0.5120301696819712,0.6998312605888496
546,519,8.974430653877281,68,100,0.68,0.583373813107172,0.7633085273359895
546,520,8.976106169959195,68,100,0.68,0.583373813107172,0.7633085273359895
546,521,8.97778168604111,59,100,0.59,0.4920142997636212,0.6813268704579594
546,522,8.979457202123024,137,200,0.685,0.6176504385930084,0.7453767905394755
546,554,9.03307371674429,134,200,0.67,0.6021668471867698,0.7314257417457829
546,562,9.046477845399608,146,200,0.73,0.66456564747098,0.786765502261297
546,570,9.059881974054923,138,200,0.69,0.6228282237882907,0.7500105520775032
546,578,9.07328610271024,141,200,0.705,0.638412854206739,0.7638605618589861
547,228,8.501699499328359,21,25,0.84,0.6534637822439173,0.9359654858790166
547,397,8.784861717171918,15,25,0.6,0.4073945721749423,0.7659669772729795
547,482,8.927280584134655,15,25,0.6,0.4073945721749423,0.7659669772729795
547,503,8.962466421854861,19,25,0.76,0.5657031648291212,0.8850368637354755
547,505,8.96581745401869,68,100,0.68,0.583373813107172,0.7633085273359895
547,506,8.967492970100604,68,100,0.68,0.583373813107172,0.7633085273359895
547,507,8.969168486182518,68,100,0.68,0.583373813107172,0.7633085273359895
547,508,8.970844002264434,59,100,0.59,0.4920142997636212,0.6813268704579594
547,509,8.972519518346347,61,100,0.61,0.5120301696819712,0.6998312605888496
547,510,8.974195034428263,68,100,0.68,0.583373813107172,0.7633085273359895
547,511,8.975870550510177,68,100,0.68,0.583373813107172,0.7633085273359895
547,512,8.977546066592092,59,100,0.59,0.4920142997636212,0.6813268704579594
547,513,8.979221582674006,137,200,0.685,0.6176504385930084,0.7453767905394755
547,545,9.032838097295272,134,200,0.67,0.6021668471867698,0.7314257417457829
547,553,9.04624222595059,146,200,0.73,0.66456564747098,0.786765502261297
547,561,9.059646354605905,138,200,0.69,0.6228282237882907,0.7500105520775032
547,569,9.073050483261222,143,200,0.715,0.6488465391585686,0.7730499703737773
548,219,8.501463879879337,21,25,0.84,0.6534637822439173,0.9359654858790166
548,388,8.784626097722898,15,25,0.6,0.4073945721749423,0.7659669772729795
548,473,8.927044964685635,15,25,0.6,0.4073945721749423,0.7659669772729795
548,494,8.962230802405841,19,25,0.76,0.5657031648291212,0.8850368637354755
548,496,8.965581834569669,68,100,0.68,0.583373813107172,0.7633085273359895
548,497,8.967257350651584,68,100,0.68,0.583373813107172,0.7633085273359895
548,498,8.968932866733498,68,100,0.68,0.583373813107172,0.7633085273359895
548,499,8.970608382815414,59,100,0.59,0.4920142997636212,0.6813268704579594
548,500,8.972283898897327,61,100,0.61,0.5120301696819712,0.6998312605888496
548,501,8.973959414979243,68,100,0.68,0.583373813107172,0.7633085273359895
548,502,8.975634931061157,68,100,0.68,0.583373813107172,0.7633085273359895
548,503,8.977310447143072,59,100,0.59,0.4920142997636212,0.6813268704579594
548,504,8.978985963224986,137,200,0.685,0.6176504385930084,0.7453767905394755
548,536,9.032602477846252,135,200,0.675,0.607319850609677,0.7360842850561861
548,544,9.046006606501567,147,200,0.735,0.669824237532593,0.7913184589329944
548,552,9.059410735156884,138,200,0.69,0.6228282237882907,0.7500105520775032
548,560,9.072814863812201,144,200,0.72,0.6540769535890598,0.7776311026765964
549,210,8.501228260430318,21,25,0.84,0.6534637822439173,0.9359654858790166
549,380,8.786065994355793,15,25,0.6,0.4073945721749423,0.7659669772729795
549,464,8.926809345236617,15,25,0.6,0.4073945721749423,0.7659669772729795
549,485,8.961995182956821,19,25,0.76,0.5657031648291212,0.8850368637354755
549,487,8.96534621512065,68,100,0.68,0.583373813107172,0.7633085273359895
549,488,8.967021731202566,68,100,0.68,0.583373813107172,0.7633085273359895
549,489,8.96869724728448,68,100,0.68,0.583373813107172,0.7633085273359895
549,490,8.970372763366395,68,100,0.68,0.583373813107172,0.7633085273359895
549,491,8.972048279448309,68,100,0.68,0.583373813107172,0.7633085273359895
549,492,8.973723795530224,68,100,0.68,0.583373813107172,0.7633085273359895
549,493,8.975399311612138,68,100,0.68,0.583373813107172,0.7633085273359895
549,494,8.977074827694054,68,100,0.68,0.583373813107172,0.7633085273359895
549,495,8.978750343775967,144,200,0.72,0.6540769535890598,0.7776311026765964
549,527,9.032366858397234,136,200,0.68,0.6124810151086787,0.7407346672904946
549,535,9.04577098705255,148,200,0.74,0.6750925434347002,0.7958616997641975
549,543,9.059175115707866,138,200,0.69,0.6228282237882907,0.7500105520775032
549,551,9.072579244363183,146,200,0.73,0.66456564747098,0.786765502261297
550,202,8.502668157063216,21,25,0.84,0.6534637822439173,0.9359654858790166
550,371,8.785830374906775,15,25,0.6,0.4073945721749423,0.7659669772729795
550,455,8.926573725787598,15,25,0.6,0.4073945721749423,0.7659669772729795
550,476,8.961759563507803,19,25,0.76,0.5657031648291212,0.8850368637354755
550,478,8.965110595671632,69,100,0.69,0.593739442016307,0.7722030284514743
550,479,8.966786111753548,69,100,0.69,0.593739442016307,0.7722030284514743
550,480,8.968461627835461,69,100,0.69,0.593739442016307,0.7722030284514743
550,481,8.970137143917377,69,100,0.69,0.593739442016307,0.7722030284514743
550,482,8.97181265999929,69,100,0.69,0.593739442016307,0.7722030284514743
550,483,8.973488176081204,69,100,0.69,0.593739442016307,0.7722030284514743
550,484,8.97516369216312,69,100,0.69,0.593739442016307,0.7722030284514743
550,485,8.976839208245034,69,100,0.69,0.593739442016307,0.7722030284514743
550,486,8.97851472432695,145,200,0.725,0.6593166058798847,0.7822029971190819
550,518,9.032131238948216,137,200,0.685,0.6176504385930084,0.7453767905394755
550,526,9.04553536760353,148,200,0.74,0.6750925434347002,0.7958616997641975
550,534,9.058939496258848,139,200,0.695,0.6280144784717092,0.7546358441273952
550,542,9.072343624914165,146,200,0.73,0.66456564747098,0.786765502261297
551,193,8.502432537614194,21,25,0.84,0.6534637822439173,0.9359654858790166
551,362,8.785594755457755,15,25,0.6,0.4073945721749423,0.7659669772729795
551,446,8.926338106338578,15,25,0.6,0.4073945721749423,0.7659669772729795
551,468,8.963199460140698,19,25,0.76,0.5657031648291212,0.8850368637354755
551,470,8.966550492304528,70,100,0.7,0.6041514528775587,0.7810511476148428
551,471,8.968226008386441,70,100,0.7,0.6041514528775587,0.7810511476148428
551,472,8.969901524468355,70,100,0.7,0.6041514528775587,0.7810511476148428
551,473,8.97157704055027,59,100,0.59,0.4920142997636212,0.6813268704579594
551,474,8.973252556632184,61,100,0.61,0.5120301696819712,0.6998312605888496
551,475,8.9749280727141,70,100,0.7,0.6041514528775587,0.7810511476148428
551,476,8.976603588796014,70,100,0.7,0.6041514528775587,0.7810511476148428
551,477,8.97827910487793,59,100,0.59,0.4920142997636212,0.6813268704579594
551,478,8.979954620959843,137,200,0.685,0.6176504385930084,0.7453767905394755
551,510,9.03357113558111,138,200,0.69,0.6228282237882907,0.7500105520775032
551,518,9.046975264236426,150,200,0.75,0.6856590163422495,0.804918320323269
551,526,9.060379392891742,140,200,0.7,0.6332093157249852,0.7592525536074295
551,534,9.073783521547059,147,200,0.735,0.669824237532593,0.7913184589329944
552,184,8.502196918165176,21,25,0.84,0.6534637822439173,0.9359654858790166
552,353,8.785359136008736,16,25,0.64,0.44518497600865714,0.7975211932184334
552,438,8.927778002971474,16,25,0.64,0.44518497600865714,0.7975211932184334
552,459,8.962963840691678,19,25,0.76,0.5657031648291212,0.8850368637354755
552,461,8.966314872855508,71,100,0.71,0.6146110874554646,0.789851643061557
552,462,8.967990388937423,71,100,0.71,0.6146110874554646,0.789851643061557
552,463,8.969665905019337,71,100,0.71,0.6146110874554646,0.789851643061557
552,464,8.971341421101252,60,100,0.6,0.5020025860174634,0.6905987142287373
552,465,8.973016937183166,61,100,0.61,0.5120301696819712,0.6998312605888496
552,466,8.974692453265082,71,100,0.71,0.6146110874554646,0.789851643061557
552,467,8.976367969346995,71,100,0.71,0.6146110874554646,0.789851643061557
552,468,8.97804348542891,60,100,0.6,0.5020025860174634,0.6905987142287373
552,469,8.979719001510825,138,200,0.69,0.6228282237882907,0.7500105520775032
552,501,9.033335516132091,139,200,0.695,0.6280144784717092,0.7546358441273952
552,509,9.046739644787406,150,200,0.75,0.6856590163422495,0.804918320323269
552,517,9.060143773442723,141,200,0.705,0.638412854206739,0.7638605618589861
552,525,9.07354790209804,147,200,0.735,0.669824237532593,0.7913184589329944
553,175,8.501961298716155,21,25,0.84,0.6534637822439173,0.9359654858790166
553,344,8.785123516559716,16,25,0.64,0.44518497600865714,0.7975211932184334
553,429,8.927542383522454,16,25,0.64,0.44518497600865714,0.7975211932184334
553,450,8.962728221242658,19,25,0.76,0.5657031648291212,0.8850368637354755
553,452,8.966079253406487,71,100,0.71,0.6146110874554646,0.789851643061557
553,453,8.967754769488403,71,100,0.71,0.6146110874554646,0.789851643061557
553,454,8.969430285570317,71,100,0.71,0.6146110874554646,0.789851643061557
553,455,8.971105801652232,60,100,0.6,0.5020025860174634,0.6905987142287373
553,456,8.972781317734146,61,100,0.61,0.5120301696819712,0.6998312605888496
553,457,8.974456833816062,71,100,0.71,0.6146110874554646,0.789851643061557
553,458,8.976132349897975,71,100,0.71,0.6146110874554646,0.789851643061557
553,459,8.97780786597989,60,100,0.6,0.5020025860174634,0.6905987142287373
553,460,8.979483382061805,138,200,0.69,0.6228282237882907,0.7500105520775032
553,492,9.033099896683071,141,200,0.705,0.638412854206739,0.7638605618589861
553,500,9.046504025338386,151,200,0.755,0.6909575639021187,0.8094313194967102
553,508,9.059908153993703,142,200,0.71,0.6436252184459675,0.768459744353068
553,516,9.07331228264902,147,200,0.735,0.669824237532593,0.7913184589329944
554,166,8.501725679267137,21,25,0.84,0.6534637822439173,0.9359654858790166
554,335,8.784887897110698,16,25,0.64,0.44518497600865714,0.7975211932184334
554,420,8.927306764073435,18,25,0.72,0.5242339465222646,0.8571614622631633
554,441,8.96249260179364,19,25,0.76,0.5657031648291212,0.8850368637354755
554,443,8.96584363395747,71,100,0.71,0.6146110874554646,0.789851643061557
554,444,8.967519150039385,71,100,0.71,0.6146110874554646,0.789851643061557
554,445,8.969194666121298,71,100,0.71,0.6146110874554646,0.789851643061557
554,446,8.970870182203214,60,100,0.6,0.5020025860174634,0.6905987142287373
554,447,8.972545698285128,61,100,0.61,0.5120301696819712,0.6998312605888496
554,448,8.974221214367041,71,100,0.71,0.6146110874554646,0.789851643061557
554,449,8.975896730448957,71,100,0.71,0.6146110874554646,0.789851643061557
554,450,8.97757224653087,60,100,0.6,0.5020025860174634,0.6905987142287373
554,451,8.979247762612786,138,200,0.69,0.6228282237882907,0.7500105520775032
554,483,9.03286427723405,143,200,0.715,0.6488465391585686,0.7730499703737773
554,491,9.046268405889368,152,200,0.76,0.6962665896736326,0.8139338404585067
554,499,9.059672534544685,142,200,0.71,0.6436252184459675,0.768459744353068
554,507,9.073076663200002,148,200,0.74,0.6750925434347002,0.7958616997641975
555,157,8.501490059818119,21,25,0.84,0.6534637822439173,0.9359654858790166
555,326,8.784652277661678,16,25,0.64,0.44518497600865714,0.7975211932184334
555,411,8.927071144624417,18,25,0.72,0.5242339465222646,0.8571614622631633
555,432,8.962256982344622,19,25,0.76,0.5657031648291212,0.8850368637354755
555,434,8.965608014508451,72,100,0.72,0.6251197121124493,0.7986031484291923
555,435,8.967283530590365,72,100,0.72,0.6251197121124493,0.7986031484291923
555,436,8.96895904667228,72,100,0.72,0.6251197121124493,0.7986031484291923
555,437,8.970634562754194,61,100,0.61,0.5120301696819712,0.6998312605888496
555,438,8.97231007883611,62,100,0.62,0.5220975521761144,0.7090240081193265
555,439,8.973985594918023,72,100,0.72,0.6251197121124493,0.7986031484291923
555,440,8.975661110999939,72,100,0.72,0.6251197121124493,0.7986031484291923
555,441,8.977336627081852,61,100,0.61,0.5120301696819712,0.6998312605888496
555,442,8.979012143163768,140,200,0.7,0.6332093157249852,0.7592525536074295
555,474,9.032628657785033,143,200,0.715,0.6488465391585686,0.7730499703737773
555,482,9.04603278644035,152,200,0.76,0.6962665896736326,0.8139338404585067
555,490,9.059436915095667,144,200,0.72,0.6540769535890598,0.7776311026765964
555,498,9.072841043750982,148,200,0.74,0.6750925434347002,0.7958616997641975
556,148,8.501254440369099,21,25,0.84,0.6534637822439173,0.9359654858790166
556,318,8.786092174294573,16,25,0.64,0.44518497600865714,0.7975211932184334
556,402,8.926835525175395,18,25,0.72,0.5242339465222646,0.8571614622631633
556,423,8.962021362895602,19,25,0.76,0.5657031648291212,0.8850368637354755
556,425,8.96537239505943,72,100,0.72,0.6251197121124493,0.7986031484291923
556,426,8.967047911141345,72,100,0.72,0.6251197121124493,0.7986031484291923
556,427,8.96872342722326,72,100,0.72,0.6251197121124493,0.7986031484291923
556,428,8.970398943305174,72,100,0.72,0.6251197121124493,0.7986031484291923
556,429,8.97207445938709,72,100,0.72,0.6251197121124493,0.7986031484291923
556,430,8.973749975469003,72,100,0.72,0.6251197121124493,0.7986031484291923
556,431,8.975425491550919,72,100,0.72,0.6251197121124493,0.7986031484291923
556,432,8.977101007632832,72,100,0.72,0.6251197121124493,0.7986031484291923
556,433,8.978776523714748,150,200,0.75,0.6856590163422495,0.804918320323269
556,465,9.032393038336012,143,200,0.715,0.6488465391585686,0.7730499703737773
556,473,9.04579716699133,153,200,0.765,0.7015863106396482,0.8184256662258015
556,481,9.059201295646647,148,200,0.74,0.6750925434347002,0.7958616997641975
556,489,9.072605424301962,149,200,0.745,0.6803707412567906,0.8003950486754174
557,140,8.502694337001994,21,25,0.84,0.6534637822439173,0.9359654858790166
557,309,8.785856554845555,16,25,0.64,0.44518497600865714,0.7975211932184334
557,393,8.926599905726377,18,25,0.72,0.5242339465222646,0.8571614622631633
557,414,8.961785743446583,19,25,0.76,0.5657031648291212,0.8850368637354755
557,416,8.965136775610413,74,100,0.74,0.6462901047218014,0.8159530158690804
557,417,8.966812291692326,74,100,0.74,0.6462901047218014,0.8159530158690804
557,418,8.968487807774242,74,100,0.74,0.6462901047218014,0.8159530158690804
557,419,8.970163323856156,65,100,0.65,0.5525444321839044,0.7363575181853969
557,420,8.971838839938071,67,100,0.67,0.5730534371634074,0.754368773255134
557,421,8.973514356019985,74,100,0.74,0.6462901047218014,0.8159530158690804
557,422,8.9751898721019,74,100,0.74,0.6462901047218014,0.8159530158690804
557,423,8.976865388183814,65,100,0.65,0.5525444321839044,0.7363575181853969
557,424,8.978540904265728,153,200,0.765,0.7015863106396482,0.8184256662258015
557,456,9.032157418886994,143,200,0.715,0.6488465391585686,0.7730499703737773
557,464,9.045561547542311,154,200,0.77,0.7069169558159164,0.8229065677828437
557,472,9.058965676197626,149,200,0.745,0.6803707412567906,0.8003950486754174
557,480,9.072369804852944,150,200,0.75,0.6856590163422495,0.804918320323269
558,131,8.502458717552974,21,25,0.84,0.6534637822439173,0.9359654858790166
558,300,8.785620935396535,16,25,0.64,0.44518497600865714,0.7975211932184334
558,384,8.926364286277357,19,25,0.76,0.5657031648291212,0.8850368637354755
558,406,8.963225640079477,19,25,0.76,0.5657031648291212,0.8850368637354755
558,408,8.966576672243306,74,100,0.74,0.6462901047218014,0.8159530158690804
558,409,8.968252188325222,74,100,0.74,0.6462901047218014,0.8159530158690804
558,410,8.969927704407135,74,100,0.74,0.6462901047218014,0.8159530158690804
558,411,8.971603220489051,74,100,0.74,0.6462901047218014,0.8159530158690804
558,412,8.973278736570965,74,100,0.74,0.6462901047218014,0.8159530158690804
558,413,8.974954252652878,74,100,0.74,0.6462901047218014,0.8159530158690804
558,414,8.976629768734794,74,100,0.74,0.6462901047218014,0.8159530158690804
558,415,8.978305284816708,74,100,0.74,0.6462901047218014,0.8159530158690804
558,416,8.979980800898623,157,200,0.785,0.722976925984516,0.8362812378141752
558,448,9.033597315519888,145,200,0.725,0.6593166058798847,0.7822029971190819
558,456,9.047001444175205,155,200,0.775,0.7122587671141067,0.8273763032179636
558,464,9.060405572830522,150,200,0.75,0.6856590163422495,0.804918320323269
558,472,9.073809701485837,150,200,0.75,0.6856590163422495,0.804918320323269
559,122,8.502223098103956,22,25,0.88,0.7004420590811533,0.9583318288209496
559,291,8.785385315947515,16,25,0.64,0.44518497600865714,0.7975211932184334
559,376,8.927804182910252,19,25,0.76,0.5657031648291212,0.8850368637354755
559,397,8.962990020630459,19,25,0.76,0.5657031648291212,0.8850368637354755
559,399,8.966341052794288,75,100,0.75,0.6569553637346054,0.8245478868808965
559,400,8.968016568876202,75,100,0.75,0.6569553637346054,0.8245478868808965
559,401,8.969692084958117,75,100,0.75,0.6569553637346054,0.8245478868808965
559,402,8.971367601040031,75,100,0.75,0.6569553637346054,0.8245478868808965
559,403,8.973043117121946,75,100,0.75,0.6569553637346054,0.8245478868808965
559,404,8.97471863320386,75,100,0.75,0.6569553637346054,0.8245478868808965
559,405,8.976394149285776,75,100,0.75,0.6569553637346054,0.8245478868808965
559,406,8.97806966536769,75,100,0.75,0.6569553637346054,0.8245478868808965
559,407,8.979745181449605,159,200,0.795,0.7337430189543738,0.8451382383109382
559,418,8.998175858350665,23,25,0.92,0.7503389087653979,0.9777795989158737
559,439,9.03336169607087,147,200,0.735,0.669824237532593,0.7913184589329944
559,447,9.046765824726187,155,200,0.775,0.7122587671141067,0.8273763032179636
559,455,9.060169953381504,150,200,0.75,0.6856590163422495,0.804918320323269
559,463,9.073574082036819,150,200,0.75,0.6856590163422495,0.804918320323269
560,113,8.501987478654936,22,25,0.88,0.7004420590811533,0.9583318288209496
560,282,8.785149696498495,16,25,0.64,0.44518497600865714,0.7975211932184334
560,367,8.927568563461232,19,25,0.76,0.5657031648291212,0.8850368637354755
560,388,8.962754401181439,19,25,0.76,0.5657031648291212,0.8850368637354755
560,390,8.966105433345268,75,100,0.75,0.6569553637346054,0.8245478868808965
560,391,8.967780949427182,75,100,0.75,0.6569553637346054,0.8245478868808965
560,392,8.969456465509097,75,100,0.75,0.6569553637346054,0.8245478868808965
560,393,8.97113198159101,75,100,0.75,0.6569553637346054,0.8245478868808965
560,394,8.972807497672926,75,100,0.75,0.6569553637346054,0.8245478868808965
560,395,8.97448301375484,75,100,0.75,0.6569553637346054,0.8245478868808965
560,396,8.976158529836756,75,100,0.75,0.6569553637346054,0.8245478868808965
560,397,8.97783404591867,75,100,0.75,0.6569553637346054,0.8245478868808965
560,398,8.979509562000583,159,200,0.795,0.7337430189543738,0.8451382383109382
560,409,8.997940238901645,23,25,0.92,0.7503389087653979,0.9777795989158737
560,430,9.03312607662185,148,200,0.74,0.6750925434347002,0.7958616997641975
560,438,9.046530205277167,156,200,0.78,0.7176120002896181,0.8318346167757626
560,446,9.059934333932484,150,200,0.75,0.6856590163422495,0.804918320323269
560,454,9.073338462587799,152,200,0.76,0.6962665896736326,0.8139338404585067
561,104,8.501751859205918,22,25,0.88,0.7004420590811533,0.9583318288209496
561,273,8.784914077049477,16,25,0.64,0.44518497600865714,0.7975211932184334
561,358,8.927332944012214,20,25,0.8,0.6086904946512341,0.9113941536925313
561,379,8.96251878173242,19,25,0.76,0.5657031648291212,0.8850368637354755
561,381,8.96586981389625,75,100,0.75,0.6569553637346054,0.8245478868808965
561,382,8.967545329978163,75,100,0.75,0.6569553637346054,0.8245478868808965
561,383,8.969220846060079,75,100,0.75,0.6569553637346054,0.8245478868808965
561,384,8.970896362141993,75,100,0.75,0.6569553637346054,0.8245478868808965
561,385,8.972571878223908,75,100,0.75,0.6569553637346054,0.8245478868808965
561,386,8.974247394305822,75,100,0.75,0.6569553637346054,0.8245478868808965
561,387,8.975922910387737,75,100,0.75,0.6569553637346054,0.8245478868808965
561,388,8.977598426469651,75,100,0.75,0.6569553637346054,0.8245478868808965
561,389,8.979273942551565,154,200,0.77,0.7069169558159164,0.8229065677828437
561,390,8.98094945863348,21,25,0.84,0.6534637822439173,0.9359654858790166
561,400,8.997704619452625,23,25,0.92,0.7503389087653979,0.9777795989158737
561,421,9.032890457172831,148,200,0.74,0.6750925434347002,0.7958616997641975
561,429,9.046294585828148,156,200,0.78,0.7176120002896181,0.8318346167757626
561,437,9.059698714483464,150,200,0.75,0.6856590163422495,0.804918320323269
561,445,9.07310284313878,152,200,0.76,0.6962665896736326,0.8139338404585067
562,95,8.5015162397569,22,25,0.88,0.7004420590811533,0.9583318288209496
562,264,8.784678457600458,17,25,0.68,0.4841026912048403,0.827948097801419
562,349,8.927097324563196,21,25,0.84,0.6534637822439173,0.9359654858790166
562,370,8.962283162283402,19,25,0.76,0.5657031648291212,0.8850368637354755
562,372,8.965634194447231,75,100,0.75,0.6569553637346054,0.8245478868808965
562,373,8.967309710529145,75,100,0.75,0.6569553637346054,0.8245478868808965
562,374,8.96898522661106,75,100,0.75,0.6569553637346054,0.8245478868808965
562,375,8.970660742692974,75,100,0.75,0.6569553637346054,0.8245478868808965
562,376,8.972336258774888,75,100,0.75,0.6569553637346054,0.8245478868808965
562,377,8.974011774856804,75,100,0.75,0.6569553637346054,0.8245478868808965
562,378,8.975687290938717,75,100,0.75,0.6569553637346054,0.8245478868808965
562,379,8.977362807020633,75,100,0.75,0.6569553637346054,0.8245478868808965
562,380,8.979038323102547,154,200,0.77,0.7069169558159164,0.8229065677828437
562,381,8.980713839184462,21,25,0.84,0.6534637822439173,0.9359654858790166
562,391,8.997469000003607,23,25,0.92,0.7503389087653979,0.9777795989158737
562,412,9.032654837723813,149,200,0.745,0.6803707412567906,0.8003950486754174
562,420,9.04605896637913,157,200,0.785,0.722976925984516,0.8362812378141752
562,428,9.059463095034445,153,200,0.765,0.7015863106396482,0.8184256662258015
562,436,9.072867223689762,153,200,0.765,0.7015863106396482,0.8184256662258015
563,86,8.501280620307877,22,25,0.88,0.7004420590811533,0.9583318288209496
563,256,8.786118354233352,17,25,0.68,0.4841026912048403,0.827948097801419
563,340,8.926861705114176,21,25,0.84,0.6534637822439173,0.9359654858790166
563,361,8.962047542834382,19,25,0.76,0.5657031648291212,0.8850368637354755
563,363,8.965398574998211,75,100,0.75,0.6569553637346054,0.8245478868808965
563,364,8.967074091080125,75,100,0.75,0.6569553637346054,0.8245478868808965
563,365,8.968749607162039,75,100,0.75,0.6569553637346054,0.8245478868808965
563,366,8.970425123243954,67,100,0.67,0.5730534371634074,0.754368773255134
563,367,8.972100639325868,69,100,0.69,0.593739442016307,0.7722030284514743
563,368,8.973776155407784,75,100,0.75,0.6569553637346054,0.8245478868808965
563,369,8.975451671489697,75,100,0.75,0.6569553637346054,0.8245478868808965
563,370,8.977127187571613,67,100,0.67,0.5730534371634074,0.754368773255134
563,371,8.978802703653527,154,200,0.77,0.7069169558159164,0.8229065677828437
563,372,8.980478219735442,21,25,0.84,0.6534637822439173,0.9359654858790166
563,382,8.997233380554587,23,25,0.92,0.7503389087653979,0.9777795989158737
563,403,9.032419218274793,152,200,0.76,0.6962665896736326,0.8139338404585067
563,411,9.04582334693011,158,200,0.79,0.7283538308774716,0.84071587965453
563,419,9.059227475585425,154,200,0.77,0.7069169558159164,0.8229065677828437
563,427,9.072631604240742,153,200,0.765,0.7015863106396482,0.8184256662258015
564,78,8.502720516940775,22,25,0.88,0.7004420590811533,0.9583318288209496
564,247,8.785882734784334,17,25,0.68,0.4841026912048403,0.827948097801419
564,331,8.926626085665157,21,25,0.84,0.6534637822439173,0.9359654858790166
564,352,8.961811923385362,19,25,0.76,0.5657031648291212,0.8850368637354755
564,354,8.965162955549191,76,100,0.76,0.6676766357190022,0.8330867449211199
564,355,8.966838471631107,76,100,0.76,0.6676766357190022,0.8330867449211199
564,356,8.96851398771302,76,100,0.76,0.6676766357190022,0.8330867449211199
564,357,8.970189503794936,67,100,0.67,0.5730534371634074,0.754368773255134
564,358,8.97186501987685,69,100,0.69,0.593739442016307,0.7722030284514743
564,359,8.973540535958765,76,100,0.76,0.6676766357190022,0.8330867449211199
564,360,8.975216052040679,76,100,0.76,0.6676766357190022,0.8330867449211199
564,361,8.976891568122594,67,100,0.67,0.5730534371634074,0.754368773255134
564,362,8.978567084204508,155,200,0.775,0.7122587671141067,0.8273763032179636
564,363,8.980242600286424,21,25,0.84,0.6534637822439173,0.9359654858790166
564,374,8.998673277187482,23,25,0.92,0.7503389087653979,0.9777795989158737
564,394,9.032183598825775,152,200,0.76,0.6962665896736326,0.8139338404585067
564,402,9.04558772748109,158,200,0.79,0.7283538308774716,0.84071587965453
564,410,9.058991856136407,154,200,0.77,0.7069169558159164,0.8229065677828437
564,418,9.072395984791724,153,200,0.765,0.7015863106396482,0.8184256662258015
565,69,8.502484897491755,22,25,0.88,0.7004420590811533,0.9583318288209496
565,238,8.785647115335314,17,25,0.68,0.4841026912048403,0.827948097801419
565,322,8.926390466216137,21,25,0.84,0.6534637822439173,0.9359654858790166
565,344,8.963251820018257,19,25,0.76,0.5657031648291212,0.8850368637354755
565,346,8.966602852182087,78,100,0.78,0.6892964640723263,0.8499871766170359
565,347,8.968278368264,78,100,0.78,0.6892964640723263,0.8499871766170359
565,348,8.969953884345916,78,100,0.78,0.6892964640723263,0.8499871766170359
565,349,8.97162940042783,78,100,0.78,0.6892964640723263,0.8499871766170359
565,350,8.973304916509743,78,100,0.78,0.6892964640723263,0.8499871766170359
565,351,8.974980432591659,78,100,0.78,0.6892964640723263,0.8499871766170359
565,352,8.976655948673573,78,100,0.78,0.6892964640723263,0.8499871766170359
565,353,8.978331464755488,78,100,0.78,0.6892964640723263,0.8499871766170359
565,354,8.980006980837402,161,200,0.805,0.7445595557369519,0.8539447949949808
565,365,8.998437657738462,23,25,0.92,0.7503389087653979,0.9777795989158737
565,386,9.033623495458668,152,200,0.76,0.6962665896736326,0.8139338404585067
565,394,9.047027624113985,158,200,0.79,0.7283538308774716,0.84071587965453
565,402,9.0604317527693,154,200,0.77,0.7069169558159164,0.8229065677828437
565,410,9.073835881424618,154,200,0.77,0.7069169558159164,0.8229065677828437
566,60,8.502249278042736,22,25,0.88,0.7004420590811533,0.9583318288209496
566,229,8.785411495886295,17,25,0.68,0.4841026912048403,0.827948097801419
566,314,8.927830362849033,21,25,0.84,0.6534637822439173,0.9359654858790166
566,335,8.963016200569239,19,25,0.76,0.5657031648291212,0.8850368637354755
566,337,8.966367232733068,78,100,0.78,0.6892964640723263,0.8499871766170359
566,338,8.968042748814982,78,100,0.78,0.6892964640723263,0.8499871766170359
566,339,8.969718264896898,78,100,0.78,0.6892964640723263,0.8499871766170359
566,340,8.971393780978811,78,100,0.78,0.6892964640723263,0.8499871766170359
566,341,8.973069297060725,78,100,0.78,0.6892964640723263,0.8499871766170359
566,342,8.97474481314264,78,100,0.78,0.6892964640723263,0.8499871766170359
566,343,8.976420329224554,78,100,0.78,0.6892964640723263,0.8499871766170359
566,344,8.97809584530647,78,100,0.78,0.6892964640723263,0.8499871766170359
566,345,8.979771361388384,161,200,0.805,0.7445595557369519,0.8539447949949808
566,356,8.998202038289444,23,25,0.92,0.7503389087653979,0.9777795989158737
566,377,9.03338787600965,153,200,0.765,0.7015863106396482,0.8184256662258015
566,385,9.046792004664967,159,200,0.795,0.7337430189543738,0.8451382383109382
566,393,9.060196133320282,155,200,0.775,0.7122587671141067,0.8273763032179636
566,401,9.0736002619756,155,200,0.775,0.7122587671141067,0.8273763032179636
567,51,8.502013658593716,22,25,0.88,0.7004420590811533,0.9583318288209496
567,220,8.785175876437277,17,25,0.68,0.4841026912048403,0.827948097801419
567,305,8.927594743400014,21,25,0.84,0.6534637822439173,0.9359654858790166
567,326,8.96278058112022,19,25,0.76,0.5657031648291212,0.8850368637354755
567,328,8.966131613284048,78,100,0.78,0.6892964640723263,0.8499871766170359
567,329,8.967807129365964,78,100,0.78,0.6892964640723263,0.8499871766170359
567,330,8.969482645447878,78,100,0.78,0.6892964640723263,0.8499871766170359
567,331,8.971158161529793,78,100,0.78,0.6892964640723263,0.8499871766170359
567,332,8.972833677611707,78,100,0.78,0.6892964640723263,0.8499871766170359
567,333,8.974509193693622,78,100,0.78,0.6892964640723263,0.8499871766170359
567,334,8.976184709775536,78,100,0.78,0.6892964640723263,0.8499871766170359
567,335,8.977860225857452,78,100,0.78,0.6892964640723263,0.8499871766170359
567,336,8.979535741939365,161,200,0.805,0.7445595557369519,0.8539447949949808
567,347,8.997966418840425,23,25,0.92,0.7503389087653979,0.9777795989158737
567,368,9.033152256560632,154,200,0.77,0.7069169558159164,0.8229065677828437
567,376,9.046556385215947,159,200,0.795,0.7337430189543738,0.8451382383109382
567,384,9.059960513871264,156,200,0.78,0.7176120002896181,0.8318346167757626
567,392,9.073364642526581,155,200,0.775,0.7122587671141067,0.8273763032179636
568,42,8.501778039144696,22,25,0.88,0.7004420590811533,0.9583318288209496
568,211,8.784940256988257,17,25,0.68,0.4841026912048403,0.827948097801419
568,296,8.927359123950994,21,25,0.84,0.6534637822439173,0.9359654858790166
568,317,8.962544961671199,20,25,0.8,0.6086904946512341,0.9113941536925313
568,319,8.965895993835028,78,100,0.78,0.6892964640723263,0.8499871766170359
568,320,8.967571509916944,78,100,0.78,0.6892964640723263,0.8499871766170359
568,321,8.969247025998857,78,100,0.78,0.6892964640723263,0.8499871766170359
568,322,8.970922542080773,78,100,0.78,0.6892964640723263,0.8499871766170359
568,323,8.972598058162687,78,100,0.78,0.6892964640723263,0.8499871766170359
568,324,8.974273574244602,78,100,0.78,0.6892964640723263,0.8499871766170359
568,325,8.975949090326516,78,100,0.78,0.6892964640723263,0.8499871766170359
568,326,8.97762460640843,78,100,0.78,0.6892964640723263,0.8499871766170359
568,327,8.979300122490345,157,200,0.785,0.722976925984516,0.8362812378141752
568,328,8.980975638572259,21,25,0.84,0.6534637822439173,0.9359654858790166
568,338,8.997730799391405,23,25,0.92,0.7503389087653979,0.9777795989158737
568,359,9.032916637111612,154,200,0.77,0.7069169558159164,0.8229065677828437
568,367,9.046320765766927,160,200,0.8,0.7391448129154138,0.8495479910832086
568,375,9.059724894422244,156,200,0.78,0.7176120002896181,0.8318346167757626
568,383,9.073129023077561,155,200,0.775,0.7122587671141067,0.8273763032179636
569,33,8.501542419695678,22,25,0.88,0.7004420590811533,0.9583318288209496
569,202,8.784704637539239,17,25,0.68,0.4841026912048403,0.827948097801419
569,287,8.927123504501976,21,25,0.84,0.6534637822439173,0.9359654858790166
569,308,8.96230934222218,20,25,0.8,0.6086904946512341,0.9113941536925313
569,310,8.96566037438601,79,100,0.79,0.7002003108844285,0.8583434598295538
569,311,8.967335890467925,79,100,0.79,0.7002003108844285,0.8583434598295538
569,312,8.96901140654984,79,100,0.79,0.7002003108844285,0.8583434598295538
569,313,8.970686922631755,79,100,0.79,0.7002003108844285,0.8583434598295538
569,314,8.972362438713668,79,100,0.79,0.7002003108844285,0.8583434598295538
569,315,8.974037954795582,79,100,0.79,0.7002003108844285,0.8583434598295538
569,316,8.975713470877498,79,100,0.79,0.7002003108844285,0.8583434598295538
569,317,8.977388986959411,79,100,0.79,0.7002003108844285,0.8583434598295538
569,318,8.979064503041327,158,200,0.79,0.7283538308774716,0.84071587965453
569,319,8.98074001912324,21,25,0.84,0.6534637822439173,0.9359654858790166
569,329,8.997495179942387,23,25,0.92,0.7503389087653979,0.9777795989158737
569,350,9.032681017662593,154,200,0.77,0.7069169558159164,0.8229065677828437
569,358,9.046085146317909,160,200,0.8,0.7391448129154138,0.8495479910832086
569,366,9.059489274973226,157,200,0.785,0.722976925984516,0.8362812378141752
569,374,9.072893403628541,155,200,0.775,0.7122587671141067,0.8273763032179636
570,24,8.501306800246658,22,25,0.88,0.7004420590811533,0.9583318288209496
570,194,8.786144534172132,17,25,0.68,0.4841026912048403,0.827948097801419
570,278,8.926887885052956,21,25,0.84,0.6534637822439173,0.9359654858790166
570,299,8.96207372277316,20,25,0.8,0.6086904946512341,0.9113941536925313
570,301,8.96542475493699,79,100,0.79,0.7002003108844285,0.8583434598295538
570,302,8.967100271018904,79,100,0.79,0.7002003108844285,0.8583434598295538
570,303,8.96877578710082,79,100,0.79,0.7002003108844285,0.8583434598295538
570,304,8.970451303182733,74,100,0.74,0.6462901047218014,0.8159530158690804
570,305,8.972126819264648,75,100,0.75,0.6569553637346054,0.8245478868808965
570,306,8.973802335346562,79,100,0.79,0.7002003108844285,0.8583434598295538
570,307,8.975477851428478,79,100,0.79,0.7002003108844285,0.8583434598295538
570,308,8.977153367510391,74,100,0.74,0.6462901047218014,0.8159530158690804
570,309,8.978828883592307,159,200,0.795,0.7337430189543738,0.8451382383109382
570,310,8.98050439967422,21,25,0.84,0.6534637822439173,0.9359654858790166
570,320,8.997259560493367,23,25,0.92,0.7503389087653979,0.9777795989158737
570,341,9.032445398213572,154,200,0.77,0.7069169558159164,0.8229065677828437
570,349,9.045849526868889,160,200,0.8,0.7391448129154138,0.8495479910832086
570,357,9.059253655524206,157,200,0.785,0.722976925984516,0.8362812378141752
570,365,9.07265778417952,156,200,0.78,0.7176120002896181,0.8318346167757626
571,16,8.502746696879553,22,25,0.88,0.7004420590811533,0.9583318288209496
571,185,8.785908914723114,17,25,0.68,0.4841026912048403,0.827948097801419
571,269,8.926652265603936,21,25,0.84,0.6534637822439173,0.9359654858790166
571,290,8.961838103324142,20,25,0.8,0.6086904946512341,0.9113941536925313
571,292,8.965189135487972,79,100,0.79,0.7002003108844285,0.8583434598295538
571,293,8.966864651569885,79,100,0.79,0.7002003108844285,0.8583434598295538
571,294,8.9685401676518,79,100,0.79,0.7002003108844285,0.8583434598295538
571,295,8.970215683733715,74,100,0.74,0.6462901047218014,0.8159530158690804
571,296,8.97189119981563,75,100,0.75,0.6569553637346054,0.8245478868808965
571,297,8.973566715897544,79,100,0.79,0.7002003108844285,0.8583434598295538
571,298,8.97524223197946,79,100,0.79,0.7002003108844285,0.8583434598295538
571,299,8.976917748061373,74,100,0.74,0.6462901047218014,0.8159530158690804
571,300,8.978593264143289,162,200,0.81,0.7499876124094633,0.8583282850557797
571,301,8.980268780225202,21,25,0.84,0.6534637822439173,0.9359654858790166
571,312,8.998699457126262,23,25,0.92,0.7503389087653979,0.9777795989158737
571,332,9.032209778764553,154,200,0.77,0.7069169558159164,0.8229065677828437
571,340,9.04561390741987,161,200,0.805,0.7445595557369519,0.8539447949949808
571,348,9.059018036075187,157,200,0.785,0.722976925984516,0.8362812378141752
571,356,9.072422164730503,156,200,0.78,0.7176120002896181,0.8318346167757626
572,7,8.502511077430535,22,25,0.88,0.7004420590811533,0.9583318288209496
572,176,8.785673295274096,17,25,0.68,0.4841026912048403,0.827948097801419
572,260,8.926416646154918,21,25,0.84,0.6534637822439173,0.9359654858790166
572,282,8.963277999957038,20,25,0.8,0.6086904946512341,0.9113941536925313
572,283,8.964953516038953,79,100,0.79,0.7002003108844285,0.8583434598295538
572,284,8.966629032120867,79,100,0.79,0.7002003108844285,0.8583434598295538
572,285,8.968304548202783,79,100,0.79,0.7002003108844285,0.8583434598295538
572,286,8.969980064284696,75,100,0.75,0.6569553637346054,0.8245478868808965
572,287,8.971655580366612,76,100,0.76,0.6676766357190022,0.8330867449211199
572,288,8.973331096448526,79,100,0.79,0.7002003108844285,0.8583434598295538
572,289,8.975006612530441,83,100,0.83,0.7445199515664943,0.8910643392459681
572,290,8.976682128612355,79,100,0.79,0.7002003108844285,0.8583434598295538
572,291,8.978357644694269,163,200,0.815,0.755429371876425,0.8626980723221283
572,292,8.980033160776184,21,25,0.84,0.6534637822439173,0.9359654858790166
572,303,8.998463837677244,23,25,0.92,0.7503389087653979,0.9777795989158737
572,323,9.031974159315535,155,200,0.775,0.7122587671141067,0.8273763032179636
572,331,9.045378287970852,162,200,0.81,0.7499876124094633,0.8583282850557797
572,339,9.058782416626169,158,200,0.79,0.7283538308774716,0.84071587965453
572,347,9.072186545281484,157,200,0.785,0.722976925984516,0.8362812378141752
573,167,8.785437675825076,17,25,0.68,0.4841026912048403,0.827948097801419
573,252,8.927856542787813,21,25,0.84,0.6534637822439173,0.9359654858790166
573,273,8.963042380508018,20,25,0.8,0.6086904946512341,0.9113941536925313
573,275,8.966393412671847,79,100,0.79,0.7002003108844285,0.8583434598295538
573,276,8.968068928753762,79,100,0.79,0.7002003108844285,0.8583434598295538
573,277,8.969744444835676,79,100,0.79,0.7002003108844285,0.8583434598295538
573,278,8.97141996091759,79,100,0.79,0.7002003108844285,0.8583434598295538
573,279,8.973095476999505,79,100,0.79,0.7002003108844285,0.8583434598295538
573,280,8.97477099308142,79,100,0.79,0.7002003108844285,0.8583434598295538
573,281,8.976446509163335,79,100,0.79,0.7002003108844285,0.8583434598295538
573,282,8.978122025245248,79,100,0.79,0.7002003108844285,0.8583434598295538
573,283,8.979797541327164,167,200,0.835,0.777342184108311,0.8800314470234837
573,294,8.998228218228224,23,25,0.92,0.7503389087653979,0.9777795989158737
573,315,9.033414055948429,156,200,0.78,0.7176120002896181,0.8318346167757626
573,323,9.046818184603746,162,200,0.81,0.7499876124094633,0.8583282850557797
573,331,9.060222313259063,160,200,0.8,0.7391448129154138,0.8495479910832086
573,339,9.073626441914378,159,200,0.795,0.7337430189543738,0.8451382383109382
574,158,8.785202056376056,17,25,0.68,0.4841026912048403,0.827948097801419
574,243,8.927620923338793,21,25,0.84,0.6534637822439173,0.9359654858790166
574,264,8.962806761059,20,25,0.8,0.6086904946512341,0.9113941536925313
574,266,8.966157793222829,79,100,0.79,0.7002003108844285,0.8583434598295538
574,267,8.967833309304742,79,100,0.79,0.7002003108844285,0.8583434598295538
574,268,8.969508825386658,79,100,0.79,0.7002003108844285,0.8583434598295538
574,269,8.971184341468572,79,100,0.79,0.7002003108844285,0.8583434598295538
574,270,8.972859857550487,79,100,0.79,0.7002003108844285,0.8583434598295538
574,271,8.974535373632401,79,100,0.79,0.7002003108844285,0.8583434598295538
574,272,8.976210889714316,79,100,0.79,0.7002003108844285,0.8583434598295538
574,273,8.97788640579623,79,100,0.79,0.7002003108844285,0.8583434598295538
574,274,8.979561921878146,167,200,0.835,0.777342184108311,0.8800314470234837
574,285,8.997992598779206,23,25,0.92,0.7503389087653979,0.9777795989158737
574,306,9.03317843649941,156,200,0.78,0.7176120002896181,0.8318346167757626
574,314,9.046582565154727,162,200,0.81,0.7499876124094633,0.8583282850557797
574,322,9.059986693810044,161,200,0.805,0.7445595557369519,0.8539447949949808
574,330,9.07339082246536,161,200,0.805,0.7445595557369519,0.8539447949949808
575,149,8.784966436927036,17,25,0.68,0.4841026912048403,0.827948097801419
575,234,8.927385303889773,21,25,0.84,0.6534637822439173,0.9359654858790166
575,255,8.96257114160998,20,25,0.8,0.6086904946512341,0.9113941536925313
575,257,8.965922173773809,79,100,0.79,0.7002003108844285,0.8583434598295538
575,258,8.967597689855722,79,100,0.79,0.7002003108844285,0.8583434598295538
575,259,8.969273205937638,79,100,0.79,0.7002003108844285,0.8583434598295538
575,260,8.970948722019552,79,100,0.79,0.7002003108844285,0.8583434598295538
575,261,8.972624238101467,79,100,0.79,0.7002003108844285,0.8583434598295538
575,262,8.97429975418338,79,100,0.79,0.7002003108844285,0.8583434598295538
575,263,8.975975270265296,79,100,0.79,0.7002003108844285,0.8583434598295538
575,264,8.97765078634721,79,100,0.79,0.7002003108844285,0.8583434598295538
575,265,8.979326302429126,163,200,0.815,0.755429371876425,0.8626980723221283
575,266,8.98100181851104,21,25,0.84,0.6534637822439173,0.9359654858790166
575,276,8.997756979330186,23,25,0.92,0.7503389087653979,0.9777795989158737
575,297,9.03294281705039,156,200,0.78,0.7176120002896181,0.8318346167757626
575,305,9.046346945705707,164,200,0.82,0.7608852492032754,0.8670537417285882
575,313,9.059751074361024,162,200,0.81,0.7499876124094633,0.8583282850557797
575,321,9.07315520301634,161,200,0.805,0.7445595557369519,0.8539447949949808
576,140,8.784730817478017,17,25,0.68,0.4841026912048403,0.827948097801419
576,225,8.927149684440755,21,25,0.84,0.6534637822439173,0.9359654858790166
576,246,8.962335522160961,20,25,0.8,0.6086904946512341,0.9113941536925313
576,248,8.96568655432479,80,100,0.8,0.7111708336357506,0.8666330671028518
576,249,8.967362070406704,80,100,0.8,0.7111708336357506,0.8666330671028518
576,250,8.96903758648862,80,100,0.8,0.7111708336357506,0.8666330671028518
576,251,8.970713102570533,80,100,0.8,0.7111708336357506,0.8666330671028518
576,252,8.972388618652449,80,100,0.8,0.7111708336357506,0.8666330671028518
576,253,8.974064134734363,80,100,0.8,0.7111708336357506,0.8666330671028518
576,254,8.975739650816276,80,100,0.8,0.7111708336357506,0.8666330671028518
576,255,8.977415166898192,80,100,0.8,0.7111708336357506,0.8666330671028518
576,256,8.979090682980106,164,200,0.82,0.7608852492032754,0.8670537417285882
576,257,8.980766199062021,21,25,0.84,0.6534637822439173,0.9359654858790166
576,267,8.997521359881166,23,25,0.92,0.7503389087653979,0.9777795989158737
576,288,9.032707197601372,160,200,0.8,0.7391448129154138,0.8495479910832086
576,296,9.046111326256689,165,200,0.825,0.7663556880107202,0.8713948496544538
576,304,9.059515454912004,163,200,0.815,0.755429371876425,0.8626980723221283
576,312,9.072919583567321,161,200,0.805,0.7445595557369519,0.8539447949949808
577,132,8.786170714110915,17,25,0.68,0.4841026912048403,0.827948097801419
577,216,8.926914064991736,22,25,0.88,0.7004420590811533,0.9583318288209496
577,237,8.962099902711943,20,25,0.8,0.6086904946512341,0.9113941536925313
577,239,8.965450934875772,80,100,0.8,0.7111708336357506,0.8666330671028518
577,240,8.967126450957686,80,100,0.8,0.7111708336357506,0.8666330671028518
577,241,8.968801967039601,80,100,0.8,0.7111708336357506,0.8666330671028518
577,242,8.970477483121515,77,100,0.77,0.6784561689907251,0.8415673416740169
577,243,8.972152999203429,76,100,0.76,0.6676766357190022,0.8330867449211199
577,244,8.973828515285344,80,100,0.8,0.7111708336357506,0.8666330671028518
577,245,8.975504031367258,80,100,0.8,0.7111708336357506,0.8666330671028518
577,246,8.977179547449174,77,100,0.77,0.6784561689907251,0.8415673416740169
577,247,8.978855063531087,164,200,0.82,0.7608852492032754,0.8670537417285882
577,248,8.980530579613003,21,25,0.84,0.6534637822439173,0.9359654858790166
577,258,8.997285740432147,23,25,0.92,0.7503389087653979,0.9777795989158737
577,279,9.032471578152354,160,200,0.8,0.7391448129154138,0.8495479910832086
577,287,9.04587570680767,165,200,0.825,0.7663556880107202,0.8713948496544538
577,295,9.059279835462986,164,200,0.82,0.7608852492032754,0.8670537417285882
577,303,9.072683964118303,161,200,0.805,0.7445595557369519,0.8539447949949808
578,123,8.785935094661893,17,25,0.68,0.4841026912048403,0.827948097801419
578,207,8.926678445542716,22,25,0.88,0.7004420590811533,0.9583318288209496
578,228,8.961864283262923,20,25,0.8,0.6086904946512341,0.9113941536925313
578,230,8.96521531542675,81,100,0.81,0.7222115454423077,0.8748524853209148
578,231,8.966890831508666,81,100,0.81,0.7222115454423077,0.8748524853209148
578,232,8.96856634759058,81,100,0.81,0.7222115454423077,0.8748524853209148
578,233,8.970241863672495,77,100,0.77,0.6784561689907251,0.8415673416740169
578,234,8.971917379754409,76,100,0.76,0.6676766357190022,0.8330867449211199
578,235,8.973592895836324,81,100,0.81,0.7222115454423077,0.8748524853209148
578,236,8.975268411918238,81,100,0.81,0.7222115454423077,0.8748524853209148
578,237,8.976943928000154,77,100,0.77,0.6784561689907251,0.8415673416740169
578,238,8.978619444082067,166,200,0.83,0.7718411632128768,0.8757209211856076
578,239,8.980294960163983,21,25,0.84,0.6534637822439173,0.9359654858790166
578,250,8.998725637065043,23,25,0.92,0.7503389087653979,0.9777795989158737
578,270,9.032235958703334,160,200,0.8,0.7391448129154138,0.8495479910832086
578,278,9.045640087358649,166,200,0.83,0.7718411632128768,0.8757209211856076
578,286,9.059044216013966,165,200,0.825,0.7663556880107202,0.8713948496544538
578,294,9.072448344669283,164,200,0.82,0.7608852492032754,0.8670537417285882
579,114,8.785699475212875,17,25,0.68,0.4841026912048403,0.827948097801419
579,198,8.926442826093698,22,25,0.88,0.7004420590811533,0.9583318288209496
579,220,8.963304179895818,20,25,0.8,0.6086904946512341,0.9113941536925313
579,221,8.964979695977732,81,100,0.81,0.7222115454423077,0.8748524853209148
579,222,8.966655212059647,81,100,0.81,0.7222115454423077,0.8748524853209148
579,223,8.968330728141561,81,100,0.81,0.7222115454423077,0.8748524853209148
579,224,8.970006244223477,77,100,0.77,0.6784561689907251,0.8415673416740169
579,225,8.97168176030539,76,100,0.76,0.6676766357190022,0.8330867449211199
579,226,8.973357276387306,81,100,0.81,0.7222115454423077,0.8748524853209148
579,227,8.97503279246922,81,100,0.81,0.7222115454423077,0.8748524853209148
579,228,8.976708308551135,77,100,0.77,0.6784561689907251,0.8415673416740169
579,229,8.978383824633049,167,200,0.835,0.777342184108311,0.8800314470234837
579,230,8.980059340714963,21,25,0.84,0.6534637822439173,0.9359654858790166
579,241,8.998490017616025,24,25,0.96,0.8045593608838223,0.9929037665766179
579,261,9.032000339254315,160,200,0.8,0.7391448129154138,0.8495479910832086
579,269,9.04540446790963,166,200,0.83,0.7718411632128768,0.8757209211856076
579,277,9.058808596564948,165,200,0.825,0.7663556880107202,0.8713948496544538
579,285,9.072212725220265,166,200,0.83,0.7718411632128768,0.8757209211856076
580,105,8.785463855763854,18,25,0.72,0.5242339465222646,0.8571614622631633
580,190,8.927882722726592,22,25,0.88,0.7004420590811533,0.9583318288209496
580,211,8.963068560446798,20,25,0.8,0.6086904946512341,0.9113941536925313
580,213,8.966419592610627,82,100,0.82,0.7333264153744679,0.8829977454133745
580,214,8.968095108692541,82,100,0.82,0.7333264153744679,0.8829977454133745
580,215,8.969770624774457,82,100,0.82,0.7333264153744679,0.8829977454133745
580,216,8.97144614085637,82,100,0.82,0.7333264153744679,0.8829977454133745
580,217,8.973121656938286,82,100,0.82,0.7333264153744679,0.8829977454133745
580,218,8.9747971730202,82,100,0.82,0.7333264153744679,0.8829977454133745
580,219,8.976472689102113,82,100,0.82,0.7333264153744679,0.8829977454133745
580,220,8.978148205184029,82,100,0.82,0.7333264153744679,0.8829977454133745
580,221,8.979823721265943,489,600,0.815,0.7819605805173037,0.8440315477812398
580,232,8.998254398167003,24,25,0.96,0.8045593608838223,0.9929037665766179
580,253,9.033440235887209,160,200,0.8,0.7391448129154138,0.8495479910832086
580,261,9.046844364542526,166,200,0.83,0.7718411632128768,0.8757209211856076
580,269,9.060248493197841,165,200,0.825,0.7663556880107202,0.8713948496544538
580,277,9.073652621853158,166,200,0.83,0.7718411632128768,0.8757209211856076
581,96,8.785228236314836,19,25,0.76,0.5657031648291212,0.8850368637354755
581,181,8.927647103277573,22,25,0.88,0.7004420590811533,0.9583318288209496
581,202,8.96283294099778,20,25,0.8,0.6086904946512341,0.9113941536925313
581,204,8.966183973161609,82,100,0.82,0.7333264153744679,0.8829977454133745
581,205,8.967859489243523,82,100,0.82,0.7333264153744679,0.8829977454133745
581,206,8.969535005325437,82,100,0.82,0.7333264153744679,0.8829977454133745
581,207,8.971210521407352,82,100,0.82,0.7333264153744679,0.8829977454133745
581,208,8.972886037489266,82,100,0.82,0.7333264153744679,0.8829977454133745
581,209,8.974561553571181,82,100,0.82,0.7333264153744679,0.8829977454133745
581,210,8.976237069653095,82,100,0.82,0.7333264153744679,0.8829977454133745
581,211,8.97791258573501,82,100,0.82,0.7333264153744679,0.8829977454133745
581,212,8.979588101816924,492,600,0.82,0.7872538121525176,0.8486746991348918
581,223,8.998018778717984,24,25,0.96,0.8045593608838223,0.9929037665766179
581,244,9.03320461643819,161,200,0.805,0.7445595557369519,0.8539447949949808
581,252,9.046608745093508,166,200,0.83,0.7718411632128768,0.8757209211856076
581,260,9.060012873748823,165,200,0.825,0.7663556880107202,0.8713948496544538
581,268,9.07341700240414,166,200,0.83,0.7718411632128768,0.8757209211856076
582,87,8.784992616865818,19,25,0.76,0.5657031648291212,0.8850368637354755
582,172,8.927411483828555,22,25,0.88,0.7004420590811533,0.9583318288209496
582,193,8.96259732154876,20,25,0.8,0.6086904946512341,0.9113941536925313
582,195,8.965948353712589,82,100,0.82,0.7333264153744679,0.8829977454133745
582,196,8.967623869794505,82,100,0.82,0.7333264153744679,0.8829977454133745
582,197,8.969299385876418,82,100,0.82,0.7333264153744679,0.8829977454133745
582,198,8.970974901958334,82,100,0.82,0.7333264153744679,0.8829977454133745
582,199,8.972650418040248,82,100,0.82,0.7333264153744679,0.8829977454133745
582,200,8.974325934122163,82,100,0.82,0.7333264153744679,0.8829977454133745
582,201,8.976001450204077,82,100,0.82,0.7333264153744679,0.8829977454133745
582,202,8.977676966285992,82,100,0.82,0.7333264153744679,0.8829977454133745
582,203,8.979352482367906,167,200,0.835,0.777342184108311,0.8800314470234837
582,204,8.981027998449822,21,25,0.84,0.6534637822439173,0.9359654858790166
582,214,8.997783159268966,24,25,0.96,0.8045593608838223,0.9929037665766179
582,235,9.032968996989172,163,200,0.815,0.755429371876425,0.8626980723221283
582,243,9.046373125644488,166,200,0.83,0.7718411632128768,0.8757209211856076
582,251,9.059777254299805,165,200,0.825,0.7663556880107202,0.8713948496544538
582,259,9.073181382955122,167,200,0.835,0.777342184108311,0.8800314470234837
583,78,8.784756997416798,19,25,0.76,0.5657031648291212,0.8850368637354755
583,163,8.927175864379535,22,25,0.88,0.7004420590811533,0.9583318288209496
583,184,8.96236170209974,20,25,0.8,0.6086904946512341,0.9113941536925313
583,186,8.965712734263569,82,100,0.82,0.7333264153744679,0.8829977454133745
583,187,8.967388250345484,82,100,0.82,0.7333264153744679,0.8829977454133745
583,188,8.969063766427398,82,100,0.82,0.7333264153744679,0.8829977454133745
583,189,8.970739282509314,82,100,0.82,0.7333264153744679,0.8829977454133745
583,190,8.972414798591227,82,100,0.82,0.7333264153744679,0.8829977454133745
583,191,8.974090314673143,82,100,0.82,0.7333264153744679,0.8829977454133745
583,192,8.975765830755057,82,100,0.82,0.7333264153744679,0.8829977454133745
583,193,8.977441346836972,82,100,0.82,0.7333264153744679,0.8829977454133745
583,194,8.979116862918886,167,200,0.835,0.777342184108311,0.8800314470234837
583,195,8.9807923790008,21,25,0.84,0.6534637822439173,0.9359654858790166
583,205,8.997547539819946,24,25,0.96,0.8045593608838223,0.9929037665766179
583,226,9.032733377540152,163,200,0.815,0.755429371876425,0.8626980723221283
583,234,9.046137506195468,166,200,0.83,0.7718411632128768,0.8757209211856076
583,242,9.059541634850785,165,200,0.825,0.7663556880107202,0.8713948496544538
583,250,9.072945763506102,169,200,0.845,0.7883930935816389,0.8886036310167766
584,70,8.786196894049693,19,25,0.76,0.5657031648291212,0.8850368637354755
584,154,8.926940244930517,22,25,0.88,0.7004420590811533,0.9583318288209496
584,175,8.962126082650721,20,25,0.8,0.6086904946512341,0.9113941536925313
584,177,8.96547711481455,82,100,0.82,0.7333264153744679,0.8829977454133745
584,178,8.967152630896466,82,100,0.82,0.7333264153744679,0.8829977454133745
584,179,8.96882814697838,82,100,0.82,0.7333264153744679,0.8829977454133745
584,180,8.970503663060295,79,100,0.79,0.7002003108844285,0.8583434598295538
584,181,8.97217917914221,77,100,0.77,0.6784561689907251,0.8415673416740169
584,182,8.973854695224123,82,100,0.82,0.7333264153744679,0.8829977454133745
584,183,8.975530211306038,82,100,0.82,0.7333264153744679,0.8829977454133745
584,184,8.977205727387952,79,100,0.79,0.7002003108844285,0.8583434598295538
584,185,8.978881243469868,167,200,0.835,0.777342184108311,0.8800314470234837
584,186,8.980556759551781,21,25,0.84,0.6534637822439173,0.9359654858790166
584,196,8.997311920370928,24,25,0.96,0.8045593608838223,0.9929037665766179
584,217,9.032497758091134,163,200,0.815,0.755429371876425,0.8626980723221283
584,225,9.04590188674645,167,200,0.835,0.777342184108311,0.8800314470234837
584,233,9.059306015401766,166,200,0.83,0.7718411632128768,0.8757209211856076
584,241,9.072710144057083,170,200,0.85,0.7939442066666507,0.8928640646650752
585,61,8.785961274600673,19,25,0.76,0.5657031648291212,0.8850368637354755
585,145,8.926704625481495,22,25,0.88,0.7004420590811533,0.9583318288209496
585,166,8.961890463201701,20,25,0.8,0.6086904946512341,0.9113941536925313
585,168,8.96524149536553,82,100,0.82,0.7333264153744679,0.8829977454133745
585,169,8.966917011447446,82,100,0.82,0.7333264153744679,0.8829977454133745
585,170,8.96859252752936,82,100,0.82,0.7333264153744679,0.8829977454133745
585,171,8.970268043611274,79,100,0.79,0.7002003108844285,0.8583434598295538
585,172,8.97194355969319,77,100,0.77,0.6784561689907251,0.8415673416740169
585,173,8.973619075775103,82,100,0.82,0.7333264153744679,0.8829977454133745
585,174,8.975294591857018,82,100,0.82,0.7333264153744679,0.8829977454133745
585,175,8.976970107938932,79,100,0.79,0.7002003108844285,0.8583434598295538
585,176,8.978645624020848,167,200,0.835,0.777342184108311,0.8800314470234837
585,177,8.980321140102761,21,25,0.84,0.6534637822439173,0.9359654858790166
585,188,8.998751817003821,24,25,0.96,0.8045593608838223,0.9929037665766179
585,208,9.032262138642112,163,200,0.815,0.755429371876425,0.8626980723221283
585,216,9.04566626729743,167,200,0.835,0.777342184108311,0.8800314470234837
585,224,9.059070395952746,166,200,0.83,0.7718411632128768,0.8757209211856076
585,232,9.072474524608062,170,200,0.85,0.7939442066666507,0.8928640646650752
586,52,8.785725655151655,19,25,0.76,0.5657031648291212,0.8850368637354755
586,136,8.926469006032477,22,25,0.88,0.7004420590811533,0.9583318288209496
586,158,8.963330359834597,20,25,0.8,0.6086904946512341,0.9113941536925313
586,159,8.965005875916512,82,100,0.82,0.7333264153744679,0.8829977454133745
586,160,8.966681391998426,82,100,0.82,0.7333264153744679,0.8829977454133745
586,161,8.968356908080342,82,100,0.82,0.7333264153744679,0.8829977454133745
586,162,8.970032424162255,80,100,0.8,0.7111708336357506,0.8666330671028518
586,163,8.97170794024417,78,100,0.78,0.6892964640723263,0.8499871766170359
586,164,8.973383456326085,82,100,0.82,0.7333264153744679,0.8829977454133745
586,165,8.975058972408,82,100,0.82,0.7333264153744679,0.8829977454133745
586,166,8.976734488489914,80,100,0.8,0.7111708336357506,0.8666330671028518
586,167,8.97841000457183,167,200,0.835,0.777342184108311,0.8800314470234837
586,168,8.980085520653743,21,25,0.84,0.6534637822439173,0.9359654858790166
586,179,8.998516197554803,24,25,0.96,0.8045593608838223,0.9929037665766179
586,199,9.032026519193094,164,200,0.82,0.7608852492032754,0.8670537417285882
586,207,9.045430647848411,167,200,0.835,0.777342184108311,0.8800314470234837
586,215,9.058834776503728,166,200,0.83,0.7718411632128768,0.8757209211856076
586,223,9.072238905159043,170,200,0.85,0.7939442066666507,0.8928640646650752
587,43,8.785490035702637,19,25,0.76,0.5657031648291212,0.8850368637354755
587,128,8.927908902665374,22,25,0.88,0.7004420590811533,0.9583318288209496
587,149,8.963094740385579,20,25,0.8,0.6086904946512341,0.9113941536925313
587,151,8.966445772549408,82,100,0.82,0.7333264153744679,0.8829977454133745
587,152,8.968121288631323,82,100,0.82,0.7333264153744679,0.8829977454133745
587,153,8.969796804713237,82,100,0.82,0.7333264153744679,0.8829977454133745
587,154,8.971472320795153,82,100,0.82,0.7333264153744679,0.8829977454133745
587,155,8.973147836877066,82,100,0.82,0.7333264153744679,0.8829977454133745
587,156,8.974823352958982,82,100,0.82,0.7333264153744679,0.8829977454133745
587,157,8.976498869040896,82,100,0.82,0.7333264153744679,0.8829977454133745
587,158,8.97817438512281,82,100,0.82,0.7333264153744679,0.8829977454133745
587,159,8.979849901204725,171,200,0.855,0.7995133242038862,0.8971064938611499
587,170,8.998280578105785,24,25,0.96,0.8045593608838223,0.9929037665766179
587,191,9.033466415825991,165,200,0.825,0.7663556880107202,0.8713948496544538
587,199,9.046870544481306,167,200,0.835,0.777342184108311,0.8800314470234837
587,207,9.060274673136623,167,200,0.835,0.777342184108311,0.8800314470234837
587,215,9.07367880179194,170,200,0.85,0.7939442066666507,0.8928640646650752
588,34,8.785254416253617,19,25,0.76,0.5657031648291212,0.8850368637354755
588,119,8.927673283216354,22,25,0.88,0.7004420590811533,0.9583318288209496
588,140,8.962859120936558,20,25,0.8,0.6086904946512341,0.9113941536925313
588,142,8.966210153100388,83,100,0.83,0.7445199515664943,0.8910643392459681
588,143,8.967885669182303,83,100,0.83,0.7445199515664943,0.8910643392459681
588,144,8.969561185264217,83,100,0.83,0.7445199515664943,0.8910643392459681
588,145,8.971236701346132,83,100,0.83,0.7445199515664943,0.8910643392459681
588,146,8.972912217428046,83,100,0.83,0.7445199515664943,0.8910643392459681
588,147,8.97458773350996,83,100,0.83,0.7445199515664943,0.8910643392459681
588,148,8.976263249591875,83,100,0.83,0.7445199515664943,0.8910643392459681
588,149,8.97793876567379,83,100,0.83,0.7445199515664943,0.8910643392459681
588,150,8.979614281755705,171,200,0.855,0.7995133242038862,0.8971064938611499
588,161,8.998044958656765,24,25,0.96,0.8045593608838223,0.9929037665766179
588,182,9.03323079637697,165,200,0.825,0.7663556880107202,0.8713948496544538
588,190,9.046634925032286,168,200,0.84,0.782859297881253,0.884325879983852
588,198,9.060039053687603,167,200,0.835,0.777342184108311,0.8800314470234837
588,206,9.073443182342919,170,200,0.85,0.7939442066666507,0.8928640646650752
589,25,8.785018796804597,20,25,0.8,0.6086904946512341,0.9113941536925313
589,110,8.927437663767334,22,25,0.88,0.7004420590811533,0.9583318288209496
589,131,8.96262350148754,20,25,0.8,0.6086904946512341,0.9113941536925313
589,133,8.96597453365137,83,100,0.83,0.7445199515664943,0.8910643392459681
589,134,8.967650049733283,83,100,0.83,0.7445199515664943,0.8910643392459681
589,135,8.969325565815199,83,100,0.83,0.7445199515664943,0.8910643392459681
589,136,8.971001081897112,83,100,0.83,0.7445199515664943,0.8910643392459681
589,137,8.972676597979028,83,100,0.83,0.7445199515664943,0.8910643392459681
589,138,8.974352114060942,83,100,0.83,0.7445199515664943,0.8910643392459681
589,139,8.976027630142857,83,100,0.83,0.7445199515664943,0.8910643392459681
589,140,8.977703146224771,83,100,0.83,0.7445199515664943,0.8910643392459681
589,141,8.979378662306686,168,200,0.84,0.782859297881253,0.884325879983852
589,142,8.9810541783886,21,25,0.84,0.6534637822439173,0.9359654858790166
589,152,8.997809339207747,24,25,0.96,0.8045593608838223,0.9929037665766179
589,173,9.032995176927951,165,200,0.825,0.7663556880107202,0.8713948496544538
589,181,9.046399305583268,170,200,0.85,0.7939442066666507,0.8928640646650752
589,189,9.059803434238585,167,200,0.835,0.777342184108311,0.8800314470234837
589,197,9.0732075628939,170,200,0.85,0.7939442066666507,0.8928640646650752
590,16,8.784783177355576,20,25,0.8,0.6086904946512341,0.9113941536925313
590,101,8.927202044318314,22,25,0.88,0.7004420590811533,0.9583318288209496
590,122,8.96238788203852,20,25,0.8,0.6086904946512341,0.9113941536925313
590,124,8.96573891420235,83,100,0.83,0.7445199515664943,0.8910643392459681
590,125,8.967414430284263,83,100,0.83,0.7445199515664943,0.8910643392459681
590,126,8.969089946366179,83,100,0.83,0.7445199515664943,0.8910643392459681
590,127,8.970765462448092,83,100,0.83,0.7445199515664943,0.8910643392459681
590,128,8.972440978530008,83,100,0.83,0.7445199515664943,0.8910643392459681
590,129,8.974116494611922,83,100,0.83,0.7445199515664943,0.8910643392459681
590,130,8.975792010693837,83,100,0.83,0.7445199515664943,0.8910643392459681
590,131,8.97746752677575,83,100,0.83,0.7445199515664943,0.8910643392459681
590,132,8.979143042857666,169,200,0.845,0.7883930935816389,0.8886036310167766
590,133,8.98081855893958,21,25,0.84,0.6534637822439173,0.9359654858790166
590,143,8.997573719758726,24,25,0.96,0.8045593608838223,0.9929037665766179
590,164,9.032759557478931,165,200,0.825,0.7663556880107202,0.8713948496544538
590,172,9.046163686134248,170,200,0.85,0.7939442066666507,0.8928640646650752
590,180,9.059567814789565,167,200,0.835,0.777342184108311,0.8800314470234837
590,188,9.07297194344488,170,200,0.85,0.7939442066666507,0.8928640646650752
591,8,8.786223073988474,20,25,0.8,0.6086904946512341,0.9113941536925313
591,92,8.926966424869295,22,25,0.88,0.7004420590811533,0.9583318288209496
591,113,8.962152262589502,20,25,0.8,0.6086904946512341,0.9113941536925313
591,115,8.965503294753331,83,100,0.83,0.7445199515664943,0.8910643392459681
591,116,8.967178810835245,83,100,0.83,0.7445199515664943,0.8910643392459681
591,117,8.96885432691716,83,100,0.83,0.7445199515664943,0.8910643392459681
591,118,8.970529842999074,80,100,0.8,0.7111708336357506,0.8666330671028518
591,119,8.97220535908099,79,100,0.79,0.7002003108844285,0.8583434598295538
591,120,8.973880875162903,83,100,0.83,0.7445199515664943,0.8910643392459681
591,121,8.975556391244819,83,100,0.83,0.7445199515664943,0.8910643392459681
591,122,8.977231907326733,80,100,0.8,0.7111708336357506,0.8666330671028518
591,123,8.978907423408646,169,200,0.845,0.7883930935816389,0.8886036310167766
591,124,8.980582939490562,21,25,0.84,0.6534637822439173,0.9359654858790166
591,134,8.997338100309706,24,25,0.96,0.8045593608838223,0.9929037665766179
591,155,9.032523938029913,166,200,0.83,0.7718411632128768,0.8757209211856076
591,163,9.04592806668523,171,200,0.855,0.7995133242038862,0.8971064938611499
591,171,9.059332195340545,167,200,0.835,0.777342184108311,0.8800314470234837
591,179,9.072736323995862,506,600,0.8433333333333334,0.812075230591194,0.8702230679775891
592,83,8.926730805420277,22,25,0.88,0.7004420590811533,0.9583318288209496
592,104,8.961916643140484,20,25,0.8,0.6086904946512341,0.9113941536925313
592,106,8.965267675304313,83,100,0.83,0.7445199515664943,0.8910643392459681
592,107,8.966943191386227,83,100,0.83,0.7445199515664943,0.8910643392459681
592,108,8.968618707468142,83,100,0.83,0.7445199515664943,0.8910643392459681
592,109,8.970294223550056,81,100,0.81,0.7222115454423077,0.8748524853209148
592,110,8.97196973963197,80,100,0.8,0.7111708336357506,0.8666330671028518
592,111,8.973645255713885,83,100,0.83,0.7445199515664943,0.8910643392459681
592,112,8.975320771795799,83,100,0.83,0.7445199515664943,0.8910643392459681
592,113,8.976996287877714,81,100,0.81,0.7222115454423077,0.8748524853209148
592,114,8.978671803959628,169,200,0.845,0.7883930935816389,0.8886036310167766
592,115,8.980347320041544,23,25,0.92,0.7503389087653979,0.9777795989158737
592,126,8.998777996942604,24,25,0.96,0.8045593608838223,0.9929037665766179
592,146,9.032288318580894,167,200,0.835,0.777342184108311,0.8800314470234837
592,154,9.045692447236211,171,200,0.855,0.7995133242038862,0.8971064938611499
592,162,9.059096575891527,167,200,0.835,0.777342184108311,0.8800314470234837
592,170,9.072500704546844,507,600,0.845,0.8138562771631038,0.8717541490686344
593,74,8.926495185971257,22,25,0.88,0.7004420590811533,0.9583318288209496
593,96,8.963356539773377,20,25,0.8,0.6086904946512341,0.9113941536925313
593,97,8.965032055855291,84,100,0.84,0.7557973053553682,0.8990471154817143
593,98,8.966707571937206,84,100,0.84,0.7557973053553682,0.8990471154817143
593,99,8.96838308801912,84,100,0.84,0.7557973053553682,0.8990471154817143
593,100,8.970058604101036,81,100,0.81,0.7222115454423077,0.8748524853209148
593,101,8.97173412018295,80,100,0.8,0.7111708336357506,0.8666330671028518
593,102,8.973409636264865,84,100,0.84,0.7557973053553682,0.8990471154817143
593,103,8.975085152346779,84,100,0.84,0.7557973053553682,0.8990471154817143
593,104,8.976760668428694,81,100,0.81,0.7222115454423077,0.8748524853209148
593,105,8.978436184510608,170,200,0.85,0.7939442066666507,0.8928640646650752
593,106,8.980111700592524,23,25,0.92,0.7503389087653979,0.9777795989158737
593,117,8.998542377493584,24,25,0.96,0.8045593608838223,0.9929037665766179
593,137,9.032052699131874,170,200,0.85,0.7939442066666507,0.8928640646650752
593,145,9.045456827787191,171,200,0.855,0.7995133242038862,0.8971064938611499
593,153,9.058860956442507,168,200,0.84,0.782859297881253,0.884325879983852
593,161,9.072265085097824,509,600,0.8483333333333334,0.8174218388978084,0.8748128426598404
594,66,8.927935082604153,22,25,0.88,0.7004420590811533,0.9583318288209496
594,87,8.963120920324359,20,25,0.8,0.6086904946512341,0.9113941536925313
594,89,8.966471952488188,84,100,0.84,0.7557973053553682,0.8990471154817143
594,90,8.968147468570102,84,100,0.84,0.7557973053553682,0.8990471154817143
594,91,8.969822984652017,84,100,0.84,0.7557973053553682,0.8990471154817143
594,92,8.971498500733931,84,100,0.84,0.7557973053553682,0.8990471154817143
594,93,8.973174016815847,84,100,0.84,0.7557973053553682,0.8990471154817143
594,94,8.97484953289776,84,100,0.84,0.7557973053553682,0.8990471154817143
594,95,8.976525048979676,84,100,0.84,0.7557973053553682,0.8990471154817143
594,96,8.97820056506159,84,100,0.84,0.7557973053553682,0.8990471154817143
594,97,8.979876081143503,510,600,0.85,0.8192063848324036,0.8763404243882004
594,108,8.998306758044565,24,25,0.96,0.8045593608838223,0.9929037665766179
594,129,9.03349259576477,170,200,0.85,0.7939442066666507,0.8928640646650752
594,137,9.046896724420087,519,600,0.865,0.8353232824473261,0.8900326757398752
594,145,9.060300853075404,168,200,0.84,0.782859297881253,0.884325879983852
594,153,9.07370498173072,510,600,0.85,0.8192063848324036,0.8763404243882004
595,57,8.927699463155133,22,25,0.88,0.7004420590811533,0.9583318288209496
595,78,8.962885300875339,20,25,0.8,0.6086904946512341,0.9113941536925313
595,80,8.966236333039168,84,100,0.84,0.7557973053553682,0.8990471154817143
595,81,8.967911849121082,84,100,0.84,0.7557973053553682,0.8990471154817143
595,82,8.969587365202997,84,100,0.84,0.7557973053553682,0.8990471154817143
595,83,8.971262881284911,84,100,0.84,0.7557973053553682,0.8990471154817143
595,84,8.972938397366827,84,100,0.84,0.7557973053553682,0.8990471154817143
595,85,8.97461391344874,84,100,0.84,0.7557973053553682,0.8990471154817143
595,86,8.976289429530654,84,100,0.84,0.7557973053553682,0.8990471154817143
595,87,8.97796494561257,84,100,0.84,0.7557973053553682,0.8990471154817143
595,88,8.979640461694483,512,600,0.8533333333333334,0.8227790869518379,0.8793919775946768
595,99,8.998071138595543,24,25,0.96,0.8045593608838223,0.9929037665766179
595,120,9.03325697631575,170,200,0.85,0.7939442066666507,0.8928640646650752
595,128,9.046661104971067,523,600,0.8716666666666667,0.8425209878774318,0.8960834809615906
595,136,9.060065233626382,169,200,0.845,0.7883930935816389,0.8886036310167766
595,144,9.073469362281699,512,600,0.8533333333333334,0.8227790869518379,0.8793919775946768
596,48,8.927463843706114,22,25,0.88,0.7004420590811533,0.9583318288209496
596,69,8.96264968142632,20,25,0.8,0.6086904946512341,0.9113941536925313
596,71,8.96600071359015,84,100,0.84,0.7557973053553682,0.8990471154817143
596,72,8.967676229672064,84,100,0.84,0.7557973053553682,0.8990471154817143
596,73,8.969351745753977,84,100,0.84,0.7557973053553682,0.8990471154817143
596,74,8.971027261835893,84,100,0.84,0.7557973053553682,0.8990471154817143
596,75,8.972702777917807,84,100,0.84,0.7557973053553682,0.8990471154817143
596,76,8.974378293999722,84,100,0.84,0.7557973053553682,0.8990471154817143
596,77,8.976053810081636,84,100,0.84,0.7557973053553682,0.8990471154817143
596,78,8.977729326163551,84,100,0.84,0.7557973053553682,0.8990471154817143
596,79,8.979404842245465,171,200,0.855,0.7995133242038862,0.8971064938611499
596,80,8.98108035832738,23,25,0.92,0.7503389087653979,0.9777795989158737
596,90,8.997835519146525,24,25,0.96,0.8045593608838223,0.9929037665766179
596,111,9.033021356866731,170,200,0.85,0.7939442066666507,0.8928640646650752
596,119,9.046425485522049,3510,4000,0.8775,0.8669758546204714,0.8872997656843872
596,127,9.059829614177364,169,200,0.845,0.7883930935816389,0.8886036310167766
596,135,9.07323374283268,515,600,0.8583333333333333,0.8281474197527905,0.8839600277825898
597,39,8.927228224257094,22,25,0.88,0.7004420590811533,0.9583318288209496
597,60,8.9624140619773,20,25,0.8,0.6086904946512341,0.9113941536925313
597,62,8.965765094141128,84,100,0.84,0.7557973053553682,0.8990471154817143
597,63,8.967440610223044,84,100,0.84,0.7557973053553682,0.8990471154817143
597,64,8.969116126304957,84,100,0.84,0.7557973053553682,0.8990471154817143
597,65,8.970791642386873,84,100,0.84,0.7557973053553682,0.8990471154817143
597,66,8.972467158468787,84,100,0.84,0.7557973053553682,0.8990471154817143
597,67,8.974142674550702,84,100,0.84,0.7557973053553682,0.8990471154817143
597,68,8.975818190632616,84,100,0.84,0.7557973053553682,0.8990471154817143
597,69,8.977493706714531,84,100,0.84,0.7557973053553682,0.8990471154817143
597,70,8.979169222796445,171,200,0.855,0.7995133242038862,0.8971064938611499
597,71,8.98084473887836,23,25,0.92,0.7503389087653979,0.9777795989158737
597,81,8.997599899697505,24,25,0.96,0.8045593608838223,0.9929037665766179
597,102,9.032785737417711,170,200,0.85,0.7939442066666507,0.8928640646650752
597,110,9.046189866073027,3517,4000,0.87925,0.8687868263712093,0.8889854358820825
597,118,9.059593994728344,171,200,0.855,0.7995133242038862,0.8971064938611499
597,126,9.07299812338366,516,600,0.86,0.8299394097317884,0.8854801654665472
598,30,8.926992604808076,22,25,0.88,0.7004420590811533,0.9583318288209496
598,51,8.96217844252828,21,25,0.84,0.6534637822439173,0.9359654858790166
598,53,8.96552947469211,84,100,0.84,0.7557973053553682,0.8990471154817143
598,54,8.967204990774025,84,100,0.84,0.7557973053553682,0.8990471154817143
598,55,8.968880506855939,84,100,0.84,0.7557973053553682,0.8990471154817143
598,56,8.970556022937854,83,100,0.83,0.7445199515664943,0.8910643392459681
598,57,8.972231539019768,81,100,0.81,0.7222115454423077,0.8748524853209148
598,58,8.973907055101684,84,100,0.84,0.7557973053553682,0.8990471154817143
598,59,8.975582571183597,84,100,0.84,0.7557973053553682,0.8990471154817143
598,60,8.977258087265513,84,100,0.84,0.7557973053553682,0.8990471154817143
598,61,8.978933603347427,171,200,0.855,0.7995133242038862,0.8971064938611499
598,62,8.98060911942934,23,25,0.92,0.7503389087653979,0.9777795989158737
598,72,8.997364280248487,24,25,0.96,0.8045593608838223,0.9929037665766179
598,93,9.032550117968693,170,200,0.85,0.7939442066666507,0.8928640646650752
598,101,9.045954246624008,3525,4000,0.88125,0.8708573461591068,0.8909110783209656
598,109,9.059358375279325,519,600,0.865,0.8353232824473261,0.8900326757398752
598,117,9.072762503934642,518,600,0.8633333333333333,0.8335273212604672,0.8885165092637787
599,21,8.926756985359058,22,25,0.88,0.7004420590811533,0.9583318288209496
599,42,8.961942823079262,21,25,0.84,0.6534637822439173,0.9359654858790166
599,44,8.965293855243091,85,100,0.85,0.7671644033458782,0.9069401475158244
599,45,8.966969371325007,85,100,0.85,0.7671644033458782,0.9069401475158244
599,46,8.96864488740692,85,100,0.85,0.7671644033458782,0.9069401475158244
599,47,8.970320403488836,84,100,0.84,0.7557973053553682,0.8990471154817143
599,48,8.97199591957075,82,100,0.82,0.7333264153744679,0.8829977454133745
599,49,8.973671435652664,85,100,0.85,0.7671644033458782,0.9069401475158244
599,50,8.97534695173458,85,100,0.85,0.7671644033458782,0.9069401475158244
599,51,8.977022467816493,84,100,0.84,0.7557973053553682,0.8990471154817143
599,52,8.978697983898408,513,600,0.855,0.8245672765266023,0.8809159156828674
599,53,8.980373499980322,23,25,0.92,0.7503389087653979,0.9777795989158737
599,64,8.998804176881382,24,25,0.96,0.8045593608838223,0.9929037665766179
599,84,9.032314498519675,170,200,0.85,0.7939442066666507,0.8928640646650752
599,92,9.04571862717499,3542,4000,0.8855,0.8752602553146897,0.8950000138972918
599,100,9.059122755830307,521,600,0.8683333333333333,0.8389193193028053,0.8930608942103065
599,108,9.072526884485624,523,600,0.8716666666666667,0.8425209878774318,0.8960834809615906
600,12,8.926521365910038,22,25,0.88,0.7004420590811533,0.9583318288209496
600,34,8.963382719712158,21,25,0.84,0.6534637822439173,0.9359654858790166
600,35,8.965058235794071,86,100,0.86,0.7786281171512964,0.9147365637350263
600,36,8.966733751875987,86,100,0.86,0.7786281171512964,0.9147365637350263
600,37,8.9684092679579,86,100,0.86,0.7786281171512964,0.9147365637350263
600,38,8.970084784039814,85,100,0.85,0.7671644033458782,0.9069401475158244
600,39,8.97176030012173,82,100,0.82,0.7333264153744679,0.8829977454133745
600,40,8.973435816203644,86,100,0.86,0.7786281171512964,0.9147365637350263
600,41,8.97511133228556,86,100,0.86,0.7786281171512964,0.9147365637350263
600,42,8.976786848367473,85,100,0.85,0.7671644033458782,0.9069401475158244
600,43,8.978462364449388,515,600,0.8583333333333333,0.8281474197527905,0.8839600277825898
600,44,8.980137880531302,23,25,0.92,0.7503389087653979,0.9777795989158737
600,55,8.998568557432362,24,25,0.96,0.8045593608838223,0.9929037665766179
600,75,9.032078879070653,170,200,0.85,0.7939442066666507,0.8928640646650752
600,83,9.04548300772597,3544,4000,0.886,0.8757785246413141,0.8954807851273626
600,91,9.058887136381287,522,600,0.87,0.840719438353528,0.894572902822539
600,99,9.072291265036602,525,600,0.875,0.846128472866618,0.899100251298315
601,4,8.927961262542933,22,25,0.88,0.7004420590811533,0.9583318288209496
601,25,8.963147100263138,21,25,0.84,0.6534637822439173,0.9359654858790166
601,27,8.966498132426967,86,100,0.86,0.7786281171512964,0.9147365637350263
601,28,8.968173648508882,86,100,0.86,0.7786281171512964,0.9147365637350263
601,29,8.969849164590796,86,100,0.86,0.7786281171512964,0.9147365637350263
601,30,8.971524680672712,86,100,0.86,0.7786281171512964,0.9147365637350263
601,31,8.973200196754625,86,100,0.86,0.7786281171512964,0.9147365637350263
601,32,8.97487571283654,86,100,0.86,0.7786281171512964,0.9147365637350263
601,33,8.976551228918455,86,100,0.86,0.7786281171512964,0.9147365637350263
601,34,8.97822674500037,86,100,0.86,0.7786281171512964,0.9147365637350263
601,35,8.979902261082284,520,600,0.8666666666666667,0.8371206080084826,0.891547477841674
601,46,8.998332937983344,24,25,0.96,0.8045593608838223,0.9929037665766179
601,67,9.03351877570355,170,200,0.85,0.7939442066666507,0.8928640646650752
601,75,9.046922904358865,3549,4000,0.88725,0.8770744617564183,0.8966824494039963
601,83,9.060327033014183,522,600,0.87,0.840719438353528,0.894572902822539
601,91,9.0737311616695,3546,4000,0.8865,0.8762968540916564,0.8959614962337155
602,16,8.962911480814117,21,25,0.84,0.6534637822439173,0.9359654858790166
602,18,8.966262512977947,86,100,0.86,0.7786281171512964,0.9147365637350263
602,19,8.967938029059862,86,100,0.86,0.7786281171512964,0.9147365637350263
602,20,8.969613545141776,86,100,0.86,0.7786281171512964,0.9147365637350263
602,21,8.971289061223692,86,100,0.86,0.7786281171512964,0.9147365637350263
602,22,8.972964577305605,86,100,0.86,0.7786281171512964,0.9147365637350263
602,23,8.97464009338752,86,100,0.86,0.7786281171512964,0.9147365637350263
602,24,8.976315609469435,86,100,0.86,0.7786281171512964,0.9147365637350263
602,25,8.977991125551348,86,100,0.86,0.7786281171512964,0.9147365637350263
602,26,8.979666641633264,520,600,0.8666666666666667,0.8371206080084826,0.891547477841674
602,37,8.998097318534324,24,25,0.96,0.8045593608838223,0.9929037665766179
602,58,9.03328315625453,171,200,0.855,0.7995133242038862,0.8971064938611499
602,66,9.046687284909845,3557,4000,0.88925,0.8791487564211073,0.898604316966088
602,74,9.060091413565162,525,600,0.875,0.846128472866618,0.899100251298315
602,82,9.07349554222048,3554,4000,0.8885,0.878370780101499,0.8978837324506536
603,7,8.9626758613651,21,25,0.84,0.6534637822439173,0.9359654858790166
603,9,8.966026893528928,86,100,0.86,0.7786281171512964,0.9147365637350263
603,10,8.967702409610844,86,100,0.86,0.7786281171512964,0.9147365637350263
603,11,8.969377925692758,86,100,0.86,0.7786281171512964,0.9147365637350263
603,12,8.971053441774673,86,100,0.86,0.7786281171512964,0.9147365637350263
603,13,8.972728957856587,86,100,0.86,0.7786281171512964,0.9147365637350263
603,14,8.9744044739385,86,100,0.86,0.7786281171512964,0.9147365637350263
603,15,8.976079990020416,86,100,0.86,0.7786281171512964,0.9147365637350263
603,16,8.97775550610233,86,100,0.86,0.7786281171512964,0.9147365637350263
603,17,8.979431022184245,515,600,0.8583333333333333,0.8281474197527905,0.8839600277825898
603,18,8.98110653826616,23,25,0.92,0.7503389087653979,0.9777795989158737
603,28,8.997861699085306,24,25,0.96,0.8045593608838223,0.9929037665766179
603,49,9.03304753680551,171,200,0.855,0.7995133242038862,0.8971064938611499
603,57,9.046451665460827,3567,4000,0.89175,0.8817430325768879,0.9010052435937834
603,65,9.059855794116144,525,600,0.875,0.846128472866618,0.899100251298315
603,73,9.07325992277146,3564,4000,0.891,0.8809645830293532,0.9002851323062753
604,0,8.96579127407991,86,100,0.86,0.7786281171512964,0.9147365637350263
604,1,8.967466790161824,86,100,0.86,0.7786281171512964,0.9147365637350263
604,2,8.96914230624374,86,100,0.86,0.7786281171512964,0.9147365637350263
604,3,8.970817822325653,86,100,0.86,0.7786281171512964,0.9147365637350263
604,4,8.972493338407569,86,100,0.86,0.7786281171512964,0.9147365637350263
604,5,8.974168854489482,86,100,0.86,0.7786281171512964,0.9147365637350263
604,6,8.975844370571398,86,100,0.86,0.7786281171512964,0.9147365637350263
604,7,8.977519886653312,86,100,0.86,0.7786281171512964,0.9147365637350263
604,8,8.979195402735227,520,600,0.8666666666666667,0.8371206080084826,0.891547477841674
604,9,8.980870918817141,23,25,0.92,0.7503389087653979,0.9777795989158737
604,19,8.997626079636287,24,25,0.96,0.8045593608838223,0.9929037665766179
604,40,9.032811917356492,171,200,0.855,0.7995133242038862,0.8971064938611499
604,48,9.046216046011809,3570,4000,0.8925,0.8825216268887314,0.9017252101169826
604,56,9.059620174667126,3563,4000,0.89075,0.8807051317900759,0.9000450632672051
604,64,9.073024303322441,3567,4000,0.89175,0.8817430325768879,0.9010052435937834
605,0,8.98063529936812,23,25,0.92,0.7503389087653979,0.9777795989158737
605,10,8.997390460187267,24,25,0.96,0.8045593608838223,0.9929037665766179
605,31,9.032576297907472,171,200,0.855,0.7995133242038862,0.8971064938611499
605,39,9.045980426562789,3577,4000,0.89425,0.8843389174360835,0.9034045615180636
605,47,9.059384555218106,3569,4000,0.89225,0.8822620792849006,0.9014852374424658
605,55,9.072788683873421,3573,4000,0.89325,0.8833003672948437,0.9024450305459131
606,2,8.998830356820163,24,25,0.96,0.8045593608838223,0.9929037665766179
606,22,9.032340678458453,3588,4000,0.897,0.8871963089367354,0.9060418930792352
606,30,9.04574480711377,3582,4000,0.8955,0.8856374787281953,0.9046036016176897
606,38,9.059148935769086,3574,4000,0.8935,0.8835599801287923,0.9026849379903119
606,46,9.072553064424403,3579,4000,0.89475,0.8848582918257427,0.9038842276850997
607,13,9.032105059009433,3595,4000,0.89875,0.8890157265450942,0.9077191174193097
607,21,9.04550918766475,3588,4000,0.897,0.8871963089367354,0.9060418930792352
607,29,9.058913316320066,3580,4000,0.895,0.885118004031669,0.904124035757521
607,37,9.072317444975383,3588,4000,0.897,0.8871963089367354,0.9060418930792352
608,5,9.033544955642329,3601,4000,0.90025,0.8905759118807802,0.909156053753709
608,13,9.046949084297646,3598,4000,0.8995,0.8897957393622715,0.908437665437175
608,21,9.060353212952963,3589,4000,0.89725,0.8874561737657667,0.9062815485285515
608,29,9.073757341608278,3595,4000,0.89875,0.8890157265450942,0.9077191174193097
609,4,9.046713464848628,3602,4000,0.9005,0.8908360051515638,0.909395480761273
609,12,9.060117593503945,3593,4000,0.89825,0.8884958059471086,0.9072399974605999
609,20,9.07352172215926,3600,4000,0.9,0.8903158365319537,0.908916608824188
610,3,9.059881974054923,3601,4000,0.90025,0.8905759118807802,0.909156053753709
610,11,9.07328610271024,3609,4000,0.90225,0.8926571649438271,0.9110709629174429
611,0,9.069699451097392,3612,4000,0.903,0.8934379369399895,0.9117887517563233
611,2,9.073050483261222,3619,4000,0.90475,0.8952603923752509,0.9134629382694951
617,0,9.158763602826662,3653,4000,0.91325,0.9041260499188938,0.9215809701896701
