N_A,N_B,cost_元,x,m,p_hat,ci_lower,ci_upper,point_est_feasible,main_seed_verdict,main_seed_m,verify_seed_verdict,verify_seed_m
44,4970,8.980452039796662,0,200,0.0,0.0,0.018845326668962936,False,insufficient,200,,
236,3269,8.980452039796662,2,200,0.01,0.0027466581088489593,0.035721762026734716,False,insufficient,200,,
300,2702,8.980452039796662,12,200,0.06,0.03465219410651454,0.10193169336217282,False,insufficient,200,,
364,2135,8.980452039796662,23,200,0.115,0.07786373208518774,0.16664716944991373,False,insufficient,200,,
428,1568,8.980452039796662,52,200,0.26,0.2041383002358024,0.32490745656529973,False,insufficient,200,,
492,1001,8.980452039796662,91,200,0.455,0.3874821925827813,0.5242138868174252,False,insufficient,200,,
556,434,8.980452039796662,141,200,0.705,0.638412854206739,0.7638605618589861,False,insufficient,200,,
108,4403,8.980452039796663,0,200,0.0,0.0,0.018845326668962936,False,insufficient,200,,
172,3836,8.980452039796663,1,200,0.005,0.0008831687058453758,0.02777370469642793,False,insufficient,200,,
51,4908,8.980478219735442,0,200,0.0,0.0,0.018845326668962936,False,insufficient,200,,
115,4341,8.980478219735442,0,200,0.0,0.0,0.018845326668962936,False,insufficient,200,,
179,3774,8.980478219735442,1,200,0.005,0.0008831687058453758,0.02777370469642793,False,insufficient,200,,
243,3207,8.980478219735442,4,200,0.02,0.007804426362159347,0.05028708724004506,False,insufficient,200,,
307,2640,8.980478219735442,14,200,0.07,0.04215217166140097,0.11405480927390717,False,insufficient,200,,
371,2073,8.980478219735442,24,200,0.12,0.0819799268161472,0.17234252145226464,False,insufficient,200,,
435,1506,8.980478219735442,59,200,0.295,0.2361394381410138,0.3615871457932609,False,insufficient,200,,
499,939,8.980478219735442,96,200,0.48,0.4117916632582544,0.548962149808504,False,insufficient,200,,
563,372,8.980478219735442,148,200,0.74,0.6750925434347002,0.7958616997641975,False,insufficient,200,,
58,4846,8.98050439967422,0,200,0.0,0.0,0.018845326668962936,False,insufficient,200,,
570,310,8.98050439967422,155,200,0.775,0.7122587671141067,0.8273763032179636,False,insufficient,200,,
122,4279,8.980504399674222,1,200,0.005,0.0008831687058453758,0.02777370469642793,False,insufficient,200,,
186,3712,8.980504399674222,1,200,0.005,0.0008831687058453758,0.02777370469642793,False,insufficient,200,,
250,3145,8.980504399674222,4,200,0.02,0.007804426362159347,0.05028708724004506,False,insufficient,200,,
314,2578,8.980504399674222,14,200,0.07,0.04215217166140097,0.11405480927390717,False,insufficient,200,,
378,2011,8.980504399674222,26,200,0.13,0.09028202253521182,0.18366351919982074,False,insufficient,200,,
442,1444,8.980504399674222,61,200,0.305,0.2453641558726048,0.3719855215282907,False,insufficient,200,,
506,877,8.980504399674222,102,200,0.51,0.44118587625055616,0.5784372172160646,False,insufficient,200,,
385,1949,8.980530579613001,27,200,0.135,0.09446570427968658,0.18929138418865638,False,insufficient,200,,
449,1382,8.980530579613001,63,200,0.315,0.2546232094605245,0.38234956140699167,False,insufficient,200,,
513,815,8.980530579613001,106,200,0.53,0.4609168286109567,0.5979524517889057,False,insufficient,200,,
1,5351,8.980530579613003,0,200,0.0,0.0,0.018845326668962936,False,insufficient,200,,
65,4784,8.980530579613003,0,200,0.0,0.0,0.018845326668962936,False,insufficient,200,,
129,4217,8.980530579613003,1,200,0.005,0.0008831687058453758,0.02777370469642793,False,insufficient,200,,
193,3650,8.980530579613003,2,200,0.01,0.0027466581088489593,0.035721762026734716,False,insufficient,200,,
257,3083,8.980530579613003,4,200,0.02,0.007804426362159347,0.05028708724004506,False,insufficient,200,,
321,2516,8.980530579613003,14,200,0.07,0.04215217166140097,0.11405480927390717,False,insufficient,200,,
577,248,8.980530579613003,160,200,0.8,0.7391448129154138,0.8495479910832086,False,insufficient,200,,
72,4722,8.980556759551781,0,200,0.0,0.0,0.018845326668962936,False,insufficient,200,,
136,4155,8.980556759551781,1,200,0.005,0.0008831687058453758,0.02777370469642793,False,insufficient,200,,
200,3588,8.980556759551781,2,200,0.01,0.0027466581088489593,0.035721762026734716,False,insufficient,200,,
264,3021,8.980556759551781,7,200,0.035,0.01705554191525804,0.0704706118868775,False,insufficient,200,,
328,2454,8.980556759551781,14,200,0.07,0.04215217166140097,0.11405480927390717,False,insufficient,200,,
392,1887,8.980556759551781,32,200,0.16,0.11567412001614788,0.2171407021187469,False,insufficient,200,,
456,1320,8.980556759551781,69,200,0.345,0.2825979433061415,0.41324410796123684,False,insufficient,200,,
520,753,8.980556759551781,112,200,0.56,0.4907167528014922,0.6270218079982324,False,insufficient,200,,
584,186,8.980556759551781,164,200,0.82,0.7608852492032754,0.8670537417285882,False,insufficient,200,,
8,5289,8.980556759551783,0,200,0.0,0.0,0.018845326668962936,False,insufficient,200,,
15,5227,8.980582939490562,0,200,0.0,0.0,0.018845326668962936,False,insufficient,200,,
79,4660,8.980582939490562,0,200,0.0,0.0,0.018845326668962936,False,insufficient,200,,
143,4093,8.980582939490562,1,200,0.005,0.0008831687058453758,0.02777370469642793,False,insufficient,200,,
207,3526,8.980582939490562,2,200,0.01,0.0027466581088489593,0.035721762026734716,False,insufficient,200,,
271,2959,8.980582939490562,6,200,0.03,0.013820314259191425,0.06389429280963374,False,insufficient,200,,
335,2392,8.980582939490562,16,200,0.08,0.04984058570487163,0.12598948869705726,False,insufficient,200,,
399,1825,8.980582939490562,33,200,0.165,0.11996855297651625,0.22265781589168893,False,insufficient,200,,
463,1258,8.980582939490562,73,200,0.365,0.30140526417602626,0.4336829740245936,False,insufficient,200,,
527,691,8.980582939490562,120,200,0.6,0.5308367198423567,0.6653942148238506,False,insufficient,200,,
591,124,8.980582939490562,169,200,0.845,0.7883930935816389,0.8886036310167766,False,insufficient,200,,
598,62,8.98060911942934,3495,4000,0.87375,0.8630974448528673,0.8836853712767776,False,insufficient,4000,,
22,5165,8.980609119429342,0,200,0.0,0.0,0.018845326668962936,False,insufficient,200,,
86,4598,8.980609119429342,0,200,0.0,0.0,0.018845326668962936,False,insufficient,200,,
150,4031,8.980609119429342,1,200,0.005,0.0008831687058453758,0.02777370469642793,False,insufficient,200,,
214,3464,8.980609119429342,2,200,0.01,0.0027466581088489593,0.035721762026734716,False,insufficient,200,,
278,2897,8.980609119429342,7,200,0.035,0.01705554191525804,0.0704706118868775,False,insufficient,200,,
342,2330,8.980609119429342,19,200,0.095,0.061663102507449205,0.14360161209441077,False,insufficient,200,,
406,1763,8.980609119429342,35,200,0.175,0.1286051503455461,0.23364431198927976,False,insufficient,200,,
470,1196,8.980609119429342,79,200,0.395,0.3298410096426624,0.4641165089578198,False,insufficient,200,,
534,629,8.980609119429342,127,200,0.635,0.5663170259754063,0.6985947358239737,False,insufficient,200,,
29,5103,8.98063529936812,0,200,0.0,0.0,0.018845326668962936,False,insufficient,200,,
221,3402,8.98063529936812,2,200,0.01,0.0027466581088489593,0.035721762026734716,False,insufficient,200,,
285,2835,8.98063529936812,7,200,0.035,0.01705554191525804,0.0704706118868775,False,insufficient,200,,
349,2268,8.98063529936812,19,200,0.095,0.061663102507449205,0.14360161209441077,False,insufficient,200,,
413,1701,8.98063529936812,42,200,0.21,0.15928412034547004,0.2716461691225284,False,insufficient,200,,
477,1134,8.98063529936812,82,200,0.41,0.3441567485880499,0.4792354102123633,False,insufficient,200,,
541,567,8.98063529936812,131,200,0.655,0.5867558920387631,0.7174020566938584,False,insufficient,200,,
605,0,8.98063529936812,3553,4000,0.88825,0.8781114856676194,0.8976435066061855,False,insufficient,4000,,
93,4536,8.980635299368123,0,200,0.0,0.0,0.018845326668962936,False,insufficient,200,,
157,3969,8.980635299368123,1,200,0.005,0.0008831687058453758,0.02777370469642793,False,insufficient,200,,
36,5041,8.980661479306901,0,200,0.0,0.0,0.018845326668962936,False,insufficient,200,,
100,4474,8.980661479306901,0,200,0.0,0.0,0.018845326668962936,False,insufficient,200,,
292,2773,8.980661479306901,10,200,0.05,0.027382645473457017,0.08957814852860962,False,insufficient,200,,
356,2206,8.980661479306901,23,200,0.115,0.07786373208518774,0.16664716944991373,False,insufficient,200,,
420,1639,8.980661479306901,50,200,0.25,0.195081679676731,0.3143409836577504,False,insufficient,200,,
484,1072,8.980661479306901,85,200,0.425,0.3585361249314706,0.4942906740688738,False,insufficient,200,,
548,505,8.980661479306901,135,200,0.675,0.607319850609677,0.7360842850561861,False,insufficient,200,,
164,3907,8.980661479306903,1,200,0.005,0.0008831687058453758,0.02777370469642793,False,insufficient,200,,
228,3340,8.980661479306903,2,200,0.01,0.0027466581088489593,0.035721762026734716,False,insufficient,200,,
43,4979,8.980687659245682,0,200,0.0,0.0,0.018845326668962936,False,insufficient,200,,
107,4412,8.980687659245682,0,200,0.0,0.0,0.018845326668962936,False,insufficient,200,,
171,3845,8.980687659245682,1,200,0.005,0.0008831687058453758,0.02777370469642793,False,insufficient,200,,
235,3278,8.980687659245682,2,200,0.01,0.0027466581088489593,0.035721762026734716,False,insufficient,200,,
299,2711,8.980687659245682,11,200,0.055,0.03098534156570805,0.09578699916966896,False,insufficient,200,,
363,2144,8.980687659245682,23,200,0.115,0.07786373208518774,0.16664716944991373,False,insufficient,200,,
427,1577,8.980687659245682,52,200,0.26,0.2041383002358024,0.32490745656529973,False,insufficient,200,,
491,1010,8.980687659245682,90,200,0.45,0.38264068350836655,0.5192438491585296,False,insufficient,200,,
555,443,8.980687659245682,139,200,0.695,0.6280144784717092,0.7546358441273952,False,insufficient,200,,
306,2649,8.98071383918446,13,200,0.065,0.03837635449161451,0.10801907971038324,False,insufficient,200,,
370,2082,8.98071383918446,24,200,0.12,0.0819799268161472,0.17234252145226464,False,insufficient,200,,
434,1515,8.98071383918446,58,200,0.29,0.23154025564693195,0.3563747815540324,False,insufficient,200,,
498,948,8.98071383918446,94,200,0.47,0.4020475482110944,0.5390831713890433,False,insufficient,200,,
50,4917,8.980713839184462,0,200,0.0,0.0,0.018845326668962936,False,insufficient,200,,
114,4350,8.980713839184462,0,200,0.0,0.0,0.018845326668962936,False,insufficient,200,,
178,3783,8.980713839184462,1,200,0.005,0.0008831687058453758,0.02777370469642793,False,insufficient,200,,
242,3216,8.980713839184462,4,200,0.02,0.007804426362159347,0.05028708724004506,False,insufficient,200,,
562,381,8.980713839184462,148,200,0.74,0.6750925434347002,0.7958616997641975,False,insufficient,200,,
121,4288,8.98074001912324,1,200,0.005,0.0008831687058453758,0.02777370469642793,False,insufficient,200,,
185,3721,8.98074001912324,1,200,0.005,0.0008831687058453758,0.02777370469642793,False,insufficient,200,,
249,3154,8.98074001912324,4,200,0.02,0.007804426362159347,0.05028708724004506,False,insufficient,200,,
441,1453,8.98074001912324,61,200,0.305,0.2453641558726048,0.3719855215282907,False,insufficient,200,,
505,886,8.98074001912324,102,200,0.51,0.44118587625055616,0.5784372172160646,False,insufficient,200,,
569,319,8.98074001912324,155,200,0.775,0.7122587671141067,0.8273763032179636,False,insufficient,200,,
57,4855,8.980740019123242,0,200,0.0,0.0,0.018845326668962936,False,insufficient,200,,
313,2587,8.980740019123242,14,200,0.07,0.04215217166140097,0.11405480927390717,False,insufficient,200,,
377,2020,8.980740019123242,24,200,0.12,0.0819799268161472,0.17234252145226464,False,insufficient,200,,
0,5360,8.980766199062021,0,200,0.0,0.0,0.018845326668962936,False,insufficient,200,,
64,4793,8.980766199062021,0,200,0.0,0.0,0.018845326668962936,False,insufficient,200,,
128,4226,8.980766199062021,1,200,0.005,0.0008831687058453758,0.02777370469642793,False,insufficient,200,,
192,3659,8.980766199062021,2,200,0.01,0.0027466581088489593,0.035721762026734716,False,insufficient,200,,
256,3092,8.980766199062021,4,200,0.02,0.007804426362159347,0.05028708724004506,False,insufficient,200,,
320,2525,8.980766199062021,14,200,0.07,0.04215217166140097,0.11405480927390717,False,insufficient,200,,
384,1958,8.980766199062021,27,200,0.135,0.09446570427968658,0.18929138418865638,False,insufficient,200,,
448,1391,8.980766199062021,63,200,0.315,0.2546232094605245,0.38234956140699167,False,insufficient,200,,
512,824,8.980766199062021,105,200,0.525,0.45597395960896836,0.5930837740575836,False,insufficient,200,,
576,257,8.980766199062021,160,200,0.8,0.7391448129154138,0.8495479910832086,False,insufficient,200,,
327,2463,8.9807923790008,14,200,0.07,0.04215217166140097,0.11405480927390717,False,insufficient,200,,
391,1896,8.9807923790008,31,200,0.155,0.11139636898322336,0.21160690641836105,False,insufficient,200,,
455,1329,8.9807923790008,69,200,0.345,0.2825979433061415,0.41324410796123684,False,insufficient,200,,
519,762,8.9807923790008,112,200,0.56,0.4907167528014922,0.6270218079982324,False,insufficient,200,,
583,195,8.9807923790008,164,200,0.82,0.7608852492032754,0.8670537417285882,False,insufficient,200,,
7,5298,8.980792379000802,0,200,0.0,0.0,0.018845326668962936,False,insufficient,200,,
71,4731,8.980792379000802,0,200,0.0,0.0,0.018845326668962936,False,insufficient,200,,
135,4164,8.980792379000802,1,200,0.005,0.0008831687058453758,0.02777370469642793,False,insufficient,200,,
199,3597,8.980792379000802,2,200,0.01,0.0027466581088489593,0.035721762026734716,False,insufficient,200,,
263,3030,8.980792379000802,7,200,0.035,0.01705554191525804,0.0704706118868775,False,insufficient,200,,
14,5236,8.98081855893958,0,200,0.0,0.0,0.018845326668962936,False,insufficient,200,,
206,3535,8.98081855893958,2,200,0.01,0.0027466581088489593,0.035721762026734716,False,insufficient,200,,
590,133,8.98081855893958,168,200,0.84,0.782859297881253,0.884325879983852,False,insufficient,200,,
78,4669,8.980818558939582,0,200,0.0,0.0,0.018845326668962936,False,insufficient,200,,
142,4102,8.980818558939582,1,200,0.005,0.0008831687058453758,0.02777370469642793,False,insufficient,200,,
270,2968,8.980818558939582,6,200,0.03,0.013820314259191425,0.06389429280963374,False,insufficient,200,,
334,2401,8.980818558939582,16,200,0.08,0.04984058570487163,0.12598948869705726,False,insufficient,200,,
398,1834,8.980818558939582,33,200,0.165,0.11996855297651625,0.22265781589168893,False,insufficient,200,,
462,1267,8.980818558939582,73,200,0.365,0.30140526417602626,0.4336829740245936,False,insufficient,200,,
526,700,8.980818558939582,120,200,0.6,0.5308367198423567,0.6653942148238506,False,insufficient,200,,
21,5174,8.98084473887836,0,200,0.0,0.0,0.018845326668962936,False,insufficient,200,,
85,4607,8.98084473887836,0,200,0.0,0.0,0.018845326668962936,False,insufficient,200,,
149,4040,8.98084473887836,1,200,0.005,0.0008831687058453758,0.02777370469642793,False,insufficient,200,,
213,3473,8.98084473887836,2,200,0.01,0.0027466581088489593,0.035721762026734716,False,insufficient,200,,
277,2906,8.98084473887836,6,200,0.03,0.013820314259191425,0.06389429280963374,False,insufficient,200,,
341,2339,8.98084473887836,19,200,0.095,0.061663102507449205,0.14360161209441077,False,insufficient,200,,
405,1772,8.98084473887836,35,200,0.175,0.1286051503455461,0.23364431198927976,False,insufficient,200,,
469,1205,8.98084473887836,79,200,0.395,0.3298410096426624,0.4641165089578198,False,insufficient,200,,
533,638,8.98084473887836,126,200,0.63,0.5612262986885862,0.6938739163774834,False,insufficient,200,,
597,71,8.98084473887836,3488,4000,0.872,0.8612885416763443,0.8819976325048674,False,insufficient,4000,,
28,5112,8.980870918817141,0,200,0.0,0.0,0.018845326668962936,False,insufficient,200,,
92,4545,8.980870918817141,0,200,0.0,0.0,0.018845326668962936,False,insufficient,200,,
156,3978,8.980870918817141,1,200,0.005,0.0008831687058453758,0.02777370469642793,False,insufficient,200,,
220,3411,8.980870918817141,2,200,0.01,0.0027466581088489593,0.035721762026734716,False,insufficient,200,,
284,2844,8.980870918817141,7,200,0.035,0.01705554191525804,0.0704706118868775,False,insufficient,200,,
348,2277,8.980870918817141,19,200,0.095,0.061663102507449205,0.14360161209441077,False,insufficient,200,,
412,1710,8.980870918817141,41,200,0.205,0.15486176168906182,0.2662569810456263,False,insufficient,200,,
476,1143,8.980870918817141,80,200,0.4,0.3346057851761492,0.46916328015764336,False,insufficient,200,,
540,576,8.980870918817141,130,200,0.65,0.5816346428084853,0.7127117591908259,False,insufficient,200,,
604,9,8.980870918817141,3545,4000,0.88625,0.8760376818295014,0.8957211482175229,False,insufficient,4000,,
35,5050,8.980897098755921,0,200,0.0,0.0,0.018845326668962936,False,insufficient,200,,
99,4483,8.980897098755921,0,200,0.0,0.0,0.018845326668962936,False,insufficient,200,,
163,3916,8.980897098755921,1,200,0.005,0.0008831687058453758,0.02777370469642793,False,insufficient,200,,
227,3349,8.980897098755921,2,200,0.01,0.0027466581088489593,0.035721762026734716,False,insufficient,200,,
291,2782,8.980897098755921,10,200,0.05,0.027382645473457017,0.08957814852860962,False,insufficient,200,,
355,2215,8.980897098755921,23,200,0.115,0.07786373208518774,0.16664716944991373,False,insufficient,200,,
419,1648,8.980897098755921,50,200,0.25,0.195081679676731,0.3143409836577504,False,insufficient,200,,
483,1081,8.980897098755921,84,200,0.42,0.3537359911147436,0.48927926115229037,False,insufficient,200,,
547,514,8.980897098755921,134,200,0.67,0.6021668471867698,0.7314257417457829,False,insufficient,200,,
106,4421,8.9809232786947,0,200,0.0,0.0,0.018845326668962936,False,insufficient,200,,
170,3854,8.9809232786947,1,200,0.005,0.0008831687058453758,0.02777370469642793,False,insufficient,200,,
234,3287,8.9809232786947,2,200,0.01,0.0027466581088489593,0.035721762026734716,False,insufficient,200,,
298,2720,8.9809232786947,10,200,0.05,0.027382645473457017,0.08957814852860962,False,insufficient,200,,
362,2153,8.9809232786947,23,200,0.115,0.07786373208518774,0.16664716944991373,False,insufficient,200,,
426,1586,8.9809232786947,52,200,0.26,0.2041383002358024,0.32490745656529973,False,insufficient,200,,
490,1019,8.9809232786947,88,200,0.44,0.3729781920017676,0.5092832471985078,False,insufficient,200,,
554,452,8.9809232786947,138,200,0.69,0.6228282237882907,0.7500105520775032,False,insufficient,200,,
42,4988,8.980923278694702,0,200,0.0,0.0,0.018845326668962936,False,insufficient,200,,
49,4926,8.98094945863348,0,200,0.0,0.0,0.018845326668962936,False,insufficient,200,,
113,4359,8.98094945863348,0,200,0.0,0.0,0.018845326668962936,False,insufficient,200,,
177,3792,8.98094945863348,1,200,0.005,0.0008831687058453758,0.02777370469642793,False,insufficient,200,,
241,3225,8.98094945863348,3,200,0.015,0.005114237753504754,0.043165729115389295,False,insufficient,200,,
305,2658,8.98094945863348,13,200,0.065,0.03837635449161451,0.10801907971038324,False,insufficient,200,,
369,2091,8.98094945863348,23,200,0.115,0.07786373208518774,0.16664716944991373,False,insufficient,200,,
433,1524,8.98094945863348,57,200,0.285,0.22695002962622268,0.35115346084143123,False,insufficient,200,,
497,957,8.98094945863348,93,200,0.465,0.3971856410502652,0.5341335318165621,False,insufficient,200,,
561,390,8.98094945863348,148,200,0.74,0.6750925434347002,0.7958616997641975,False,insufficient,200,,
568,328,8.980975638572259,154,200,0.77,0.7069169558159164,0.8229065677828437,False,insufficient,200,,
56,4864,8.98097563857226,0,200,0.0,0.0,0.018845326668962936,False,insufficient,200,,
120,4297,8.98097563857226,1,200,0.005,0.0008831687058453758,0.02777370469642793,False,insufficient,200,,
184,3730,8.98097563857226,1,200,0.005,0.0008831687058453758,0.02777370469642793,False,insufficient,200,,
248,3163,8.98097563857226,4,200,0.02,0.007804426362159347,0.05028708724004506,False,insufficient,200,,
312,2596,8.98097563857226,14,200,0.07,0.04215217166140097,0.11405480927390717,False,insufficient,200,,
376,2029,8.98097563857226,24,200,0.12,0.0819799268161472,0.17234252145226464,False,insufficient,200,,
440,1462,8.98097563857226,61,200,0.305,0.2453641558726048,0.3719855215282907,False,insufficient,200,,
504,895,8.98097563857226,102,200,0.51,0.44118587625055616,0.5784372172160646,False,insufficient,200,,
63,4802,8.98100181851104,0,200,0.0,0.0,0.018845326668962936,False,insufficient,200,,
127,4235,8.98100181851104,1,200,0.005,0.0008831687058453758,0.02777370469642793,False,insufficient,200,,
191,3668,8.98100181851104,2,200,0.01,0.0027466581088489593,0.035721762026734716,False,insufficient,200,,
255,3101,8.98100181851104,4,200,0.02,0.007804426362159347,0.05028708724004506,False,insufficient,200,,
319,2534,8.98100181851104,14,200,0.07,0.04215217166140097,0.11405480927390717,False,insufficient,200,,
383,1967,8.98100181851104,27,200,0.135,0.09446570427968658,0.18929138418865638,False,insufficient,200,,
447,1400,8.98100181851104,63,200,0.315,0.2546232094605245,0.38234956140699167,False,insufficient,200,,
511,833,8.98100181851104,105,200,0.525,0.45597395960896836,0.5930837740575836,False,insufficient,200,,
575,266,8.98100181851104,158,200,0.79,0.7283538308774716,0.84071587965453,False,insufficient,200,,
262,3039,8.98102799844982,5,200,0.025,0.010724719583860124,0.05717834075165468,False,insufficient,200,,
326,2472,8.98102799844982,14,200,0.07,0.04215217166140097,0.11405480927390717,False,insufficient,200,,
390,1905,8.98102799844982,30,200,0.15,0.10713593533492477,0.20605579333334925,False,insufficient,200,,
454,1338,8.98102799844982,68,200,0.34,0.2779154592508567,0.4081150452832114,False,insufficient,200,,
518,771,8.98102799844982,112,200,0.56,0.4907167528014922,0.6270218079982324,False,insufficient,200,,
6,5307,8.981027998449822,0,200,0.0,0.0,0.018845326668962936,False,insufficient,200,,
70,4740,8.981027998449822,0,200,0.0,0.0,0.018845326668962936,False,insufficient,200,,
134,4173,8.981027998449822,1,200,0.005,0.0008831687058453758,0.02777370469642793,False,insufficient,200,,
198,3606,8.981027998449822,2,200,0.01,0.0027466581088489593,0.035721762026734716,False,insufficient,200,,
582,204,8.981027998449822,162,200,0.81,0.7499876124094633,0.8583282850557797,False,insufficient,200,,
13,5245,8.9810541783886,0,200,0.0,0.0,0.018845326668962936,False,insufficient,200,,
77,4678,8.9810541783886,0,200,0.0,0.0,0.018845326668962936,False,insufficient,200,,
141,4111,8.9810541783886,1,200,0.005,0.0008831687058453758,0.02777370469642793,False,insufficient,200,,
205,3544,8.9810541783886,2,200,0.01,0.0027466581088489593,0.035721762026734716,False,insufficient,200,,
269,2977,8.9810541783886,7,200,0.035,0.01705554191525804,0.0704706118868775,False,insufficient,200,,
333,2410,8.9810541783886,16,200,0.08,0.04984058570487163,0.12598948869705726,False,insufficient,200,,
397,1843,8.9810541783886,33,200,0.165,0.11996855297651625,0.22265781589168893,False,insufficient,200,,
461,1276,8.9810541783886,72,200,0.36,0.2966919725753122,0.4285847188919973,False,insufficient,200,,
525,709,8.9810541783886,120,200,0.6,0.5308367198423567,0.6653942148238506,False,insufficient,200,,
589,142,8.9810541783886,168,200,0.84,0.782859297881253,0.884325879983852,False,insufficient,200,,
20,5183,8.98108035832738,0,200,0.0,0.0,0.018845326668962936,False,insufficient,200,,
84,4616,8.98108035832738,0,200,0.0,0.0,0.018845326668962936,False,insufficient,200,,
148,4049,8.98108035832738,1,200,0.005,0.0008831687058453758,0.02777370469642793,False,insufficient,200,,
212,3482,8.98108035832738,2,200,0.01,0.0027466581088489593,0.035721762026734716,False,insufficient,200,,
276,2915,8.98108035832738,6,200,0.03,0.013820314259191425,0.06389429280963374,False,insufficient,200,,
340,2348,8.98108035832738,19,200,0.095,0.061663102507449205,0.14360161209441077,False,insufficient,200,,
404,1781,8.98108035832738,34,200,0.17,0.12427907881439243,0.22815883678712312,False,insufficient,200,,
468,1214,8.98108035832738,78,200,0.39,0.3250834308878392,0.4590625409793326,False,insufficient,200,,
532,647,8.98108035832738,123,200,0.615,0.5459986716511277,0.6796669032150108,False,insufficient,200,,
596,80,8.98108035832738,3480,4000,0.87,0.8592219997634746,0.8800680121909564,False,insufficient,4000,,
411,1719,8.98110653826616,38,200,0.19,0.1416717149442203,0.25001238759053673,False,insufficient,200,,
475,1152,8.98110653826616,80,200,0.4,0.3346057851761492,0.46916328015764336,False,insufficient,200,,
539,585,8.98110653826616,129,200,0.645,0.5765211302029042,0.7080137250630966,False,insufficient,200,,
603,18,8.98110653826616,3542,4000,0.8855,0.8752602553146897,0.8950000138972918,False,insufficient,4000,,
27,5121,8.981106538266161,0,200,0.0,0.0,0.018845326668962936,False,insufficient,200,,
91,4554,8.981106538266161,0,200,0.0,0.0,0.018845326668962936,False,insufficient,200,,
155,3987,8.981106538266161,1,200,0.005,0.0008831687058453758,0.02777370469642793,False,insufficient,200,,
219,3420,8.981106538266161,2,200,0.01,0.0027466581088489593,0.035721762026734716,False,insufficient,200,,
283,2853,8.981106538266161,7,200,0.035,0.01705554191525804,0.0704706118868775,False,insufficient,200,,
347,2286,8.981106538266161,19,200,0.095,0.061663102507449205,0.14360161209441077,False,insufficient,200,,
34,5059,8.98113271820494,0,200,0.0,0.0,0.018845326668962936,False,insufficient,200,,
98,4492,8.98113271820494,0,200,0.0,0.0,0.018845326668962936,False,insufficient,200,,
162,3925,8.98113271820494,0,200,0.0,0.0,0.018845326668962936,False,insufficient,200,,
226,3358,8.98113271820494,2,200,0.01,0.0027466581088489593,0.035721762026734716,False,insufficient,200,,
290,2791,8.98113271820494,6,200,0.03,0.013820314259191425,0.06389429280963374,False,insufficient,200,,
354,2224,8.98113271820494,15,200,0.075,0.04597491700833055,0.12004361066028794,False,insufficient,200,,
418,1657,8.98113271820494,47,200,0.235,0.18157433377419854,0.2984136893603518,False,insufficient,200,,
482,1090,8.98113271820494,83,200,0.415,0.34894285399844827,0.4842608515352753,False,insufficient,200,,
546,523,8.98113271820494,131,200,0.655,0.5867558920387631,0.7174020566938584,False,insufficient,200,,
553,461,8.981158898143718,137,200,0.685,0.6176504385930084,0.7453767905394755,False,insufficient,200,,
41,4997,8.98115889814372,0,200,0.0,0.0,0.018845326668962936,False,insufficient,200,,
105,4430,8.98115889814372,0,200,0.0,0.0,0.018845326668962936,False,insufficient,200,,
169,3863,8.98115889814372,0,200,0.0,0.0,0.018845326668962936,False,insufficient,200,,
233,3296,8.98115889814372,3,200,0.015,0.005114237753504754,0.043165729115389295,False,insufficient,200,,
297,2729,8.98115889814372,6,200,0.03,0.013820314259191425,0.06389429280963374,False,insufficient,200,,
361,2162,8.98115889814372,16,200,0.08,0.04984058570487163,0.12598948869705726,False,insufficient,200,,
425,1595,8.98115889814372,49,200,0.245,0.1905686805032898,0.3090424360978812,False,insufficient,200,,
489,1028,8.98115889814372,89,200,0.445,0.377806009517404,0.5142669764161818,False,insufficient,200,,
560,399,8.981185078082499,144,200,0.72,0.6540769535890598,0.7776311026765964,False,insufficient,200,,
48,4935,8.9811850780825,0,200,0.0,0.0,0.018845326668962936,False,insufficient,200,,
112,4368,8.9811850780825,0,200,0.0,0.0,0.018845326668962936,False,insufficient,200,,
176,3801,8.9811850780825,0,200,0.0,0.0,0.018845326668962936,False,insufficient,200,,
240,3234,8.9811850780825,3,200,0.015,0.005114237753504754,0.043165729115389295,False,insufficient,200,,
304,2667,8.9811850780825,8,200,0.04,0.0204056319610195,0.0769320685744264,False,insufficient,200,,
368,2100,8.9811850780825,18,200,0.09,0.05768744866037736,0.13776571920817224,False,insufficient,200,,
432,1533,8.9811850780825,53,200,0.265,0.2086815410670056,0.33017576246740693,False,insufficient,200,,
496,966,8.9811850780825,92,200,0.46,0.39233051748177505,0.529177108651742,False,insufficient,200,,
247,3172,8.981211258021279,4,200,0.02,0.007804426362159347,0.05028708724004506,False,insufficient,200,,
311,2605,8.981211258021279,8,200,0.04,0.0204056319610195,0.0769320685744264,False,insufficient,200,,
375,2038,8.981211258021279,20,200,0.1,0.06567044845124732,0.14940581288392302,False,insufficient,200,,
439,1471,8.981211258021279,62,200,0.31,0.2499894479224967,0.37717177621170916,False,insufficient,200,,
503,904,8.981211258021279,101,200,0.505,0.4362699998026278,0.5735415469306826,False,insufficient,200,,
55,4873,8.98121125802128,0,200,0.0,0.0,0.018845326668962936,False,insufficient,200,,
119,4306,8.98121125802128,0,200,0.0,0.0,0.018845326668962936,False,insufficient,200,,
183,3739,8.98121125802128,0,200,0.0,0.0,0.018845326668962936,False,insufficient,200,,
567,337,8.98121125802128,146,200,0.73,0.66456564747098,0.786765502261297,False,insufficient,200,,
62,4811,8.98123743796006,0,200,0.0,0.0,0.018845326668962936,False,insufficient,200,,
126,4244,8.98123743796006,0,200,0.0,0.0,0.018845326668962936,False,insufficient,200,,
190,3677,8.98123743796006,1,200,0.005,0.0008831687058453758,0.02777370469642793,False,insufficient,200,,
254,3110,8.98123743796006,4,200,0.02,0.007804426362159347,0.05028708724004506,False,insufficient,200,,
382,1976,8.98123743796006,23,200,0.115,0.07786373208518774,0.16664716944991373,False,insufficient,200,,
446,1409,8.98123743796006,64,200,0.32,0.2592653327095053,0.38751898489132125,False,insufficient,200,,
510,842,8.98123743796006,106,200,0.53,0.4609168286109567,0.5979524517889057,False,insufficient,200,,
574,275,8.98123743796006,152,200,0.76,0.6962665896736326,0.8139338404585067,False,insufficient,200,,
318,2543,8.981237437960061,8,200,0.04,0.0204056319610195,0.0769320685744264,False,insufficient,200,,
5,5316,8.98126361789884,0,200,0.0,0.0,0.018845326668962936,False,insufficient,200,,
69,4749,8.98126361789884,0,200,0.0,0.0,0.018845326668962936,False,insufficient,200,,
133,4182,8.98126361789884,0,200,0.0,0.0,0.018845326668962936,False,insufficient,200,,
197,3615,8.98126361789884,1,200,0.005,0.0008831687058453758,0.02777370469642793,False,insufficient,200,,
261,3048,8.98126361789884,5,200,0.025,0.010724719583860124,0.05717834075165468,False,insufficient,200,,
325,2481,8.98126361789884,8,200,0.04,0.0204056319610195,0.0769320685744264,False,insufficient,200,,
389,1914,8.98126361789884,26,200,0.13,0.09028202253521182,0.18366351919982074,False,insufficient,200,,
453,1347,8.98126361789884,68,200,0.34,0.2779154592508567,0.4081150452832114,False,insufficient,200,,
517,780,8.98126361789884,109,200,0.545,0.47578611318257474,0.6125178074172186,False,insufficient,200,,
581,213,8.98126361789884,158,200,0.79,0.7283538308774716,0.84071587965453,False,insufficient,200,,
140,4120,8.981289797837618,0,200,0.0,0.0,0.018845326668962936,False,insufficient,200,,
204,3553,8.981289797837618,1,200,0.005,0.0008831687058453758,0.02777370469642793,False,insufficient,200,,
268,2986,8.981289797837618,6,200,0.03,0.013820314259191425,0.06389429280963374,False,insufficient,200,,
332,2419,8.981289797837618,8,200,0.04,0.0204056319610195,0.0769320685744264,False,insufficient,200,,
396,1852,8.981289797837618,31,200,0.155,0.11139636898322336,0.21160690641836105,False,insufficient,200,,
460,1285,8.981289797837618,73,200,0.365,0.30140526417602626,0.4336829740245936,False,insufficient,200,,
524,718,8.981289797837618,116,200,0.58,0.5107207388477095,0.6462640088852564,False,insufficient,200,,
588,151,8.981289797837618,161,200,0.805,0.7445595557369519,0.8539447949949808,False,insufficient,200,,
12,5254,8.98128979783762,0,200,0.0,0.0,0.018845326668962936,False,insufficient,200,,
76,4687,8.98128979783762,0,200,0.0,0.0,0.018845326668962936,False,insufficient,200,,
19,5192,8.981315977776399,0,200,0.0,0.0,0.018845326668962936,False,insufficient,200,,
83,4625,8.981315977776399,0,200,0.0,0.0,0.018845326668962936,False,insufficient,200,,
147,4058,8.981315977776399,0,200,0.0,0.0,0.018845326668962936,False,insufficient,200,,
211,3491,8.981315977776399,1,200,0.005,0.0008831687058453758,0.02777370469642793,False,insufficient,200,,
531,656,8.981315977776399,120,200,0.6,0.5308367198423567,0.6653942148238506,False,insufficient,200,,
595,89,8.981315977776399,167,200,0.835,0.777342184108311,0.8800314470234837,False,insufficient,200,,
275,2924,8.9813159777764,6,200,0.03,0.013820314259191425,0.06389429280963374,False,insufficient,200,,
339,2357,8.9813159777764,9,200,0.045,0.02385254288504434,0.08329670438371192,False,insufficient,200,,
403,1790,8.9813159777764,34,200,0.17,0.12427907881439243,0.22815883678712312,False,insufficient,200,,
467,1223,8.9813159777764,75,200,0.375,0.310854368105246,0.4438569635619946,False,insufficient,200,,
602,27,8.981342157715178,171,200,0.855,0.7995133242038862,0.8971064938611499,False,insufficient,200,,
26,5130,8.98134215771518,0,200,0.0,0.0,0.018845326668962936,False,insufficient,200,,
90,4563,8.98134215771518,0,200,0.0,0.0,0.018845326668962936,False,insufficient,200,,
154,3996,8.98134215771518,0,200,0.0,0.0,0.018845326668962936,False,insufficient,200,,
218,3429,8.98134215771518,2,200,0.01,0.0027466581088489593,0.035721762026734716,False,insufficient,200,,
282,2862,8.98134215771518,6,200,0.03,0.013820314259191425,0.06389429280963374,False,insufficient,200,,
346,2295,8.98134215771518,10,200,0.05,0.027382645473457017,0.08957814852860962,False,insufficient,200,,
410,1728,8.98134215771518,37,200,0.185,0.1373019276778717,0.24457062812357494,False,insufficient,200,,
474,1161,8.98134215771518,79,200,0.395,0.3298410096426624,0.4641165089578198,False,insufficient,200,,
538,594,8.98134215771518,125,200,0.625,0.5561430364380054,0.6891456318947539,False,insufficient,200,,
161,3934,8.981368337653958,0,200,0.0,0.0,0.018845326668962936,False,insufficient,200,,
225,3367,8.981368337653958,2,200,0.01,0.0027466581088489593,0.035721762026734716,False,insufficient,200,,
289,2800,8.981368337653958,6,200,0.03,0.013820314259191425,0.06389429280963374,False,insufficient,200,,
353,2233,8.981368337653958,15,200,0.075,0.04597491700833055,0.12004361066028794,False,insufficient,200,,
417,1666,8.981368337653958,45,200,0.225,0.17262369678203637,0.2877412328858932,False,insufficient,200,,
481,1099,8.981368337653958,83,200,0.415,0.34894285399844827,0.4842608515352753,False,insufficient,200,,
33,5068,8.98136833765396,0,200,0.0,0.0,0.018845326668962936,False,insufficient,200,,
97,4501,8.98136833765396,0,200,0.0,0.0,0.018845326668962936,False,insufficient,200,,
545,532,8.98136833765396,131,200,0.655,0.5867558920387631,0.7174020566938584,False,insufficient,200,,
232,3305,8.981394517592738,3,200,0.015,0.005114237753504754,0.043165729115389295,False,insufficient,200,,
40,5006,8.98139451759274,0,200,0.0,0.0,0.018845326668962936,False,insufficient,200,,
104,4439,8.98139451759274,0,200,0.0,0.0,0.018845326668962936,False,insufficient,200,,
168,3872,8.98139451759274,0,200,0.0,0.0,0.018845326668962936,False,insufficient,200,,
296,2738,8.98139451759274,6,200,0.03,0.013820314259191425,0.06389429280963374,False,insufficient,200,,
360,2171,8.98139451759274,16,200,0.08,0.04984058570487163,0.12598948869705726,False,insufficient,200,,
424,1604,8.98139451759274,49,200,0.245,0.1905686805032898,0.3090424360978812,False,insufficient,200,,
488,1037,8.98139451759274,86,200,0.43,0.36334322282848375,0.4992951229051709,False,insufficient,200,,
552,470,8.98139451759274,136,200,0.68,0.6124810151086787,0.7407346672904946,False,insufficient,200,,
47,4944,8.981420697531519,0,200,0.0,0.0,0.018845326668962936,False,insufficient,200,,
111,4377,8.981420697531519,0,200,0.0,0.0,0.018845326668962936,False,insufficient,200,,
175,3810,8.981420697531519,0,200,0.0,0.0,0.018845326668962936,False,insufficient,200,,
239,3243,8.981420697531519,3,200,0.015,0.005114237753504754,0.043165729115389295,False,insufficient,200,,
303,2676,8.981420697531519,8,200,0.04,0.0204056319610195,0.0769320685744264,False,insufficient,200,,
367,2109,8.981420697531519,18,200,0.09,0.05768744866037736,0.13776571920817224,False,insufficient,200,,
431,1542,8.981420697531519,53,200,0.265,0.2086815410670056,0.33017576246740693,False,insufficient,200,,
495,975,8.981420697531519,92,200,0.46,0.39233051748177505,0.529177108651742,False,insufficient,200,,
559,408,8.981420697531519,142,200,0.71,0.6436252184459675,0.768459744353068,False,insufficient,200,,
54,4882,8.9814468774703,0,200,0.0,0.0,0.018845326668962936,False,insufficient,200,,
118,4315,8.9814468774703,0,200,0.0,0.0,0.018845326668962936,False,insufficient,200,,
182,3748,8.9814468774703,0,200,0.0,0.0,0.018845326668962936,False,insufficient,200,,
246,3181,8.9814468774703,4,200,0.02,0.007804426362159347,0.05028708724004506,False,insufficient,200,,
310,2614,8.9814468774703,8,200,0.04,0.0204056319610195,0.0769320685744264,False,insufficient,200,,
374,2047,8.9814468774703,20,200,0.1,0.06567044845124732,0.14940581288392302,False,insufficient,200,,
438,1480,8.9814468774703,60,200,0.3,0.24074744639257037,0.3667906842750147,False,insufficient,200,,
502,913,8.9814468774703,101,200,0.505,0.4362699998026278,0.5735415469306826,False,insufficient,200,,
566,346,8.9814468774703,146,200,0.73,0.66456564747098,0.786765502261297,False,insufficient,200,,
381,1985,8.981473057409078,22,200,0.11,0.07377244436816725,0.16092691043362384,False,insufficient,200,,
445,1418,8.981473057409078,63,200,0.315,0.2546232094605245,0.38234956140699167,False,insufficient,200,,
509,851,8.981473057409078,105,200,0.525,0.45597395960896836,0.5930837740575836,False,insufficient,200,,
573,284,8.981473057409078,152,200,0.76,0.6962665896736326,0.8139338404585067,False,insufficient,200,,
61,4820,8.98147305740908,0,200,0.0,0.0,0.018845326668962936,False,insufficient,200,,
125,4253,8.98147305740908,0,200,0.0,0.0,0.018845326668962936,False,insufficient,200,,
189,3686,8.98147305740908,1,200,0.005,0.0008831687058453758,0.02777370469642793,False,insufficient,200,,
253,3119,8.98147305740908,4,200,0.02,0.007804426362159347,0.05028708724004506,False,insufficient,200,,
317,2552,8.98147305740908,8,200,0.04,0.0204056319610195,0.0769320685744264,False,insufficient,200,,
4,5325,8.981499237347858,0,200,0.0,0.0,0.018845326668962936,False,insufficient,200,,
68,4758,8.981499237347858,0,200,0.0,0.0,0.018845326668962936,False,insufficient,200,,
132,4191,8.981499237347858,0,200,0.0,0.0,0.018845326668962936,False,insufficient,200,,
196,3624,8.981499237347858,1,200,0.005,0.0008831687058453758,0.02777370469642793,False,insufficient,200,,
260,3057,8.981499237347858,5,200,0.025,0.010724719583860124,0.05717834075165468,False,insufficient,200,,
324,2490,8.981499237347858,8,200,0.04,0.0204056319610195,0.0769320685744264,False,insufficient,200,,
388,1923,8.981499237347858,26,200,0.13,0.09028202253521182,0.18366351919982074,False,insufficient,200,,
452,1356,8.981499237347858,68,200,0.34,0.2779154592508567,0.4081150452832114,False,insufficient,200,,
516,789,8.981499237347858,108,200,0.54,0.4708228913482581,0.607669482518225,False,insufficient,200,,
580,222,8.981499237347858,157,200,0.785,0.722976925984516,0.8362812378141752,False,insufficient,200,,
75,4696,8.981525417286639,0,200,0.0,0.0,0.018845326668962936,False,insufficient,200,,
139,4129,8.981525417286639,0,200,0.0,0.0,0.018845326668962936,False,insufficient,200,,
203,3562,8.981525417286639,1,200,0.005,0.0008831687058453758,0.02777370469642793,False,insufficient,200,,
267,2995,8.981525417286639,6,200,0.03,0.013820314259191425,0.06389429280963374,False,insufficient,200,,
331,2428,8.981525417286639,8,200,0.04,0.0204056319610195,0.0769320685744264,False,insufficient,200,,
395,1861,8.981525417286639,31,200,0.155,0.11139636898322336,0.21160690641836105,False,insufficient,200,,
459,1294,8.981525417286639,72,200,0.36,0.2966919725753122,0.4285847188919973,False,insufficient,200,,
523,727,8.981525417286639,115,200,0.575,0.505709325931126,0.6414638750685293,False,insufficient,200,,
587,160,8.981525417286639,161,200,0.805,0.7445595557369519,0.8539447949949808,False,insufficient,200,,
11,5263,8.98152541728664,0,200,0.0,0.0,0.018845326668962936,False,insufficient,200,,
18,5201,8.981551597225419,0,200,0.0,0.0,0.018845326668962936,False,insufficient,200,,
82,4634,8.981551597225419,0,200,0.0,0.0,0.018845326668962936,False,insufficient,200,,
146,4067,8.981551597225419,0,200,0.0,0.0,0.018845326668962936,False,insufficient,200,,
210,3500,8.981551597225419,1,200,0.005,0.0008831687058453758,0.02777370469642793,False,insufficient,200,,
274,2933,8.981551597225419,6,200,0.03,0.013820314259191425,0.06389429280963374,False,insufficient,200,,
338,2366,8.981551597225419,9,200,0.045,0.02385254288504434,0.08329670438371192,False,insufficient,200,,
402,1799,8.981551597225419,34,200,0.17,0.12427907881439243,0.22815883678712312,False,insufficient,200,,
466,1232,8.981551597225419,74,200,0.37,0.30612608362251653,0.4387737013114137,False,insufficient,200,,
530,665,8.981551597225419,119,200,0.595,0.5257971002635867,0.6606222876693102,False,insufficient,200,,
594,98,8.981551597225419,164,200,0.82,0.7608852492032754,0.8670537417285882,False,insufficient,200,,
217,3438,8.981577777164198,2,200,0.01,0.0027466581088489593,0.035721762026734716,False,insufficient,200,,
281,2871,8.981577777164198,6,200,0.03,0.013820314259191425,0.06389429280963374,False,insufficient,200,,
409,1737,8.981577777164198,36,200,0.18,0.13294625827141174,0.2391147507967245,False,insufficient,200,,
537,603,8.981577777164198,125,200,0.625,0.5561430364380054,0.6891456318947539,False,insufficient,200,,
25,5139,8.9815777771642,0,200,0.0,0.0,0.018845326668962936,False,insufficient,200,,
89,4572,8.9815777771642,0,200,0.0,0.0,0.018845326668962936,False,insufficient,200,,
153,4005,8.9815777771642,0,200,0.0,0.0,0.018845326668962936,False,insufficient,200,,
345,2304,8.9815777771642,10,200,0.05,0.027382645473457017,0.08957814852860962,False,insufficient,200,,
473,1170,8.9815777771642,77,200,0.385,0.3203330967849892,0.4540013283488722,False,insufficient,200,,
601,36,8.9815777771642,168,200,0.84,0.782859297881253,0.884325879983852,False,insufficient,200,,
32,5077,8.981603957102978,0,200,0.0,0.0,0.018845326668962936,False,insufficient,200,,
352,2242,8.981603957102978,13,200,0.065,0.03837635449161451,0.10801907971038324,False,insufficient,200,,
416,1675,8.981603957102978,45,200,0.225,0.17262369678203637,0.2877412328858932,False,insufficient,200,,
480,1108,8.981603957102978,83,200,0.415,0.34894285399844827,0.4842608515352753,False,insufficient,200,,
544,541,8.981603957102978,130,200,0.65,0.5816346428084853,0.7127117591908259,False,insufficient,200,,
96,4510,8.98160395710298,0,200,0.0,0.0,0.018845326668962936,False,insufficient,200,,
160,3943,8.98160395710298,0,200,0.0,0.0,0.018845326668962936,False,insufficient,200,,
224,3376,8.98160395710298,2,200,0.01,0.0027466581088489593,0.035721762026734716,False,insufficient,200,,
288,2809,8.98160395710298,6,200,0.03,0.013820314259191425,0.06389429280963374,False,insufficient,200,,
39,5015,8.981630137041758,0,200,0.0,0.0,0.018845326668962936,False,insufficient,200,,
103,4448,8.981630137041758,0,200,0.0,0.0,0.018845326668962936,False,insufficient,200,,
167,3881,8.981630137041758,0,200,0.0,0.0,0.018845326668962936,False,insufficient,200,,
231,3314,8.981630137041758,2,200,0.01,0.0027466581088489593,0.035721762026734716,False,insufficient,200,,
295,2747,8.981630137041758,6,200,0.03,0.013820314259191425,0.06389429280963374,False,insufficient,200,,
359,2180,8.981630137041758,16,200,0.08,0.04984058570487163,0.12598948869705726,False,insufficient,200,,
423,1613,8.981630137041758,49,200,0.245,0.1905686805032898,0.3090424360978812,False,insufficient,200,,
487,1046,8.981630137041758,85,200,0.425,0.3585361249314706,0.4942906740688738,False,insufficient,200,,
551,479,8.981630137041758,135,200,0.675,0.607319850609677,0.7360842850561861,False,insufficient,200,,
558,417,8.981656316980537,140,200,0.7,0.6332093157249852,0.7592525536074295,False,insufficient,200,,
46,4953,8.981656316980539,0,200,0.0,0.0,0.018845326668962936,False,insufficient,200,,
110,4386,8.981656316980539,0,200,0.0,0.0,0.018845326668962936,False,insufficient,200,,
174,3819,8.981656316980539,0,200,0.0,0.0,0.018845326668962936,False,insufficient,200,,
238,3252,8.981656316980539,3,200,0.015,0.005114237753504754,0.043165729115389295,False,insufficient,200,,
302,2685,8.981656316980539,7,200,0.035,0.01705554191525804,0.0704706118868775,False,insufficient,200,,
366,2118,8.981656316980539,17,200,0.085,0.05374574998400461,0.13189587115123463,False,insufficient,200,,
430,1551,8.981656316980539,52,200,0.26,0.2041383002358024,0.32490745656529973,False,insufficient,200,,
494,984,8.981656316980539,92,200,0.46,0.39233051748177505,0.529177108651742,False,insufficient,200,,
501,922,8.981682496919317,100,200,0.5,0.43136085907267824,0.5686391409273218,False,insufficient,200,,
565,355,8.981682496919317,146,200,0.73,0.66456564747098,0.786765502261297,False,insufficient,200,,
53,4891,8.98168249691932,0,200,0.0,0.0,0.018845326668962936,False,insufficient,200,,
117,4324,8.98168249691932,0,200,0.0,0.0,0.018845326668962936,False,insufficient,200,,
181,3757,8.98168249691932,0,200,0.0,0.0,0.018845326668962936,False,insufficient,200,,
245,3190,8.98168249691932,4,200,0.02,0.007804426362159347,0.05028708724004506,False,insufficient,200,,
309,2623,8.98168249691932,8,200,0.04,0.0204056319610195,0.0769320685744264,False,insufficient,200,,
373,2056,8.98168249691932,20,200,0.1,0.06567044845124732,0.14940581288392302,False,insufficient,200,,
437,1489,8.98168249691932,58,200,0.29,0.23154025564693195,0.3563747815540324,False,insufficient,200,,
124,4262,8.981708676858098,0,200,0.0,0.0,0.018845326668962936,False,insufficient,200,,
188,3695,8.981708676858098,0,200,0.0,0.0,0.018845326668962936,False,insufficient,200,,
252,3128,8.981708676858098,4,200,0.02,0.007804426362159347,0.05028708724004506,False,insufficient,200,,
316,2561,8.981708676858098,8,200,0.04,0.0204056319610195,0.0769320685744264,False,insufficient,200,,
380,1994,8.981708676858098,22,200,0.11,0.07377244436816725,0.16092691043362384,False,insufficient,200,,
444,1427,8.981708676858098,62,200,0.31,0.2499894479224967,0.37717177621170916,False,insufficient,200,,
508,860,8.981708676858098,105,200,0.525,0.45597395960896836,0.5930837740575836,False,insufficient,200,,
572,293,8.981708676858098,150,200,0.75,0.6856590163422495,0.804918320323269,False,insufficient,200,,
60,4829,8.9817086768581,0,200,0.0,0.0,0.018845326668962936,False,insufficient,200,,
3,5334,8.981734856796878,0,200,0.0,0.0,0.018845326668962936,False,insufficient,200,,
67,4767,8.981734856796878,0,200,0.0,0.0,0.018845326668962936,False,insufficient,200,,
131,4200,8.981734856796878,0,200,0.0,0.0,0.018845326668962936,False,insufficient,200,,
195,3633,8.981734856796878,1,200,0.005,0.0008831687058453758,0.02777370469642793,False,insufficient,200,,
259,3066,8.981734856796878,5,200,0.025,0.010724719583860124,0.05717834075165468,False,insufficient,200,,
323,2499,8.981734856796878,8,200,0.04,0.0204056319610195,0.0769320685744264,False,insufficient,200,,
387,1932,8.981734856796878,25,200,0.125,0.0861197445025044,0.1780142504992178,False,insufficient,200,,
451,1365,8.981734856796878,68,200,0.34,0.2779154592508567,0.4081150452832114,False,insufficient,200,,
515,798,8.981734856796878,108,200,0.54,0.4708228913482581,0.607669482518225,False,insufficient,200,,
579,231,8.981734856796878,156,200,0.78,0.7176120002896181,0.8318346167757626,False,insufficient,200,,
10,5272,8.981761036735659,0,200,0.0,0.0,0.018845326668962936,False,insufficient,200,,
74,4705,8.981761036735659,0,200,0.0,0.0,0.018845326668962936,False,insufficient,200,,
138,4138,8.981761036735659,0,200,0.0,0.0,0.018845326668962936,False,insufficient,200,,
202,3571,8.981761036735659,1,200,0.005,0.0008831687058453758,0.02777370469642793,False,insufficient,200,,
266,3004,8.981761036735659,6,200,0.03,0.013820314259191425,0.06389429280963374,False,insufficient,200,,
330,2437,8.981761036735659,8,200,0.04,0.0204056319610195,0.0769320685744264,False,insufficient,200,,
394,1870,8.981761036735659,30,200,0.15,0.10713593533492477,0.20605579333334925,False,insufficient,200,,
458,1303,8.981761036735659,72,200,0.36,0.2966919725753122,0.4285847188919973,False,insufficient,200,,
522,736,8.981761036735659,115,200,0.575,0.505709325931126,0.6414638750685293,False,insufficient,200,,
586,169,8.981761036735659,161,200,0.805,0.7445595557369519,0.8539447949949808,False,insufficient,200,,
17,5210,8.981787216674437,0,200,0.0,0.0,0.018845326668962936,False,insufficient,200,,
145,4076,8.981787216674437,0,200,0.0,0.0,0.018845326668962936,False,insufficient,200,,
209,3509,8.981787216674437,1,200,0.005,0.0008831687058453758,0.02777370469642793,False,insufficient,200,,
273,2942,8.981787216674437,6,200,0.03,0.013820314259191425,0.06389429280963374,False,insufficient,200,,
337,2375,8.981787216674437,8,200,0.04,0.0204056319610195,0.0769320685744264,False,insufficient,200,,
401,1808,8.981787216674437,34,200,0.17,0.12427907881439243,0.22815883678712312,False,insufficient,200,,
465,1241,8.981787216674437,74,200,0.37,0.30612608362251653,0.4387737013114137,False,insufficient,200,,
529,674,8.981787216674437,119,200,0.595,0.5257971002635867,0.6606222876693102,False,insufficient,200,,
593,107,8.981787216674437,163,200,0.815,0.755429371876425,0.8626980723221283,False,insufficient,200,,
81,4643,8.981787216674439,0,200,0.0,0.0,0.018845326668962936,False,insufficient,200,,
24,5148,8.981813396613218,0,200,0.0,0.0,0.018845326668962936,False,insufficient,200,,
88,4581,8.981813396613218,0,200,0.0,0.0,0.018845326668962936,False,insufficient,200,,
152,4014,8.981813396613218,0,200,0.0,0.0,0.018845326668962936,False,insufficient,200,,
216,3447,8.981813396613218,2,200,0.01,0.0027466581088489593,0.035721762026734716,False,insufficient,200,,
280,2880,8.981813396613218,6,200,0.03,0.013820314259191425,0.06389429280963374,False,insufficient,200,,
344,2313,8.981813396613218,10,200,0.05,0.027382645473457017,0.08957814852860962,False,insufficient,200,,
408,1746,8.981813396613218,35,200,0.175,0.1286051503455461,0.23364431198927976,False,insufficient,200,,
472,1179,8.981813396613218,77,200,0.385,0.3203330967849892,0.4540013283488722,False,insufficient,200,,
536,612,8.981813396613218,125,200,0.625,0.5561430364380054,0.6891456318947539,False,insufficient,200,,
600,45,8.981813396613218,168,200,0.84,0.782859297881253,0.884325879983852,False,insufficient,200,,
543,550,8.981839576551996,130,200,0.65,0.5816346428084853,0.7127117591908259,False,insufficient,200,,
31,5086,8.981839576551998,0,200,0.0,0.0,0.018845326668962936,False,insufficient,200,,
95,4519,8.981839576551998,0,200,0.0,0.0,0.018845326668962936,False,insufficient,200,,
159,3952,8.981839576551998,0,200,0.0,0.0,0.018845326668962936,False,insufficient,200,,
223,3385,8.981839576551998,2,200,0.01,0.0027466581088489593,0.035721762026734716,False,insufficient,200,,
287,2818,8.981839576551998,6,200,0.03,0.013820314259191425,0.06389429280963374,False,insufficient,200,,
351,2251,8.981839576551998,13,200,0.065,0.03837635449161451,0.10801907971038324,False,insufficient,200,,
415,1684,8.981839576551998,45,200,0.225,0.17262369678203637,0.2877412328858932,False,insufficient,200,,
479,1117,8.981839576551998,82,200,0.41,0.3441567485880499,0.4792354102123633,False,insufficient,200,,
102,4457,8.981865756490777,0,200,0.0,0.0,0.018845326668962936,False,insufficient,200,,
166,3890,8.981865756490777,0,200,0.0,0.0,0.018845326668962936,False,insufficient,200,,
230,3323,8.981865756490777,2,200,0.01,0.0027466581088489593,0.035721762026734716,False,insufficient,200,,
294,2756,8.981865756490777,6,200,0.03,0.013820314259191425,0.06389429280963374,False,insufficient,200,,
358,2189,8.981865756490777,16,200,0.08,0.04984058570487163,0.12598948869705726,False,insufficient,200,,
422,1622,8.981865756490777,48,200,0.24,0.1860661595414933,0.3037334103263674,False,insufficient,200,,
486,1055,8.981865756490777,85,200,0.425,0.3585361249314706,0.4942906740688738,False,insufficient,200,,
38,5024,8.981865756490778,0,200,0.0,0.0,0.018845326668962936,False,insufficient,200,,
550,488,8.981865756490778,135,200,0.675,0.607319850609677,0.7360842850561861,False,insufficient,200,,
109,4395,8.981891936429557,0,200,0.0,0.0,0.018845326668962936,False,insufficient,200,,
173,3828,8.981891936429557,0,200,0.0,0.0,0.018845326668962936,False,insufficient,200,,
237,3261,8.981891936429557,3,200,0.015,0.005114237753504754,0.043165729115389295,False,insufficient,200,,
301,2694,8.981891936429557,7,200,0.035,0.01705554191525804,0.0704706118868775,False,insufficient,200,,
365,2127,8.981891936429557,17,200,0.085,0.05374574998400461,0.13189587115123463,False,insufficient,200,,
429,1560,8.981891936429557,51,200,0.255,0.19960495132458245,0.3196292587432093,False,insufficient,200,,
493,993,8.981891936429557,92,200,0.46,0.39233051748177505,0.529177108651742,False,insufficient,200,,
557,426,8.981891936429557,139,200,0.695,0.6280144784717092,0.7546358441273952,False,insufficient,200,,
45,4962,8.981891936429559,0,200,0.0,0.0,0.018845326668962936,False,insufficient,200,,
52,4900,8.981918116368337,0,200,0.0,0.0,0.018845326668962936,False,insufficient,200,,
116,4333,8.981918116368337,0,200,0.0,0.0,0.018845326668962936,False,insufficient,200,,
180,3766,8.981918116368337,0,200,0.0,0.0,0.018845326668962936,False,insufficient,200,,
244,3199,8.981918116368337,4,200,0.02,0.007804426362159347,0.05028708724004506,False,insufficient,200,,
308,2632,8.981918116368337,8,200,0.04,0.0204056319610195,0.0769320685744264,False,insufficient,200,,
372,2065,8.981918116368337,20,200,0.1,0.06567044845124732,0.14940581288392302,False,insufficient,200,,
436,1498,8.981918116368337,58,200,0.29,0.23154025564693195,0.3563747815540324,False,insufficient,200,,
500,931,8.981918116368337,100,200,0.5,0.43136085907267824,0.5686391409273218,False,insufficient,200,,
564,364,8.981918116368337,144,200,0.72,0.6540769535890598,0.7776311026765964,False,insufficient,200,,
187,3704,8.981944296307116,0,200,0.0,0.0,0.018845326668962936,False,insufficient,200,,
251,3137,8.981944296307116,4,200,0.02,0.007804426362159347,0.05028708724004506,False,insufficient,200,,
315,2570,8.981944296307116,8,200,0.04,0.0204056319610195,0.0769320685744264,False,insufficient,200,,
379,2003,8.981944296307116,22,200,0.11,0.07377244436816725,0.16092691043362384,False,insufficient,200,,
443,1436,8.981944296307116,62,200,0.31,0.2499894479224967,0.37717177621170916,False,insufficient,200,,
507,869,8.981944296307116,104,200,0.52,0.45103785019149595,0.5882083367417457,False,insufficient,200,,
571,302,8.981944296307116,149,200,0.745,0.6803707412567906,0.8003950486754174,False,insufficient,200,,
59,4838,8.981944296307118,0,200,0.0,0.0,0.018845326668962936,False,insufficient,200,,
123,4271,8.981944296307118,0,200,0.0,0.0,0.018845326668962936,False,insufficient,200,,
2,5343,8.981970476245897,0,200,0.0,0.0,0.018845326668962936,False,insufficient,200,,
66,4776,8.981970476245897,0,200,0.0,0.0,0.018845326668962936,False,insufficient,200,,
322,2508,8.981970476245897,8,200,0.04,0.0204056319610195,0.0769320685744264,False,insufficient,200,,
386,1941,8.981970476245897,24,200,0.12,0.0819799268161472,0.17234252145226464,False,insufficient,200,,
450,1374,8.981970476245897,66,200,0.33,0.26857425825421716,0.3978331528132302,False,insufficient,200,,
514,807,8.981970476245897,108,200,0.54,0.4708228913482581,0.607669482518225,False,insufficient,200,,
578,240,8.981970476245897,154,200,0.77,0.7069169558159164,0.8229065677828437,False,insufficient,200,,
130,4209,8.981970476245898,0,200,0.0,0.0,0.018845326668962936,False,insufficient,200,,
194,3642,8.981970476245898,1,200,0.005,0.0008831687058453758,0.02777370469642793,False,insufficient,200,,
258,3075,8.981970476245898,4,200,0.02,0.007804426362159347,0.05028708724004506,False,insufficient,200,,
9,5281,8.981996656184677,0,200,0.0,0.0,0.018845326668962936,False,insufficient,200,,
73,4714,8.981996656184677,0,200,0.0,0.0,0.018845326668962936,False,insufficient,200,,
137,4147,8.981996656184677,0,200,0.0,0.0,0.018845326668962936,False,insufficient,200,,
201,3580,8.981996656184677,1,200,0.005,0.0008831687058453758,0.02777370469642793,False,insufficient,200,,
265,3013,8.981996656184677,6,200,0.03,0.013820314259191425,0.06389429280963374,False,insufficient,200,,
329,2446,8.981996656184677,8,200,0.04,0.0204056319610195,0.0769320685744264,False,insufficient,200,,
393,1879,8.981996656184677,30,200,0.15,0.10713593533492477,0.20605579333334925,False,insufficient,200,,
457,1312,8.981996656184677,72,200,0.36,0.2966919725753122,0.4285847188919973,False,insufficient,200,,
521,745,8.981996656184677,114,200,0.57,0.5007048770948288,0.6366567771715163,False,insufficient,200,,
585,178,8.981996656184677,161,200,0.805,0.7445595557369519,0.8539447949949808,False,insufficient,200,,
80,4652,8.982022836123457,0,200,0.0,0.0,0.018845326668962936,False,insufficient,200,,
144,4085,8.982022836123457,0,200,0.0,0.0,0.018845326668962936,False,insufficient,200,,
208,3518,8.982022836123457,1,200,0.005,0.0008831687058453758,0.02777370469642793,False,insufficient,200,,
272,2951,8.982022836123457,6,200,0.03,0.013820314259191425,0.06389429280963374,False,insufficient,200,,
336,2384,8.982022836123457,8,200,0.04,0.0204056319610195,0.0769320685744264,False,insufficient,200,,
400,1817,8.982022836123457,33,200,0.165,0.11996855297651625,0.22265781589168893,False,insufficient,200,,
464,1250,8.982022836123457,73,200,0.365,0.30140526417602626,0.4336829740245936,False,insufficient,200,,
528,683,8.982022836123457,119,200,0.595,0.5257971002635867,0.6606222876693102,False,insufficient,200,,
592,116,8.982022836123457,163,200,0.815,0.755429371876425,0.8626980723221283,False,insufficient,200,,
16,5219,8.982022836123459,0,200,0.0,0.0,0.018845326668962936,False,insufficient,200,,
407,1755,8.982049016062236,34,200,0.17,0.12427907881439243,0.22815883678712312,False,insufficient,200,,
471,1188,8.982049016062236,77,200,0.385,0.3203330967849892,0.4540013283488722,False,insufficient,200,,
535,621,8.982049016062236,125,200,0.625,0.5561430364380054,0.6891456318947539,False,insufficient,200,,
23,5157,8.982049016062238,0,200,0.0,0.0,0.018845326668962936,False,insufficient,200,,
87,4590,8.982049016062238,0,200,0.0,0.0,0.018845326668962936,False,insufficient,200,,
151,4023,8.982049016062238,0,200,0.0,0.0,0.018845326668962936,False,insufficient,200,,
215,3456,8.982049016062238,1,200,0.005,0.0008831687058453758,0.02777370469642793,False,insufficient,200,,
279,2889,8.982049016062238,6,200,0.03,0.013820314259191425,0.06389429280963374,False,insufficient,200,,
343,2322,8.982049016062238,9,200,0.045,0.02385254288504434,0.08329670438371192,False,insufficient,200,,
599,54,8.982049016062238,167,200,0.835,0.777342184108311,0.8800314470234837,False,insufficient,200,,
94,4528,8.982075196001016,0,200,0.0,0.0,0.018845326668962936,False,insufficient,200,,
158,3961,8.982075196001016,0,200,0.0,0.0,0.018845326668962936,False,insufficient,200,,
222,3394,8.982075196001016,2,200,0.01,0.0027466581088489593,0.035721762026734716,False,insufficient,200,,
286,2827,8.982075196001016,6,200,0.03,0.013820314259191425,0.06389429280963374,False,insufficient,200,,
350,2260,8.982075196001016,12,200,0.06,0.03465219410651454,0.10193169336217282,False,insufficient,200,,
414,1693,8.982075196001016,42,200,0.21,0.15928412034547004,0.2716461691225284,False,insufficient,200,,
478,1126,8.982075196001016,81,200,0.405,0.3393777123306897,0.4742028997364132,False,insufficient,200,,
542,559,8.982075196001016,130,200,0.65,0.5816346428084853,0.7127117591908259,False,insufficient,200,,
30,5095,8.982075196001018,0,200,0.0,0.0,0.018845326668962936,False,insufficient,200,,
37,5033,8.982101375939797,0,200,0.0,0.0,0.018845326668962936,False,insufficient,200,,
101,4466,8.982101375939797,0,200,0.0,0.0,0.018845326668962936,False,insufficient,200,,
165,3899,8.982101375939797,0,200,0.0,0.0,0.018845326668962936,False,insufficient,200,,
229,3332,8.982101375939797,2,200,0.01,0.0027466581088489593,0.035721762026734716,False,insufficient,200,,
293,2765,8.982101375939797,6,200,0.03,0.013820314259191425,0.06389429280963374,False,insufficient,200,,
357,2198,8.982101375939797,16,200,0.08,0.04984058570487163,0.12598948869705726,False,insufficient,200,,
421,1631,8.982101375939797,48,200,0.24,0.1860661595414933,0.3037334103263674,False,insufficient,200,,
485,1064,8.982101375939797,85,200,0.425,0.3585361249314706,0.4942906740688738,False,insufficient,200,,
549,497,8.982101375939797,134,200,0.67,0.6021668471867698,0.7314257417457829,False,insufficient,200,,
44,4978,8.993856168451979,0,200,0.0,0.0,0.018845326668962936,False,insufficient,200,,
108,4411,8.993856168451979,0,200,0.0,0.0,0.018845326668962936,False,insufficient,200,,
172,3844,8.993856168451979,0,200,0.0,0.0,0.018845326668962936,False,insufficient,200,,
236,3277,8.993856168451979,1,200,0.005,0.0008831687058453758,0.02777370469642793,False,insufficient,200,,
300,2710,8.993856168451979,6,200,0.03,0.013820314259191425,0.06389429280963374,False,insufficient,200,,
364,2143,8.993856168451979,25,200,0.125,0.0861197445025044,0.1780142504992178,False,insufficient,200,,
428,1576,8.993856168451979,56,200,0.28,0.2223688973234035,0.3459230464109402,False,insufficient,200,,
492,1009,8.993856168451979,99,200,0.495,0.4264584530693174,0.5637300001973722,False,insufficient,200,,
556,442,8.993856168451979,145,200,0.725,0.6593166058798847,0.7822029971190819,False,insufficient,200,,
563,380,8.993882348390757,152,200,0.76,0.6962665896736326,0.8139338404585067,False,insufficient,200,,
51,4916,8.993882348390759,0,200,0.0,0.0,0.018845326668962936,False,insufficient,200,,
115,4349,8.993882348390759,0,200,0.0,0.0,0.018845326668962936,False,insufficient,200,,
179,3782,8.993882348390759,0,200,0.0,0.0,0.018845326668962936,False,insufficient,200,,
243,3215,8.993882348390759,2,200,0.01,0.0027466581088489593,0.035721762026734716,False,insufficient,200,,
307,2648,8.993882348390759,6,200,0.03,0.013820314259191425,0.06389429280963374,False,insufficient,200,,
371,2081,8.993882348390759,24,200,0.12,0.0819799268161472,0.17234252145226464,False,insufficient,200,,
435,1514,8.993882348390759,60,200,0.3,0.24074744639257037,0.3667906842750147,False,insufficient,200,,
499,947,8.993882348390759,104,200,0.52,0.45103785019149595,0.5882083367417457,False,insufficient,200,,
58,4854,8.993908528329538,0,200,0.0,0.0,0.018845326668962936,False,insufficient,200,,
122,4287,8.993908528329538,0,200,0.0,0.0,0.018845326668962936,False,insufficient,200,,
186,3720,8.993908528329538,0,200,0.0,0.0,0.018845326668962936,False,insufficient,200,,
250,3153,8.993908528329538,3,200,0.015,0.005114237753504754,0.043165729115389295,False,insufficient,200,,
314,2586,8.993908528329538,6,200,0.03,0.013820314259191425,0.06389429280963374,False,insufficient,200,,
378,2019,8.993908528329538,25,200,0.125,0.0861197445025044,0.1780142504992178,False,insufficient,200,,
442,1452,8.993908528329538,64,200,0.32,0.2592653327095053,0.38751898489132125,False,insufficient,200,,
506,885,8.993908528329538,106,200,0.53,0.4609168286109567,0.5979524517889057,False,insufficient,200,,
570,318,8.993908528329538,159,200,0.795,0.7337430189543738,0.8451382383109382,False,insufficient,200,,
129,4225,8.993934708268318,0,200,0.0,0.0,0.018845326668962936,False,insufficient,200,,
193,3658,8.993934708268318,0,200,0.0,0.0,0.018845326668962936,False,insufficient,200,,
257,3091,8.993934708268318,3,200,0.015,0.005114237753504754,0.043165729115389295,False,insufficient,200,,
321,2524,8.993934708268318,7,200,0.035,0.01705554191525804,0.0704706118868775,False,insufficient,200,,
385,1957,8.993934708268318,28,200,0.14,0.09866982605979482,0.1948988091418585,False,insufficient,200,,
449,1390,8.993934708268318,69,200,0.345,0.2825979433061415,0.41324410796123684,False,insufficient,200,,
513,823,8.993934708268318,115,200,0.575,0.505709325931126,0.6414638750685293,False,insufficient,200,,
577,256,8.993934708268318,163,200,0.815,0.755429371876425,0.8626980723221283,False,insufficient,200,,
1,5359,8.99393470826832,0,200,0.0,0.0,0.018845326668962936,False,insufficient,200,,
65,4792,8.99393470826832,0,200,0.0,0.0,0.018845326668962936,False,insufficient,200,,
8,5297,8.993960888207098,0,200,0.0,0.0,0.018845326668962936,False,insufficient,200,,
72,4730,8.993960888207098,0,200,0.0,0.0,0.018845326668962936,False,insufficient,200,,
136,4163,8.993960888207098,0,200,0.0,0.0,0.018845326668962936,False,insufficient,200,,
200,3596,8.993960888207098,0,200,0.0,0.0,0.018845326668962936,False,insufficient,200,,
264,3029,8.993960888207098,3,200,0.015,0.005114237753504754,0.043165729115389295,False,insufficient,200,,
328,2462,8.993960888207098,8,200,0.04,0.0204056319610195,0.0769320685744264,False,insufficient,200,,
392,1895,8.993960888207098,35,200,0.175,0.1286051503455461,0.23364431198927976,False,insufficient,200,,
456,1328,8.993960888207098,74,200,0.37,0.30612608362251653,0.4387737013114137,False,insufficient,200,,
520,761,8.993960888207098,117,200,0.585,0.5157391484647247,0.6510571460015516,False,insufficient,200,,
584,194,8.993960888207098,167,200,0.835,0.777342184108311,0.8800314470234837,False,insufficient,200,,
271,2967,8.993987068145877,3,200,0.015,0.005114237753504754,0.043165729115389295,False,insufficient,200,,
335,2400,8.993987068145877,13,200,0.065,0.03837635449161451,0.10801907971038324,False,insufficient,200,,
463,1266,8.993987068145877,79,200,0.395,0.3298410096426624,0.4641165089578198,False,insufficient,200,,
15,5235,8.993987068145879,0,200,0.0,0.0,0.018845326668962936,False,insufficient,200,,
79,4668,8.993987068145879,0,200,0.0,0.0,0.018845326668962936,False,insufficient,200,,
143,4101,8.993987068145879,0,200,0.0,0.0,0.018845326668962936,False,insufficient,200,,
207,3534,8.993987068145879,0,200,0.0,0.0,0.018845326668962936,False,insufficient,200,,
399,1833,8.993987068145879,36,200,0.18,0.13294625827141174,0.2391147507967245,False,insufficient,200,,
527,699,8.993987068145879,121,200,0.605,0.5358834910421801,0.6701589903573376,False,insufficient,200,,
591,132,8.993987068145879,506,600,0.8433333333333334,0.812075230591194,0.8702230679775891,False,insufficient,600,,
22,5173,8.994013248084658,0,200,0.0,0.0,0.018845326668962936,False,insufficient,200,,
342,2338,8.994013248084658,16,200,0.08,0.04984058570487163,0.12598948869705726,False,insufficient,200,,
406,1771,8.994013248084658,38,200,0.19,0.1416717149442203,0.25001238759053673,False,insufficient,200,,
470,1204,8.994013248084658,83,200,0.415,0.34894285399844827,0.4842608515352753,False,insufficient,200,,
534,637,8.994013248084658,127,200,0.635,0.5663170259754063,0.6985947358239737,False,insufficient,200,,
598,70,8.994013248084658,513,600,0.855,0.8245672765266023,0.8809159156828674,False,insufficient,600,,
86,4606,8.99401324808466,0,200,0.0,0.0,0.018845326668962936,False,insufficient,200,,
150,4039,8.99401324808466,0,200,0.0,0.0,0.018845326668962936,False,insufficient,200,,
214,3472,8.99401324808466,0,200,0.0,0.0,0.018845326668962936,False,insufficient,200,,
278,2905,8.99401324808466,3,200,0.015,0.005114237753504754,0.043165729115389295,False,insufficient,200,,
29,5111,8.994039428023438,0,200,0.0,0.0,0.018845326668962936,False,insufficient,200,,
93,4544,8.994039428023438,0,200,0.0,0.0,0.018845326668962936,False,insufficient,200,,
157,3977,8.994039428023438,0,200,0.0,0.0,0.018845326668962936,False,insufficient,200,,
221,3410,8.994039428023438,1,200,0.005,0.0008831687058453758,0.02777370469642793,False,insufficient,200,,
285,2843,8.994039428023438,3,200,0.015,0.005114237753504754,0.043165729115389295,False,insufficient,200,,
349,2276,8.994039428023438,19,200,0.095,0.061663102507449205,0.14360161209441077,False,insufficient,200,,
413,1709,8.994039428023438,46,200,0.23,0.1770934322171564,0.2930830441840836,False,insufficient,200,,
477,1142,8.994039428023438,90,200,0.45,0.38264068350836655,0.5192438491585296,False,insufficient,200,,
541,575,8.994039428023438,134,200,0.67,0.6021668471867698,0.7314257417457829,False,insufficient,200,,
605,8,8.994039428023438,522,600,0.87,0.840719438353528,0.894572902822539,False,insufficient,600,,
548,513,8.994065607962217,137,200,0.685,0.6176504385930084,0.7453767905394755,False,insufficient,200,,
36,5049,8.994065607962218,0,200,0.0,0.0,0.018845326668962936,False,insufficient,200,,
100,4482,8.994065607962218,0,200,0.0,0.0,0.018845326668962936,False,insufficient,200,,
164,3915,8.994065607962218,0,200,0.0,0.0,0.018845326668962936,False,insufficient,200,,
228,3348,8.994065607962218,1,200,0.005,0.0008831687058453758,0.02777370469642793,False,insufficient,200,,
292,2781,8.994065607962218,4,200,0.02,0.007804426362159347,0.05028708724004506,False,insufficient,200,,
356,2214,8.994065607962218,24,200,0.12,0.0819799268161472,0.17234252145226464,False,insufficient,200,,
420,1647,8.994065607962218,51,200,0.255,0.19960495132458245,0.3196292587432093,False,insufficient,200,,
484,1080,8.994065607962218,94,200,0.47,0.4020475482110944,0.5390831713890433,False,insufficient,200,,
491,1018,8.994091787900997,99,200,0.495,0.4264584530693174,0.5637300001973722,False,insufficient,200,,
43,4987,8.994091787900999,0,200,0.0,0.0,0.018845326668962936,False,insufficient,200,,
107,4420,8.994091787900999,0,200,0.0,0.0,0.018845326668962936,False,insufficient,200,,
171,3853,8.994091787900999,0,200,0.0,0.0,0.018845326668962936,False,insufficient,200,,
235,3286,8.994091787900999,1,200,0.005,0.0008831687058453758,0.02777370469642793,False,insufficient,200,,
299,2719,8.994091787900999,5,200,0.025,0.010724719583860124,0.05717834075165468,False,insufficient,200,,
363,2152,8.994091787900999,24,200,0.12,0.0819799268161472,0.17234252145226464,False,insufficient,200,,
427,1585,8.994091787900999,55,200,0.275,0.21779700288091797,0.3406833941201153,False,insufficient,200,,
555,451,8.994091787900999,144,200,0.72,0.6540769535890598,0.7776311026765964,False,insufficient,200,,
114,4358,8.994117967839777,0,200,0.0,0.0,0.018845326668962936,False,insufficient,200,,
178,3791,8.994117967839777,0,200,0.0,0.0,0.018845326668962936,False,insufficient,200,,
242,3224,8.994117967839777,2,200,0.01,0.0027466581088489593,0.035721762026734716,False,insufficient,200,,
306,2657,8.994117967839777,6,200,0.03,0.013820314259191425,0.06389429280963374,False,insufficient,200,,
370,2090,8.994117967839777,23,200,0.115,0.07786373208518774,0.16664716944991373,False,insufficient,200,,
434,1523,8.994117967839777,58,200,0.29,0.23154025564693195,0.3563747815540324,False,insufficient,200,,
498,956,8.994117967839777,102,200,0.51,0.44118587625055616,0.5784372172160646,False,insufficient,200,,
562,389,8.994117967839777,151,200,0.755,0.6909575639021187,0.8094313194967102,False,insufficient,200,,
50,4925,8.99411796783978,0,200,0.0,0.0,0.018845326668962936,False,insufficient,200,,
57,4863,8.994144147778558,0,200,0.0,0.0,0.018845326668962936,False,insufficient,200,,
121,4296,8.994144147778558,0,200,0.0,0.0,0.018845326668962936,False,insufficient,200,,
185,3729,8.994144147778558,0,200,0.0,0.0,0.018845326668962936,False,insufficient,200,,
249,3162,8.994144147778558,3,200,0.015,0.005114237753504754,0.043165729115389295,False,insufficient,200,,
313,2595,8.994144147778558,6,200,0.03,0.013820314259191425,0.06389429280963374,False,insufficient,200,,
377,2028,8.994144147778558,25,200,0.125,0.0861197445025044,0.1780142504992178,False,insufficient,200,,
441,1461,8.994144147778558,63,200,0.315,0.2546232094605245,0.38234956140699167,False,insufficient,200,,
505,894,8.994144147778558,106,200,0.53,0.4609168286109567,0.5979524517889057,False,insufficient,200,,
569,327,8.994144147778558,159,200,0.795,0.7337430189543738,0.8451382383109382,False,insufficient,200,,
0,5368,8.994170327717338,0,200,0.0,0.0,0.018845326668962936,False,insufficient,200,,
64,4801,8.994170327717338,0,200,0.0,0.0,0.018845326668962936,False,insufficient,200,,
128,4234,8.994170327717338,0,200,0.0,0.0,0.018845326668962936,False,insufficient,200,,
192,3667,8.994170327717338,0,200,0.0,0.0,0.018845326668962936,False,insufficient,200,,
256,3100,8.994170327717338,3,200,0.015,0.005114237753504754,0.043165729115389295,False,insufficient,200,,
320,2533,8.994170327717338,7,200,0.035,0.01705554191525804,0.0704706118868775,False,insufficient,200,,
384,1966,8.994170327717338,27,200,0.135,0.09446570427968658,0.18929138418865638,False,insufficient,200,,
448,1399,8.994170327717338,68,200,0.34,0.2779154592508567,0.4081150452832114,False,insufficient,200,,
512,832,8.994170327717338,114,200,0.57,0.5007048770948288,0.6366567771715163,False,insufficient,200,,
576,265,8.994170327717338,163,200,0.815,0.755429371876425,0.8626980723221283,False,insufficient,200,,
7,5306,8.994196507656117,0,200,0.0,0.0,0.018845326668962936,False,insufficient,200,,
327,2471,8.994196507656117,8,200,0.04,0.0204056319610195,0.0769320685744264,False,insufficient,200,,
391,1904,8.994196507656117,35,200,0.175,0.1286051503455461,0.23364431198927976,False,insufficient,200,,
455,1337,8.994196507656117,73,200,0.365,0.30140526417602626,0.4336829740245936,False,insufficient,200,,
519,770,8.994196507656117,116,200,0.58,0.5107207388477095,0.6462640088852564,False,insufficient,200,,
583,203,8.994196507656117,166,200,0.83,0.7718411632128768,0.8757209211856076,False,insufficient,200,,
71,4739,8.994196507656119,0,200,0.0,0.0,0.018845326668962936,False,insufficient,200,,
135,4172,8.994196507656119,0,200,0.0,0.0,0.018845326668962936,False,insufficient,200,,
199,3605,8.994196507656119,0,200,0.0,0.0,0.018845326668962936,False,insufficient,200,,
263,3038,8.994196507656119,3,200,0.015,0.005114237753504754,0.043165729115389295,False,insufficient,200,,
14,5244,8.994222687594897,0,200,0.0,0.0,0.018845326668962936,False,insufficient,200,,
78,4677,8.994222687594897,0,200,0.0,0.0,0.018845326668962936,False,insufficient,200,,
142,4110,8.994222687594897,0,200,0.0,0.0,0.018845326668962936,False,insufficient,200,,
206,3543,8.994222687594897,0,200,0.0,0.0,0.018845326668962936,False,insufficient,200,,
398,1842,8.994222687594897,36,200,0.18,0.13294625827141174,0.2391147507967245,False,insufficient,200,,
462,1275,8.994222687594897,78,200,0.39,0.3250834308878392,0.4590625409793326,False,insufficient,200,,
526,708,8.994222687594897,120,200,0.6,0.5308367198423567,0.6653942148238506,False,insufficient,200,,
590,141,8.994222687594897,171,200,0.855,0.7995133242038862,0.8971064938611499,False,insufficient,200,,
270,2976,8.994222687594899,3,200,0.015,0.005114237753504754,0.043165729115389295,False,insufficient,200,,
334,2409,8.994222687594899,13,200,0.065,0.03837635449161451,0.10801907971038324,False,insufficient,200,,
597,79,8.994248867533676,512,600,0.8533333333333334,0.8227790869518379,0.8793919775946768,False,insufficient,600,,
21,5182,8.994248867533678,0,200,0.0,0.0,0.018845326668962936,False,insufficient,200,,
85,4615,8.994248867533678,0,200,0.0,0.0,0.018845326668962936,False,insufficient,200,,
149,4048,8.994248867533678,0,200,0.0,0.0,0.018845326668962936,False,insufficient,200,,
213,3481,8.994248867533678,0,200,0.0,0.0,0.018845326668962936,False,insufficient,200,,
277,2914,8.994248867533678,3,200,0.015,0.005114237753504754,0.043165729115389295,False,insufficient,200,,
341,2347,8.994248867533678,16,200,0.08,0.04984058570487163,0.12598948869705726,False,insufficient,200,,
405,1780,8.994248867533678,37,200,0.185,0.1373019276778717,0.24457062812357494,False,insufficient,200,,
469,1213,8.994248867533678,82,200,0.41,0.3441567485880499,0.4792354102123633,False,insufficient,200,,
533,646,8.994248867533678,126,200,0.63,0.5612262986885862,0.6938739163774834,False,insufficient,200,,
156,3986,8.994275047472456,0,200,0.0,0.0,0.018845326668962936,False,insufficient,200,,
220,3419,8.994275047472456,1,200,0.005,0.0008831687058453758,0.02777370469642793,False,insufficient,200,,
284,2852,8.994275047472456,3,200,0.015,0.005114237753504754,0.043165729115389295,False,insufficient,200,,
348,2285,8.994275047472456,18,200,0.09,0.05768744866037736,0.13776571920817224,False,insufficient,200,,
412,1718,8.994275047472456,45,200,0.225,0.17262369678203637,0.2877412328858932,False,insufficient,200,,
476,1151,8.994275047472456,86,200,0.43,0.36334322282848375,0.4992951229051709,False,insufficient,200,,
28,5120,8.994275047472458,0,200,0.0,0.0,0.018845326668962936,False,insufficient,200,,
92,4553,8.994275047472458,0,200,0.0,0.0,0.018845326668962936,False,insufficient,200,,
540,584,8.994275047472458,134,200,0.67,0.6021668471867698,0.7314257417457829,False,insufficient,200,,
604,17,8.994275047472458,519,600,0.865,0.8353232824473261,0.8900326757398752,False,insufficient,600,,
99,4491,8.994301227411237,0,200,0.0,0.0,0.018845326668962936,False,insufficient,200,,
163,3924,8.994301227411237,0,200,0.0,0.0,0.018845326668962936,False,insufficient,200,,
227,3357,8.994301227411237,1,200,0.005,0.0008831687058453758,0.02777370469642793,False,insufficient,200,,
483,1089,8.994301227411237,94,200,0.47,0.4020475482110944,0.5390831713890433,False,insufficient,200,,
547,522,8.994301227411237,136,200,0.68,0.6124810151086787,0.7407346672904946,False,insufficient,200,,
35,5058,8.994301227411238,0,200,0.0,0.0,0.018845326668962936,False,insufficient,200,,
291,2790,8.994301227411238,4,200,0.02,0.007804426362159347,0.05028708724004506,False,insufficient,200,,
355,2223,8.994301227411238,24,200,0.12,0.0819799268161472,0.17234252145226464,False,insufficient,200,,
419,1656,8.994301227411238,50,200,0.25,0.195081679676731,0.3143409836577504,False,insufficient,200,,
42,4996,8.994327407350017,0,200,0.0,0.0,0.018845326668962936,False,insufficient,200,,
106,4429,8.994327407350017,0,200,0.0,0.0,0.018845326668962936,False,insufficient,200,,
170,3862,8.994327407350017,0,200,0.0,0.0,0.018845326668962936,False,insufficient,200,,
234,3295,8.994327407350017,1,200,0.005,0.0008831687058453758,0.02777370469642793,False,insufficient,200,,
298,2728,8.994327407350017,4,200,0.02,0.007804426362159347,0.05028708724004506,False,insufficient,200,,
362,2161,8.994327407350017,24,200,0.12,0.0819799268161472,0.17234252145226464,False,insufficient,200,,
426,1594,8.994327407350017,54,200,0.27,0.2132344977387029,0.33543435252902004,False,insufficient,200,,
490,1027,8.994327407350017,97,200,0.485,0.41667385119216255,0.5538915086079063,False,insufficient,200,,
554,460,8.994327407350017,143,200,0.715,0.6488465391585686,0.7730499703737773,False,insufficient,200,,
177,3800,8.994353587288796,0,200,0.0,0.0,0.018845326668962936,False,insufficient,200,,
241,3233,8.994353587288796,2,200,0.01,0.0027466581088489593,0.035721762026734716,False,insufficient,200,,
305,2666,8.994353587288796,6,200,0.03,0.013820314259191425,0.06389429280963374,False,insufficient,200,,
433,1532,8.994353587288796,58,200,0.29,0.23154025564693195,0.3563747815540324,False,insufficient,200,,
561,398,8.994353587288796,151,200,0.755,0.6909575639021187,0.8094313194967102,False,insufficient,200,,
49,4934,8.994353587288797,0,200,0.0,0.0,0.018845326668962936,False,insufficient,200,,
113,4367,8.994353587288797,0,200,0.0,0.0,0.018845326668962936,False,insufficient,200,,
369,2099,8.994353587288797,23,200,0.115,0.07786373208518774,0.16664716944991373,False,insufficient,200,,
497,965,8.994353587288797,101,200,0.505,0.4362699998026278,0.5735415469306826,False,insufficient,200,,
56,4872,8.994379767227576,0,200,0.0,0.0,0.018845326668962936,False,insufficient,200,,
312,2604,8.994379767227576,6,200,0.03,0.013820314259191425,0.06389429280963374,False,insufficient,200,,
376,2037,8.994379767227576,25,200,0.125,0.0861197445025044,0.1780142504992178,False,insufficient,200,,
440,1470,8.994379767227576,63,200,0.315,0.2546232094605245,0.38234956140699167,False,insufficient,200,,
504,903,8.994379767227576,105,200,0.525,0.45597395960896836,0.5930837740575836,False,insufficient,200,,
568,336,8.994379767227576,158,200,0.79,0.7283538308774716,0.84071587965453,False,insufficient,200,,
120,4305,8.994379767227578,0,200,0.0,0.0,0.018845326668962936,False,insufficient,200,,
184,3738,8.994379767227578,0,200,0.0,0.0,0.018845326668962936,False,insufficient,200,,
248,3171,8.994379767227578,3,200,0.015,0.005114237753504754,0.043165729115389295,False,insufficient,200,,
63,4810,8.994405947166356,0,200,0.0,0.0,0.018845326668962936,False,insufficient,200,,
127,4243,8.994405947166356,0,200,0.0,0.0,0.018845326668962936,False,insufficient,200,,
191,3676,8.994405947166356,0,200,0.0,0.0,0.018845326668962936,False,insufficient,200,,
255,3109,8.994405947166356,3,200,0.015,0.005114237753504754,0.043165729115389295,False,insufficient,200,,
319,2542,8.994405947166356,7,200,0.035,0.01705554191525804,0.0704706118868775,False,insufficient,200,,
383,1975,8.994405947166356,26,200,0.13,0.09028202253521182,0.18366351919982074,False,insufficient,200,,
447,1408,8.994405947166356,66,200,0.33,0.26857425825421716,0.3978331528132302,False,insufficient,200,,
511,841,8.994405947166356,112,200,0.56,0.4907167528014922,0.6270218079982324,False,insufficient,200,,
575,274,8.994405947166356,162,200,0.81,0.7499876124094633,0.8583282850557797,False,insufficient,200,,
70,4748,8.994432127105137,0,200,0.0,0.0,0.018845326668962936,False,insufficient,200,,
134,4181,8.994432127105137,0,200,0.0,0.0,0.018845326668962936,False,insufficient,200,,
198,3614,8.994432127105137,0,200,0.0,0.0,0.018845326668962936,False,insufficient,200,,
262,3047,8.994432127105137,1,200,0.005,0.0008831687058453758,0.02777370469642793,False,insufficient,200,,
326,2480,8.994432127105137,10,200,0.05,0.027382645473457017,0.08957814852860962,False,insufficient,200,,
390,1913,8.994432127105137,30,200,0.15,0.10713593533492477,0.20605579333334925,False,insufficient,200,,
454,1346,8.994432127105137,70,200,0.35,0.28728824080917403,0.4183653571915147,False,insufficient,200,,
518,779,8.994432127105137,118,200,0.59,0.5207645897876366,0.65584325141195,False,insufficient,200,,
582,212,8.994432127105137,164,200,0.82,0.7608852492032754,0.8670537417285882,False,insufficient,200,,
6,5315,8.994432127105139,0,200,0.0,0.0,0.018845326668962936,False,insufficient,200,,
461,1284,8.994458307043915,72,200,0.36,0.2966919725753122,0.4285847188919973,False,insufficient,200,,
525,717,8.994458307043915,123,200,0.615,0.5459986716511277,0.6796669032150108,False,insufficient,200,,
13,5253,8.994458307043917,0,200,0.0,0.0,0.018845326668962936,False,insufficient,200,,
77,4686,8.994458307043917,0,200,0.0,0.0,0.018845326668962936,False,insufficient,200,,
141,4119,8.994458307043917,0,200,0.0,0.0,0.018845326668962936,False,insufficient,200,,
205,3552,8.994458307043917,0,200,0.0,0.0,0.018845326668962936,False,insufficient,200,,
269,2985,8.994458307043917,2,200,0.01,0.0027466581088489593,0.035721762026734716,False,insufficient,200,,
333,2418,8.994458307043917,13,200,0.065,0.03837635449161451,0.10801907971038324,False,insufficient,200,,
397,1851,8.994458307043917,37,200,0.185,0.1373019276778717,0.24457062812357494,False,insufficient,200,,
589,150,8.994458307043917,168,200,0.84,0.782859297881253,0.884325879983852,False,insufficient,200,,
84,4624,8.994484486982696,0,200,0.0,0.0,0.018845326668962936,False,insufficient,200,,
148,4057,8.994484486982696,0,200,0.0,0.0,0.018845326668962936,False,insufficient,200,,
212,3490,8.994484486982696,0,200,0.0,0.0,0.018845326668962936,False,insufficient,200,,
276,2923,8.994484486982696,4,200,0.02,0.007804426362159347,0.05028708724004506,False,insufficient,200,,
340,2356,8.994484486982696,16,200,0.08,0.04984058570487163,0.12598948869705726,False,insufficient,200,,
404,1789,8.994484486982696,41,200,0.205,0.15486176168906182,0.2662569810456263,False,insufficient,200,,
468,1222,8.994484486982696,78,200,0.39,0.3250834308878392,0.4590625409793326,False,insufficient,200,,
532,655,8.994484486982696,125,200,0.625,0.5561430364380054,0.6891456318947539,False,insufficient,200,,
596,88,8.994484486982696,171,200,0.855,0.7995133242038862,0.8971064938611499,False,insufficient,200,,
20,5191,8.994484486982698,0,200,0.0,0.0,0.018845326668962936,False,insufficient,200,,
27,5129,8.994510666921476,0,200,0.0,0.0,0.018845326668962936,False,insufficient,200,,
91,4562,8.994510666921476,0,200,0.0,0.0,0.018845326668962936,False,insufficient,200,,
155,3995,8.994510666921476,0,200,0.0,0.0,0.018845326668962936,False,insufficient,200,,
219,3428,8.994510666921476,0,200,0.0,0.0,0.018845326668962936,False,insufficient,200,,
283,2861,8.994510666921476,4,200,0.02,0.007804426362159347,0.05028708724004506,False,insufficient,200,,
347,2294,8.994510666921476,23,200,0.115,0.07786373208518774,0.16664716944991373,False,insufficient,200,,
411,1727,8.994510666921476,43,200,0.215,0.16371876218582487,0.277023074015484,False,insufficient,200,,
475,1160,8.994510666921476,86,200,0.43,0.36334322282848375,0.4992951229051709,False,insufficient,200,,
539,593,8.994510666921476,132,200,0.66,0.5918849547167886,0.7220845407491433,False,insufficient,200,,
603,26,8.994510666921476,517,600,0.8616666666666667,0.8317327037257907,0.8869989991355003,False,insufficient,600,,
34,5067,8.994536846860257,0,200,0.0,0.0,0.018845326668962936,False,insufficient,200,,
98,4500,8.994536846860257,0,200,0.0,0.0,0.018845326668962936,False,insufficient,200,,
162,3933,8.994536846860257,0,200,0.0,0.0,0.018845326668962936,False,insufficient,200,,
226,3366,8.994536846860257,0,200,0.0,0.0,0.018845326668962936,False,insufficient,200,,
290,2799,8.994536846860257,5,200,0.025,0.010724719583860124,0.05717834075165468,False,insufficient,200,,
354,2232,8.994536846860257,24,200,0.12,0.0819799268161472,0.17234252145226464,False,insufficient,200,,
418,1665,8.994536846860257,50,200,0.25,0.195081679676731,0.3143409836577504,False,insufficient,200,,
482,1098,8.994536846860257,88,200,0.44,0.3729781920017676,0.5092832471985078,False,insufficient,200,,
546,531,8.994536846860257,138,200,0.69,0.6228282237882907,0.7500105520775032,False,insufficient,200,,
41,5005,8.994563026799035,0,200,0.0,0.0,0.018845326668962936,False,insufficient,200,,
297,2737,8.994563026799035,5,200,0.025,0.010724719583860124,0.05717834075165468,False,insufficient,200,,
553,469,8.994563026799035,142,200,0.71,0.6436252184459675,0.768459744353068,False,insufficient,200,,
105,4438,8.994563026799037,0,200,0.0,0.0,0.018845326668962936,False,insufficient,200,,
169,3871,8.994563026799037,0,200,0.0,0.0,0.018845326668962936,False,insufficient,200,,
233,3304,8.994563026799037,0,200,0.0,0.0,0.018845326668962936,False,insufficient,200,,
361,2170,8.994563026799037,26,200,0.13,0.09028202253521182,0.18366351919982074,False,insufficient,200,,
425,1603,8.994563026799037,52,200,0.26,0.2041383002358024,0.32490745656529973,False,insufficient,200,,
489,1036,8.994563026799037,94,200,0.47,0.4020475482110944,0.5390831713890433,False,insufficient,200,,
368,2108,8.994589206737816,26,200,0.13,0.09028202253521182,0.18366351919982074,False,insufficient,200,,
432,1541,8.994589206737816,55,200,0.275,0.21779700288091797,0.3406833941201153,False,insufficient,200,,
496,974,8.994589206737816,96,200,0.48,0.4117916632582544,0.548962149808504,False,insufficient,200,,
560,407,8.994589206737816,149,200,0.745,0.6803707412567906,0.8003950486754174,False,insufficient,200,,
48,4943,8.994589206737817,0,200,0.0,0.0,0.018845326668962936,False,insufficient,200,,
112,4376,8.994589206737817,0,200,0.0,0.0,0.018845326668962936,False,insufficient,200,,
176,3809,8.994589206737817,0,200,0.0,0.0,0.018845326668962936,False,insufficient,200,,
240,3242,8.994589206737817,0,200,0.0,0.0,0.018845326668962936,False,insufficient,200,,
304,2675,8.994589206737817,6,200,0.03,0.013820314259191425,0.06389429280963374,False,insufficient,200,,
119,4314,8.994615386676596,0,200,0.0,0.0,0.018845326668962936,False,insufficient,200,,
183,3747,8.994615386676596,0,200,0.0,0.0,0.018845326668962936,False,insufficient,200,,
247,3180,8.994615386676596,0,200,0.0,0.0,0.018845326668962936,False,insufficient,200,,
311,2613,8.994615386676596,7,200,0.035,0.01705554191525804,0.0704706118868775,False,insufficient,200,,
375,2046,8.994615386676596,29,200,0.145,0.10289350613885,0.20048667579611365,False,insufficient,200,,
439,1479,8.994615386676596,60,200,0.3,0.24074744639257037,0.3667906842750147,False,insufficient,200,,
503,912,8.994615386676596,103,200,0.515,0.44610849139209374,0.5833261488078374,False,insufficient,200,,
567,345,8.994615386676596,156,200,0.78,0.7176120002896181,0.8318346167757626,False,insufficient,200,,
55,4881,8.994615386676598,0,200,0.0,0.0,0.018845326668962936,False,insufficient,200,,
62,4819,8.994641566615377,0,200,0.0,0.0,0.018845326668962936,False,insufficient,200,,
126,4252,8.994641566615377,0,200,0.0,0.0,0.018845326668962936,False,insufficient,200,,
190,3685,8.994641566615377,0,200,0.0,0.0,0.018845326668962936,False,insufficient,200,,
254,3118,8.994641566615377,1,200,0.005,0.0008831687058453758,0.02777370469642793,False,insufficient,200,,
318,2551,8.994641566615377,7,200,0.035,0.01705554191525804,0.0704706118868775,False,insufficient,200,,
382,1984,8.994641566615377,30,200,0.15,0.10713593533492477,0.20605579333334925,False,insufficient,200,,
446,1417,8.994641566615377,62,200,0.31,0.2499894479224967,0.37717177621170916,False,insufficient,200,,
510,850,8.994641566615377,106,200,0.53,0.4609168286109567,0.5979524517889057,False,insufficient,200,,
574,283,8.994641566615377,159,200,0.795,0.7337430189543738,0.8451382383109382,False,insufficient,200,,
517,788,8.994667746554155,115,200,0.575,0.505709325931126,0.6414638750685293,False,insufficient,200,,
581,221,8.994667746554155,164,200,0.82,0.7608852492032754,0.8670537417285882,False,insufficient,200,,
5,5324,8.994667746554157,0,200,0.0,0.0,0.018845326668962936,False,insufficient,200,,
69,4757,8.994667746554157,0,200,0.0,0.0,0.018845326668962936,False,insufficient,200,,
133,4190,8.994667746554157,0,200,0.0,0.0,0.018845326668962936,False,insufficient,200,,
197,3623,8.994667746554157,0,200,0.0,0.0,0.018845326668962936,False,insufficient,200,,
261,3056,8.994667746554157,1,200,0.005,0.0008831687058453758,0.02777370469642793,False,insufficient,200,,
325,2489,8.994667746554157,9,200,0.045,0.02385254288504434,0.08329670438371192,False,insufficient,200,,
389,1922,8.994667746554157,30,200,0.15,0.10713593533492477,0.20605579333334925,False,insufficient,200,,
453,1355,8.994667746554157,70,200,0.35,0.28728824080917403,0.4183653571915147,False,insufficient,200,,
12,5262,8.994693926492936,0,200,0.0,0.0,0.018845326668962936,False,insufficient,200,,
76,4695,8.994693926492936,0,200,0.0,0.0,0.018845326668962936,False,insufficient,200,,
140,4128,8.994693926492936,0,200,0.0,0.0,0.018845326668962936,False,insufficient,200,,
204,3561,8.994693926492936,0,200,0.0,0.0,0.018845326668962936,False,insufficient,200,,
268,2994,8.994693926492936,2,200,0.01,0.0027466581088489593,0.035721762026734716,False,insufficient,200,,
332,2427,8.994693926492936,13,200,0.065,0.03837635449161451,0.10801907971038324,False,insufficient,200,,
396,1860,8.994693926492936,37,200,0.185,0.1373019276778717,0.24457062812357494,False,insufficient,200,,
460,1293,8.994693926492936,72,200,0.36,0.2966919725753122,0.4285847188919973,False,insufficient,200,,
524,726,8.994693926492936,123,200,0.615,0.5459986716511277,0.6796669032150108,False,insufficient,200,,
588,159,8.994693926492936,168,200,0.84,0.782859297881253,0.884325879983852,False,insufficient,200,,
595,97,8.994720106431714,171,200,0.855,0.7995133242038862,0.8971064938611499,False,insufficient,200,,
19,5200,8.994720106431716,0,200,0.0,0.0,0.018845326668962936,False,insufficient,200,,
83,4633,8.994720106431716,0,200,0.0,0.0,0.018845326668962936,False,insufficient,200,,
147,4066,8.994720106431716,0,200,0.0,0.0,0.018845326668962936,False,insufficient,200,,
211,3499,8.994720106431716,0,200,0.0,0.0,0.018845326668962936,False,insufficient,200,,
275,2932,8.994720106431716,3,200,0.015,0.005114237753504754,0.043165729115389295,False,insufficient,200,,
339,2365,8.994720106431716,16,200,0.08,0.04984058570487163,0.12598948869705726,False,insufficient,200,,
403,1798,8.994720106431716,41,200,0.205,0.15486176168906182,0.2662569810456263,False,insufficient,200,,
467,1231,8.994720106431716,76,200,0.38,0.31559005800516143,0.44893282039538956,False,insufficient,200,,
531,664,8.994720106431716,125,200,0.625,0.5561430364380054,0.6891456318947539,False,insufficient,200,,
26,5138,8.994746286370495,0,200,0.0,0.0,0.018845326668962936,False,insufficient,200,,
602,35,8.994746286370495,516,600,0.86,0.8299394097317884,0.8854801654665472,False,insufficient,600,,
90,4571,8.994746286370496,0,200,0.0,0.0,0.018845326668962936,False,insufficient,200,,
154,4004,8.994746286370496,0,200,0.0,0.0,0.018845326668962936,False,insufficient,200,,
218,3437,8.994746286370496,0,200,0.0,0.0,0.018845326668962936,False,insufficient,200,,
282,2870,8.994746286370496,4,200,0.02,0.007804426362159347,0.05028708724004506,False,insufficient,200,,
346,2303,8.994746286370496,23,200,0.115,0.07786373208518774,0.16664716944991373,False,insufficient,200,,
410,1736,8.994746286370496,43,200,0.215,0.16371876218582487,0.277023074015484,False,insufficient,200,,
474,1169,8.994746286370496,86,200,0.43,0.36334322282848375,0.4992951229051709,False,insufficient,200,,
538,602,8.994746286370496,132,200,0.66,0.5918849547167886,0.7220845407491433,False,insufficient,200,,
161,3942,8.994772466309275,0,200,0.0,0.0,0.018845326668962936,False,insufficient,200,,
225,3375,8.994772466309275,0,200,0.0,0.0,0.018845326668962936,False,insufficient,200,,
289,2808,8.994772466309275,4,200,0.02,0.007804426362159347,0.05028708724004506,False,insufficient,200,,
353,2241,8.994772466309275,24,200,0.12,0.0819799268161472,0.17234252145226464,False,insufficient,200,,
417,1674,8.994772466309275,47,200,0.235,0.18157433377419854,0.2984136893603518,False,insufficient,200,,
481,1107,8.994772466309275,88,200,0.44,0.3729781920017676,0.5092832471985078,False,insufficient,200,,
33,5076,8.994772466309277,0,200,0.0,0.0,0.018845326668962936,False,insufficient,200,,
97,4509,8.994772466309277,0,200,0.0,0.0,0.018845326668962936,False,insufficient,200,,
545,540,8.994772466309277,137,200,0.685,0.6176504385930084,0.7453767905394755,False,insufficient,200,,
104,4447,8.994798646248055,0,200,0.0,0.0,0.018845326668962936,False,insufficient,200,,
168,3880,8.994798646248055,0,200,0.0,0.0,0.018845326668962936,False,insufficient,200,,
232,3313,8.994798646248055,0,200,0.0,0.0,0.018845326668962936,False,insufficient,200,,
360,2179,8.994798646248055,26,200,0.13,0.09028202253521182,0.18366351919982074,False,insufficient,200,,
424,1612,8.994798646248055,52,200,0.26,0.2041383002358024,0.32490745656529973,False,insufficient,200,,
488,1045,8.994798646248055,93,200,0.465,0.3971856410502652,0.5341335318165621,False,insufficient,200,,
552,478,8.994798646248055,142,200,0.71,0.6436252184459675,0.768459744353068,False,insufficient,200,,
40,5014,8.994798646248057,0,200,0.0,0.0,0.018845326668962936,False,insufficient,200,,
296,2746,8.994798646248057,5,200,0.025,0.010724719583860124,0.05717834075165468,False,insufficient,200,,
47,4952,8.994824826186836,0,200,0.0,0.0,0.018845326668962936,False,insufficient,200,,
111,4385,8.994824826186836,0,200,0.0,0.0,0.018845326668962936,False,insufficient,200,,
175,3818,8.994824826186836,0,200,0.0,0.0,0.018845326668962936,False,insufficient,200,,
239,3251,8.994824826186836,0,200,0.0,0.0,0.018845326668962936,False,insufficient,200,,
303,2684,8.994824826186836,6,200,0.03,0.013820314259191425,0.06389429280963374,False,insufficient,200,,
367,2117,8.994824826186836,26,200,0.13,0.09028202253521182,0.18366351919982074,False,insufficient,200,,
431,1550,8.994824826186836,55,200,0.275,0.21779700288091797,0.3406833941201153,False,insufficient,200,,
495,983,8.994824826186836,96,200,0.48,0.4117916632582544,0.548962149808504,False,insufficient,200,,
559,416,8.994824826186836,147,200,0.735,0.669824237532593,0.7913184589329944,False,insufficient,200,,
118,4323,8.994851006125614,0,200,0.0,0.0,0.018845326668962936,False,insufficient,200,,
182,3756,8.994851006125614,0,200,0.0,0.0,0.018845326668962936,False,insufficient,200,,
246,3189,8.994851006125614,0,200,0.0,0.0,0.018845326668962936,False,insufficient,200,,
310,2622,8.994851006125614,7,200,0.035,0.01705554191525804,0.0704706118868775,False,insufficient,200,,
374,2055,8.994851006125614,29,200,0.145,0.10289350613885,0.20048667579611365,False,insufficient,200,,
438,1488,8.994851006125614,58,200,0.29,0.23154025564693195,0.3563747815540324,False,insufficient,200,,
502,921,8.994851006125614,102,200,0.51,0.44118587625055616,0.5784372172160646,False,insufficient,200,,
566,354,8.994851006125614,154,200,0.77,0.7069169558159164,0.8229065677828437,False,insufficient,200,,
54,4890,8.994851006125616,0,200,0.0,0.0,0.018845326668962936,False,insufficient,200,,
61,4828,8.994877186064395,0,200,0.0,0.0,0.018845326668962936,False,insufficient,200,,
125,4261,8.994877186064395,0,200,0.0,0.0,0.018845326668962936,False,insufficient,200,,
189,3694,8.994877186064395,0,200,0.0,0.0,0.018845326668962936,False,insufficient,200,,
253,3127,8.994877186064395,1,200,0.005,0.0008831687058453758,0.02777370469642793,False,insufficient,200,,
317,2560,8.994877186064395,7,200,0.035,0.01705554191525804,0.0704706118868775,False,insufficient,200,,
381,1993,8.994877186064395,30,200,0.15,0.10713593533492477,0.20605579333334925,False,insufficient,200,,
445,1426,8.994877186064395,62,200,0.31,0.2499894479224967,0.37717177621170916,False,insufficient,200,,
509,859,8.994877186064395,105,200,0.525,0.45597395960896836,0.5930837740575836,False,insufficient,200,,
573,292,8.994877186064395,159,200,0.795,0.7337430189543738,0.8451382383109382,False,insufficient,200,,
580,230,8.994903366003173,164,200,0.82,0.7608852492032754,0.8670537417285882,False,insufficient,200,,
4,5333,8.994903366003175,0,200,0.0,0.0,0.018845326668962936,False,insufficient,200,,
68,4766,8.994903366003175,0,200,0.0,0.0,0.018845326668962936,False,insufficient,200,,
132,4199,8.994903366003175,0,200,0.0,0.0,0.018845326668962936,False,insufficient,200,,
196,3632,8.994903366003175,0,200,0.0,0.0,0.018845326668962936,False,insufficient,200,,
260,3065,8.994903366003175,1,200,0.005,0.0008831687058453758,0.02777370469642793,False,insufficient,200,,
324,2498,8.994903366003175,9,200,0.045,0.02385254288504434,0.08329670438371192,False,insufficient,200,,
388,1931,8.994903366003175,30,200,0.15,0.10713593533492477,0.20605579333334925,False,insufficient,200,,
452,1364,8.994903366003175,70,200,0.35,0.28728824080917403,0.4183653571915147,False,insufficient,200,,
516,797,8.994903366003175,115,200,0.575,0.505709325931126,0.6414638750685293,False,insufficient,200,,
267,3003,8.994929545941954,2,200,0.01,0.0027466581088489593,0.035721762026734716,False,insufficient,200,,
331,2436,8.994929545941954,13,200,0.065,0.03837635449161451,0.10801907971038324,False,insufficient,200,,
459,1302,8.994929545941954,72,200,0.36,0.2966919725753122,0.4285847188919973,False,insufficient,200,,
11,5271,8.994929545941956,0,200,0.0,0.0,0.018845326668962936,False,insufficient,200,,
75,4704,8.994929545941956,0,200,0.0,0.0,0.018845326668962936,False,insufficient,200,,
139,4137,8.994929545941956,0,200,0.0,0.0,0.018845326668962936,False,insufficient,200,,
203,3570,8.994929545941956,0,200,0.0,0.0,0.018845326668962936,False,insufficient,200,,
395,1869,8.994929545941956,35,200,0.175,0.1286051503455461,0.23364431198927976,False,insufficient,200,,
523,735,8.994929545941956,122,200,0.61,0.5409374590206674,0.6749165691121608,False,insufficient,200,,
587,168,8.994929545941956,168,200,0.84,0.782859297881253,0.884325879983852,False,insufficient,200,,
338,2374,8.994955725880734,14,200,0.07,0.04215217166140097,0.11405480927390717,False,insufficient,200,,
402,1807,8.994955725880734,40,200,0.2,0.15045200891679145,0.2608551870845863,False,insufficient,200,,
466,1240,8.994955725880734,76,200,0.38,0.31559005800516143,0.44893282039538956,False,insufficient,200,,
530,673,8.994955725880734,125,200,0.625,0.5561430364380054,0.6891456318947539,False,insufficient,200,,
18,5209,8.994955725880736,0,200,0.0,0.0,0.018845326668962936,False,insufficient,200,,
82,4642,8.994955725880736,0,200,0.0,0.0,0.018845326668962936,False,insufficient,200,,
146,4075,8.994955725880736,0,200,0.0,0.0,0.018845326668962936,False,insufficient,200,,
210,3508,8.994955725880736,0,200,0.0,0.0,0.018845326668962936,False,insufficient,200,,
274,2941,8.994955725880736,3,200,0.015,0.005114237753504754,0.043165729115389295,False,insufficient,200,,
594,106,8.994955725880736,513,600,0.855,0.8245672765266023,0.8809159156828674,False,insufficient,600,,
89,4580,8.994981905819515,0,200,0.0,0.0,0.018845326668962936,False,insufficient,200,,
153,4013,8.994981905819515,0,200,0.0,0.0,0.018845326668962936,False,insufficient,200,,
217,3446,8.994981905819515,0,200,0.0,0.0,0.018845326668962936,False,insufficient,200,,
281,2879,8.994981905819515,4,200,0.02,0.007804426362159347,0.05028708724004506,False,insufficient,200,,
345,2312,8.994981905819515,21,200,0.105,0.06970748770124899,0.15518032036723173,False,insufficient,200,,
409,1745,8.994981905819515,43,200,0.215,0.16371876218582487,0.277023074015484,False,insufficient,200,,
473,1178,8.994981905819515,82,200,0.41,0.3441567485880499,0.4792354102123633,False,insufficient,200,,
537,611,8.994981905819515,130,200,0.65,0.5816346428084853,0.7127117591908259,False,insufficient,200,,
601,44,8.994981905819515,519,600,0.865,0.8353232824473261,0.8900326757398752,False,insufficient,600,,
25,5147,8.994981905819516,0,200,0.0,0.0,0.018845326668962936,False,insufficient,200,,
32,5085,8.995008085758295,0,200,0.0,0.0,0.018845326668962936,False,insufficient,200,,
96,4518,8.995008085758295,0,200,0.0,0.0,0.018845326668962936,False,insufficient,200,,
160,3951,8.995008085758295,0,200,0.0,0.0,0.018845326668962936,False,insufficient,200,,
224,3384,8.995008085758295,0,200,0.0,0.0,0.018845326668962936,False,insufficient,200,,
288,2817,8.995008085758295,4,200,0.02,0.007804426362159347,0.05028708724004506,False,insufficient,200,,
352,2250,8.995008085758295,24,200,0.12,0.0819799268161472,0.17234252145226464,False,insufficient,200,,
416,1683,8.995008085758295,45,200,0.225,0.17262369678203637,0.2877412328858932,False,insufficient,200,,
480,1116,8.995008085758295,88,200,0.44,0.3729781920017676,0.5092832471985078,False,insufficient,200,,
544,549,8.995008085758295,136,200,0.68,0.6124810151086787,0.7407346672904946,False,insufficient,200,,
487,1054,8.995034265697074,93,200,0.465,0.3971856410502652,0.5341335318165621,False,insufficient,200,,
551,487,8.995034265697074,142,200,0.71,0.6436252184459675,0.768459744353068,False,insufficient,200,,
39,5023,8.995034265697075,0,200,0.0,0.0,0.018845326668962936,False,insufficient,200,,
103,4456,8.995034265697075,0,200,0.0,0.0,0.018845326668962936,False,insufficient,200,,
167,3889,8.995034265697075,0,200,0.0,0.0,0.018845326668962936,False,insufficient,200,,
231,3322,8.995034265697075,0,200,0.0,0.0,0.018845326668962936,False,insufficient,200,,
295,2755,8.995034265697075,5,200,0.025,0.010724719583860124,0.05717834075165468,False,insufficient,200,,
359,2188,8.995034265697075,25,200,0.125,0.0861197445025044,0.1780142504992178,False,insufficient,200,,
423,1621,8.995034265697075,52,200,0.26,0.2041383002358024,0.32490745656529973,False,insufficient,200,,
46,4961,8.995060445635854,0,200,0.0,0.0,0.018845326668962936,False,insufficient,200,,
110,4394,8.995060445635854,0,200,0.0,0.0,0.018845326668962936,False,insufficient,200,,
174,3827,8.995060445635854,0,200,0.0,0.0,0.018845326668962936,False,insufficient,200,,
238,3260,8.995060445635854,0,200,0.0,0.0,0.018845326668962936,False,insufficient,200,,
302,2693,8.995060445635854,5,200,0.025,0.010724719583860124,0.05717834075165468,False,insufficient,200,,
366,2126,8.995060445635854,26,200,0.13,0.09028202253521182,0.18366351919982074,False,insufficient,200,,
430,1559,8.995060445635854,55,200,0.275,0.21779700288091797,0.3406833941201153,False,insufficient,200,,
494,992,8.995060445635854,95,200,0.475,0.40691622594241644,0.5440260403910315,False,insufficient,200,,
558,425,8.995060445635854,145,200,0.725,0.6593166058798847,0.7822029971190819,False,insufficient,200,,
565,363,8.995086625574633,157,200,0.785,0.722976925984516,0.8362812378141752,False,insufficient,200,,
117,4332,8.995086625574634,0,200,0.0,0.0,0.018845326668962936,False,insufficient,200,,
181,3765,8.995086625574634,0,200,0.0,0.0,0.018845326668962936,False,insufficient,200,,
245,3198,8.995086625574634,0,200,0.0,0.0,0.018845326668962936,False,insufficient,200,,
309,2631,8.995086625574634,7,200,0.035,0.01705554191525804,0.0704706118868775,False,insufficient,200,,
373,2064,8.995086625574634,29,200,0.145,0.10289350613885,0.20048667579611365,False,insufficient,200,,
437,1497,8.995086625574634,55,200,0.275,0.21779700288091797,0.3406833941201153,False,insufficient,200,,
501,930,8.995086625574634,102,200,0.51,0.44118587625055616,0.5784372172160646,False,insufficient,200,,
53,4899,8.995086625574636,0,200,0.0,0.0,0.018845326668962936,False,insufficient,200,,
60,4837,8.995112805513415,0,200,0.0,0.0,0.018845326668962936,False,insufficient,200,,
124,4270,8.995112805513415,0,200,0.0,0.0,0.018845326668962936,False,insufficient,200,,
188,3703,8.995112805513415,0,200,0.0,0.0,0.018845326668962936,False,insufficient,200,,
252,3136,8.995112805513415,1,200,0.005,0.0008831687058453758,0.02777370469642793,False,insufficient,200,,
316,2569,8.995112805513415,7,200,0.035,0.01705554191525804,0.0704706118868775,False,insufficient,200,,
380,2002,8.995112805513415,30,200,0.15,0.10713593533492477,0.20605579333334925,False,insufficient,200,,
444,1435,8.995112805513415,62,200,0.31,0.2499894479224967,0.37717177621170916,False,insufficient,200,,
508,868,8.995112805513415,105,200,0.525,0.45597395960896836,0.5930837740575836,False,insufficient,200,,
572,301,8.995112805513415,161,200,0.805,0.7445595557369519,0.8539447949949808,False,insufficient,200,,
3,5342,8.995138985452195,0,200,0.0,0.0,0.018845326668962936,False,insufficient,200,,
67,4775,8.995138985452195,0,200,0.0,0.0,0.018845326668962936,False,insufficient,200,,
131,4208,8.995138985452195,0,200,0.0,0.0,0.018845326668962936,False,insufficient,200,,
195,3641,8.995138985452195,0,200,0.0,0.0,0.018845326668962936,False,insufficient,200,,
259,3074,8.995138985452195,1,200,0.005,0.0008831687058453758,0.02777370469642793,False,insufficient,200,,
323,2507,8.995138985452195,8,200,0.04,0.0204056319610195,0.0769320685744264,False,insufficient,200,,
387,1940,8.995138985452195,30,200,0.15,0.10713593533492477,0.20605579333334925,False,insufficient,200,,
451,1373,8.995138985452195,68,200,0.34,0.2779154592508567,0.4081150452832114,False,insufficient,200,,
515,806,8.995138985452195,113,200,0.565,0.4957073620520242,0.6318427454810105,False,insufficient,200,,
579,239,8.995138985452195,167,200,0.835,0.777342184108311,0.8800314470234837,False,insufficient,200,,
394,1878,8.995165165390974,32,200,0.16,0.11567412001614788,0.2171407021187469,False,insufficient,200,,
458,1311,8.995165165390974,72,200,0.36,0.2966919725753122,0.4285847188919973,False,insufficient,200,,
522,744,8.995165165390974,120,200,0.6,0.5308367198423567,0.6653942148238506,False,insufficient,200,,
586,177,8.995165165390974,501,600,0.835,0.8031867605238001,0.8625508997302065,False,insufficient,600,,
10,5280,8.995165165390976,0,200,0.0,0.0,0.018845326668962936,False,insufficient,200,,
74,4713,8.995165165390976,0,200,0.0,0.0,0.018845326668962936,False,insufficient,200,,
138,4146,8.995165165390976,0,200,0.0,0.0,0.018845326668962936,False,insufficient,200,,
202,3579,8.995165165390976,0,200,0.0,0.0,0.018845326668962936,False,insufficient,200,,
266,3012,8.995165165390976,2,200,0.01,0.0027466581088489593,0.035721762026734716,False,insufficient,200,,
330,2445,8.995165165390976,11,200,0.055,0.03098534156570805,0.09578699916966896,False,insufficient,200,,
17,5218,8.995191345329754,0,200,0.0,0.0,0.018845326668962936,False,insufficient,200,,
81,4651,8.995191345329754,0,200,0.0,0.0,0.018845326668962936,False,insufficient,200,,
145,4084,8.995191345329754,0,200,0.0,0.0,0.018845326668962936,False,insufficient,200,,
209,3517,8.995191345329754,0,200,0.0,0.0,0.018845326668962936,False,insufficient,200,,
273,2950,8.995191345329754,3,200,0.015,0.005114237753504754,0.043165729115389295,False,insufficient,200,,
337,2383,8.995191345329754,14,200,0.07,0.04215217166140097,0.11405480927390717,False,insufficient,200,,
401,1816,8.995191345329754,40,200,0.2,0.15045200891679145,0.2608551870845863,False,insufficient,200,,
465,1249,8.995191345329754,73,200,0.365,0.30140526417602626,0.4336829740245936,False,insufficient,200,,
529,682,8.995191345329754,124,200,0.62,0.5510671796046104,0.6844099419948385,False,insufficient,200,,
593,115,8.995191345329754,511,600,0.8516666666666667,0.8209921286956898,0.8778668081878694,False,insufficient,600,,
280,2888,8.995217525268533,4,200,0.02,0.007804426362159347,0.05028708724004506,False,insufficient,200,,
344,2321,8.995217525268533,20,200,0.1,0.06567044845124732,0.14940581288392302,False,insufficient,200,,
408,1754,8.995217525268533,43,200,0.215,0.16371876218582487,0.277023074015484,False,insufficient,200,,
472,1187,8.995217525268533,81,200,0.405,0.3393777123306897,0.4742028997364132,False,insufficient,200,,
536,620,8.995217525268533,130,200,0.65,0.5816346428084853,0.7127117591908259,False,insufficient,200,,
600,53,8.995217525268533,518,600,0.8633333333333333,0.8335273212604672,0.8885165092637787,False,insufficient,600,,
24,5156,8.995217525268535,0,200,0.0,0.0,0.018845326668962936,False,insufficient,200,,
88,4589,8.995217525268535,0,200,0.0,0.0,0.018845326668962936,False,insufficient,200,,
152,4022,8.995217525268535,0,200,0.0,0.0,0.018845326668962936,False,insufficient,200,,
216,3455,8.995217525268535,0,200,0.0,0.0,0.018845326668962936,False,insufficient,200,,
31,5094,8.995243705207313,0,200,0.0,0.0,0.018845326668962936,False,insufficient,200,,
95,4527,8.995243705207313,0,200,0.0,0.0,0.018845326668962936,False,insufficient,200,,
543,558,8.995243705207313,135,200,0.675,0.607319850609677,0.7360842850561861,False,insufficient,200,,
159,3960,8.995243705207315,0,200,0.0,0.0,0.018845326668962936,False,insufficient,200,,
223,3393,8.995243705207315,0,200,0.0,0.0,0.018845326668962936,False,insufficient,200,,
287,2826,8.995243705207315,4,200,0.02,0.007804426362159347,0.05028708724004506,False,insufficient,200,,
351,2259,8.995243705207315,24,200,0.12,0.0819799268161472,0.17234252145226464,False,insufficient,200,,
415,1692,8.995243705207315,44,200,0.22,0.1681653832242373,0.2823879997103819,False,insufficient,200,,
479,1125,8.995243705207315,87,200,0.435,0.36815725451898934,0.5042926379479759,False,insufficient,200,,
102,4465,8.995269885146094,0,200,0.0,0.0,0.018845326668962936,False,insufficient,200,,
166,3898,8.995269885146094,0,200,0.0,0.0,0.018845326668962936,False,insufficient,200,,
230,3331,8.995269885146094,0,200,0.0,0.0,0.018845326668962936,False,insufficient,200,,
294,2764,8.995269885146094,5,200,0.025,0.010724719583860124,0.05717834075165468,False,insufficient,200,,
358,2197,8.995269885146094,25,200,0.125,0.0861197445025044,0.1780142504992178,False,insufficient,200,,
422,1630,8.995269885146094,52,200,0.26,0.2041383002358024,0.32490745656529973,False,insufficient,200,,
486,1063,8.995269885146094,92,200,0.46,0.39233051748177505,0.529177108651742,False,insufficient,200,,
550,496,8.995269885146094,142,200,0.71,0.6436252184459675,0.768459744353068,False,insufficient,200,,
38,5032,8.995269885146095,0,200,0.0,0.0,0.018845326668962936,False,insufficient,200,,
301,2702,8.995296065084872,5,200,0.025,0.010724719583860124,0.05717834075165468,False,insufficient,200,,
429,1568,8.995296065084872,54,200,0.27,0.2132344977387029,0.33543435252902004,False,insufficient,200,,
45,4970,8.995296065084874,0,200,0.0,0.0,0.018845326668962936,False,insufficient,200,,
109,4403,8.995296065084874,0,200,0.0,0.0,0.018845326668962936,False,insufficient,200,,
173,3836,8.995296065084874,0,200,0.0,0.0,0.018845326668962936,False,insufficient,200,,
237,3269,8.995296065084874,0,200,0.0,0.0,0.018845326668962936,False,insufficient,200,,
365,2135,8.995296065084874,26,200,0.13,0.09028202253521182,0.18366351919982074,False,insufficient,200,,
493,1001,8.995296065084874,94,200,0.47,0.4020475482110944,0.5390831713890433,False,insufficient,200,,
557,434,8.995296065084874,145,200,0.725,0.6593166058798847,0.7822029971190819,False,insufficient,200,,
52,4908,8.995322245023655,0,200,0.0,0.0,0.018845326668962936,False,insufficient,200,,
116,4341,8.995322245023655,0,200,0.0,0.0,0.018845326668962936,False,insufficient,200,,
180,3774,8.995322245023655,0,200,0.0,0.0,0.018845326668962936,False,insufficient,200,,
244,3207,8.995322245023655,0,200,0.0,0.0,0.018845326668962936,False,insufficient,200,,
308,2640,8.995322245023655,7,200,0.035,0.01705554191525804,0.0704706118868775,False,insufficient,200,,
372,2073,8.995322245023655,28,200,0.14,0.09866982605979482,0.1948988091418585,False,insufficient,200,,
436,1506,8.995322245023655,55,200,0.275,0.21779700288091797,0.3406833941201153,False,insufficient,200,,
500,939,8.995322245023655,101,200,0.505,0.4362699998026278,0.5735415469306826,False,insufficient,200,,
564,372,8.995322245023655,156,200,0.78,0.7176120002896181,0.8318346167757626,False,insufficient,200,,
59,4846,8.995348424962433,0,200,0.0,0.0,0.018845326668962936,False,insufficient,200,,
123,4279,8.995348424962433,0,200,0.0,0.0,0.018845326668962936,False,insufficient,200,,
187,3712,8.995348424962433,0,200,0.0,0.0,0.018845326668962936,False,insufficient,200,,
251,3145,8.995348424962433,1,200,0.005,0.0008831687058453758,0.02777370469642793,False,insufficient,200,,
315,2578,8.995348424962433,7,200,0.035,0.01705554191525804,0.0704706118868775,False,insufficient,200,,
379,2011,8.995348424962433,30,200,0.15,0.10713593533492477,0.20605579333334925,False,insufficient,200,,
443,1444,8.995348424962433,61,200,0.305,0.2453641558726048,0.3719855215282907,False,insufficient,200,,
507,877,8.995348424962433,104,200,0.52,0.45103785019149595,0.5882083367417457,False,insufficient,200,,
571,310,8.995348424962433,161,200,0.805,0.7445595557369519,0.8539447949949808,False,insufficient,200,,
2,5351,8.995374604901214,0,200,0.0,0.0,0.018845326668962936,False,insufficient,200,,
66,4784,8.995374604901214,0,200,0.0,0.0,0.018845326668962936,False,insufficient,200,,
130,4217,8.995374604901214,0,200,0.0,0.0,0.018845326668962936,False,insufficient,200,,
194,3650,8.995374604901214,0,200,0.0,0.0,0.018845326668962936,False,insufficient,200,,
258,3083,8.995374604901214,1,200,0.005,0.0008831687058453758,0.02777370469642793,False,insufficient,200,,
322,2516,8.995374604901214,8,200,0.04,0.0204056319610195,0.0769320685744264,False,insufficient,200,,
386,1949,8.995374604901214,29,200,0.145,0.10289350613885,0.20048667579611365,False,insufficient,200,,
450,1382,8.995374604901214,65,200,0.325,0.263915714943814,0.392680149390323,False,insufficient,200,,
514,815,8.995374604901214,111,200,0.555,0.4857330235838182,0.6221939904825959,False,insufficient,200,,
578,248,8.995374604901214,166,200,0.83,0.7718411632128768,0.8757209211856076,False,insufficient,200,,
585,186,8.995400784839992,499,600,0.8316666666666667,0.7996389412940751,0.8594744636340211,False,insufficient,600,,
9,5289,8.995400784839994,0,200,0.0,0.0,0.018845326668962936,False,insufficient,200,,
73,4722,8.995400784839994,0,200,0.0,0.0,0.018845326668962936,False,insufficient,200,,
137,4155,8.995400784839994,0,200,0.0,0.0,0.018845326668962936,False,insufficient,200,,
201,3588,8.995400784839994,0,200,0.0,0.0,0.018845326668962936,False,insufficient,200,,
265,3021,8.995400784839994,1,200,0.005,0.0008831687058453758,0.02777370469642793,False,insufficient,200,,
329,2454,8.995400784839994,11,200,0.055,0.03098534156570805,0.09578699916966896,False,insufficient,200,,
393,1887,8.995400784839994,32,200,0.16,0.11567412001614788,0.2171407021187469,False,insufficient,200,,
457,1320,8.995400784839994,71,200,0.355,0.2919862749369033,0.4234788697970958,False,insufficient,200,,
521,753,8.995400784839994,119,200,0.595,0.5257971002635867,0.6606222876693102,False,insufficient,200,,
16,5227,8.995426964778773,0,200,0.0,0.0,0.018845326668962936,False,insufficient,200,,
80,4660,8.995426964778773,0,200,0.0,0.0,0.018845326668962936,False,insufficient,200,,
144,4093,8.995426964778773,0,200,0.0,0.0,0.018845326668962936,False,insufficient,200,,
208,3526,8.995426964778773,0,200,0.0,0.0,0.018845326668962936,False,insufficient,200,,
272,2959,8.995426964778773,3,200,0.015,0.005114237753504754,0.043165729115389295,False,insufficient,200,,
336,2392,8.995426964778773,13,200,0.065,0.03837635449161451,0.10801907971038324,False,insufficient,200,,
400,1825,8.995426964778773,39,200,0.195,0.1460552050050192,0.2554404442630482,False,insufficient,200,,
464,1258,8.995426964778773,73,200,0.365,0.30140526417602626,0.4336829740245936,False,insufficient,200,,
528,691,8.995426964778773,124,200,0.62,0.5510671796046104,0.6844099419948385,False,insufficient,200,,
592,124,8.995426964778774,511,600,0.8516666666666667,0.8209921286956898,0.8778668081878694,False,insufficient,600,,
87,4598,8.995453144717553,0,200,0.0,0.0,0.018845326668962936,False,insufficient,200,,
151,4031,8.995453144717553,0,200,0.0,0.0,0.018845326668962936,False,insufficient,200,,
215,3464,8.995453144717553,0,200,0.0,0.0,0.018845326668962936,False,insufficient,200,,
279,2897,8.995453144717553,4,200,0.02,0.007804426362159347,0.05028708724004506,False,insufficient,200,,
343,2330,8.995453144717553,20,200,0.1,0.06567044845124732,0.14940581288392302,False,insufficient,200,,
407,1763,8.995453144717553,43,200,0.215,0.16371876218582487,0.277023074015484,False,insufficient,200,,
471,1196,8.995453144717553,81,200,0.405,0.3393777123306897,0.4742028997364132,False,insufficient,200,,
535,629,8.995453144717553,130,200,0.65,0.5816346428084853,0.7127117591908259,False,insufficient,200,,
599,62,8.995453144717553,516,600,0.86,0.8299394097317884,0.8854801654665472,False,insufficient,600,,
23,5165,8.995453144717555,0,200,0.0,0.0,0.018845326668962936,False,insufficient,200,,
30,5103,8.995479324656333,0,200,0.0,0.0,0.018845326668962936,False,insufficient,200,,
94,4536,8.995479324656333,0,200,0.0,0.0,0.018845326668962936,False,insufficient,200,,
158,3969,8.995479324656333,0,200,0.0,0.0,0.018845326668962936,False,insufficient,200,,
222,3402,8.995479324656333,0,200,0.0,0.0,0.018845326668962936,False,insufficient,200,,
286,2835,8.995479324656333,4,200,0.02,0.007804426362159347,0.05028708724004506,False,insufficient,200,,
350,2268,8.995479324656333,24,200,0.12,0.0819799268161472,0.17234252145226464,False,insufficient,200,,
414,1701,8.995479324656333,44,200,0.22,0.1681653832242373,0.2823879997103819,False,insufficient,200,,
478,1134,8.995479324656333,86,200,0.43,0.36334322282848375,0.4992951229051709,False,insufficient,200,,
542,567,8.995479324656333,135,200,0.675,0.607319850609677,0.7360842850561861,False,insufficient,200,,
606,0,8.995479324656333,524,600,0.8733333333333333,0.8443239913157072,0.8975926051862703,False,insufficient,600,,
293,2773,8.995505504595112,5,200,0.025,0.010724719583860124,0.05717834075165468,False,insufficient,200,,
37,5041,8.995505504595114,0,200,0.0,0.0,0.018845326668962936,False,insufficient,200,,
101,4474,8.995505504595114,0,200,0.0,0.0,0.018845326668962936,False,insufficient,200,,
165,3907,8.995505504595114,0,200,0.0,0.0,0.018845326668962936,False,insufficient,200,,
229,3340,8.995505504595114,0,200,0.0,0.0,0.018845326668962936,False,insufficient,200,,
357,2206,8.995505504595114,24,200,0.12,0.0819799268161472,0.17234252145226464,False,insufficient,200,,
421,1639,8.995505504595114,51,200,0.255,0.19960495132458245,0.3196292587432093,False,insufficient,200,,
485,1072,8.995505504595114,92,200,0.46,0.39233051748177505,0.529177108651742,False,insufficient,200,,
549,505,8.995505504595114,142,200,0.71,0.6436252184459675,0.768459744353068,False,insufficient,200,,
492,1041,9.047472683073243,90,200,0.45,0.38264068350836655,0.5192438491585296,False,insufficient,200,,
556,474,9.047472683073243,148,200,0.74,0.6750925434347002,0.7958616997641975,False,insufficient,200,,
44,5010,9.047472683073245,0,200,0.0,0.0,0.018845326668962936,False,insufficient,200,,
108,4443,9.047472683073245,0,200,0.0,0.0,0.018845326668962936,False,insufficient,200,,
172,3876,9.047472683073245,0,200,0.0,0.0,0.018845326668962936,False,insufficient,200,,
236,3309,9.047472683073245,1,200,0.005,0.0008831687058453758,0.02777370469642793,False,insufficient,200,,
300,2742,9.047472683073245,5,200,0.025,0.010724719583860124,0.05717834075165468,False,insufficient,200,,
364,2175,9.047472683073245,20,200,0.1,0.06567044845124732,0.14940581288392302,False,insufficient,200,,
428,1608,9.047472683073245,52,200,0.26,0.2041383002358024,0.32490745656529973,False,insufficient,200,,
51,4948,9.047498863012024,0,200,0.0,0.0,0.018845326668962936,False,insufficient,200,,
115,4381,9.047498863012024,0,200,0.0,0.0,0.018845326668962936,False,insufficient,200,,
179,3814,9.047498863012024,0,200,0.0,0.0,0.018845326668962936,False,insufficient,200,,
243,3247,9.047498863012024,2,200,0.01,0.0027466581088489593,0.035721762026734716,False,insufficient,200,,
307,2680,9.047498863012024,7,200,0.035,0.01705554191525804,0.0704706118868775,False,insufficient,200,,
371,2113,9.047498863012024,24,200,0.12,0.0819799268161472,0.17234252145226464,False,insufficient,200,,
435,1546,9.047498863012024,57,200,0.285,0.22695002962622268,0.35115346084143123,False,insufficient,200,,
499,979,9.047498863012024,98,200,0.49,0.42156278278393533,0.5588141237494437,False,insufficient,200,,
563,412,9.047498863012024,153,200,0.765,0.7015863106396482,0.8184256662258015,False,insufficient,200,,
570,350,9.047525042950802,156,200,0.78,0.7176120002896181,0.8318346167757626,False,insufficient,200,,
58,4886,9.047525042950804,0,200,0.0,0.0,0.018845326668962936,False,insufficient,200,,
186,3752,9.047525042950804,0,200,0.0,0.0,0.018845326668962936,False,insufficient,200,,
250,3185,9.047525042950804,3,200,0.015,0.005114237753504754,0.043165729115389295,False,insufficient,200,,
314,2618,9.047525042950804,8,200,0.04,0.0204056319610195,0.0769320685744264,False,insufficient,200,,
378,2051,9.047525042950804,27,200,0.135,0.09446570427968658,0.18929138418865638,False,insufficient,200,,
442,1484,9.047525042950804,61,200,0.305,0.2453641558726048,0.3719855215282907,False,insufficient,200,,
506,917,9.047525042950804,104,200,0.52,0.45103785019149595,0.5882083367417457,False,insufficient,200,,
122,4319,9.047525042950806,0,200,0.0,0.0,0.018845326668962936,False,insufficient,200,,
1,5391,9.047551222889584,0,200,0.0,0.0,0.018845326668962936,False,insufficient,200,,
65,4824,9.047551222889584,0,200,0.0,0.0,0.018845326668962936,False,insufficient,200,,
129,4257,9.047551222889584,0,200,0.0,0.0,0.018845326668962936,False,insufficient,200,,
193,3690,9.047551222889584,0,200,0.0,0.0,0.018845326668962936,False,insufficient,200,,
257,3123,9.047551222889584,3,200,0.015,0.005114237753504754,0.043165729115389295,False,insufficient,200,,
321,2556,9.047551222889584,8,200,0.04,0.0204056319610195,0.0769320685744264,False,insufficient,200,,
385,1989,9.047551222889584,29,200,0.145,0.10289350613885,0.20048667579611365,False,insufficient,200,,
449,1422,9.047551222889584,65,200,0.325,0.263915714943814,0.392680149390323,False,insufficient,200,,
513,855,9.047551222889584,114,200,0.57,0.5007048770948288,0.6366567771715163,False,insufficient,200,,
577,288,9.047551222889584,161,200,0.805,0.7445595557369519,0.8539447949949808,False,insufficient,200,,
8,5329,9.047577402828365,0,200,0.0,0.0,0.018845326668962936,False,insufficient,200,,
72,4762,9.047577402828365,0,200,0.0,0.0,0.018845326668962936,False,insufficient,200,,
136,4195,9.047577402828365,0,200,0.0,0.0,0.018845326668962936,False,insufficient,200,,
200,3628,9.047577402828365,0,200,0.0,0.0,0.018845326668962936,False,insufficient,200,,
264,3061,9.047577402828365,3,200,0.015,0.005114237753504754,0.043165729115389295,False,insufficient,200,,
328,2494,9.047577402828365,9,200,0.045,0.02385254288504434,0.08329670438371192,False,insufficient,200,,
392,1927,9.047577402828365,32,200,0.16,0.11567412001614788,0.2171407021187469,False,insufficient,200,,
456,1360,9.047577402828365,69,200,0.345,0.2825979433061415,0.41324410796123684,False,insufficient,200,,
520,793,9.047577402828365,117,200,0.585,0.5157391484647247,0.6510571460015516,False,insufficient,200,,
584,226,9.047577402828365,163,200,0.815,0.755429371876425,0.8626980723221283,False,insufficient,200,,
79,4700,9.047603582767143,0,200,0.0,0.0,0.018845326668962936,False,insufficient,200,,
399,1865,9.047603582767143,34,200,0.17,0.12427907881439243,0.22815883678712312,False,insufficient,200,,
463,1298,9.047603582767143,72,200,0.36,0.2966919725753122,0.4285847188919973,False,insufficient,200,,
527,731,9.047603582767143,123,200,0.615,0.5459986716511277,0.6796669032150108,False,insufficient,200,,
591,164,9.047603582767143,167,200,0.835,0.777342184108311,0.8800314470234837,False,insufficient,200,,
15,5267,9.047603582767145,0,200,0.0,0.0,0.018845326668962936,False,insufficient,200,,
143,4133,9.047603582767145,0,200,0.0,0.0,0.018845326668962936,False,insufficient,200,,
207,3566,9.047603582767145,0,200,0.0,0.0,0.018845326668962936,False,insufficient,200,,
271,2999,9.047603582767145,3,200,0.015,0.005114237753504754,0.043165729115389295,False,insufficient,200,,
335,2432,9.047603582767145,12,200,0.06,0.03465219410651454,0.10193169336217282,False,insufficient,200,,
22,5205,9.047629762705924,0,200,0.0,0.0,0.018845326668962936,False,insufficient,200,,
86,4638,9.047629762705924,0,200,0.0,0.0,0.018845326668962936,False,insufficient,200,,
150,4071,9.047629762705924,0,200,0.0,0.0,0.018845326668962936,False,insufficient,200,,
214,3504,9.047629762705924,0,200,0.0,0.0,0.018845326668962936,False,insufficient,200,,
278,2937,9.047629762705924,3,200,0.015,0.005114237753504754,0.043165729115389295,False,insufficient,200,,
342,2370,9.047629762705924,15,200,0.075,0.04597491700833055,0.12004361066028794,False,insufficient,200,,
406,1803,9.047629762705924,36,200,0.18,0.13294625827141174,0.2391147507967245,False,insufficient,200,,
470,1236,9.047629762705924,78,200,0.39,0.3250834308878392,0.4590625409793326,False,insufficient,200,,
534,669,9.047629762705924,126,200,0.63,0.5612262986885862,0.6938739163774834,False,insufficient,200,,
598,102,9.047629762705924,169,200,0.845,0.7883930935816389,0.8886036310167766,False,insufficient,200,,
285,2875,9.047655942644703,3,200,0.015,0.005114237753504754,0.043165729115389295,False,insufficient,200,,
349,2308,9.047655942644703,17,200,0.085,0.05374574998400461,0.13189587115123463,False,insufficient,200,,
413,1741,9.047655942644703,41,200,0.205,0.15486176168906182,0.2662569810456263,False,insufficient,200,,
477,1174,9.047655942644703,84,200,0.42,0.3537359911147436,0.48927926115229037,False,insufficient,200,,
541,607,9.047655942644703,136,200,0.68,0.6124810151086787,0.7407346672904946,False,insufficient,200,,
605,40,9.047655942644703,3544,4000,0.886,0.8757785246413141,0.8954807851273626,False,insufficient,4000,,
29,5143,9.047655942644704,0,200,0.0,0.0,0.018845326668962936,False,insufficient,200,,
93,4576,9.047655942644704,0,200,0.0,0.0,0.018845326668962936,False,insufficient,200,,
157,4009,9.047655942644704,0,200,0.0,0.0,0.018845326668962936,False,insufficient,200,,
221,3442,9.047655942644704,0,200,0.0,0.0,0.018845326668962936,False,insufficient,200,,
36,5081,9.047682122583483,0,200,0.0,0.0,0.018845326668962936,False,insufficient,200,,
100,4514,9.047682122583483,0,200,0.0,0.0,0.018845326668962936,False,insufficient,200,,
548,545,9.047682122583483,142,200,0.71,0.6436252184459675,0.768459744353068,False,insufficient,200,,
164,3947,9.047682122583485,0,200,0.0,0.0,0.018845326668962936,False,insufficient,200,,
228,3380,9.047682122583485,0,200,0.0,0.0,0.018845326668962936,False,insufficient,200,,
292,2813,9.047682122583485,5,200,0.025,0.010724719583860124,0.05717834075165468,False,insufficient,200,,
356,2246,9.047682122583485,18,200,0.09,0.05768744866037736,0.13776571920817224,False,insufficient,200,,
420,1679,9.047682122583485,48,200,0.24,0.1860661595414933,0.3037334103263674,False,insufficient,200,,
484,1112,9.047682122583485,85,200,0.425,0.3585361249314706,0.4942906740688738,False,insufficient,200,,
43,5019,9.047708302522263,0,200,0.0,0.0,0.018845326668962936,False,insufficient,200,,
107,4452,9.047708302522263,0,200,0.0,0.0,0.018845326668962936,False,insufficient,200,,
171,3885,9.047708302522263,0,200,0.0,0.0,0.018845326668962936,False,insufficient,200,,
235,3318,9.047708302522263,1,200,0.005,0.0008831687058453758,0.02777370469642793,False,insufficient,200,,
299,2751,9.047708302522263,5,200,0.025,0.010724719583860124,0.05717834075165468,False,insufficient,200,,
363,2184,9.047708302522263,20,200,0.1,0.06567044845124732,0.14940581288392302,False,insufficient,200,,
427,1617,9.047708302522263,50,200,0.25,0.195081679676731,0.3143409836577504,False,insufficient,200,,
491,1050,9.047708302522263,89,200,0.445,0.377806009517404,0.5142669764161818,False,insufficient,200,,
555,483,9.047708302522263,147,200,0.735,0.669824237532593,0.7913184589329944,False,insufficient,200,,
306,2689,9.047734482461042,7,200,0.035,0.01705554191525804,0.0704706118868775,False,insufficient,200,,
50,4957,9.047734482461044,0,200,0.0,0.0,0.018845326668962936,False,insufficient,200,,
114,4390,9.047734482461044,0,200,0.0,0.0,0.018845326668962936,False,insufficient,200,,
178,3823,9.047734482461044,0,200,0.0,0.0,0.018845326668962936,False,insufficient,200,,
242,3256,9.047734482461044,2,200,0.01,0.0027466581088489593,0.035721762026734716,False,insufficient,200,,
370,2122,9.047734482461044,23,200,0.115,0.07786373208518774,0.16664716944991373,False,insufficient,200,,
434,1555,9.047734482461044,56,200,0.28,0.2223688973234035,0.3459230464109402,False,insufficient,200,,
498,988,9.047734482461044,95,200,0.475,0.40691622594241644,0.5440260403910315,False,insufficient,200,,
562,421,9.047734482461044,152,200,0.76,0.6962665896736326,0.8139338404585067,False,insufficient,200,,
57,4895,9.047760662399824,0,200,0.0,0.0,0.018845326668962936,False,insufficient,200,,
121,4328,9.047760662399824,0,200,0.0,0.0,0.018845326668962936,False,insufficient,200,,
185,3761,9.047760662399824,0,200,0.0,0.0,0.018845326668962936,False,insufficient,200,,
249,3194,9.047760662399824,3,200,0.015,0.005114237753504754,0.043165729115389295,False,insufficient,200,,
313,2627,9.047760662399824,8,200,0.04,0.0204056319610195,0.0769320685744264,False,insufficient,200,,
377,2060,9.047760662399824,27,200,0.135,0.09446570427968658,0.18929138418865638,False,insufficient,200,,
441,1493,9.047760662399824,59,200,0.295,0.2361394381410138,0.3615871457932609,False,insufficient,200,,
505,926,9.047760662399824,101,200,0.505,0.4362699998026278,0.5735415469306826,False,insufficient,200,,
569,359,9.047760662399824,156,200,0.78,0.7176120002896181,0.8318346167757626,False,insufficient,200,,
128,4266,9.047786842338603,0,200,0.0,0.0,0.018845326668962936,False,insufficient,200,,
192,3699,9.047786842338603,0,200,0.0,0.0,0.018845326668962936,False,insufficient,200,,
256,3132,9.047786842338603,3,200,0.015,0.005114237753504754,0.043165729115389295,False,insufficient,200,,
320,2565,9.047786842338603,8,200,0.04,0.0204056319610195,0.0769320685744264,False,insufficient,200,,
384,1998,9.047786842338603,29,200,0.145,0.10289350613885,0.20048667579611365,False,insufficient,200,,
448,1431,9.047786842338603,64,200,0.32,0.2592653327095053,0.38751898489132125,False,insufficient,200,,
512,864,9.047786842338603,112,200,0.56,0.4907167528014922,0.6270218079982324,False,insufficient,200,,
576,297,9.047786842338603,161,200,0.805,0.7445595557369519,0.8539447949949808,False,insufficient,200,,
0,5400,9.047786842338605,0,200,0.0,0.0,0.018845326668962936,False,insufficient,200,,
64,4833,9.047786842338605,0,200,0.0,0.0,0.018845326668962936,False,insufficient,200,,
7,5338,9.047813022277383,0,200,0.0,0.0,0.018845326668962936,False,insufficient,200,,
71,4771,9.047813022277383,0,200,0.0,0.0,0.018845326668962936,False,insufficient,200,,
135,4204,9.047813022277383,0,200,0.0,0.0,0.018845326668962936,False,insufficient,200,,
199,3637,9.047813022277383,0,200,0.0,0.0,0.018845326668962936,False,insufficient,200,,
263,3070,9.047813022277383,3,200,0.015,0.005114237753504754,0.043165729115389295,False,insufficient,200,,
327,2503,9.047813022277383,9,200,0.045,0.02385254288504434,0.08329670438371192,False,insufficient,200,,
391,1936,9.047813022277383,32,200,0.16,0.11567412001614788,0.2171407021187469,False,insufficient,200,,
455,1369,9.047813022277383,69,200,0.345,0.2825979433061415,0.41324410796123684,False,insufficient,200,,
519,802,9.047813022277383,117,200,0.585,0.5157391484647247,0.6510571460015516,False,insufficient,200,,
583,235,9.047813022277383,162,200,0.81,0.7499876124094633,0.8583282850557797,False,insufficient,200,,
590,173,9.047839202216162,166,200,0.83,0.7718411632128768,0.8757209211856076,False,insufficient,200,,
14,5276,9.047839202216164,0,200,0.0,0.0,0.018845326668962936,False,insufficient,200,,
78,4709,9.047839202216164,0,200,0.0,0.0,0.018845326668962936,False,insufficient,200,,
142,4142,9.047839202216164,0,200,0.0,0.0,0.018845326668962936,False,insufficient,200,,
206,3575,9.047839202216164,0,200,0.0,0.0,0.018845326668962936,False,insufficient,200,,
270,3008,9.047839202216164,3,200,0.015,0.005114237753504754,0.043165729115389295,False,insufficient,200,,
334,2441,9.047839202216164,11,200,0.055,0.03098534156570805,0.09578699916966896,False,insufficient,200,,
398,1874,9.047839202216164,34,200,0.17,0.12427907881439243,0.22815883678712312,False,insufficient,200,,
462,1307,9.047839202216164,71,200,0.355,0.2919862749369033,0.4234788697970958,False,insufficient,200,,
526,740,9.047839202216164,123,200,0.615,0.5459986716511277,0.6796669032150108,False,insufficient,200,,
21,5214,9.047865382154942,0,200,0.0,0.0,0.018845326668962936,False,insufficient,200,,
85,4647,9.047865382154942,0,200,0.0,0.0,0.018845326668962936,False,insufficient,200,,
149,4080,9.047865382154942,0,200,0.0,0.0,0.018845326668962936,False,insufficient,200,,
213,3513,9.047865382154942,0,200,0.0,0.0,0.018845326668962936,False,insufficient,200,,
277,2946,9.047865382154942,3,200,0.015,0.005114237753504754,0.043165729115389295,False,insufficient,200,,
341,2379,9.047865382154942,15,200,0.075,0.04597491700833055,0.12004361066028794,False,insufficient,200,,
405,1812,9.047865382154942,34,200,0.17,0.12427907881439243,0.22815883678712312,False,insufficient,200,,
469,1245,9.047865382154942,77,200,0.385,0.3203330967849892,0.4540013283488722,False,insufficient,200,,
533,678,9.047865382154942,125,200,0.625,0.5561430364380054,0.6891456318947539,False,insufficient,200,,
597,111,9.047865382154942,169,200,0.845,0.7883930935816389,0.8886036310167766,False,insufficient,200,,
156,4018,9.047891562093723,0,200,0.0,0.0,0.018845326668962936,False,insufficient,200,,
220,3451,9.047891562093723,0,200,0.0,0.0,0.018845326668962936,False,insufficient,200,,
284,2884,9.047891562093723,3,200,0.015,0.005114237753504754,0.043165729115389295,False,insufficient,200,,
348,2317,9.047891562093723,17,200,0.085,0.05374574998400461,0.13189587115123463,False,insufficient,200,,
412,1750,9.047891562093723,41,200,0.205,0.15486176168906182,0.2662569810456263,False,insufficient,200,,
476,1183,9.047891562093723,84,200,0.42,0.3537359911147436,0.48927926115229037,False,insufficient,200,,
604,49,9.047891562093723,3536,4000,0.884,0.873705804675507,0.8935573428663891,False,insufficient,4000,,
28,5152,9.047891562093724,0,200,0.0,0.0,0.018845326668962936,False,insufficient,200,,
92,4585,9.047891562093724,0,200,0.0,0.0,0.018845326668962936,False,insufficient,200,,
540,616,9.047891562093724,135,200,0.675,0.607319850609677,0.7360842850561861,False,insufficient,200,,
35,5090,9.047917742032503,0,200,0.0,0.0,0.018845326668962936,False,insufficient,200,,
99,4523,9.047917742032503,0,200,0.0,0.0,0.018845326668962936,False,insufficient,200,,
163,3956,9.047917742032503,0,200,0.0,0.0,0.018845326668962936,False,insufficient,200,,
227,3389,9.047917742032503,0,200,0.0,0.0,0.018845326668962936,False,insufficient,200,,
291,2822,9.047917742032503,5,200,0.025,0.010724719583860124,0.05717834075165468,False,insufficient,200,,
355,2255,9.047917742032503,18,200,0.09,0.05768744866037736,0.13776571920817224,False,insufficient,200,,
419,1688,9.047917742032503,47,200,0.235,0.18157433377419854,0.2984136893603518,False,insufficient,200,,
483,1121,9.047917742032503,84,200,0.42,0.3537359911147436,0.48927926115229037,False,insufficient,200,,
547,554,9.047917742032503,141,200,0.705,0.638412854206739,0.7638605618589861,False,insufficient,200,,
42,5028,9.047943921971283,0,200,0.0,0.0,0.018845326668962936,False,insufficient,200,,
106,4461,9.047943921971283,0,200,0.0,0.0,0.018845326668962936,False,insufficient,200,,
170,3894,9.047943921971283,0,200,0.0,0.0,0.018845326668962936,False,insufficient,200,,
234,3327,9.047943921971283,1,200,0.005,0.0008831687058453758,0.02777370469642793,False,insufficient,200,,
298,2760,9.047943921971283,5,200,0.025,0.010724719583860124,0.05717834075165468,False,insufficient,200,,
362,2193,9.047943921971283,20,200,0.1,0.06567044845124732,0.14940581288392302,False,insufficient,200,,
426,1626,9.047943921971283,50,200,0.25,0.195081679676731,0.3143409836577504,False,insufficient,200,,
490,1059,9.047943921971283,89,200,0.445,0.377806009517404,0.5142669764161818,False,insufficient,200,,
554,492,9.047943921971283,147,200,0.735,0.669824237532593,0.7913184589329944,False,insufficient,200,,
49,4966,9.047970101910062,0,200,0.0,0.0,0.018845326668962936,False,insufficient,200,,
369,2131,9.047970101910062,23,200,0.115,0.07786373208518774,0.16664716944991373,False,insufficient,200,,
433,1564,9.047970101910062,54,200,0.27,0.2132344977387029,0.33543435252902004,False,insufficient,200,,
497,997,9.047970101910062,95,200,0.475,0.40691622594241644,0.5440260403910315,False,insufficient,200,,
561,430,9.047970101910062,151,200,0.755,0.6909575639021187,0.8094313194967102,False,insufficient,200,,
113,4399,9.047970101910064,0,200,0.0,0.0,0.018845326668962936,False,insufficient,200,,
177,3832,9.047970101910064,0,200,0.0,0.0,0.018845326668962936,False,insufficient,200,,
241,3265,9.047970101910064,2,200,0.01,0.0027466581088489593,0.035721762026734716,False,insufficient,200,,
305,2698,9.047970101910064,6,200,0.03,0.013820314259191425,0.06389429280963374,False,insufficient,200,,
56,4904,9.047996281848842,0,200,0.0,0.0,0.018845326668962936,False,insufficient,200,,
120,4337,9.047996281848842,0,200,0.0,0.0,0.018845326668962936,False,insufficient,200,,
184,3770,9.047996281848842,0,200,0.0,0.0,0.018845326668962936,False,insufficient,200,,
248,3203,9.047996281848842,3,200,0.015,0.005114237753504754,0.043165729115389295,False,insufficient,200,,
312,2636,9.047996281848842,7,200,0.035,0.01705554191525804,0.0704706118868775,False,insufficient,200,,
376,2069,9.047996281848842,26,200,0.13,0.09028202253521182,0.18366351919982074,False,insufficient,200,,
440,1502,9.047996281848842,58,200,0.29,0.23154025564693195,0.3563747815540324,False,insufficient,200,,
504,935,9.047996281848842,101,200,0.505,0.4362699998026278,0.5735415469306826,False,insufficient,200,,
568,368,9.047996281848842,156,200,0.78,0.7176120002896181,0.8318346167757626,False,insufficient,200,,
575,306,9.048022461787621,160,200,0.8,0.7391448129154138,0.8495479910832086,False,insufficient,200,,
63,4842,9.048022461787623,0,200,0.0,0.0,0.018845326668962936,False,insufficient,200,,
127,4275,9.048022461787623,0,200,0.0,0.0,0.018845326668962936,False,insufficient,200,,
191,3708,9.048022461787623,0,200,0.0,0.0,0.018845326668962936,False,insufficient,200,,
255,3141,9.048022461787623,3,200,0.015,0.005114237753504754,0.043165729115389295,False,insufficient,200,,
319,2574,9.048022461787623,8,200,0.04,0.0204056319610195,0.0769320685744264,False,insufficient,200,,
383,2007,9.048022461787623,28,200,0.14,0.09866982605979482,0.1948988091418585,False,insufficient,200,,
447,1440,9.048022461787623,62,200,0.31,0.2499894479224967,0.37717177621170916,False,insufficient,200,,
511,873,9.048022461787623,111,200,0.555,0.4857330235838182,0.6221939904825959,False,insufficient,200,,
6,5347,9.048048641726403,0,200,0.0,0.0,0.018845326668962936,False,insufficient,200,,
70,4780,9.048048641726403,0,200,0.0,0.0,0.018845326668962936,False,insufficient,200,,
134,4213,9.048048641726403,0,200,0.0,0.0,0.018845326668962936,False,insufficient,200,,
198,3646,9.048048641726403,0,200,0.0,0.0,0.018845326668962936,False,insufficient,200,,
262,3079,9.048048641726403,3,200,0.015,0.005114237753504754,0.043165729115389295,False,insufficient,200,,
326,2512,9.048048641726403,9,200,0.045,0.02385254288504434,0.08329670438371192,False,insufficient,200,,
390,1945,9.048048641726403,31,200,0.155,0.11139636898322336,0.21160690641836105,False,insufficient,200,,
454,1378,9.048048641726403,69,200,0.345,0.2825979433061415,0.41324410796123684,False,insufficient,200,,
518,811,9.048048641726403,117,200,0.585,0.5157391484647247,0.6510571460015516,False,insufficient,200,,
582,244,9.048048641726403,162,200,0.81,0.7499876124094633,0.8583282850557797,False,insufficient,200,,
141,4151,9.048074821665182,0,200,0.0,0.0,0.018845326668962936,False,insufficient,200,,
205,3584,9.048074821665182,0,200,0.0,0.0,0.018845326668962936,False,insufficient,200,,
269,3017,9.048074821665182,3,200,0.015,0.005114237753504754,0.043165729115389295,False,insufficient,200,,
333,2450,9.048074821665182,11,200,0.055,0.03098534156570805,0.09578699916966896,False,insufficient,200,,
397,1883,9.048074821665182,34,200,0.17,0.12427907881439243,0.22815883678712312,False,insufficient,200,,
461,1316,9.048074821665182,71,200,0.355,0.2919862749369033,0.4234788697970958,False,insufficient,200,,
525,749,9.048074821665182,122,200,0.61,0.5409374590206674,0.6749165691121608,False,insufficient,200,,
589,182,9.048074821665182,166,200,0.83,0.7718411632128768,0.8757209211856076,False,insufficient,200,,
13,5285,9.048074821665184,0,200,0.0,0.0,0.018845326668962936,False,insufficient,200,,
77,4718,9.048074821665184,0,200,0.0,0.0,0.018845326668962936,False,insufficient,200,,
20,5223,9.048101001603962,0,200,0.0,0.0,0.018845326668962936,False,insufficient,200,,
84,4656,9.048101001603962,0,200,0.0,0.0,0.018845326668962936,False,insufficient,200,,
276,2955,9.048101001603962,3,200,0.015,0.005114237753504754,0.043165729115389295,False,insufficient,200,,
340,2388,9.048101001603962,15,200,0.075,0.04597491700833055,0.12004361066028794,False,insufficient,200,,
404,1821,9.048101001603962,34,200,0.17,0.12427907881439243,0.22815883678712312,False,insufficient,200,,
468,1254,9.048101001603962,77,200,0.385,0.3203330967849892,0.4540013283488722,False,insufficient,200,,
532,687,9.048101001603962,125,200,0.625,0.5561430364380054,0.6891456318947539,False,insufficient,200,,
596,120,9.048101001603962,169,200,0.845,0.7883930935816389,0.8886036310167766,False,insufficient,200,,
148,4089,9.048101001603964,0,200,0.0,0.0,0.018845326668962936,False,insufficient,200,,
212,3522,9.048101001603964,0,200,0.0,0.0,0.018845326668962936,False,insufficient,200,,
27,5161,9.048127181542743,0,200,0.0,0.0,0.018845326668962936,False,insufficient,200,,
91,4594,9.048127181542743,0,200,0.0,0.0,0.018845326668962936,False,insufficient,200,,
155,4027,9.048127181542743,0,200,0.0,0.0,0.018845326668962936,False,insufficient,200,,
219,3460,9.048127181542743,0,200,0.0,0.0,0.018845326668962936,False,insufficient,200,,
283,2893,9.048127181542743,3,200,0.015,0.005114237753504754,0.043165729115389295,False,insufficient,200,,
347,2326,9.048127181542743,17,200,0.085,0.05374574998400461,0.13189587115123463,False,insufficient,200,,
411,1759,9.048127181542743,40,200,0.2,0.15045200891679145,0.2608551870845863,False,insufficient,200,,
475,1192,9.048127181542743,83,200,0.415,0.34894285399844827,0.4842608515352753,False,insufficient,200,,
539,625,9.048127181542743,134,200,0.67,0.6021668471867698,0.7314257417457829,False,insufficient,200,,
603,58,9.048127181542743,3532,4000,0.883,0.872669798694896,0.8925952677336096,False,insufficient,4000,,
34,5099,9.048153361481521,0,200,0.0,0.0,0.018845326668962936,False,insufficient,200,,
290,2831,9.048153361481521,5,200,0.025,0.010724719583860124,0.05717834075165468,False,insufficient,200,,
354,2264,9.048153361481521,18,200,0.09,0.05768744866037736,0.13776571920817224,False,insufficient,200,,
418,1697,9.048153361481521,44,200,0.22,0.1681653832242373,0.2823879997103819,False,insufficient,200,,
482,1130,9.048153361481521,84,200,0.42,0.3537359911147436,0.48927926115229037,False,insufficient,200,,
546,563,9.048153361481521,141,200,0.705,0.638412854206739,0.7638605618589861,False,insufficient,200,,
98,4532,9.048153361481523,0,200,0.0,0.0,0.018845326668962936,False,insufficient,200,,
162,3965,9.048153361481523,0,200,0.0,0.0,0.018845326668962936,False,insufficient,200,,
226,3398,9.048153361481523,0,200,0.0,0.0,0.018845326668962936,False,insufficient,200,,
41,5037,9.048179541420302,0,200,0.0,0.0,0.018845326668962936,False,insufficient,200,,
105,4470,9.048179541420302,0,200,0.0,0.0,0.018845326668962936,False,insufficient,200,,
169,3903,9.048179541420302,0,200,0.0,0.0,0.018845326668962936,False,insufficient,200,,
233,3336,9.048179541420302,0,200,0.0,0.0,0.018845326668962936,False,insufficient,200,,
425,1635,9.048179541420302,50,200,0.25,0.195081679676731,0.3143409836577504,False,insufficient,200,,
489,1068,9.048179541420302,89,200,0.445,0.377806009517404,0.5142669764161818,False,insufficient,200,,
553,501,9.048179541420302,146,200,0.73,0.66456564747098,0.786765502261297,False,insufficient,200,,
297,2769,9.048179541420303,5,200,0.025,0.010724719583860124,0.05717834075165468,False,insufficient,200,,
361,2202,9.048179541420303,19,200,0.095,0.061663102507449205,0.14360161209441077,False,insufficient,200,,
560,439,9.04820572135908,151,200,0.755,0.6909575639021187,0.8094313194967102,False,insufficient,200,,
48,4975,9.048205721359082,0,200,0.0,0.0,0.018845326668962936,False,insufficient,200,,
112,4408,9.048205721359082,0,200,0.0,0.0,0.018845326668962936,False,insufficient,200,,
176,3841,9.048205721359082,0,200,0.0,0.0,0.018845326668962936,False,insufficient,200,,
240,3274,9.048205721359082,2,200,0.01,0.0027466581088489593,0.035721762026734716,False,insufficient,200,,
304,2707,9.048205721359082,6,200,0.03,0.013820314259191425,0.06389429280963374,False,insufficient,200,,
368,2140,9.048205721359082,23,200,0.115,0.07786373208518774,0.16664716944991373,False,insufficient,200,,
432,1573,9.048205721359082,54,200,0.27,0.2132344977387029,0.33543435252902004,False,insufficient,200,,
496,1006,9.048205721359082,94,200,0.47,0.4020475482110944,0.5390831713890433,False,insufficient,200,,
311,2645,9.04823190129786,7,200,0.035,0.01705554191525804,0.0704706118868775,False,insufficient,200,,
375,2078,9.04823190129786,26,200,0.13,0.09028202253521182,0.18366351919982074,False,insufficient,200,,
439,1511,9.04823190129786,58,200,0.29,0.23154025564693195,0.3563747815540324,False,insufficient,200,,
503,944,9.04823190129786,100,200,0.5,0.43136085907267824,0.5686391409273218,False,insufficient,200,,
55,4913,9.048231901297862,0,200,0.0,0.0,0.018845326668962936,False,insufficient,200,,
119,4346,9.048231901297862,0,200,0.0,0.0,0.018845326668962936,False,insufficient,200,,
183,3779,9.048231901297862,0,200,0.0,0.0,0.018845326668962936,False,insufficient,200,,
247,3212,9.048231901297862,3,200,0.015,0.005114237753504754,0.043165729115389295,False,insufficient,200,,
567,377,9.048231901297862,155,200,0.775,0.7122587671141067,0.8273763032179636,False,insufficient,200,,
126,4284,9.048258081236641,0,200,0.0,0.0,0.018845326668962936,False,insufficient,200,,
190,3717,9.048258081236641,0,200,0.0,0.0,0.018845326668962936,False,insufficient,200,,
254,3150,9.048258081236641,3,200,0.015,0.005114237753504754,0.043165729115389295,False,insufficient,200,,
574,315,9.048258081236641,158,200,0.79,0.7283538308774716,0.84071587965453,False,insufficient,200,,
62,4851,9.048258081236643,0,200,0.0,0.0,0.018845326668962936,False,insufficient,200,,
318,2583,9.048258081236643,8,200,0.04,0.0204056319610195,0.0769320685744264,False,insufficient,200,,
382,2016,9.048258081236643,28,200,0.14,0.09866982605979482,0.1948988091418585,False,insufficient,200,,
446,1449,9.048258081236643,62,200,0.31,0.2499894479224967,0.37717177621170916,False,insufficient,200,,
510,882,9.048258081236643,111,200,0.555,0.4857330235838182,0.6221939904825959,False,insufficient,200,,
5,5356,9.048284261175422,0,200,0.0,0.0,0.018845326668962936,False,insufficient,200,,
69,4789,9.048284261175422,0,200,0.0,0.0,0.018845326668962936,False,insufficient,200,,
133,4222,9.048284261175422,0,200,0.0,0.0,0.018845326668962936,False,insufficient,200,,
197,3655,9.048284261175422,0,200,0.0,0.0,0.018845326668962936,False,insufficient,200,,
261,3088,9.048284261175422,3,200,0.015,0.005114237753504754,0.043165729115389295,False,insufficient,200,,
325,2521,9.048284261175422,8,200,0.04,0.0204056319610195,0.0769320685744264,False,insufficient,200,,
389,1954,9.048284261175422,31,200,0.155,0.11139636898322336,0.21160690641836105,False,insufficient,200,,
453,1387,9.048284261175422,69,200,0.345,0.2825979433061415,0.41324410796123684,False,insufficient,200,,
517,820,9.048284261175422,117,200,0.585,0.5157391484647247,0.6510571460015516,False,insufficient,200,,
581,253,9.048284261175422,162,200,0.81,0.7499876124094633,0.8583282850557797,False,insufficient,200,,
332,2459,9.0483104411142,10,200,0.05,0.027382645473457017,0.08957814852860962,False,insufficient,200,,
12,5294,9.048310441114202,0,200,0.0,0.0,0.018845326668962936,False,insufficient,200,,
76,4727,9.048310441114202,0,200,0.0,0.0,0.018845326668962936,False,insufficient,200,,
140,4160,9.048310441114202,0,200,0.0,0.0,0.018845326668962936,False,insufficient,200,,
204,3593,9.048310441114202,0,200,0.0,0.0,0.018845326668962936,False,insufficient,200,,
268,3026,9.048310441114202,3,200,0.015,0.005114237753504754,0.043165729115389295,False,insufficient,200,,
396,1892,9.048310441114202,34,200,0.17,0.12427907881439243,0.22815883678712312,False,insufficient,200,,
460,1325,9.048310441114202,71,200,0.355,0.2919862749369033,0.4234788697970958,False,insufficient,200,,
524,758,9.048310441114202,122,200,0.61,0.5409374590206674,0.6749165691121608,False,insufficient,200,,
588,191,9.048310441114202,164,200,0.82,0.7608852492032754,0.8670537417285882,False,insufficient,200,,
19,5232,9.04833662105298,0,200,0.0,0.0,0.018845326668962936,False,insufficient,200,,
595,129,9.04833662105298,169,200,0.845,0.7883930935816389,0.8886036310167766,False,insufficient,200,,
83,4665,9.048336621052982,0,200,0.0,0.0,0.018845326668962936,False,insufficient,200,,
147,4098,9.048336621052982,0,200,0.0,0.0,0.018845326668962936,False,insufficient,200,,
211,3531,9.048336621052982,0,200,0.0,0.0,0.018845326668962936,False,insufficient,200,,
275,2964,9.048336621052982,3,200,0.015,0.005114237753504754,0.043165729115389295,False,insufficient,200,,
339,2397,9.048336621052982,15,200,0.075,0.04597491700833055,0.12004361066028794,False,insufficient,200,,
403,1830,9.048336621052982,34,200,0.17,0.12427907881439243,0.22815883678712312,False,insufficient,200,,
467,1263,9.048336621052982,76,200,0.38,0.31559005800516143,0.44893282039538956,False,insufficient,200,,
531,696,9.048336621052982,125,200,0.625,0.5561430364380054,0.6891456318947539,False,insufficient,200,,
26,5170,9.048362800991761,0,200,0.0,0.0,0.018845326668962936,False,insufficient,200,,
90,4603,9.048362800991761,0,200,0.0,0.0,0.018845326668962936,False,insufficient,200,,
154,4036,9.048362800991761,0,200,0.0,0.0,0.018845326668962936,False,insufficient,200,,
218,3469,9.048362800991761,0,200,0.0,0.0,0.018845326668962936,False,insufficient,200,,
282,2902,9.048362800991761,3,200,0.015,0.005114237753504754,0.043165729115389295,False,insufficient,200,,
346,2335,9.048362800991761,16,200,0.08,0.04984058570487163,0.12598948869705726,False,insufficient,200,,
410,1768,9.048362800991761,39,200,0.195,0.1460552050050192,0.2554404442630482,False,insufficient,200,,
474,1201,9.048362800991761,83,200,0.415,0.34894285399844827,0.4842608515352753,False,insufficient,200,,
538,634,9.048362800991761,133,200,0.665,0.5970219115283492,0.7267591306708931,False,insufficient,200,,
602,67,9.048362800991761,3521,4000,0.88025,0.8698219734592767,0.8899483699074054,False,insufficient,4000,,
97,4541,9.048388980930541,0,200,0.0,0.0,0.018845326668962936,False,insufficient,200,,
161,3974,9.048388980930541,0,200,0.0,0.0,0.018845326668962936,False,insufficient,200,,
225,3407,9.048388980930541,0,200,0.0,0.0,0.018845326668962936,False,insufficient,200,,
289,2840,9.048388980930541,5,200,0.025,0.010724719583860124,0.05717834075165468,False,insufficient,200,,
353,2273,9.048388980930541,18,200,0.09,0.05768744866037736,0.13776571920817224,False,insufficient,200,,
417,1706,9.048388980930541,44,200,0.22,0.1681653832242373,0.2823879997103819,False,insufficient,200,,
481,1139,9.048388980930541,84,200,0.42,0.3537359911147436,0.48927926115229037,False,insufficient,200,,
545,572,9.048388980930541,140,200,0.7,0.6332093157249852,0.7592525536074295,False,insufficient,200,,
609,5,9.048388980930541,3570,4000,0.8925,0.8825216268887314,0.9017252101169826,False,crossing,4000,crossing,4000
33,5108,9.048388980930543,0,200,0.0,0.0,0.018845326668962936,False,insufficient,200,,
40,5046,9.048415160869322,0,200,0.0,0.0,0.018845326668962936,False,insufficient,200,,
104,4479,9.048415160869322,0,200,0.0,0.0,0.018845326668962936,False,insufficient,200,,
168,3912,9.048415160869322,0,200,0.0,0.0,0.018845326668962936,False,insufficient,200,,
232,3345,9.048415160869322,0,200,0.0,0.0,0.018845326668962936,False,insufficient,200,,
296,2778,9.048415160869322,5,200,0.025,0.010724719583860124,0.05717834075165468,False,insufficient,200,,
360,2211,9.048415160869322,19,200,0.095,0.061663102507449205,0.14360161209441077,False,insufficient,200,,
424,1644,9.048415160869322,50,200,0.25,0.195081679676731,0.3143409836577504,False,insufficient,200,,
488,1077,9.048415160869322,89,200,0.445,0.377806009517404,0.5142669764161818,False,insufficient,200,,
552,510,9.048415160869322,145,200,0.725,0.6593166058798847,0.7822029971190819,False,insufficient,200,,
111,4417,9.0484413408081,0,200,0.0,0.0,0.018845326668962936,False,insufficient,200,,
175,3850,9.0484413408081,0,200,0.0,0.0,0.018845326668962936,False,insufficient,200,,
239,3283,9.0484413408081,1,200,0.005,0.0008831687058453758,0.02777370469642793,False,insufficient,200,,
303,2716,9.0484413408081,6,200,0.03,0.013820314259191425,0.06389429280963374,False,insufficient,200,,
367,2149,9.0484413408081,21,200,0.105,0.06970748770124899,0.15518032036723173,False,insufficient,200,,
431,1582,9.0484413408081,53,200,0.265,0.2086815410670056,0.33017576246740693,False,insufficient,200,,
495,1015,9.0484413408081,92,200,0.46,0.39233051748177505,0.529177108651742,False,insufficient,200,,
559,448,9.0484413408081,150,200,0.75,0.6856590163422495,0.804918320323269,False,insufficient,200,,
47,4984,9.048441340808102,0,200,0.0,0.0,0.018845326668962936,False,insufficient,200,,
54,4922,9.04846752074688,0,200,0.0,0.0,0.018845326668962936,False,insufficient,200,,
182,3788,9.04846752074688,0,200,0.0,0.0,0.018845326668962936,False,insufficient,200,,
246,3221,9.04846752074688,3,200,0.015,0.005114237753504754,0.043165729115389295,False,insufficient,200,,
310,2654,9.04846752074688,7,200,0.035,0.01705554191525804,0.0704706118868775,False,insufficient,200,,
374,2087,9.04846752074688,25,200,0.125,0.0861197445025044,0.1780142504992178,False,insufficient,200,,
438,1520,9.04846752074688,58,200,0.29,0.23154025564693195,0.3563747815540324,False,insufficient,200,,
502,953,9.04846752074688,100,200,0.5,0.43136085907267824,0.5686391409273218,False,insufficient,200,,
566,386,9.04846752074688,155,200,0.775,0.7122587671141067,0.8273763032179636,False,insufficient,200,,
118,4355,9.048467520746883,0,200,0.0,0.0,0.018845326668962936,False,insufficient,200,,
61,4860,9.048493700685661,0,200,0.0,0.0,0.018845326668962936,False,insufficient,200,,
125,4293,9.048493700685661,0,200,0.0,0.0,0.018845326668962936,False,insufficient,200,,
189,3726,9.048493700685661,0,200,0.0,0.0,0.018845326668962936,False,insufficient,200,,
253,3159,9.048493700685661,3,200,0.015,0.005114237753504754,0.043165729115389295,False,insufficient,200,,
317,2592,9.048493700685661,8,200,0.04,0.0204056319610195,0.0769320685744264,False,insufficient,200,,
381,2025,9.048493700685661,28,200,0.14,0.09866982605979482,0.1948988091418585,False,insufficient,200,,
445,1458,9.048493700685661,62,200,0.31,0.2499894479224967,0.37717177621170916,False,insufficient,200,,
509,891,9.048493700685661,109,200,0.545,0.47578611318257474,0.6125178074172186,False,insufficient,200,,
573,324,9.048493700685661,158,200,0.79,0.7283538308774716,0.84071587965453,False,insufficient,200,,
4,5365,9.04851988062444,0,200,0.0,0.0,0.018845326668962936,False,insufficient,200,,
68,4798,9.04851988062444,0,200,0.0,0.0,0.018845326668962936,False,insufficient,200,,
580,262,9.04851988062444,162,200,0.81,0.7499876124094633,0.8583282850557797,False,insufficient,200,,
132,4231,9.048519880624442,0,200,0.0,0.0,0.018845326668962936,False,insufficient,200,,
196,3664,9.048519880624442,0,200,0.0,0.0,0.018845326668962936,False,insufficient,200,,
260,3097,9.048519880624442,3,200,0.015,0.005114237753504754,0.043165729115389295,False,insufficient,200,,
324,2530,9.048519880624442,8,200,0.04,0.0204056319610195,0.0769320685744264,False,insufficient,200,,
388,1963,9.048519880624442,30,200,0.15,0.10713593533492477,0.20605579333334925,False,insufficient,200,,
452,1396,9.048519880624442,67,200,0.335,0.27324086932910685,0.4029780884716509,False,insufficient,200,,
516,829,9.048519880624442,115,200,0.575,0.505709325931126,0.6414638750685293,False,insufficient,200,,
395,1901,9.04854606056322,33,200,0.165,0.11996855297651625,0.22265781589168893,False,insufficient,200,,
459,1334,9.04854606056322,70,200,0.35,0.28728824080917403,0.4183653571915147,False,insufficient,200,,
523,767,9.04854606056322,121,200,0.605,0.5358834910421801,0.6701589903573376,False,insufficient,200,,
11,5303,9.048546060563222,0,200,0.0,0.0,0.018845326668962936,False,insufficient,200,,
75,4736,9.048546060563222,0,200,0.0,0.0,0.018845326668962936,False,insufficient,200,,
139,4169,9.048546060563222,0,200,0.0,0.0,0.018845326668962936,False,insufficient,200,,
203,3602,9.048546060563222,0,200,0.0,0.0,0.018845326668962936,False,insufficient,200,,
267,3035,9.048546060563222,3,200,0.015,0.005114237753504754,0.043165729115389295,False,insufficient,200,,
331,2468,9.048546060563222,10,200,0.05,0.027382645473457017,0.08957814852860962,False,insufficient,200,,
587,200,9.048546060563222,163,200,0.815,0.755429371876425,0.8626980723221283,False,insufficient,200,,
82,4674,9.048572240502,0,200,0.0,0.0,0.018845326668962936,False,insufficient,200,,
146,4107,9.048572240502,0,200,0.0,0.0,0.018845326668962936,False,insufficient,200,,
210,3540,9.048572240502,0,200,0.0,0.0,0.018845326668962936,False,insufficient,200,,
274,2973,9.048572240502,3,200,0.015,0.005114237753504754,0.043165729115389295,False,insufficient,200,,
338,2406,9.048572240502,15,200,0.075,0.04597491700833055,0.12004361066028794,False,insufficient,200,,
402,1839,9.048572240502,34,200,0.17,0.12427907881439243,0.22815883678712312,False,insufficient,200,,
466,1272,9.048572240502,76,200,0.38,0.31559005800516143,0.44893282039538956,False,insufficient,200,,
530,705,9.048572240502,124,200,0.62,0.5510671796046104,0.6844099419948385,False,insufficient,200,,
594,138,9.048572240502,168,200,0.84,0.782859297881253,0.884325879983852,False,insufficient,200,,
18,5241,9.048572240502002,0,200,0.0,0.0,0.018845326668962936,False,insufficient,200,,
25,5179,9.048598420440781,0,200,0.0,0.0,0.018845326668962936,False,insufficient,200,,
89,4612,9.048598420440781,0,200,0.0,0.0,0.018845326668962936,False,insufficient,200,,
153,4045,9.048598420440781,0,200,0.0,0.0,0.018845326668962936,False,insufficient,200,,
217,3478,9.048598420440781,0,200,0.0,0.0,0.018845326668962936,False,insufficient,200,,
281,2911,9.048598420440781,3,200,0.015,0.005114237753504754,0.043165729115389295,False,insufficient,200,,
345,2344,9.048598420440781,15,200,0.075,0.04597491700833055,0.12004361066028794,False,insufficient,200,,
409,1777,9.048598420440781,39,200,0.195,0.1460552050050192,0.2554404442630482,False,insufficient,200,,
473,1210,9.048598420440781,83,200,0.415,0.34894285399844827,0.4842608515352753,False,insufficient,200,,
537,643,9.048598420440781,130,200,0.65,0.5816346428084853,0.7127117591908259,False,insufficient,200,,
601,76,9.048598420440781,3512,4000,0.878,0.8674932061089909,0.887781454752563,False,insufficient,4000,,
544,581,9.04862460037956,140,200,0.7,0.6332093157249852,0.7592525536074295,False,insufficient,200,,
608,14,9.04862460037956,3566,4000,0.8915,0.8814835333744755,0.9007652225178481,False,crossing,4000,crossing,4000
32,5117,9.048624600379561,0,200,0.0,0.0,0.018845326668962936,False,insufficient,200,,
96,4550,9.048624600379561,0,200,0.0,0.0,0.018845326668962936,False,insufficient,200,,
160,3983,9.048624600379561,0,200,0.0,0.0,0.018845326668962936,False,insufficient,200,,
224,3416,9.048624600379561,0,200,0.0,0.0,0.018845326668962936,False,insufficient,200,,
288,2849,9.048624600379561,4,200,0.02,0.007804426362159347,0.05028708724004506,False,insufficient,200,,
352,2282,9.048624600379561,18,200,0.09,0.05768744866037736,0.13776571920817224,False,insufficient,200,,
416,1715,9.048624600379561,43,200,0.215,0.16371876218582487,0.277023074015484,False,insufficient,200,,
480,1148,9.048624600379561,84,200,0.42,0.3537359911147436,0.48927926115229037,False,insufficient,200,,
39,5055,9.04865078031834,0,200,0.0,0.0,0.018845326668962936,False,insufficient,200,,
167,3921,9.04865078031834,0,200,0.0,0.0,0.018845326668962936,False,insufficient,200,,
231,3354,9.04865078031834,0,200,0.0,0.0,0.018845326668962936,False,insufficient,200,,
295,2787,9.04865078031834,5,200,0.025,0.010724719583860124,0.05717834075165468,False,insufficient,200,,
359,2220,9.04865078031834,19,200,0.095,0.061663102507449205,0.14360161209441077,False,insufficient,200,,
423,1653,9.04865078031834,49,200,0.245,0.1905686805032898,0.3090424360978812,False,insufficient,200,,
487,1086,9.04865078031834,88,200,0.44,0.3729781920017676,0.5092832471985078,False,insufficient,200,,
551,519,9.04865078031834,145,200,0.725,0.6593166058798847,0.7822029971190819,False,insufficient,200,,
103,4488,9.048650780318342,0,200,0.0,0.0,0.018845326668962936,False,insufficient,200,,
46,4993,9.04867696025712,0,200,0.0,0.0,0.018845326668962936,False,insufficient,200,,
110,4426,9.04867696025712,0,200,0.0,0.0,0.018845326668962936,False,insufficient,200,,
174,3859,9.04867696025712,0,200,0.0,0.0,0.018845326668962936,False,insufficient,200,,
238,3292,9.04867696025712,1,200,0.005,0.0008831687058453758,0.02777370469642793,False,insufficient,200,,
302,2725,9.04867696025712,6,200,0.03,0.013820314259191425,0.06389429280963374,False,insufficient,200,,
366,2158,9.04867696025712,21,200,0.105,0.06970748770124899,0.15518032036723173,False,insufficient,200,,
430,1591,9.04867696025712,52,200,0.26,0.2041383002358024,0.32490745656529973,False,insufficient,200,,
494,1024,9.04867696025712,92,200,0.46,0.39233051748177505,0.529177108651742,False,insufficient,200,,
558,457,9.04867696025712,150,200,0.75,0.6856590163422495,0.804918320323269,False,insufficient,200,,
565,395,9.048703140195899,153,200,0.765,0.7015863106396482,0.8184256662258015,False,insufficient,200,,
53,4931,9.0487031401959,0,200,0.0,0.0,0.018845326668962936,False,insufficient,200,,
117,4364,9.0487031401959,0,200,0.0,0.0,0.018845326668962936,False,insufficient,200,,
181,3797,9.0487031401959,0,200,0.0,0.0,0.018845326668962936,False,insufficient,200,,
245,3230,9.0487031401959,3,200,0.015,0.005114237753504754,0.043165729115389295,False,insufficient,200,,
309,2663,9.0487031401959,7,200,0.035,0.01705554191525804,0.0704706118868775,False,insufficient,200,,
373,2096,9.0487031401959,24,200,0.12,0.0819799268161472,0.17234252145226464,False,insufficient,200,,
437,1529,9.0487031401959,57,200,0.285,0.22695002962622268,0.35115346084143123,False,insufficient,200,,
501,962,9.0487031401959,99,200,0.495,0.4264584530693174,0.5637300001973722,False,insufficient,200,,
188,3735,9.04872932013468,0,200,0.0,0.0,0.018845326668962936,False,insufficient,200,,
252,3168,9.04872932013468,3,200,0.015,0.005114237753504754,0.043165729115389295,False,insufficient,200,,
316,2601,9.04872932013468,8,200,0.04,0.0204056319610195,0.0769320685744264,False,insufficient,200,,
380,2034,9.04872932013468,28,200,0.14,0.09866982605979482,0.1948988091418585,False,insufficient,200,,
444,1467,9.04872932013468,62,200,0.31,0.2499894479224967,0.37717177621170916,False,insufficient,200,,
508,900,9.04872932013468,106,200,0.53,0.4609168286109567,0.5979524517889057,False,insufficient,200,,
60,4869,9.048729320134681,0,200,0.0,0.0,0.018845326668962936,False,insufficient,200,,
124,4302,9.048729320134681,0,200,0.0,0.0,0.018845326668962936,False,insufficient,200,,
572,333,9.048729320134681,158,200,0.79,0.7283538308774716,0.84071587965453,False,insufficient,200,,
131,4240,9.04875550007346,0,200,0.0,0.0,0.018845326668962936,False,insufficient,200,,
195,3673,9.04875550007346,0,200,0.0,0.0,0.018845326668962936,False,insufficient,200,,
259,3106,9.04875550007346,3,200,0.015,0.005114237753504754,0.043165729115389295,False,insufficient,200,,
451,1405,9.04875550007346,66,200,0.33,0.26857425825421716,0.3978331528132302,False,insufficient,200,,
515,838,9.04875550007346,114,200,0.57,0.5007048770948288,0.6366567771715163,False,insufficient,200,,
579,271,9.04875550007346,162,200,0.81,0.7499876124094633,0.8583282850557797,False,insufficient,200,,
3,5374,9.048755500073462,0,200,0.0,0.0,0.018845326668962936,False,insufficient,200,,
67,4807,9.048755500073462,0,200,0.0,0.0,0.018845326668962936,False,insufficient,200,,
323,2539,9.048755500073462,8,200,0.04,0.0204056319610195,0.0769320685744264,False,insufficient,200,,
387,1972,9.048755500073462,29,200,0.145,0.10289350613885,0.20048667579611365,False,insufficient,200,,
10,5312,9.04878168001224,0,200,0.0,0.0,0.018845326668962936,False,insufficient,200,,
74,4745,9.04878168001224,0,200,0.0,0.0,0.018845326668962936,False,insufficient,200,,
138,4178,9.04878168001224,0,200,0.0,0.0,0.018845326668962936,False,insufficient,200,,
202,3611,9.04878168001224,0,200,0.0,0.0,0.018845326668962936,False,insufficient,200,,
266,3044,9.04878168001224,3,200,0.015,0.005114237753504754,0.043165729115389295,False,insufficient,200,,
330,2477,9.04878168001224,10,200,0.05,0.027382645473457017,0.08957814852860962,False,insufficient,200,,
394,1910,9.04878168001224,33,200,0.165,0.11996855297651625,0.22265781589168893,False,insufficient,200,,
458,1343,9.04878168001224,69,200,0.345,0.2825979433061415,0.41324410796123684,False,insufficient,200,,
522,776,9.04878168001224,120,200,0.6,0.5308367198423567,0.6653942148238506,False,insufficient,200,,
586,209,9.04878168001224,163,200,0.815,0.755429371876425,0.8626980723221283,False,insufficient,200,,
145,4116,9.048807859951019,0,200,0.0,0.0,0.018845326668962936,False,insufficient,200,,
209,3549,9.048807859951019,0,200,0.0,0.0,0.018845326668962936,False,insufficient,200,,
273,2982,9.048807859951019,3,200,0.015,0.005114237753504754,0.043165729115389295,False,insufficient,200,,
337,2415,9.048807859951019,14,200,0.07,0.04215217166140097,0.11405480927390717,False,insufficient,200,,
401,1848,9.048807859951019,34,200,0.17,0.12427907881439243,0.22815883678712312,False,insufficient,200,,
465,1281,9.048807859951019,75,200,0.375,0.310854368105246,0.4438569635619946,False,insufficient,200,,
529,714,9.048807859951019,124,200,0.62,0.5510671796046104,0.6844099419948385,False,insufficient,200,,
593,147,9.048807859951019,167,200,0.835,0.777342184108311,0.8800314470234837,False,insufficient,200,,
17,5250,9.04880785995102,0,200,0.0,0.0,0.018845326668962936,False,insufficient,200,,
81,4683,9.04880785995102,0,200,0.0,0.0,0.018845326668962936,False,insufficient,200,,
24,5188,9.0488340398898,0,200,0.0,0.0,0.018845326668962936,False,insufficient,200,,
152,4054,9.0488340398898,0,200,0.0,0.0,0.018845326668962936,False,insufficient,200,,
216,3487,9.0488340398898,0,200,0.0,0.0,0.018845326668962936,False,insufficient,200,,
280,2920,9.0488340398898,3,200,0.015,0.005114237753504754,0.043165729115389295,False,insufficient,200,,
344,2353,9.0488340398898,15,200,0.075,0.04597491700833055,0.12004361066028794,False,insufficient,200,,
408,1786,9.0488340398898,38,200,0.19,0.1416717149442203,0.25001238759053673,False,insufficient,200,,
472,1219,9.0488340398898,82,200,0.41,0.3441567485880499,0.4792354102123633,False,insufficient,200,,
536,652,9.0488340398898,129,200,0.645,0.5765211302029042,0.7080137250630966,False,insufficient,200,,
600,85,9.0488340398898,3506,4000,0.8765,0.8659413156779854,0.8863362235134828,False,insufficient,4000,,
88,4621,9.048834039889801,0,200,0.0,0.0,0.018845326668962936,False,insufficient,200,,
31,5126,9.04886021982858,0,200,0.0,0.0,0.018845326668962936,False,insufficient,200,,
95,4559,9.04886021982858,0,200,0.0,0.0,0.018845326668962936,False,insufficient,200,,
159,3992,9.04886021982858,0,200,0.0,0.0,0.018845326668962936,False,insufficient,200,,
223,3425,9.04886021982858,0,200,0.0,0.0,0.018845326668962936,False,insufficient,200,,
287,2858,9.04886021982858,3,200,0.015,0.005114237753504754,0.043165729115389295,False,insufficient,200,,
351,2291,9.04886021982858,17,200,0.085,0.05374574998400461,0.13189587115123463,False,insufficient,200,,
415,1724,9.04886021982858,42,200,0.21,0.15928412034547004,0.2716461691225284,False,insufficient,200,,
479,1157,9.04886021982858,84,200,0.42,0.3537359911147436,0.48927926115229037,False,insufficient,200,,
543,590,9.04886021982858,138,200,0.69,0.6228282237882907,0.7500105520775032,False,insufficient,200,,
607,23,9.04886021982858,3556,4000,0.889,0.8788894154325929,0.8983641376762549,False,insufficient,4000,,
38,5064,9.04888639976736,0,200,0.0,0.0,0.018845326668962936,False,insufficient,200,,
102,4497,9.04888639976736,0,200,0.0,0.0,0.018845326668962936,False,insufficient,200,,
166,3930,9.04888639976736,0,200,0.0,0.0,0.018845326668962936,False,insufficient,200,,
230,3363,9.04888639976736,0,200,0.0,0.0,0.018845326668962936,False,insufficient,200,,
294,2796,9.04888639976736,5,200,0.025,0.010724719583860124,0.05717834075165468,False,insufficient,200,,
358,2229,9.04888639976736,19,200,0.095,0.061663102507449205,0.14360161209441077,False,insufficient,200,,
422,1662,9.04888639976736,49,200,0.245,0.1905686805032898,0.3090424360978812,False,insufficient,200,,
486,1095,9.04888639976736,87,200,0.435,0.36815725451898934,0.5042926379479759,False,insufficient,200,,
550,528,9.04888639976736,143,200,0.715,0.6488465391585686,0.7730499703737773,False,insufficient,200,,
365,2167,9.048912579706139,20,200,0.1,0.06567044845124732,0.14940581288392302,False,insufficient,200,,
429,1600,9.048912579706139,52,200,0.26,0.2041383002358024,0.32490745656529973,False,insufficient,200,,
493,1033,9.048912579706139,91,200,0.455,0.3874821925827813,0.5242138868174252,False,insufficient,200,,
45,5002,9.04891257970614,0,200,0.0,0.0,0.018845326668962936,False,insufficient,200,,
109,4435,9.04891257970614,0,200,0.0,0.0,0.018845326668962936,False,insufficient,200,,
173,3868,9.04891257970614,0,200,0.0,0.0,0.018845326668962936,False,insufficient,200,,
237,3301,9.04891257970614,1,200,0.005,0.0008831687058453758,0.02777370469642793,False,insufficient,200,,
301,2734,9.04891257970614,6,200,0.03,0.013820314259191425,0.06389429280963374,False,insufficient,200,,
557,466,9.04891257970614,149,200,0.745,0.6803707412567906,0.8003950486754174,False,insufficient,200,,
116,4373,9.04893875964492,0,200,0.0,0.0,0.018845326668962936,False,insufficient,200,,
180,3806,9.04893875964492,0,200,0.0,0.0,0.018845326668962936,False,insufficient,200,,
244,3239,9.04893875964492,3,200,0.015,0.005114237753504754,0.043165729115389295,False,insufficient,200,,
308,2672,9.04893875964492,7,200,0.035,0.01705554191525804,0.0704706118868775,False,insufficient,200,,
372,2105,9.04893875964492,24,200,0.12,0.0819799268161472,0.17234252145226464,False,insufficient,200,,
436,1538,9.04893875964492,57,200,0.285,0.22695002962622268,0.35115346084143123,False,insufficient,200,,
500,971,9.04893875964492,98,200,0.49,0.42156278278393533,0.5588141237494437,False,insufficient,200,,
564,404,9.04893875964492,153,200,0.765,0.7015863106396482,0.8184256662258015,False,insufficient,200,,
52,4940,9.048938759644921,0,200,0.0,0.0,0.018845326668962936,False,insufficient,200,,
59,4878,9.0489649395837,0,200,0.0,0.0,0.018845326668962936,False,insufficient,200,,
123,4311,9.0489649395837,0,200,0.0,0.0,0.018845326668962936,False,insufficient,200,,
187,3744,9.0489649395837,0,200,0.0,0.0,0.018845326668962936,False,insufficient,200,,
251,3177,9.0489649395837,3,200,0.015,0.005114237753504754,0.043165729115389295,False,insufficient,200,,
315,2610,9.0489649395837,8,200,0.04,0.0204056319610195,0.0769320685744264,False,insufficient,200,,
379,2043,9.0489649395837,28,200,0.14,0.09866982605979482,0.1948988091418585,False,insufficient,200,,
443,1476,9.0489649395837,61,200,0.305,0.2453641558726048,0.3719855215282907,False,insufficient,200,,
507,909,9.0489649395837,106,200,0.53,0.4609168286109567,0.5979524517889057,False,insufficient,200,,
571,342,9.0489649395837,157,200,0.785,0.722976925984516,0.8362812378141752,False,insufficient,200,,
578,280,9.048991119522478,162,200,0.81,0.7499876124094633,0.8583282850557797,False,insufficient,200,,
2,5383,9.04899111952248,0,200,0.0,0.0,0.018845326668962936,False,insufficient,200,,
66,4816,9.04899111952248,0,200,0.0,0.0,0.018845326668962936,False,insufficient,200,,
130,4249,9.04899111952248,0,200,0.0,0.0,0.018845326668962936,False,insufficient,200,,
194,3682,9.04899111952248,0,200,0.0,0.0,0.018845326668962936,False,insufficient,200,,
258,3115,9.04899111952248,3,200,0.015,0.005114237753504754,0.043165729115389295,False,insufficient,200,,
322,2548,9.04899111952248,8,200,0.04,0.0204056319610195,0.0769320685744264,False,insufficient,200,,
386,1981,9.04899111952248,29,200,0.145,0.10289350613885,0.20048667579611365,False,insufficient,200,,
450,1414,9.04899111952248,65,200,0.325,0.263915714943814,0.392680149390323,False,insufficient,200,,
514,847,9.04899111952248,114,200,0.57,0.5007048770948288,0.6366567771715163,False,insufficient,200,,
9,5321,9.049017299461259,0,200,0.0,0.0,0.018845326668962936,False,insufficient,200,,
137,4187,9.049017299461259,0,200,0.0,0.0,0.018845326668962936,False,insufficient,200,,
201,3620,9.049017299461259,0,200,0.0,0.0,0.018845326668962936,False,insufficient,200,,
265,3053,9.049017299461259,3,200,0.015,0.005114237753504754,0.043165729115389295,False,insufficient,200,,
329,2486,9.049017299461259,9,200,0.045,0.02385254288504434,0.08329670438371192,False,insufficient,200,,
393,1919,9.049017299461259,32,200,0.16,0.11567412001614788,0.2171407021187469,False,insufficient,200,,
457,1352,9.049017299461259,69,200,0.345,0.2825979433061415,0.41324410796123684,False,insufficient,200,,
521,785,9.049017299461259,119,200,0.595,0.5257971002635867,0.6606222876693102,False,insufficient,200,,
585,218,9.049017299461259,163,200,0.815,0.755429371876425,0.8626980723221283,False,insufficient,200,,
73,4754,9.04901729946126,0,200,0.0,0.0,0.018845326668962936,False,insufficient,200,,
272,2991,9.049043479400039,3,200,0.015,0.005114237753504754,0.043165729115389295,False,insufficient,200,,
336,2424,9.049043479400039,13,200,0.065,0.03837635449161451,0.10801907971038324,False,insufficient,200,,
400,1857,9.049043479400039,34,200,0.17,0.12427907881439243,0.22815883678712312,False,insufficient,200,,
464,1290,9.049043479400039,73,200,0.365,0.30140526417602626,0.4336829740245936,False,insufficient,200,,
528,723,9.049043479400039,124,200,0.62,0.5510671796046104,0.6844099419948385,False,insufficient,200,,
16,5259,9.04904347940004,0,200,0.0,0.0,0.018845326668962936,False,insufficient,200,,
80,4692,9.04904347940004,0,200,0.0,0.0,0.018845326668962936,False,insufficient,200,,
144,4125,9.04904347940004,0,200,0.0,0.0,0.018845326668962936,False,insufficient,200,,
208,3558,9.04904347940004,0,200,0.0,0.0,0.018845326668962936,False,insufficient,200,,
592,156,9.04904347940004,167,200,0.835,0.777342184108311,0.8800314470234837,False,insufficient,200,,
23,5197,9.04906965933882,0,200,0.0,0.0,0.018845326668962936,False,insufficient,200,,
87,4630,9.04906965933882,0,200,0.0,0.0,0.018845326668962936,False,insufficient,200,,
151,4063,9.04906965933882,0,200,0.0,0.0,0.018845326668962936,False,insufficient,200,,
215,3496,9.04906965933882,0,200,0.0,0.0,0.018845326668962936,False,insufficient,200,,
279,2929,9.04906965933882,3,200,0.015,0.005114237753504754,0.043165729115389295,False,insufficient,200,,
343,2362,9.04906965933882,15,200,0.075,0.04597491700833055,0.12004361066028794,False,insufficient,200,,
407,1795,9.04906965933882,36,200,0.18,0.13294625827141174,0.2391147507967245,False,insufficient,200,,
471,1228,9.04906965933882,80,200,0.4,0.3346057851761492,0.46916328015764336,False,insufficient,200,,
535,661,9.04906965933882,128,200,0.64,0.5714152811080028,0.7033080274246877,False,insufficient,200,,
599,94,9.04906965933882,3504,4000,0.876,0.8654241276539855,0.8858543709807877,False,insufficient,4000,,
30,5135,9.0490958392776,0,200,0.0,0.0,0.018845326668962936,False,insufficient,200,,
94,4568,9.0490958392776,0,200,0.0,0.0,0.018845326668962936,False,insufficient,200,,
158,4001,9.0490958392776,0,200,0.0,0.0,0.018845326668962936,False,insufficient,200,,
222,3434,9.0490958392776,0,200,0.0,0.0,0.018845326668962936,False,insufficient,200,,
286,2867,9.0490958392776,3,200,0.015,0.005114237753504754,0.043165729115389295,False,insufficient,200,,
350,2300,9.0490958392776,17,200,0.085,0.05374574998400461,0.13189587115123463,False,insufficient,200,,
414,1733,9.0490958392776,42,200,0.21,0.15928412034547004,0.2716461691225284,False,insufficient,200,,
478,1166,9.0490958392776,84,200,0.42,0.3537359911147436,0.48927926115229037,False,insufficient,200,,
542,599,9.0490958392776,138,200,0.69,0.6228282237882907,0.7500105520775032,False,insufficient,200,,
606,32,9.0490958392776,3549,4000,0.88725,0.8770744617564183,0.8966824494039963,False,insufficient,4000,,
421,1671,9.049122019216378,48,200,0.24,0.1860661595414933,0.3037334103263674,False,insufficient,200,,
485,1104,9.049122019216378,86,200,0.43,0.36334322282848375,0.4992951229051709,False,insufficient,200,,
549,537,9.049122019216378,143,200,0.715,0.6488465391585686,0.7730499703737773,False,insufficient,200,,
37,5073,9.04912201921638,0,200,0.0,0.0,0.018845326668962936,False,insufficient,200,,
101,4506,9.04912201921638,0,200,0.0,0.0,0.018845326668962936,False,insufficient,200,,
165,3939,9.04912201921638,0,200,0.0,0.0,0.018845326668962936,False,insufficient,200,,
229,3372,9.04912201921638,0,200,0.0,0.0,0.018845326668962936,False,insufficient,200,,
293,2805,9.04912201921638,5,200,0.025,0.010724719583860124,0.05717834075165468,False,insufficient,200,,
357,2238,9.04912201921638,19,200,0.095,0.061663102507449205,0.14360161209441077,False,insufficient,200,,
44,5018,9.06087681172856,0,200,0.0,0.0,0.018845326668962936,False,insufficient,200,,
236,3317,9.06087681172856,4,200,0.02,0.007804426362159347,0.05028708724004506,False,insufficient,200,,
300,2750,9.06087681172856,8,200,0.04,0.0204056319610195,0.0769320685744264,False,insufficient,200,,
364,2183,9.06087681172856,23,200,0.115,0.07786373208518774,0.16664716944991373,False,insufficient,200,,
428,1616,9.06087681172856,54,200,0.27,0.2132344977387029,0.33543435252902004,False,insufficient,200,,
492,1049,9.06087681172856,94,200,0.47,0.4020475482110944,0.5390831713890433,False,insufficient,200,,
556,482,9.06087681172856,144,200,0.72,0.6540769535890598,0.7776311026765964,False,insufficient,200,,
108,4451,9.060876811728562,1,200,0.005,0.0008831687058453758,0.02777370469642793,False,insufficient,200,,
172,3884,9.060876811728562,2,200,0.01,0.0027466581088489593,0.035721762026734716,False,insufficient,200,,
51,4956,9.06090299166734,0,200,0.0,0.0,0.018845326668962936,False,insufficient,200,,
115,4389,9.06090299166734,1,200,0.005,0.0008831687058453758,0.02777370469642793,False,insufficient,200,,
179,3822,9.06090299166734,2,200,0.01,0.0027466581088489593,0.035721762026734716,False,insufficient,200,,
243,3255,9.06090299166734,6,200,0.03,0.013820314259191425,0.06389429280963374,False,insufficient,200,,
307,2688,9.06090299166734,8,200,0.04,0.0204056319610195,0.0769320685744264,False,insufficient,200,,
371,2121,9.06090299166734,25,200,0.125,0.0861197445025044,0.1780142504992178,False,insufficient,200,,
435,1554,9.06090299166734,62,200,0.31,0.2499894479224967,0.37717177621170916,False,insufficient,200,,
499,987,9.06090299166734,98,200,0.49,0.42156278278393533,0.5588141237494437,False,insufficient,200,,
563,420,9.06090299166734,150,200,0.75,0.6856590163422495,0.804918320323269,False,insufficient,200,,
58,4894,9.06092917160612,0,200,0.0,0.0,0.018845326668962936,False,insufficient,200,,
570,358,9.06092917160612,154,200,0.77,0.7069169558159164,0.8229065677828437,False,insufficient,200,,
122,4327,9.060929171606121,1,200,0.005,0.0008831687058453758,0.02777370469642793,False,insufficient,200,,
186,3760,9.060929171606121,2,200,0.01,0.0027466581088489593,0.035721762026734716,False,insufficient,200,,
250,3193,9.060929171606121,6,200,0.03,0.013820314259191425,0.06389429280963374,False,insufficient,200,,
314,2626,9.060929171606121,8,200,0.04,0.0204056319610195,0.0769320685744264,False,insufficient,200,,
378,2059,9.060929171606121,29,200,0.145,0.10289350613885,0.20048667579611365,False,insufficient,200,,
442,1492,9.060929171606121,68,200,0.34,0.2779154592508567,0.4081150452832114,False,insufficient,200,,
506,925,9.060929171606121,103,200,0.515,0.44610849139209374,0.5833261488078374,False,insufficient,200,,
385,1997,9.0609553515449,33,200,0.165,0.11996855297651625,0.22265781589168893,False,insufficient,200,,
449,1430,9.0609553515449,71,200,0.355,0.2919862749369033,0.4234788697970958,False,insufficient,200,,
513,863,9.0609553515449,110,200,0.55,0.48075615084147033,0.6173593164916334,False,insufficient,200,,
1,5399,9.060955351544902,0,200,0.0,0.0,0.018845326668962936,False,insufficient,200,,
65,4832,9.060955351544902,0,200,0.0,0.0,0.018845326668962936,False,insufficient,200,,
129,4265,9.060955351544902,1,200,0.005,0.0008831687058453758,0.02777370469642793,False,insufficient,200,,
193,3698,9.060955351544902,2,200,0.01,0.0027466581088489593,0.035721762026734716,False,insufficient,200,,
257,3131,9.060955351544902,7,200,0.035,0.01705554191525804,0.0704706118868775,False,insufficient,200,,
321,2564,9.060955351544902,8,200,0.04,0.0204056319610195,0.0769320685744264,False,insufficient,200,,
577,296,9.060955351544902,161,200,0.805,0.7445595557369519,0.8539447949949808,False,insufficient,200,,
72,4770,9.06098153148368,0,200,0.0,0.0,0.018845326668962936,False,insufficient,200,,
136,4203,9.06098153148368,1,200,0.005,0.0008831687058453758,0.02777370469642793,False,insufficient,200,,
200,3636,9.06098153148368,2,200,0.01,0.0027466581088489593,0.035721762026734716,False,insufficient,200,,
264,3069,9.06098153148368,7,200,0.035,0.01705554191525804,0.0704706118868775,False,insufficient,200,,
328,2502,9.06098153148368,11,200,0.055,0.03098534156570805,0.09578699916966896,False,insufficient,200,,
392,1935,9.06098153148368,34,200,0.17,0.12427907881439243,0.22815883678712312,False,insufficient,200,,
456,1368,9.06098153148368,71,200,0.355,0.2919862749369033,0.4234788697970958,False,insufficient,200,,
520,801,9.06098153148368,112,200,0.56,0.4907167528014922,0.6270218079982324,False,insufficient,200,,
584,234,9.06098153148368,163,200,0.815,0.755429371876425,0.8626980723221283,False,insufficient,200,,
8,5337,9.060981531483682,0,200,0.0,0.0,0.018845326668962936,False,insufficient,200,,
15,5275,9.06100771142246,0,200,0.0,0.0,0.018845326668962936,False,insufficient,200,,
79,4708,9.06100771142246,0,200,0.0,0.0,0.018845326668962936,False,insufficient,200,,
143,4141,9.06100771142246,1,200,0.005,0.0008831687058453758,0.02777370469642793,False,insufficient,200,,
207,3574,9.06100771142246,2,200,0.01,0.0027466581088489593,0.035721762026734716,False,insufficient,200,,
271,3007,9.06100771142246,7,200,0.035,0.01705554191525804,0.0704706118868775,False,insufficient,200,,
335,2440,9.06100771142246,13,200,0.065,0.03837635449161451,0.10801907971038324,False,insufficient,200,,
399,1873,9.06100771142246,37,200,0.185,0.1373019276778717,0.24457062812357494,False,insufficient,200,,
463,1306,9.06100771142246,76,200,0.38,0.31559005800516143,0.44893282039538956,False,insufficient,200,,
527,739,9.06100771142246,118,200,0.59,0.5207645897876366,0.65584325141195,False,insufficient,200,,
591,172,9.06100771142246,165,200,0.825,0.7663556880107202,0.8713948496544538,False,insufficient,200,,
598,110,9.06103389136124,170,200,0.85,0.7939442066666507,0.8928640646650752,False,insufficient,200,,
22,5213,9.061033891361241,0,200,0.0,0.0,0.018845326668962936,False,insufficient,200,,
86,4646,9.061033891361241,0,200,0.0,0.0,0.018845326668962936,False,insufficient,200,,
150,4079,9.061033891361241,1,200,0.005,0.0008831687058453758,0.02777370469642793,False,insufficient,200,,
214,3512,9.061033891361241,2,200,0.01,0.0027466581088489593,0.035721762026734716,False,insufficient,200,,
278,2945,9.061033891361241,7,200,0.035,0.01705554191525804,0.0704706118868775,False,insufficient,200,,
342,2378,9.061033891361241,16,200,0.08,0.04984058570487163,0.12598948869705726,False,insufficient,200,,
406,1811,9.061033891361241,37,200,0.185,0.1373019276778717,0.24457062812357494,False,insufficient,200,,
470,1244,9.061033891361241,81,200,0.405,0.3393777123306897,0.4742028997364132,False,insufficient,200,,
534,677,9.061033891361241,125,200,0.625,0.5561430364380054,0.6891456318947539,False,insufficient,200,,
29,5151,9.06106007130002,0,200,0.0,0.0,0.018845326668962936,False,insufficient,200,,
221,3450,9.06106007130002,3,200,0.015,0.005114237753504754,0.043165729115389295,False,insufficient,200,,
285,2883,9.06106007130002,7,200,0.035,0.01705554191525804,0.0704706118868775,False,insufficient,200,,
349,2316,9.06106007130002,18,200,0.09,0.05768744866037736,0.13776571920817224,False,insufficient,200,,
413,1749,9.06106007130002,44,200,0.22,0.1681653832242373,0.2823879997103819,False,insufficient,200,,
477,1182,9.06106007130002,86,200,0.43,0.36334322282848375,0.4992951229051709,False,insufficient,200,,
541,615,9.06106007130002,129,200,0.645,0.5765211302029042,0.7080137250630966,False,insufficient,200,,
605,48,9.06106007130002,521,600,0.8683333333333333,0.8389193193028053,0.8930608942103065,False,insufficient,600,,
93,4584,9.061060071300021,0,200,0.0,0.0,0.018845326668962936,False,insufficient,200,,
157,4017,9.061060071300021,1,200,0.005,0.0008831687058453758,0.02777370469642793,False,insufficient,200,,
36,5089,9.0610862512388,0,200,0.0,0.0,0.018845326668962936,False,insufficient,200,,
100,4522,9.0610862512388,0,200,0.0,0.0,0.018845326668962936,False,insufficient,200,,
356,2254,9.0610862512388,21,200,0.105,0.06970748770124899,0.15518032036723173,False,insufficient,200,,
420,1687,9.0610862512388,48,200,0.24,0.1860661595414933,0.3037334103263674,False,insufficient,200,,
484,1120,9.0610862512388,88,200,0.44,0.3729781920017676,0.5092832471985078,False,insufficient,200,,
548,553,9.0610862512388,134,200,0.67,0.6021668471867698,0.7314257417457829,False,insufficient,200,,
164,3955,9.061086251238802,1,200,0.005,0.0008831687058453758,0.02777370469642793,False,insufficient,200,,
228,3388,9.061086251238802,4,200,0.02,0.007804426362159347,0.05028708724004506,False,insufficient,200,,
292,2821,9.061086251238802,8,200,0.04,0.0204056319610195,0.0769320685744264,False,insufficient,200,,
43,5027,9.06111243117758,0,200,0.0,0.0,0.018845326668962936,False,insufficient,200,,
107,4460,9.06111243117758,1,200,0.005,0.0008831687058453758,0.02777370469642793,False,insufficient,200,,
171,3893,9.06111243117758,2,200,0.01,0.0027466581088489593,0.035721762026734716,False,insufficient,200,,
235,3326,9.06111243117758,4,200,0.02,0.007804426362159347,0.05028708724004506,False,insufficient,200,,
299,2759,9.06111243117758,8,200,0.04,0.0204056319610195,0.0769320685744264,False,insufficient,200,,
363,2192,9.06111243117758,23,200,0.115,0.07786373208518774,0.16664716944991373,False,insufficient,200,,
427,1625,9.06111243117758,53,200,0.265,0.2086815410670056,0.33017576246740693,False,insufficient,200,,
491,1058,9.06111243117758,93,200,0.465,0.3971856410502652,0.5341335318165621,False,insufficient,200,,
555,491,9.06111243117758,140,200,0.7,0.6332093157249852,0.7592525536074295,False,insufficient,200,,
306,2697,9.061138611116359,8,200,0.04,0.0204056319610195,0.0769320685744264,False,insufficient,200,,
370,2130,9.061138611116359,25,200,0.125,0.0861197445025044,0.1780142504992178,False,insufficient,200,,
434,1563,9.061138611116359,62,200,0.31,0.2499894479224967,0.37717177621170916,False,insufficient,200,,
498,996,9.061138611116359,98,200,0.49,0.42156278278393533,0.5588141237494437,False,insufficient,200,,
50,4965,9.06113861111636,0,200,0.0,0.0,0.018845326668962936,False,insufficient,200,,
114,4398,9.06113861111636,1,200,0.005,0.0008831687058453758,0.02777370469642793,False,insufficient,200,,
178,3831,9.06113861111636,2,200,0.01,0.0027466581088489593,0.035721762026734716,False,insufficient,200,,
242,3264,9.06113861111636,6,200,0.03,0.013820314259191425,0.06389429280963374,False,insufficient,200,,
562,429,9.06113861111636,149,200,0.745,0.6803707412567906,0.8003950486754174,False,insufficient,200,,
121,4336,9.06116479105514,1,200,0.005,0.0008831687058453758,0.02777370469642793,False,insufficient,200,,
185,3769,9.06116479105514,2,200,0.01,0.0027466581088489593,0.035721762026734716,False,insufficient,200,,
249,3202,9.06116479105514,6,200,0.03,0.013820314259191425,0.06389429280963374,False,insufficient,200,,
505,934,9.06116479105514,102,200,0.51,0.44118587625055616,0.5784372172160646,False,insufficient,200,,
569,367,9.06116479105514,153,200,0.765,0.7015863106396482,0.8184256662258015,False,insufficient,200,,
57,4903,9.061164791055141,0,200,0.0,0.0,0.018845326668962936,False,insufficient,200,,
313,2635,9.061164791055141,8,200,0.04,0.0204056319610195,0.0769320685744264,False,insufficient,200,,
377,2068,9.061164791055141,28,200,0.14,0.09866982605979482,0.1948988091418585,False,insufficient,200,,
441,1501,9.061164791055141,65,200,0.325,0.263915714943814,0.392680149390323,False,insufficient,200,,
0,5408,9.06119097099392,0,200,0.0,0.0,0.018845326668962936,False,insufficient,200,,
64,4841,9.06119097099392,0,200,0.0,0.0,0.018845326668962936,False,insufficient,200,,
128,4274,9.06119097099392,1,200,0.005,0.0008831687058453758,0.02777370469642793,False,insufficient,200,,
192,3707,9.06119097099392,2,200,0.01,0.0027466581088489593,0.035721762026734716,False,insufficient,200,,
256,3140,9.06119097099392,7,200,0.035,0.01705554191525804,0.0704706118868775,False,insufficient,200,,
320,2573,9.06119097099392,8,200,0.04,0.0204056319610195,0.0769320685744264,False,insufficient,200,,
384,2006,9.06119097099392,32,200,0.16,0.11567412001614788,0.2171407021187469,False,insufficient,200,,
448,1439,9.06119097099392,70,200,0.35,0.28728824080917403,0.4183653571915147,False,insufficient,200,,
512,872,9.06119097099392,109,200,0.545,0.47578611318257474,0.6125178074172186,False,insufficient,200,,
576,305,9.06119097099392,159,200,0.795,0.7337430189543738,0.8451382383109382,False,insufficient,200,,
327,2511,9.061217150932698,10,200,0.05,0.027382645473457017,0.08957814852860962,False,insufficient,200,,
391,1944,9.061217150932698,34,200,0.17,0.12427907881439243,0.22815883678712312,False,insufficient,200,,
455,1377,9.061217150932698,71,200,0.355,0.2919862749369033,0.4234788697970958,False,insufficient,200,,
519,810,9.061217150932698,112,200,0.56,0.4907167528014922,0.6270218079982324,False,insufficient,200,,
583,243,9.061217150932698,162,200,0.81,0.7499876124094633,0.8583282850557797,False,insufficient,200,,
7,5346,9.0612171509327,0,200,0.0,0.0,0.018845326668962936,False,insufficient,200,,
71,4779,9.0612171509327,0,200,0.0,0.0,0.018845326668962936,False,insufficient,200,,
135,4212,9.0612171509327,1,200,0.005,0.0008831687058453758,0.02777370469642793,False,insufficient,200,,
199,3645,9.0612171509327,2,200,0.01,0.0027466581088489593,0.035721762026734716,False,insufficient,200,,
263,3078,9.0612171509327,7,200,0.035,0.01705554191525804,0.0704706118868775,False,insufficient,200,,
14,5284,9.061243330871479,0,200,0.0,0.0,0.018845326668962936,False,insufficient,200,,
206,3583,9.061243330871479,2,200,0.01,0.0027466581088489593,0.035721762026734716,False,insufficient,200,,
590,181,9.061243330871479,165,200,0.825,0.7663556880107202,0.8713948496544538,False,insufficient,200,,
78,4717,9.06124333087148,0,200,0.0,0.0,0.018845326668962936,False,insufficient,200,,
142,4150,9.06124333087148,1,200,0.005,0.0008831687058453758,0.02777370469642793,False,insufficient,200,,
270,3016,9.06124333087148,7,200,0.035,0.01705554191525804,0.0704706118868775,False,insufficient,200,,
334,2449,9.06124333087148,12,200,0.06,0.03465219410651454,0.10193169336217282,False,insufficient,200,,
398,1882,9.06124333087148,36,200,0.18,0.13294625827141174,0.2391147507967245,False,insufficient,200,,
462,1315,9.06124333087148,74,200,0.37,0.30612608362251653,0.4387737013114137,False,insufficient,200,,
526,748,9.06124333087148,117,200,0.585,0.5157391484647247,0.6510571460015516,False,insufficient,200,,
21,5222,9.06126951081026,0,200,0.0,0.0,0.018845326668962936,False,insufficient,200,,
85,4655,9.06126951081026,0,200,0.0,0.0,0.018845326668962936,False,insufficient,200,,
149,4088,9.06126951081026,1,200,0.005,0.0008831687058453758,0.02777370469642793,False,insufficient,200,,
213,3521,9.06126951081026,2,200,0.01,0.0027466581088489593,0.035721762026734716,False,insufficient,200,,
277,2954,9.06126951081026,7,200,0.035,0.01705554191525804,0.0704706118868775,False,insufficient,200,,
341,2387,9.06126951081026,16,200,0.08,0.04984058570487163,0.12598948869705726,False,insufficient,200,,
405,1820,9.06126951081026,37,200,0.185,0.1373019276778717,0.24457062812357494,False,insufficient,200,,
469,1253,9.06126951081026,81,200,0.405,0.3393777123306897,0.4742028997364132,False,insufficient,200,,
533,686,9.06126951081026,124,200,0.62,0.5510671796046104,0.6844099419948385,False,insufficient,200,,
597,119,9.06126951081026,169,200,0.845,0.7883930935816389,0.8886036310167766,False,insufficient,200,,
28,5160,9.06129569074904,0,200,0.0,0.0,0.018845326668962936,False,insufficient,200,,
92,4593,9.06129569074904,0,200,0.0,0.0,0.018845326668962936,False,insufficient,200,,
156,4026,9.06129569074904,1,200,0.005,0.0008831687058453758,0.02777370469642793,False,insufficient,200,,
220,3459,9.06129569074904,2,200,0.01,0.0027466581088489593,0.035721762026734716,False,insufficient,200,,
284,2892,9.06129569074904,7,200,0.035,0.01705554191525804,0.0704706118868775,False,insufficient,200,,
348,2325,9.06129569074904,18,200,0.09,0.05768744866037736,0.13776571920817224,False,insufficient,200,,
412,1758,9.06129569074904,43,200,0.215,0.16371876218582487,0.277023074015484,False,insufficient,200,,
476,1191,9.06129569074904,86,200,0.43,0.36334322282848375,0.4992951229051709,False,insufficient,200,,
540,624,9.06129569074904,129,200,0.645,0.5765211302029042,0.7080137250630966,False,insufficient,200,,
604,57,9.06129569074904,521,600,0.8683333333333333,0.8389193193028053,0.8930608942103065,False,insufficient,600,,
35,5098,9.06132187068782,0,200,0.0,0.0,0.018845326668962936,False,insufficient,200,,
99,4531,9.06132187068782,0,200,0.0,0.0,0.018845326668962936,False,insufficient,200,,
163,3964,9.06132187068782,1,200,0.005,0.0008831687058453758,0.02777370469642793,False,insufficient,200,,
227,3397,9.06132187068782,4,200,0.02,0.007804426362159347,0.05028708724004506,False,insufficient,200,,
291,2830,9.06132187068782,8,200,0.04,0.0204056319610195,0.0769320685744264,False,insufficient,200,,
355,2263,9.06132187068782,21,200,0.105,0.06970748770124899,0.15518032036723173,False,insufficient,200,,
419,1696,9.06132187068782,47,200,0.235,0.18157433377419854,0.2984136893603518,False,insufficient,200,,
483,1129,9.06132187068782,88,200,0.44,0.3729781920017676,0.5092832471985078,False,insufficient,200,,
547,562,9.06132187068782,134,200,0.67,0.6021668471867698,0.7314257417457829,False,insufficient,200,,
106,4469,9.061348050626599,0,200,0.0,0.0,0.018845326668962936,False,insufficient,200,,
170,3902,9.061348050626599,2,200,0.01,0.0027466581088489593,0.035721762026734716,False,insufficient,200,,
234,3335,9.061348050626599,4,200,0.02,0.007804426362159347,0.05028708724004506,False,insufficient,200,,
298,2768,9.061348050626599,8,200,0.04,0.0204056319610195,0.0769320685744264,False,insufficient,200,,
362,2201,9.061348050626599,23,200,0.115,0.07786373208518774,0.16664716944991373,False,insufficient,200,,
426,1634,9.061348050626599,53,200,0.265,0.2086815410670056,0.33017576246740693,False,insufficient,200,,
490,1067,9.061348050626599,92,200,0.46,0.39233051748177505,0.529177108651742,False,insufficient,200,,
554,500,9.061348050626599,138,200,0.69,0.6228282237882907,0.7500105520775032,False,insufficient,200,,
42,5036,9.0613480506266,0,200,0.0,0.0,0.018845326668962936,False,insufficient,200,,
49,4974,9.061374230565379,0,200,0.0,0.0,0.018845326668962936,False,insufficient,200,,
113,4407,9.061374230565379,1,200,0.005,0.0008831687058453758,0.02777370469642793,False,insufficient,200,,
177,3840,9.061374230565379,2,200,0.01,0.0027466581088489593,0.035721762026734716,False,insufficient,200,,
241,3273,9.061374230565379,5,200,0.025,0.010724719583860124,0.05717834075165468,False,insufficient,200,,
305,2706,9.061374230565379,8,200,0.04,0.0204056319610195,0.0769320685744264,False,insufficient,200,,
369,2139,9.061374230565379,25,200,0.125,0.0861197445025044,0.1780142504992178,False,insufficient,200,,
433,1572,9.061374230565379,60,200,0.3,0.24074744639257037,0.3667906842750147,False,insufficient,200,,
497,1005,9.061374230565379,98,200,0.49,0.42156278278393533,0.5588141237494437,False,insufficient,200,,
561,438,9.061374230565379,146,200,0.73,0.66456564747098,0.786765502261297,False,insufficient,200,,
568,376,9.061400410504158,152,200,0.76,0.6962665896736326,0.8139338404585067,False,insufficient,200,,
56,4912,9.06140041050416,0,200,0.0,0.0,0.018845326668962936,False,insufficient,200,,
120,4345,9.06140041050416,1,200,0.005,0.0008831687058453758,0.02777370469642793,False,insufficient,200,,
184,3778,9.06140041050416,2,200,0.01,0.0027466581088489593,0.035721762026734716,False,insufficient,200,,
248,3211,9.06140041050416,6,200,0.03,0.013820314259191425,0.06389429280963374,False,insufficient,200,,
312,2644,9.06140041050416,8,200,0.04,0.0204056319610195,0.0769320685744264,False,insufficient,200,,
376,2077,9.06140041050416,27,200,0.135,0.09446570427968658,0.18929138418865638,False,insufficient,200,,
440,1510,9.06140041050416,65,200,0.325,0.263915714943814,0.392680149390323,False,insufficient,200,,
504,943,9.06140041050416,101,200,0.505,0.4362699998026278,0.5735415469306826,False,insufficient,200,,
63,4850,9.061426590442938,0,200,0.0,0.0,0.018845326668962936,False,insufficient,200,,
191,3716,9.061426590442938,2,200,0.01,0.0027466581088489593,0.035721762026734716,False,insufficient,200,,
255,3149,9.061426590442938,7,200,0.035,0.01705554191525804,0.0704706118868775,False,insufficient,200,,
319,2582,9.061426590442938,8,200,0.04,0.0204056319610195,0.0769320685744264,False,insufficient,200,,
383,2015,9.061426590442938,31,200,0.155,0.11139636898322336,0.21160690641836105,False,insufficient,200,,
447,1448,9.061426590442938,69,200,0.345,0.2825979433061415,0.41324410796123684,False,insufficient,200,,
511,881,9.061426590442938,108,200,0.54,0.4708228913482581,0.607669482518225,False,insufficient,200,,
575,314,9.061426590442938,158,200,0.79,0.7283538308774716,0.84071587965453,False,insufficient,200,,
127,4283,9.06142659044294,1,200,0.005,0.0008831687058453758,0.02777370469642793,False,insufficient,200,,
326,2520,9.061452770381718,10,200,0.05,0.027382645473457017,0.08957814852860962,False,insufficient,200,,
390,1953,9.061452770381718,34,200,0.17,0.12427907881439243,0.22815883678712312,False,insufficient,200,,
454,1386,9.061452770381718,71,200,0.355,0.2919862749369033,0.4234788697970958,False,insufficient,200,,
518,819,9.061452770381718,111,200,0.555,0.4857330235838182,0.6221939904825959,False,insufficient,200,,
6,5355,9.06145277038172,0,200,0.0,0.0,0.018845326668962936,False,insufficient,200,,
70,4788,9.06145277038172,0,200,0.0,0.0,0.018845326668962936,False,insufficient,200,,
134,4221,9.06145277038172,1,200,0.005,0.0008831687058453758,0.02777370469642793,False,insufficient,200,,
198,3654,9.06145277038172,2,200,0.01,0.0027466581088489593,0.035721762026734716,False,insufficient,200,,
262,3087,9.06145277038172,7,200,0.035,0.01705554191525804,0.0704706118868775,False,insufficient,200,,
582,252,9.06145277038172,162,200,0.81,0.7499876124094633,0.8583282850557797,False,insufficient,200,,
13,5293,9.061478950320499,0,200,0.0,0.0,0.018845326668962936,False,insufficient,200,,
77,4726,9.061478950320499,0,200,0.0,0.0,0.018845326668962936,False,insufficient,200,,
141,4159,9.061478950320499,1,200,0.005,0.0008831687058453758,0.02777370469642793,False,insufficient,200,,
205,3592,9.061478950320499,2,200,0.01,0.0027466581088489593,0.035721762026734716,False,insufficient,200,,
269,3025,9.061478950320499,7,200,0.035,0.01705554191525804,0.0704706118868775,False,insufficient,200,,
333,2458,9.061478950320499,12,200,0.06,0.03465219410651454,0.10193169336217282,False,insufficient,200,,
397,1891,9.061478950320499,36,200,0.18,0.13294625827141174,0.2391147507967245,False,insufficient,200,,
461,1324,9.061478950320499,74,200,0.37,0.30612608362251653,0.4387737013114137,False,insufficient,200,,
525,757,9.061478950320499,116,200,0.58,0.5107207388477095,0.6462640088852564,False,insufficient,200,,
589,190,9.061478950320499,165,200,0.825,0.7663556880107202,0.8713948496544538,False,insufficient,200,,
20,5231,9.06150513025928,0,200,0.0,0.0,0.018845326668962936,False,insufficient,200,,
84,4664,9.06150513025928,0,200,0.0,0.0,0.018845326668962936,False,insufficient,200,,
148,4097,9.06150513025928,1,200,0.005,0.0008831687058453758,0.02777370469642793,False,insufficient,200,,
212,3530,9.06150513025928,2,200,0.01,0.0027466581088489593,0.035721762026734716,False,insufficient,200,,
276,2963,9.06150513025928,7,200,0.035,0.01705554191525804,0.0704706118868775,False,insufficient,200,,
340,2396,9.06150513025928,16,200,0.08,0.04984058570487163,0.12598948869705726,False,insufficient,200,,
404,1829,9.06150513025928,37,200,0.185,0.1373019276778717,0.24457062812357494,False,insufficient,200,,
468,1262,9.06150513025928,81,200,0.405,0.3393777123306897,0.4742028997364132,False,insufficient,200,,
532,695,9.06150513025928,122,200,0.61,0.5409374590206674,0.6749165691121608,False,insufficient,200,,
596,128,9.06150513025928,167,200,0.835,0.777342184108311,0.8800314470234837,False,insufficient,200,,
475,1200,9.061531310198058,86,200,0.43,0.36334322282848375,0.4992951229051709,False,insufficient,200,,
539,633,9.061531310198058,129,200,0.645,0.5765211302029042,0.7080137250630966,False,insufficient,200,,
603,66,9.061531310198058,519,600,0.865,0.8353232824473261,0.8900326757398752,False,insufficient,600,,
27,5169,9.06153131019806,0,200,0.0,0.0,0.018845326668962936,False,insufficient,200,,
91,4602,9.06153131019806,0,200,0.0,0.0,0.018845326668962936,False,insufficient,200,,
155,4035,9.06153131019806,1,200,0.005,0.0008831687058453758,0.02777370469642793,False,insufficient,200,,
219,3468,9.06153131019806,2,200,0.01,0.0027466581088489593,0.035721762026734716,False,insufficient,200,,
283,2901,9.06153131019806,7,200,0.035,0.01705554191525804,0.0704706118868775,False,insufficient,200,,
347,2334,9.06153131019806,18,200,0.09,0.05768744866037736,0.13776571920817224,False,insufficient,200,,
411,1767,9.06153131019806,42,200,0.21,0.15928412034547004,0.2716461691225284,False,insufficient,200,,
34,5107,9.061557490136838,0,200,0.0,0.0,0.018845326668962936,False,insufficient,200,,
98,4540,9.061557490136838,0,200,0.0,0.0,0.018845326668962936,False,insufficient,200,,
162,3973,9.061557490136838,1,200,0.005,0.0008831687058453758,0.02777370469642793,False,insufficient,200,,
226,3406,9.061557490136838,4,200,0.02,0.007804426362159347,0.05028708724004506,False,insufficient,200,,
290,2839,9.061557490136838,8,200,0.04,0.0204056319610195,0.0769320685744264,False,insufficient,200,,
354,2272,9.061557490136838,21,200,0.105,0.06970748770124899,0.15518032036723173,False,insufficient,200,,
418,1705,9.061557490136838,47,200,0.235,0.18157433377419854,0.2984136893603518,False,insufficient,200,,
482,1138,9.061557490136838,88,200,0.44,0.3729781920017676,0.5092832471985078,False,insufficient,200,,
546,571,9.061557490136838,133,200,0.665,0.5970219115283492,0.7267591306708931,False,insufficient,200,,
610,4,9.061557490136838,3567,4000,0.89175,0.8817430325768879,0.9010052435937834,False,crossing,4000,crossing,4000
553,509,9.061583670075617,138,200,0.69,0.6228282237882907,0.7500105520775032,False,insufficient,200,,
41,5045,9.061583670075619,0,200,0.0,0.0,0.018845326668962936,False,insufficient,200,,
105,4478,9.061583670075619,0,200,0.0,0.0,0.018845326668962936,False,insufficient,200,,
169,3911,9.061583670075619,2,200,0.01,0.0027466581088489593,0.035721762026734716,False,insufficient,200,,
233,3344,9.061583670075619,4,200,0.02,0.007804426362159347,0.05028708724004506,False,insufficient,200,,
297,2777,9.061583670075619,8,200,0.04,0.0204056319610195,0.0769320685744264,False,insufficient,200,,
361,2210,9.061583670075619,23,200,0.115,0.07786373208518774,0.16664716944991373,False,insufficient,200,,
425,1643,9.061583670075619,53,200,0.265,0.2086815410670056,0.33017576246740693,False,insufficient,200,,
489,1076,9.061583670075619,92,200,0.46,0.39233051748177505,0.529177108651742,False,insufficient,200,,
560,447,9.061609850014397,146,200,0.73,0.66456564747098,0.786765502261297,False,insufficient,200,,
48,4983,9.0616098500144,0,200,0.0,0.0,0.018845326668962936,False,insufficient,200,,
112,4416,9.0616098500144,1,200,0.005,0.0008831687058453758,0.02777370469642793,False,insufficient,200,,
176,3849,9.0616098500144,2,200,0.01,0.0027466581088489593,0.035721762026734716,False,insufficient,200,,
240,3282,9.0616098500144,4,200,0.02,0.007804426362159347,0.05028708724004506,False,insufficient,200,,
304,2715,9.0616098500144,8,200,0.04,0.0204056319610195,0.0769320685744264,False,insufficient,200,,
368,2148,9.0616098500144,25,200,0.125,0.0861197445025044,0.1780142504992178,False,insufficient,200,,
432,1581,9.0616098500144,57,200,0.285,0.22695002962622268,0.35115346084143123,False,insufficient,200,,
496,1014,9.0616098500144,97,200,0.485,0.41667385119216255,0.5538915086079063,False,insufficient,200,,
311,2653,9.061636029953178,8,200,0.04,0.0204056319610195,0.0769320685744264,False,insufficient,200,,
375,2086,9.061636029953178,27,200,0.135,0.09446570427968658,0.18929138418865638,False,insufficient,200,,
439,1519,9.061636029953178,65,200,0.325,0.263915714943814,0.392680149390323,False,insufficient,200,,
503,952,9.061636029953178,100,200,0.5,0.43136085907267824,0.5686391409273218,False,insufficient,200,,
55,4921,9.06163602995318,0,200,0.0,0.0,0.018845326668962936,False,insufficient,200,,
119,4354,9.06163602995318,1,200,0.005,0.0008831687058453758,0.02777370469642793,False,insufficient,200,,
183,3787,9.06163602995318,2,200,0.01,0.0027466581088489593,0.035721762026734716,False,insufficient,200,,
247,3220,9.06163602995318,6,200,0.03,0.013820314259191425,0.06389429280963374,False,insufficient,200,,
567,385,9.06163602995318,152,200,0.76,0.6962665896736326,0.8139338404585067,False,insufficient,200,,
62,4859,9.061662209891958,0,200,0.0,0.0,0.018845326668962936,False,insufficient,200,,
126,4292,9.061662209891958,1,200,0.005,0.0008831687058453758,0.02777370469642793,False,insufficient,200,,
190,3725,9.061662209891958,2,200,0.01,0.0027466581088489593,0.035721762026734716,False,insufficient,200,,
254,3158,9.061662209891958,6,200,0.03,0.013820314259191425,0.06389429280963374,False,insufficient,200,,
382,2024,9.061662209891958,31,200,0.155,0.11139636898322336,0.21160690641836105,False,insufficient,200,,
446,1457,9.061662209891958,69,200,0.345,0.2825979433061415,0.41324410796123684,False,insufficient,200,,
510,890,9.061662209891958,106,200,0.53,0.4609168286109567,0.5979524517889057,False,insufficient,200,,
574,323,9.061662209891958,157,200,0.785,0.722976925984516,0.8362812378141752,False,insufficient,200,,
318,2591,9.06166220989196,8,200,0.04,0.0204056319610195,0.0769320685744264,False,insufficient,200,,
5,5364,9.061688389830739,0,200,0.0,0.0,0.018845326668962936,False,insufficient,200,,
69,4797,9.061688389830739,0,200,0.0,0.0,0.018845326668962936,False,insufficient,200,,
133,4230,9.061688389830739,1,200,0.005,0.0008831687058453758,0.02777370469642793,False,insufficient,200,,
197,3663,9.061688389830739,2,200,0.01,0.0027466581088489593,0.035721762026734716,False,insufficient,200,,
261,3096,9.061688389830739,7,200,0.035,0.01705554191525804,0.0704706118868775,False,insufficient,200,,
325,2529,9.061688389830739,9,200,0.045,0.02385254288504434,0.08329670438371192,False,insufficient,200,,
389,1962,9.061688389830739,34,200,0.17,0.12427907881439243,0.22815883678712312,False,insufficient,200,,
453,1395,9.061688389830739,71,200,0.355,0.2919862749369033,0.4234788697970958,False,insufficient,200,,
517,828,9.061688389830739,111,200,0.555,0.4857330235838182,0.6221939904825959,False,insufficient,200,,
581,261,9.061688389830739,162,200,0.81,0.7499876124094633,0.8583282850557797,False,insufficient,200,,
140,4168,9.061714569769517,1,200,0.005,0.0008831687058453758,0.02777370469642793,False,insufficient,200,,
204,3601,9.061714569769517,2,200,0.01,0.0027466581088489593,0.035721762026734716,False,insufficient,200,,
268,3034,9.061714569769517,7,200,0.035,0.01705554191525804,0.0704706118868775,False,insufficient,200,,
332,2467,9.061714569769517,11,200,0.055,0.03098534156570805,0.09578699916966896,False,insufficient,200,,
396,1900,9.061714569769517,36,200,0.18,0.13294625827141174,0.2391147507967245,False,insufficient,200,,
460,1333,9.061714569769517,74,200,0.37,0.30612608362251653,0.4387737013114137,False,insufficient,200,,
524,766,9.061714569769517,114,200,0.57,0.5007048770948288,0.6366567771715163,False,insufficient,200,,
588,199,9.061714569769517,164,200,0.82,0.7608852492032754,0.8670537417285882,False,insufficient,200,,
12,5302,9.061714569769519,0,200,0.0,0.0,0.018845326668962936,False,insufficient,200,,
76,4735,9.061714569769519,0,200,0.0,0.0,0.018845326668962936,False,insufficient,200,,
19,5240,9.061740749708298,0,200,0.0,0.0,0.018845326668962936,False,insufficient,200,,
83,4673,9.061740749708298,0,200,0.0,0.0,0.018845326668962936,False,insufficient,200,,
147,4106,9.061740749708298,1,200,0.005,0.0008831687058453758,0.02777370469642793,False,insufficient,200,,
211,3539,9.061740749708298,2,200,0.01,0.0027466581088489593,0.035721762026734716,False,insufficient,200,,
531,704,9.061740749708298,121,200,0.605,0.5358834910421801,0.6701589903573376,False,insufficient,200,,
595,137,9.061740749708298,167,200,0.835,0.777342184108311,0.8800314470234837,False,insufficient,200,,
275,2972,9.0617407497083,7,200,0.035,0.01705554191525804,0.0704706118868775,False,insufficient,200,,
339,2405,9.0617407497083,16,200,0.08,0.04984058570487163,0.12598948869705726,False,insufficient,200,,
403,1838,9.0617407497083,37,200,0.185,0.1373019276778717,0.24457062812357494,False,insufficient,200,,
467,1271,9.0617407497083,80,200,0.4,0.3346057851761492,0.46916328015764336,False,insufficient,200,,
602,75,9.061766929647076,519,600,0.865,0.8353232824473261,0.8900326757398752,False,insufficient,600,,
26,5178,9.061766929647078,0,200,0.0,0.0,0.018845326668962936,False,insufficient,200,,
90,4611,9.061766929647078,0,200,0.0,0.0,0.018845326668962936,False,insufficient,200,,
154,4044,9.061766929647078,1,200,0.005,0.0008831687058453758,0.02777370469642793,False,insufficient,200,,
218,3477,9.061766929647078,2,200,0.01,0.0027466581088489593,0.035721762026734716,False,insufficient,200,,
282,2910,9.061766929647078,7,200,0.035,0.01705554191525804,0.0704706118868775,False,insufficient,200,,
346,2343,9.061766929647078,18,200,0.09,0.05768744866037736,0.13776571920817224,False,insufficient,200,,
410,1776,9.061766929647078,40,200,0.2,0.15045200891679145,0.2608551870845863,False,insufficient,200,,
474,1209,9.061766929647078,85,200,0.425,0.3585361249314706,0.4942906740688738,False,insufficient,200,,
538,642,9.061766929647078,129,200,0.645,0.5765211302029042,0.7080137250630966,False,insufficient,200,,
161,3982,9.061793109585857,1,200,0.005,0.0008831687058453758,0.02777370469642793,False,insufficient,200,,
225,3415,9.061793109585857,4,200,0.02,0.007804426362159347,0.05028708724004506,False,insufficient,200,,
289,2848,9.061793109585857,7,200,0.035,0.01705554191525804,0.0704706118868775,False,insufficient,200,,
353,2281,9.061793109585857,20,200,0.1,0.06567044845124732,0.14940581288392302,False,insufficient,200,,
417,1714,9.061793109585857,47,200,0.235,0.18157433377419854,0.2984136893603518,False,insufficient,200,,
481,1147,9.061793109585857,87,200,0.435,0.36815725451898934,0.5042926379479759,False,insufficient,200,,
33,5116,9.061793109585858,0,200,0.0,0.0,0.018845326668962936,False,insufficient,200,,
97,4549,9.061793109585858,0,200,0.0,0.0,0.018845326668962936,False,insufficient,200,,
545,580,9.061793109585858,133,200,0.665,0.5970219115283492,0.7267591306708931,False,insufficient,200,,
609,13,9.061793109585858,3559,4000,0.88975,0.8796674852742327,0.8990846286696579,False,insufficient,4000,,
232,3353,9.061819289524637,4,200,0.02,0.007804426362159347,0.05028708724004506,False,insufficient,200,,
40,5054,9.061819289524639,0,200,0.0,0.0,0.018845326668962936,False,insufficient,200,,
104,4487,9.061819289524639,0,200,0.0,0.0,0.018845326668962936,False,insufficient,200,,
168,3920,9.061819289524639,2,200,0.01,0.0027466581088489593,0.035721762026734716,False,insufficient,200,,
296,2786,9.061819289524639,8,200,0.04,0.0204056319610195,0.0769320685744264,False,insufficient,200,,
360,2219,9.061819289524639,23,200,0.115,0.07786373208518774,0.16664716944991373,False,insufficient,200,,
424,1652,9.061819289524639,52,200,0.26,0.2041383002358024,0.32490745656529973,False,insufficient,200,,
488,1085,9.061819289524639,91,200,0.455,0.3874821925827813,0.5242138868174252,False,insufficient,200,,
552,518,9.061819289524639,137,200,0.685,0.6176504385930084,0.7453767905394755,False,insufficient,200,,
47,4992,9.061845469463417,0,200,0.0,0.0,0.018845326668962936,False,insufficient,200,,
111,4425,9.061845469463417,1,200,0.005,0.0008831687058453758,0.02777370469642793,False,insufficient,200,,
175,3858,9.061845469463417,2,200,0.01,0.0027466581088489593,0.035721762026734716,False,insufficient,200,,
239,3291,9.061845469463417,4,200,0.02,0.007804426362159347,0.05028708724004506,False,insufficient,200,,
303,2724,9.061845469463417,8,200,0.04,0.0204056319610195,0.0769320685744264,False,insufficient,200,,
367,2157,9.061845469463417,25,200,0.125,0.0861197445025044,0.1780142504992178,False,insufficient,200,,
431,1590,9.061845469463417,56,200,0.28,0.2223688973234035,0.3459230464109402,False,insufficient,200,,
495,1023,9.061845469463417,96,200,0.48,0.4117916632582544,0.548962149808504,False,insufficient,200,,
559,456,9.061845469463417,146,200,0.73,0.66456564747098,0.786765502261297,False,insufficient,200,,
54,4930,9.061871649402198,0,200,0.0,0.0,0.018845326668962936,False,insufficient,200,,
118,4363,9.061871649402198,1,200,0.005,0.0008831687058453758,0.02777370469642793,False,insufficient,200,,
182,3796,9.061871649402198,2,200,0.01,0.0027466581088489593,0.035721762026734716,False,insufficient,200,,
246,3229,9.061871649402198,6,200,0.03,0.013820314259191425,0.06389429280963374,False,insufficient,200,,
310,2662,9.061871649402198,8,200,0.04,0.0204056319610195,0.0769320685744264,False,insufficient,200,,
374,2095,9.061871649402198,26,200,0.13,0.09028202253521182,0.18366351919982074,False,insufficient,200,,
438,1528,9.061871649402198,65,200,0.325,0.263915714943814,0.392680149390323,False,insufficient,200,,
502,961,9.061871649402198,99,200,0.495,0.4264584530693174,0.5637300001973722,False,insufficient,200,,
566,394,9.061871649402198,151,200,0.755,0.6909575639021187,0.8094313194967102,False,insufficient,200,,
381,2033,9.061897829340976,31,200,0.155,0.11139636898322336,0.21160690641836105,False,insufficient,200,,
445,1466,9.061897829340976,69,200,0.345,0.2825979433061415,0.41324410796123684,False,insufficient,200,,
509,899,9.061897829340976,106,200,0.53,0.4609168286109567,0.5979524517889057,False,insufficient,200,,
573,332,9.061897829340976,157,200,0.785,0.722976925984516,0.8362812378141752,False,insufficient,200,,
61,4868,9.061897829340978,0,200,0.0,0.0,0.018845326668962936,False,insufficient,200,,
125,4301,9.061897829340978,1,200,0.005,0.0008831687058453758,0.02777370469642793,False,insufficient,200,,
189,3734,9.061897829340978,2,200,0.01,0.0027466581088489593,0.035721762026734716,False,insufficient,200,,
253,3167,9.061897829340978,6,200,0.03,0.013820314259191425,0.06389429280963374,False,insufficient,200,,
317,2600,9.061897829340978,8,200,0.04,0.0204056319610195,0.0769320685744264,False,insufficient,200,,
4,5373,9.061924009279757,0,200,0.0,0.0,0.018845326668962936,False,insufficient,200,,
68,4806,9.061924009279757,0,200,0.0,0.0,0.018845326668962936,False,insufficient,200,,
132,4239,9.061924009279757,1,200,0.005,0.0008831687058453758,0.02777370469642793,False,insufficient,200,,
196,3672,9.061924009279757,2,200,0.01,0.0027466581088489593,0.035721762026734716,False,insufficient,200,,
260,3105,9.061924009279757,7,200,0.035,0.01705554191525804,0.0704706118868775,False,insufficient,200,,
324,2538,9.061924009279757,9,200,0.045,0.02385254288504434,0.08329670438371192,False,insufficient,200,,
388,1971,9.061924009279757,33,200,0.165,0.11996855297651625,0.22265781589168893,False,insufficient,200,,
452,1404,9.061924009279757,71,200,0.355,0.2919862749369033,0.4234788697970958,False,insufficient,200,,
516,837,9.061924009279757,111,200,0.555,0.4857330235838182,0.6221939904825959,False,insufficient,200,,
580,270,9.061924009279757,162,200,0.81,0.7499876124094633,0.8583282850557797,False,insufficient,200,,
75,4744,9.061950189218537,0,200,0.0,0.0,0.018845326668962936,False,insufficient,200,,
139,4177,9.061950189218537,1,200,0.005,0.0008831687058453758,0.02777370469642793,False,insufficient,200,,
203,3610,9.061950189218537,2,200,0.01,0.0027466581088489593,0.035721762026734716,False,insufficient,200,,
267,3043,9.061950189218537,7,200,0.035,0.01705554191525804,0.0704706118868775,False,insufficient,200,,
331,2476,9.061950189218537,11,200,0.055,0.03098534156570805,0.09578699916966896,False,insufficient,200,,
395,1909,9.061950189218537,35,200,0.175,0.1286051503455461,0.23364431198927976,False,insufficient,200,,
459,1342,9.061950189218537,74,200,0.37,0.30612608362251653,0.4387737013114137,False,insufficient,200,,
523,775,9.061950189218537,114,200,0.57,0.5007048770948288,0.6366567771715163,False,insufficient,200,,
587,208,9.061950189218537,164,200,0.82,0.7608852492032754,0.8670537417285882,False,insufficient,200,,
11,5311,9.061950189218539,0,200,0.0,0.0,0.018845326668962936,False,insufficient,200,,
18,5249,9.061976369157318,0,200,0.0,0.0,0.018845326668962936,False,insufficient,200,,
82,4682,9.061976369157318,0,200,0.0,0.0,0.018845326668962936,False,insufficient,200,,
146,4115,9.061976369157318,1,200,0.005,0.0008831687058453758,0.02777370469642793,False,insufficient,200,,
210,3548,9.061976369157318,2,200,0.01,0.0027466581088489593,0.035721762026734716,False,insufficient,200,,
274,2981,9.061976369157318,7,200,0.035,0.01705554191525804,0.0704706118868775,False,insufficient,200,,
338,2414,9.061976369157318,15,200,0.075,0.04597491700833055,0.12004361066028794,False,insufficient,200,,
402,1847,9.061976369157318,37,200,0.185,0.1373019276778717,0.24457062812357494,False,insufficient,200,,
466,1280,9.061976369157318,79,200,0.395,0.3298410096426624,0.4641165089578198,False,insufficient,200,,
530,713,9.061976369157318,121,200,0.605,0.5358834910421801,0.6701589903573376,False,insufficient,200,,
594,146,9.061976369157318,166,200,0.83,0.7718411632128768,0.8757209211856076,False,insufficient,200,,
217,3486,9.062002549096096,2,200,0.01,0.0027466581088489593,0.035721762026734716,False,insufficient,200,,
281,2919,9.062002549096096,7,200,0.035,0.01705554191525804,0.0704706118868775,False,insufficient,200,,
473,1218,9.062002549096096,82,200,0.41,0.3441567485880499,0.4792354102123633,False,insufficient,200,,
537,651,9.062002549096096,129,200,0.645,0.5765211302029042,0.7080137250630966,False,insufficient,200,,
25,5187,9.062002549096098,0,200,0.0,0.0,0.018845326668962936,False,insufficient,200,,
89,4620,9.062002549096098,0,200,0.0,0.0,0.018845326668962936,False,insufficient,200,,
153,4053,9.062002549096098,1,200,0.005,0.0008831687058453758,0.02777370469642793,False,insufficient,200,,
345,2352,9.062002549096098,18,200,0.09,0.05768744866037736,0.13776571920817224,False,insufficient,200,,
409,1785,9.062002549096098,40,200,0.2,0.15045200891679145,0.2608551870845863,False,insufficient,200,,
601,84,9.062002549096098,171,200,0.855,0.7995133242038862,0.8971064938611499,False,insufficient,200,,
32,5125,9.062028729034877,0,200,0.0,0.0,0.018845326668962936,False,insufficient,200,,
352,2290,9.062028729034877,19,200,0.095,0.061663102507449205,0.14360161209441077,False,insufficient,200,,
416,1723,9.062028729034877,46,200,0.23,0.1770934322171564,0.2930830441840836,False,insufficient,200,,
480,1156,9.062028729034877,87,200,0.435,0.36815725451898934,0.5042926379479759,False,insufficient,200,,
544,589,9.062028729034877,132,200,0.66,0.5918849547167886,0.7220845407491433,False,insufficient,200,,
608,22,9.062028729034877,3555,4000,0.88875,0.8786300900079824,0.8981239428225178,False,insufficient,4000,,
96,4558,9.062028729034878,0,200,0.0,0.0,0.018845326668962936,False,insufficient,200,,
160,3991,9.062028729034878,1,200,0.005,0.0008831687058453758,0.02777370469642793,False,insufficient,200,,
224,3424,9.062028729034878,4,200,0.02,0.007804426362159347,0.05028708724004506,False,insufficient,200,,
288,2857,9.062028729034878,7,200,0.035,0.01705554191525804,0.0704706118868775,False,insufficient,200,,
39,5063,9.062054908973657,0,200,0.0,0.0,0.018845326668962936,False,insufficient,200,,
103,4496,9.062054908973657,0,200,0.0,0.0,0.018845326668962936,False,insufficient,200,,
167,3929,9.062054908973657,2,200,0.01,0.0027466581088489593,0.035721762026734716,False,insufficient,200,,
231,3362,9.062054908973657,4,200,0.02,0.007804426362159347,0.05028708724004506,False,insufficient,200,,
295,2795,9.062054908973657,8,200,0.04,0.0204056319610195,0.0769320685744264,False,insufficient,200,,
359,2228,9.062054908973657,22,200,0.11,0.07377244436816725,0.16092691043362384,False,insufficient,200,,
423,1661,9.062054908973657,52,200,0.26,0.2041383002358024,0.32490745656529973,False,insufficient,200,,
487,1094,9.062054908973657,90,200,0.45,0.38264068350836655,0.5192438491585296,False,insufficient,200,,
551,527,9.062054908973657,136,200,0.68,0.6124810151086787,0.7407346672904946,False,insufficient,200,,
558,465,9.062081088912436,146,200,0.73,0.66456564747098,0.786765502261297,False,insufficient,200,,
46,5001,9.062081088912437,0,200,0.0,0.0,0.018845326668962936,False,insufficient,200,,
110,4434,9.062081088912437,1,200,0.005,0.0008831687058453758,0.02777370469642793,False,insufficient,200,,
174,3867,9.062081088912437,2,200,0.01,0.0027466581088489593,0.035721762026734716,False,insufficient,200,,
238,3300,9.062081088912437,4,200,0.02,0.007804426362159347,0.05028708724004506,False,insufficient,200,,
302,2733,9.062081088912437,8,200,0.04,0.0204056319610195,0.0769320685744264,False,insufficient,200,,
366,2166,9.062081088912437,25,200,0.125,0.0861197445025044,0.1780142504992178,False,insufficient,200,,
430,1599,9.062081088912437,56,200,0.28,0.2223688973234035,0.3459230464109402,False,insufficient,200,,
494,1032,9.062081088912437,96,200,0.48,0.4117916632582544,0.548962149808504,False,insufficient,200,,
501,970,9.062107268851216,98,200,0.49,0.42156278278393533,0.5588141237494437,False,insufficient,200,,
565,403,9.062107268851216,150,200,0.75,0.6856590163422495,0.804918320323269,False,insufficient,200,,
53,4939,9.062107268851218,0,200,0.0,0.0,0.018845326668962936,False,insufficient,200,,
117,4372,9.062107268851218,1,200,0.005,0.0008831687058453758,0.02777370469642793,False,insufficient,200,,
181,3805,9.062107268851218,2,200,0.01,0.0027466581088489593,0.035721762026734716,False,insufficient,200,,
245,3238,9.062107268851218,6,200,0.03,0.013820314259191425,0.06389429280963374,False,insufficient,200,,
309,2671,9.062107268851218,8,200,0.04,0.0204056319610195,0.0769320685744264,False,insufficient,200,,
373,2104,9.062107268851218,26,200,0.13,0.09028202253521182,0.18366351919982074,False,insufficient,200,,
437,1537,9.062107268851218,63,200,0.315,0.2546232094605245,0.38234956140699167,False,insufficient,200,,
124,4310,9.062133448789996,1,200,0.005,0.0008831687058453758,0.02777370469642793,False,insufficient,200,,
188,3743,9.062133448789996,2,200,0.01,0.0027466581088489593,0.035721762026734716,False,insufficient,200,,
252,3176,9.062133448789996,6,200,0.03,0.013820314259191425,0.06389429280963374,False,insufficient,200,,
316,2609,9.062133448789996,8,200,0.04,0.0204056319610195,0.0769320685744264,False,insufficient,200,,
380,2042,9.062133448789996,31,200,0.155,0.11139636898322336,0.21160690641836105,False,insufficient,200,,
444,1475,9.062133448789996,68,200,0.34,0.2779154592508567,0.4081150452832114,False,insufficient,200,,
508,908,9.062133448789996,105,200,0.525,0.45597395960896836,0.5930837740575836,False,insufficient,200,,
572,341,9.062133448789996,155,200,0.775,0.7122587671141067,0.8273763032179636,False,insufficient,200,,
60,4877,9.062133448789998,0,200,0.0,0.0,0.018845326668962936,False,insufficient,200,,
3,5382,9.062159628728777,0,200,0.0,0.0,0.018845326668962936,False,insufficient,200,,
67,4815,9.062159628728777,0,200,0.0,0.0,0.018845326668962936,False,insufficient,200,,
131,4248,9.062159628728777,1,200,0.005,0.0008831687058453758,0.02777370469642793,False,insufficient,200,,
195,3681,9.062159628728777,2,200,0.01,0.0027466581088489593,0.035721762026734716,False,insufficient,200,,
259,3114,9.062159628728777,7,200,0.035,0.01705554191525804,0.0704706118868775,False,insufficient,200,,
323,2547,9.062159628728777,9,200,0.045,0.02385254288504434,0.08329670438371192,False,insufficient,200,,
387,1980,9.062159628728777,33,200,0.165,0.11996855297651625,0.22265781589168893,False,insufficient,200,,
451,1413,9.062159628728777,71,200,0.355,0.2919862749369033,0.4234788697970958,False,insufficient,200,,
515,846,9.062159628728777,110,200,0.55,0.48075615084147033,0.6173593164916334,False,insufficient,200,,
579,279,9.062159628728777,162,200,0.81,0.7499876124094633,0.8583282850557797,False,insufficient,200,,
10,5320,9.062185808667557,0,200,0.0,0.0,0.018845326668962936,False,insufficient,200,,
74,4753,9.062185808667557,0,200,0.0,0.0,0.018845326668962936,False,insufficient,200,,
138,4186,9.062185808667557,1,200,0.005,0.0008831687058453758,0.02777370469642793,False,insufficient,200,,
202,3619,9.062185808667557,2,200,0.01,0.0027466581088489593,0.035721762026734716,False,insufficient,200,,
266,3052,9.062185808667557,7,200,0.035,0.01705554191525804,0.0704706118868775,False,insufficient,200,,
330,2485,9.062185808667557,11,200,0.055,0.03098534156570805,0.09578699916966896,False,insufficient,200,,
394,1918,9.062185808667557,35,200,0.175,0.1286051503455461,0.23364431198927976,False,insufficient,200,,
458,1351,9.062185808667557,73,200,0.365,0.30140526417602626,0.4336829740245936,False,insufficient,200,,
522,784,9.062185808667557,113,200,0.565,0.4957073620520242,0.6318427454810105,False,insufficient,200,,
586,217,9.062185808667557,163,200,0.815,0.755429371876425,0.8626980723221283,False,insufficient,200,,
17,5258,9.062211988606336,0,200,0.0,0.0,0.018845326668962936,False,insufficient,200,,
145,4124,9.062211988606336,1,200,0.005,0.0008831687058453758,0.02777370469642793,False,insufficient,200,,
209,3557,9.062211988606336,2,200,0.01,0.0027466581088489593,0.035721762026734716,False,insufficient,200,,
273,2990,9.062211988606336,7,200,0.035,0.01705554191525804,0.0704706118868775,False,insufficient,200,,
337,2423,9.062211988606336,13,200,0.065,0.03837635449161451,0.10801907971038324,False,insufficient,200,,
401,1856,9.062211988606336,37,200,0.185,0.1373019276778717,0.24457062812357494,False,insufficient,200,,
465,1289,9.062211988606336,79,200,0.395,0.3298410096426624,0.4641165089578198,False,insufficient,200,,
529,722,9.062211988606336,120,200,0.6,0.5308367198423567,0.6653942148238506,False,insufficient,200,,
593,155,9.062211988606336,166,200,0.83,0.7718411632128768,0.8757209211856076,False,insufficient,200,,
81,4691,9.062211988606338,0,200,0.0,0.0,0.018845326668962936,False,insufficient,200,,
24,5196,9.062238168545116,0,200,0.0,0.0,0.018845326668962936,False,insufficient,200,,
88,4629,9.062238168545116,0,200,0.0,0.0,0.018845326668962936,False,insufficient,200,,
152,4062,9.062238168545116,1,200,0.005,0.0008831687058453758,0.02777370469642793,False,insufficient,200,,
216,3495,9.062238168545116,2,200,0.01,0.0027466581088489593,0.035721762026734716,False,insufficient,200,,
280,2928,9.062238168545116,7,200,0.035,0.01705554191525804,0.0704706118868775,False,insufficient,200,,
344,2361,9.062238168545116,17,200,0.085,0.05374574998400461,0.13189587115123463,False,insufficient,200,,
408,1794,9.062238168545116,39,200,0.195,0.1460552050050192,0.2554404442630482,False,insufficient,200,,
472,1227,9.062238168545116,81,200,0.405,0.3393777123306897,0.4742028997364132,False,insufficient,200,,
536,660,9.062238168545116,128,200,0.64,0.5714152811080028,0.7033080274246877,False,insufficient,200,,
600,93,9.062238168545116,171,200,0.855,0.7995133242038862,0.8971064938611499,False,insufficient,200,,
543,598,9.062264348483895,131,200,0.655,0.5867558920387631,0.7174020566938584,False,insufficient,200,,
607,31,9.062264348483895,524,600,0.8733333333333333,0.8443239913157072,0.8975926051862703,False,insufficient,600,,
31,5134,9.062264348483897,0,200,0.0,0.0,0.018845326668962936,False,insufficient,200,,
95,4567,9.062264348483897,0,200,0.0,0.0,0.018845326668962936,False,insufficient,200,,
159,4000,9.062264348483897,1,200,0.005,0.0008831687058453758,0.02777370469642793,False,insufficient,200,,
223,3433,9.062264348483897,3,200,0.015,0.005114237753504754,0.043165729115389295,False,insufficient,200,,
287,2866,9.062264348483897,7,200,0.035,0.01705554191525804,0.0704706118868775,False,insufficient,200,,
351,2299,9.062264348483897,19,200,0.095,0.061663102507449205,0.14360161209441077,False,insufficient,200,,
415,1732,9.062264348483897,46,200,0.23,0.1770934322171564,0.2930830441840836,False,insufficient,200,,
479,1165,9.062264348483897,86,200,0.43,0.36334322282848375,0.4992951229051709,False,insufficient,200,,
102,4505,9.062290528422675,0,200,0.0,0.0,0.018845326668962936,False,insufficient,200,,
166,3938,9.062290528422675,2,200,0.01,0.0027466581088489593,0.035721762026734716,False,insufficient,200,,
230,3371,9.062290528422675,4,200,0.02,0.007804426362159347,0.05028708724004506,False,insufficient,200,,
294,2804,9.062290528422675,8,200,0.04,0.0204056319610195,0.0769320685744264,False,insufficient,200,,
358,2237,9.062290528422675,22,200,0.11,0.07377244436816725,0.16092691043362384,False,insufficient,200,,
422,1670,9.062290528422675,50,200,0.25,0.195081679676731,0.3143409836577504,False,insufficient,200,,
486,1103,9.062290528422675,89,200,0.445,0.377806009517404,0.5142669764161818,False,insufficient,200,,
38,5072,9.062290528422677,0,200,0.0,0.0,0.018845326668962936,False,insufficient,200,,
550,536,9.062290528422677,135,200,0.675,0.607319850609677,0.7360842850561861,False,insufficient,200,,
109,4443,9.062316708361456,1,200,0.005,0.0008831687058453758,0.02777370469642793,False,insufficient,200,,
173,3876,9.062316708361456,2,200,0.01,0.0027466581088489593,0.035721762026734716,False,insufficient,200,,
237,3309,9.062316708361456,4,200,0.02,0.007804426362159347,0.05028708724004506,False,insufficient,200,,
301,2742,9.062316708361456,8,200,0.04,0.0204056319610195,0.0769320685744264,False,insufficient,200,,
365,2175,9.062316708361456,24,200,0.12,0.0819799268161472,0.17234252145226464,False,insufficient,200,,
429,1608,9.062316708361456,54,200,0.27,0.2132344977387029,0.33543435252902004,False,insufficient,200,,
493,1041,9.062316708361456,96,200,0.48,0.4117916632582544,0.548962149808504,False,insufficient,200,,
557,474,9.062316708361456,145,200,0.725,0.6593166058798847,0.7822029971190819,False,insufficient,200,,
45,5010,9.062316708361458,0,200,0.0,0.0,0.018845326668962936,False,insufficient,200,,
52,4948,9.062342888300236,0,200,0.0,0.0,0.018845326668962936,False,insufficient,200,,
116,4381,9.062342888300236,1,200,0.005,0.0008831687058453758,0.02777370469642793,False,insufficient,200,,
180,3814,9.062342888300236,2,200,0.01,0.0027466581088489593,0.035721762026734716,False,insufficient,200,,
244,3247,9.062342888300236,6,200,0.03,0.013820314259191425,0.06389429280963374,False,insufficient,200,,
308,2680,9.062342888300236,8,200,0.04,0.0204056319610195,0.0769320685744264,False,insufficient,200,,
372,2113,9.062342888300236,25,200,0.125,0.0861197445025044,0.1780142504992178,False,insufficient,200,,
436,1546,9.062342888300236,62,200,0.31,0.2499894479224967,0.37717177621170916,False,insufficient,200,,
500,979,9.062342888300236,98,200,0.49,0.42156278278393533,0.5588141237494437,False,insufficient,200,,
564,412,9.062342888300236,150,200,0.75,0.6856590163422495,0.804918320323269,False,insufficient,200,,
187,3752,9.062369068239015,2,200,0.01,0.0027466581088489593,0.035721762026734716,False,insufficient,200,,
251,3185,9.062369068239015,6,200,0.03,0.013820314259191425,0.06389429280963374,False,insufficient,200,,
315,2618,9.062369068239015,8,200,0.04,0.0204056319610195,0.0769320685744264,False,insufficient,200,,
443,1484,9.062369068239015,68,200,0.34,0.2779154592508567,0.4081150452832114,False,insufficient,200,,
507,917,9.062369068239015,104,200,0.52,0.45103785019149595,0.5882083367417457,False,insufficient,200,,
571,350,9.062369068239015,154,200,0.77,0.7069169558159164,0.8229065677828437,False,insufficient,200,,
59,4886,9.062369068239017,0,200,0.0,0.0,0.018845326668962936,False,insufficient,200,,
123,4319,9.062369068239017,1,200,0.005,0.0008831687058453758,0.02777370469642793,False,insufficient,200,,
379,2051,9.062369068239017,31,200,0.155,0.11139636898322336,0.21160690641836105,False,insufficient,200,,
2,5391,9.062395248177795,0,200,0.0,0.0,0.018845326668962936,False,insufficient,200,,
66,4824,9.062395248177795,0,200,0.0,0.0,0.018845326668962936,False,insufficient,200,,
322,2556,9.062395248177795,9,200,0.045,0.02385254288504434,0.08329670438371192,False,insufficient,200,,
386,1989,9.062395248177795,33,200,0.165,0.11996855297651625,0.22265781589168893,False,insufficient,200,,
450,1422,9.062395248177795,71,200,0.355,0.2919862749369033,0.4234788697970958,False,insufficient,200,,
514,855,9.062395248177795,110,200,0.55,0.48075615084147033,0.6173593164916334,False,insufficient,200,,
578,288,9.062395248177795,162,200,0.81,0.7499876124094633,0.8583282850557797,False,insufficient,200,,
130,4257,9.062395248177797,1,200,0.005,0.0008831687058453758,0.02777370469642793,False,insufficient,200,,
194,3690,9.062395248177797,2,200,0.01,0.0027466581088489593,0.035721762026734716,False,insufficient,200,,
258,3123,9.062395248177797,7,200,0.035,0.01705554191525804,0.0704706118868775,False,insufficient,200,,
9,5329,9.062421428116576,0,200,0.0,0.0,0.018845326668962936,False,insufficient,200,,
73,4762,9.062421428116576,0,200,0.0,0.0,0.018845326668962936,False,insufficient,200,,
137,4195,9.062421428116576,1,200,0.005,0.0008831687058453758,0.02777370469642793,False,insufficient,200,,
201,3628,9.062421428116576,2,200,0.01,0.0027466581088489593,0.035721762026734716,False,insufficient,200,,
265,3061,9.062421428116576,7,200,0.035,0.01705554191525804,0.0704706118868775,False,insufficient,200,,
329,2494,9.062421428116576,11,200,0.055,0.03098534156570805,0.09578699916966896,False,insufficient,200,,
393,1927,9.062421428116576,34,200,0.17,0.12427907881439243,0.22815883678712312,False,insufficient,200,,
457,1360,9.062421428116576,72,200,0.36,0.2966919725753122,0.4285847188919973,False,insufficient,200,,
521,793,9.062421428116576,113,200,0.565,0.4957073620520242,0.6318427454810105,False,insufficient,200,,
585,226,9.062421428116576,163,200,0.815,0.755429371876425,0.8626980723221283,False,insufficient,200,,
80,4700,9.062447608055356,0,200,0.0,0.0,0.018845326668962936,False,insufficient,200,,
144,4133,9.062447608055356,1,200,0.005,0.0008831687058453758,0.02777370469642793,False,insufficient,200,,
208,3566,9.062447608055356,2,200,0.01,0.0027466581088489593,0.035721762026734716,False,insufficient,200,,
272,2999,9.062447608055356,7,200,0.035,0.01705554191525804,0.0704706118868775,False,insufficient,200,,
336,2432,9.062447608055356,13,200,0.065,0.03837635449161451,0.10801907971038324,False,insufficient,200,,
400,1865,9.062447608055356,37,200,0.185,0.1373019276778717,0.24457062812357494,False,insufficient,200,,
464,1298,9.062447608055356,79,200,0.395,0.3298410096426624,0.4641165089578198,False,insufficient,200,,
528,731,9.062447608055356,119,200,0.595,0.5257971002635867,0.6606222876693102,False,insufficient,200,,
592,164,9.062447608055356,165,200,0.825,0.7663556880107202,0.8713948496544538,False,insufficient,200,,
16,5267,9.062447608055358,0,200,0.0,0.0,0.018845326668962936,False,insufficient,200,,
471,1236,9.062473787994135,81,200,0.405,0.3393777123306897,0.4742028997364132,False,insufficient,200,,
535,669,9.062473787994135,127,200,0.635,0.5663170259754063,0.6985947358239737,False,insufficient,200,,
23,5205,9.062473787994136,0,200,0.0,0.0,0.018845326668962936,False,insufficient,200,,
87,4638,9.062473787994136,0,200,0.0,0.0,0.018845326668962936,False,insufficient,200,,
151,4071,9.062473787994136,1,200,0.005,0.0008831687058453758,0.02777370469642793,False,insufficient,200,,
215,3504,9.062473787994136,2,200,0.01,0.0027466581088489593,0.035721762026734716,False,insufficient,200,,
279,2937,9.062473787994136,7,200,0.035,0.01705554191525804,0.0704706118868775,False,insufficient,200,,
343,2370,9.062473787994136,17,200,0.085,0.05374574998400461,0.13189587115123463,False,insufficient,200,,
407,1803,9.062473787994136,39,200,0.195,0.1460552050050192,0.2554404442630482,False,insufficient,200,,
599,102,9.062473787994136,171,200,0.855,0.7995133242038862,0.8971064938611499,False,insufficient,200,,
94,4576,9.062499967932915,0,200,0.0,0.0,0.018845326668962936,False,insufficient,200,,
158,4009,9.062499967932915,1,200,0.005,0.0008831687058453758,0.02777370469642793,False,insufficient,200,,
222,3442,9.062499967932915,3,200,0.015,0.005114237753504754,0.043165729115389295,False,insufficient,200,,
286,2875,9.062499967932915,7,200,0.035,0.01705554191525804,0.0704706118868775,False,insufficient,200,,
350,2308,9.062499967932915,19,200,0.095,0.061663102507449205,0.14360161209441077,False,insufficient,200,,
414,1741,9.062499967932915,45,200,0.225,0.17262369678203637,0.2877412328858932,False,insufficient,200,,
478,1174,9.062499967932915,86,200,0.43,0.36334322282848375,0.4992951229051709,False,insufficient,200,,
542,607,9.062499967932915,130,200,0.65,0.5816346428084853,0.7127117591908259,False,insufficient,200,,
606,40,9.062499967932915,522,600,0.87,0.840719438353528,0.894572902822539,False,insufficient,600,,
30,5143,9.062499967932917,0,200,0.0,0.0,0.018845326668962936,False,insufficient,200,,
37,5081,9.062526147871695,0,200,0.0,0.0,0.018845326668962936,False,insufficient,200,,
101,4514,9.062526147871695,0,200,0.0,0.0,0.018845326668962936,False,insufficient,200,,
165,3947,9.062526147871695,1,200,0.005,0.0008831687058453758,0.02777370469642793,False,insufficient,200,,
229,3380,9.062526147871695,4,200,0.02,0.007804426362159347,0.05028708724004506,False,insufficient,200,,
293,2813,9.062526147871695,8,200,0.04,0.0204056319610195,0.0769320685744264,False,insufficient,200,,
357,2246,9.062526147871695,21,200,0.105,0.06970748770124899,0.15518032036723173,False,insufficient,200,,
421,1679,9.062526147871695,50,200,0.25,0.195081679676731,0.3143409836577504,False,insufficient,200,,
485,1112,9.062526147871695,89,200,0.445,0.377806009517404,0.5142669764161818,False,insufficient,200,,
549,545,9.062526147871695,134,200,0.67,0.6021668471867698,0.7314257417457829,False,insufficient,200,,
611,0,9.069699451097392,7211,8000,0.901375,0.894647535166574,0.9077171834491304,True,crossing,8000,crossing,4000
44,5026,9.074280940383877,0,200,0.0,0.0,0.018845326668962936,False,insufficient,200,,
108,4459,9.074280940383877,0,200,0.0,0.0,0.018845326668962936,False,insufficient,200,,
172,3892,9.074280940383877,0,200,0.0,0.0,0.018845326668962936,False,insufficient,200,,
236,3325,9.074280940383877,1,200,0.005,0.0008831687058453758,0.02777370469642793,False,insufficient,200,,
300,2758,9.074280940383877,6,200,0.03,0.013820314259191425,0.06389429280963374,False,insufficient,200,,
364,2191,9.074280940383877,22,200,0.11,0.07377244436816725,0.16092691043362384,False,insufficient,200,,
428,1624,9.074280940383877,57,200,0.285,0.22695002962622268,0.35115346084143123,False,insufficient,200,,
492,1057,9.074280940383877,100,200,0.5,0.43136085907267824,0.5686391409273218,False,insufficient,200,,
556,490,9.074280940383877,148,200,0.74,0.6750925434347002,0.7958616997641975,False,insufficient,200,,
563,428,9.074307120322656,153,200,0.765,0.7015863106396482,0.8184256662258015,False,insufficient,200,,
51,4964,9.074307120322658,0,200,0.0,0.0,0.018845326668962936,False,insufficient,200,,
115,4397,9.074307120322658,0,200,0.0,0.0,0.018845326668962936,False,insufficient,200,,
179,3830,9.074307120322658,0,200,0.0,0.0,0.018845326668962936,False,insufficient,200,,
243,3263,9.074307120322658,1,200,0.005,0.0008831687058453758,0.02777370469642793,False,insufficient,200,,
307,2696,9.074307120322658,7,200,0.035,0.01705554191525804,0.0704706118868775,False,insufficient,200,,
371,2129,9.074307120322658,22,200,0.11,0.07377244436816725,0.16092691043362384,False,insufficient,200,,
435,1562,9.074307120322658,64,200,0.32,0.2592653327095053,0.38751898489132125,False,insufficient,200,,
499,995,9.074307120322658,105,200,0.525,0.45597395960896836,0.5930837740575836,False,insufficient,200,,
58,4902,9.074333300261436,0,200,0.0,0.0,0.018845326668962936,False,insufficient,200,,
122,4335,9.074333300261436,0,200,0.0,0.0,0.018845326668962936,False,insufficient,200,,
186,3768,9.074333300261436,0,200,0.0,0.0,0.018845326668962936,False,insufficient,200,,
250,3201,9.074333300261436,1,200,0.005,0.0008831687058453758,0.02777370469642793,False,insufficient,200,,
314,2634,9.074333300261436,7,200,0.035,0.01705554191525804,0.0704706118868775,False,insufficient,200,,
378,2067,9.074333300261436,25,200,0.125,0.0861197445025044,0.1780142504992178,False,insufficient,200,,
442,1500,9.074333300261436,68,200,0.34,0.2779154592508567,0.4081150452832114,False,insufficient,200,,
506,933,9.074333300261436,113,200,0.565,0.4957073620520242,0.6318427454810105,False,insufficient,200,,
570,366,9.074333300261436,156,200,0.78,0.7176120002896181,0.8318346167757626,False,insufficient,200,,
129,4273,9.074359480200217,0,200,0.0,0.0,0.018845326668962936,False,insufficient,200,,
193,3706,9.074359480200217,0,200,0.0,0.0,0.018845326668962936,False,insufficient,200,,
257,3139,9.074359480200217,1,200,0.005,0.0008831687058453758,0.02777370469642793,False,insufficient,200,,
321,2572,9.074359480200217,8,200,0.04,0.0204056319610195,0.0769320685744264,False,insufficient,200,,
385,2005,9.074359480200217,29,200,0.145,0.10289350613885,0.20048667579611365,False,insufficient,200,,
449,1438,9.074359480200217,70,200,0.35,0.28728824080917403,0.4183653571915147,False,insufficient,200,,
513,871,9.074359480200217,117,200,0.585,0.5157391484647247,0.6510571460015516,False,insufficient,200,,
577,304,9.074359480200217,161,200,0.805,0.7445595557369519,0.8539447949949808,False,insufficient,200,,
1,5407,9.074359480200219,0,200,0.0,0.0,0.018845326668962936,False,insufficient,200,,
65,4840,9.074359480200219,0,200,0.0,0.0,0.018845326668962936,False,insufficient,200,,
8,5345,9.074385660138997,0,200,0.0,0.0,0.018845326668962936,False,insufficient,200,,
72,4778,9.074385660138997,0,200,0.0,0.0,0.018845326668962936,False,insufficient,200,,
136,4211,9.074385660138997,0,200,0.0,0.0,0.018845326668962936,False,insufficient,200,,
200,3644,9.074385660138997,1,200,0.005,0.0008831687058453758,0.02777370469642793,False,insufficient,200,,
264,3077,9.074385660138997,3,200,0.015,0.005114237753504754,0.043165729115389295,False,insufficient,200,,
328,2510,9.074385660138997,9,200,0.045,0.02385254288504434,0.08329670438371192,False,insufficient,200,,
392,1943,9.074385660138997,31,200,0.155,0.11139636898322336,0.21160690641836105,False,insufficient,200,,
456,1376,9.074385660138997,73,200,0.365,0.30140526417602626,0.4336829740245936,False,insufficient,200,,
520,809,9.074385660138997,121,200,0.605,0.5358834910421801,0.6701589903573376,False,insufficient,200,,
584,242,9.074385660138997,170,200,0.85,0.7939442066666507,0.8928640646650752,False,insufficient,200,,
271,3015,9.074411840077776,3,200,0.015,0.005114237753504754,0.043165729115389295,False,insufficient,200,,
335,2448,9.074411840077776,13,200,0.065,0.03837635449161451,0.10801907971038324,False,insufficient,200,,
463,1314,9.074411840077776,79,200,0.395,0.3298410096426624,0.4641165089578198,False,insufficient,200,,
15,5283,9.074411840077778,0,200,0.0,0.0,0.018845326668962936,False,insufficient,200,,
79,4716,9.074411840077778,0,200,0.0,0.0,0.018845326668962936,False,insufficient,200,,
143,4149,9.074411840077778,0,200,0.0,0.0,0.018845326668962936,False,insufficient,200,,
207,3582,9.074411840077778,1,200,0.005,0.0008831687058453758,0.02777370469642793,False,insufficient,200,,
399,1881,9.074411840077778,34,200,0.17,0.12427907881439243,0.22815883678712312,False,insufficient,200,,
527,747,9.074411840077778,127,200,0.635,0.5663170259754063,0.6985947358239737,False,insufficient,200,,
591,180,9.074411840077778,500,600,0.8333333333333334,0.8014123232845849,0.8610132093064666,False,insufficient,600,,
22,5221,9.074438020016556,0,200,0.0,0.0,0.018845326668962936,False,insufficient,200,,
342,2386,9.074438020016556,17,200,0.085,0.05374574998400461,0.13189587115123463,False,insufficient,200,,
406,1819,9.074438020016556,36,200,0.18,0.13294625827141174,0.2391147507967245,False,insufficient,200,,
470,1252,9.074438020016556,88,200,0.44,0.3729781920017676,0.5092832471985078,False,insufficient,200,,
534,685,9.074438020016556,135,200,0.675,0.607319850609677,0.7360842850561861,False,insufficient,200,,
598,118,9.074438020016556,511,600,0.8516666666666667,0.8209921286956898,0.8778668081878694,False,insufficient,600,,
86,4654,9.074438020016558,0,200,0.0,0.0,0.018845326668962936,False,insufficient,200,,
150,4087,9.074438020016558,0,200,0.0,0.0,0.018845326668962936,False,insufficient,200,,
214,3520,9.074438020016558,1,200,0.005,0.0008831687058453758,0.02777370469642793,False,insufficient,200,,
278,2953,9.074438020016558,4,200,0.02,0.007804426362159347,0.05028708724004506,False,insufficient,200,,
29,5159,9.074464199955337,0,200,0.0,0.0,0.018845326668962936,False,insufficient,200,,
93,4592,9.074464199955337,0,200,0.0,0.0,0.018845326668962936,False,insufficient,200,,
157,4025,9.074464199955337,0,200,0.0,0.0,0.018845326668962936,False,insufficient,200,,
221,3458,9.074464199955337,1,200,0.005,0.0008831687058453758,0.02777370469642793,False,insufficient,200,,
285,2891,9.074464199955337,5,200,0.025,0.010724719583860124,0.05717834075165468,False,insufficient,200,,
349,2324,9.074464199955337,18,200,0.09,0.05768744866037736,0.13776571920817224,False,insufficient,200,,
413,1757,9.074464199955337,43,200,0.215,0.16371876218582487,0.277023074015484,False,insufficient,200,,
477,1190,9.074464199955337,91,200,0.455,0.3874821925827813,0.5242138868174252,False,insufficient,200,,
541,623,9.074464199955337,136,200,0.68,0.6124810151086787,0.7407346672904946,False,insufficient,200,,
605,56,9.074464199955337,525,600,0.875,0.846128472866618,0.899100251298315,False,insufficient,600,,
548,561,9.074490379894115,142,200,0.71,0.6436252184459675,0.768459744353068,False,insufficient,200,,
36,5097,9.074490379894117,0,200,0.0,0.0,0.018845326668962936,False,insufficient,200,,
100,4530,9.074490379894117,0,200,0.0,0.0,0.018845326668962936,False,insufficient,200,,
164,3963,9.074490379894117,0,200,0.0,0.0,0.018845326668962936,False,insufficient,200,,
228,3396,9.074490379894117,1,200,0.005,0.0008831687058453758,0.02777370469642793,False,insufficient,200,,
292,2829,9.074490379894117,5,200,0.025,0.010724719583860124,0.05717834075165468,False,insufficient,200,,
356,2262,9.074490379894117,20,200,0.1,0.06567044845124732,0.14940581288392302,False,insufficient,200,,
420,1695,9.074490379894117,48,200,0.24,0.1860661595414933,0.3037334103263674,False,insufficient,200,,
484,1128,9.074490379894117,93,200,0.465,0.3971856410502652,0.5341335318165621,False,insufficient,200,,
491,1066,9.074516559832896,100,200,0.5,0.43136085907267824,0.5686391409273218,False,insufficient,200,,
43,5035,9.074516559832897,0,200,0.0,0.0,0.018845326668962936,False,insufficient,200,,
107,4468,9.074516559832897,0,200,0.0,0.0,0.018845326668962936,False,insufficient,200,,
171,3901,9.074516559832897,0,200,0.0,0.0,0.018845326668962936,False,insufficient,200,,
235,3334,9.074516559832897,1,200,0.005,0.0008831687058453758,0.02777370469642793,False,insufficient,200,,
299,2767,9.074516559832897,5,200,0.025,0.010724719583860124,0.05717834075165468,False,insufficient,200,,
363,2200,9.074516559832897,22,200,0.11,0.07377244436816725,0.16092691043362384,False,insufficient,200,,
427,1633,9.074516559832897,56,200,0.28,0.2223688973234035,0.3459230464109402,False,insufficient,200,,
555,499,9.074516559832897,147,200,0.735,0.669824237532593,0.7913184589329944,False,insufficient,200,,
114,4406,9.074542739771676,0,200,0.0,0.0,0.018845326668962936,False,insufficient,200,,
178,3839,9.074542739771676,0,200,0.0,0.0,0.018845326668962936,False,insufficient,200,,
242,3272,9.074542739771676,1,200,0.005,0.0008831687058453758,0.02777370469642793,False,insufficient,200,,
306,2705,9.074542739771676,7,200,0.035,0.01705554191525804,0.0704706118868775,False,insufficient,200,,
370,2138,9.074542739771676,22,200,0.11,0.07377244436816725,0.16092691043362384,False,insufficient,200,,
434,1571,9.074542739771676,63,200,0.315,0.2546232094605245,0.38234956140699167,False,insufficient,200,,
498,1004,9.074542739771676,105,200,0.525,0.45597395960896836,0.5930837740575836,False,insufficient,200,,
562,437,9.074542739771676,153,200,0.765,0.7015863106396482,0.8184256662258015,False,insufficient,200,,
50,4973,9.074542739771678,0,200,0.0,0.0,0.018845326668962936,False,insufficient,200,,
57,4911,9.074568919710456,0,200,0.0,0.0,0.018845326668962936,False,insufficient,200,,
121,4344,9.074568919710456,0,200,0.0,0.0,0.018845326668962936,False,insufficient,200,,
185,3777,9.074568919710456,0,200,0.0,0.0,0.018845326668962936,False,insufficient,200,,
249,3210,9.074568919710456,1,200,0.005,0.0008831687058453758,0.02777370469642793,False,insufficient,200,,
313,2643,9.074568919710456,7,200,0.035,0.01705554191525804,0.0704706118868775,False,insufficient,200,,
377,2076,9.074568919710456,25,200,0.125,0.0861197445025044,0.1780142504992178,False,insufficient,200,,
441,1509,9.074568919710456,68,200,0.34,0.2779154592508567,0.4081150452832114,False,insufficient,200,,
505,942,9.074568919710456,112,200,0.56,0.4907167528014922,0.6270218079982324,False,insufficient,200,,
569,375,9.074568919710456,155,200,0.775,0.7122587671141067,0.8273763032179636,False,insufficient,200,,
0,5416,9.074595099649237,0,200,0.0,0.0,0.018845326668962936,False,insufficient,200,,
64,4849,9.074595099649237,0,200,0.0,0.0,0.018845326668962936,False,insufficient,200,,
128,4282,9.074595099649237,0,200,0.0,0.0,0.018845326668962936,False,insufficient,200,,
192,3715,9.074595099649237,0,200,0.0,0.0,0.018845326668962936,False,insufficient,200,,
256,3148,9.074595099649237,1,200,0.005,0.0008831687058453758,0.02777370469642793,False,insufficient,200,,
320,2581,9.074595099649237,8,200,0.04,0.0204056319610195,0.0769320685744264,False,insufficient,200,,
384,2014,9.074595099649237,29,200,0.145,0.10289350613885,0.20048667579611365,False,insufficient,200,,
448,1447,9.074595099649237,70,200,0.35,0.28728824080917403,0.4183653571915147,False,insufficient,200,,
512,880,9.074595099649237,115,200,0.575,0.505709325931126,0.6414638750685293,False,insufficient,200,,
576,313,9.074595099649237,161,200,0.805,0.7445595557369519,0.8539447949949808,False,insufficient,200,,
7,5354,9.074621279588015,0,200,0.0,0.0,0.018845326668962936,False,insufficient,200,,
71,4787,9.074621279588015,0,200,0.0,0.0,0.018845326668962936,False,insufficient,200,,
327,2519,9.074621279588015,9,200,0.045,0.02385254288504434,0.08329670438371192,False,insufficient,200,,
391,1952,9.074621279588015,30,200,0.15,0.10713593533492477,0.20605579333334925,False,insufficient,200,,
455,1385,9.074621279588015,72,200,0.36,0.2966919725753122,0.4285847188919973,False,insufficient,200,,
519,818,9.074621279588015,121,200,0.605,0.5358834910421801,0.6701589903573376,False,insufficient,200,,
583,251,9.074621279588015,169,200,0.845,0.7883930935816389,0.8886036310167766,False,insufficient,200,,
135,4220,9.074621279588017,0,200,0.0,0.0,0.018845326668962936,False,insufficient,200,,
199,3653,9.074621279588017,1,200,0.005,0.0008831687058453758,0.02777370469642793,False,insufficient,200,,
263,3086,9.074621279588017,3,200,0.015,0.005114237753504754,0.043165729115389295,False,insufficient,200,,
14,5292,9.074647459526796,0,200,0.0,0.0,0.018845326668962936,False,insufficient,200,,
78,4725,9.074647459526796,0,200,0.0,0.0,0.018845326668962936,False,insufficient,200,,
142,4158,9.074647459526796,0,200,0.0,0.0,0.018845326668962936,False,insufficient,200,,
206,3591,9.074647459526796,1,200,0.005,0.0008831687058453758,0.02777370469642793,False,insufficient,200,,
398,1890,9.074647459526796,34,200,0.17,0.12427907881439243,0.22815883678712312,False,insufficient,200,,
462,1323,9.074647459526796,78,200,0.39,0.3250834308878392,0.4590625409793326,False,insufficient,200,,
526,756,9.074647459526796,125,200,0.625,0.5561430364380054,0.6891456318947539,False,insufficient,200,,
590,189,9.074647459526796,170,200,0.85,0.7939442066666507,0.8928640646650752,False,insufficient,200,,
270,3024,9.074647459526798,3,200,0.015,0.005114237753504754,0.043165729115389295,False,insufficient,200,,
334,2457,9.074647459526798,13,200,0.065,0.03837635449161451,0.10801907971038324,False,insufficient,200,,
597,127,9.074673639465574,509,600,0.8483333333333334,0.8174218388978084,0.8748128426598404,False,insufficient,600,,
21,5230,9.074673639465576,0,200,0.0,0.0,0.018845326668962936,False,insufficient,200,,
85,4663,9.074673639465576,0,200,0.0,0.0,0.018845326668962936,False,insufficient,200,,
149,4096,9.074673639465576,0,200,0.0,0.0,0.018845326668962936,False,insufficient,200,,
213,3529,9.074673639465576,1,200,0.005,0.0008831687058453758,0.02777370469642793,False,insufficient,200,,
277,2962,9.074673639465576,4,200,0.02,0.007804426362159347,0.05028708724004506,False,insufficient,200,,
341,2395,9.074673639465576,16,200,0.08,0.04984058570487163,0.12598948869705726,False,insufficient,200,,
405,1828,9.074673639465576,36,200,0.18,0.13294625827141174,0.2391147507967245,False,insufficient,200,,
469,1261,9.074673639465576,87,200,0.435,0.36815725451898934,0.5042926379479759,False,insufficient,200,,
533,694,9.074673639465576,135,200,0.675,0.607319850609677,0.7360842850561861,False,insufficient,200,,
156,4034,9.074699819404355,0,200,0.0,0.0,0.018845326668962936,False,insufficient,200,,
220,3467,9.074699819404355,1,200,0.005,0.0008831687058453758,0.02777370469642793,False,insufficient,200,,
284,2900,9.074699819404355,5,200,0.025,0.010724719583860124,0.05717834075165468,False,insufficient,200,,
348,2333,9.074699819404355,18,200,0.09,0.05768744866037736,0.13776571920817224,False,insufficient,200,,
412,1766,9.074699819404355,41,200,0.205,0.15486176168906182,0.2662569810456263,False,insufficient,200,,
476,1199,9.074699819404355,91,200,0.455,0.3874821925827813,0.5242138868174252,False,insufficient,200,,
28,5168,9.074699819404357,0,200,0.0,0.0,0.018845326668962936,False,insufficient,200,,
92,4601,9.074699819404357,0,200,0.0,0.0,0.018845326668962936,False,insufficient,200,,
540,632,9.074699819404357,135,200,0.675,0.607319850609677,0.7360842850561861,False,insufficient,200,,
604,65,9.074699819404357,525,600,0.875,0.846128472866618,0.899100251298315,False,insufficient,600,,
99,4539,9.074725999343135,0,200,0.0,0.0,0.018845326668962936,False,insufficient,200,,
163,3972,9.074725999343135,0,200,0.0,0.0,0.018845326668962936,False,insufficient,200,,
227,3405,9.074725999343135,1,200,0.005,0.0008831687058453758,0.02777370469642793,False,insufficient,200,,
547,570,9.074725999343135,141,200,0.705,0.638412854206739,0.7638605618589861,False,insufficient,200,,
611,3,9.074725999343135,3583,4000,0.89575,0.8858972413247173,0.9048433592995155,False,crossing,4000,crossing,4000
35,5106,9.074725999343137,0,200,0.0,0.0,0.018845326668962936,False,insufficient,200,,
291,2838,9.074725999343137,5,200,0.025,0.010724719583860124,0.05717834075165468,False,insufficient,200,,
355,2271,9.074725999343137,20,200,0.1,0.06567044845124732,0.14940581288392302,False,insufficient,200,,
419,1704,9.074725999343137,46,200,0.23,0.1770934322171564,0.2930830441840836,False,insufficient,200,,
483,1137,9.074725999343137,93,200,0.465,0.3971856410502652,0.5341335318165621,False,insufficient,200,,
42,5044,9.074752179281916,0,200,0.0,0.0,0.018845326668962936,False,insufficient,200,,
106,4477,9.074752179281916,0,200,0.0,0.0,0.018845326668962936,False,insufficient,200,,
170,3910,9.074752179281916,0,200,0.0,0.0,0.018845326668962936,False,insufficient,200,,
234,3343,9.074752179281916,1,200,0.005,0.0008831687058453758,0.02777370469642793,False,insufficient,200,,
298,2776,9.074752179281916,5,200,0.025,0.010724719583860124,0.05717834075165468,False,insufficient,200,,
362,2209,9.074752179281916,21,200,0.105,0.06970748770124899,0.15518032036723173,False,insufficient,200,,
426,1642,9.074752179281916,55,200,0.275,0.21779700288091797,0.3406833941201153,False,insufficient,200,,
490,1075,9.074752179281916,99,200,0.495,0.4264584530693174,0.5637300001973722,False,insufficient,200,,
554,508,9.074752179281916,147,200,0.735,0.669824237532593,0.7913184589329944,False,insufficient,200,,
241,3281,9.074778359220694,1,200,0.005,0.0008831687058453758,0.02777370469642793,False,insufficient,200,,
305,2714,9.074778359220694,7,200,0.035,0.01705554191525804,0.0704706118868775,False,insufficient,200,,
433,1580,9.074778359220694,63,200,0.315,0.2546232094605245,0.38234956140699167,False,insufficient,200,,
49,4982,9.074778359220696,0,200,0.0,0.0,0.018845326668962936,False,insufficient,200,,
113,4415,9.074778359220696,0,200,0.0,0.0,0.018845326668962936,False,insufficient,200,,
177,3848,9.074778359220696,0,200,0.0,0.0,0.018845326668962936,False,insufficient,200,,
369,2147,9.074778359220696,22,200,0.11,0.07377244436816725,0.16092691043362384,False,insufficient,200,,
497,1013,9.074778359220696,105,200,0.525,0.45597395960896836,0.5930837740575836,False,insufficient,200,,
561,446,9.074778359220696,152,200,0.76,0.6962665896736326,0.8139338404585067,False,insufficient,200,,
56,4920,9.074804539159475,0,200,0.0,0.0,0.018845326668962936,False,insufficient,200,,
376,2085,9.074804539159475,25,200,0.125,0.0861197445025044,0.1780142504992178,False,insufficient,200,,
440,1518,9.074804539159475,68,200,0.34,0.2779154592508567,0.4081150452832114,False,insufficient,200,,
504,951,9.074804539159475,111,200,0.555,0.4857330235838182,0.6221939904825959,False,insufficient,200,,
568,384,9.074804539159475,155,200,0.775,0.7122587671141067,0.8273763032179636,False,insufficient,200,,
120,4353,9.074804539159476,0,200,0.0,0.0,0.018845326668962936,False,insufficient,200,,
184,3786,9.074804539159476,0,200,0.0,0.0,0.018845326668962936,False,insufficient,200,,
248,3219,9.074804539159476,1,200,0.005,0.0008831687058453758,0.02777370469642793,False,insufficient,200,,
312,2652,9.074804539159476,7,200,0.035,0.01705554191525804,0.0704706118868775,False,insufficient,200,,
63,4858,9.074830719098255,0,200,0.0,0.0,0.018845326668962936,False,insufficient,200,,
127,4291,9.074830719098255,0,200,0.0,0.0,0.018845326668962936,False,insufficient,200,,
191,3724,9.074830719098255,0,200,0.0,0.0,0.018845326668962936,False,insufficient,200,,
255,3157,9.074830719098255,1,200,0.005,0.0008831687058453758,0.02777370469642793,False,insufficient,200,,
319,2590,9.074830719098255,8,200,0.04,0.0204056319610195,0.0769320685744264,False,insufficient,200,,
383,2023,9.074830719098255,28,200,0.14,0.09866982605979482,0.1948988091418585,False,insufficient,200,,
447,1456,9.074830719098255,68,200,0.34,0.2779154592508567,0.4081150452832114,False,insufficient,200,,
511,889,9.074830719098255,115,200,0.575,0.505709325931126,0.6414638750685293,False,insufficient,200,,
575,322,9.074830719098255,161,200,0.805,0.7445595557369519,0.8539447949949808,False,insufficient,200,,
134,4229,9.074856899037036,0,200,0.0,0.0,0.018845326668962936,False,insufficient,200,,
198,3662,9.074856899037036,0,200,0.0,0.0,0.018845326668962936,False,insufficient,200,,
262,3095,9.074856899037036,3,200,0.015,0.005114237753504754,0.043165729115389295,False,insufficient,200,,
326,2528,9.074856899037036,8,200,0.04,0.0204056319610195,0.0769320685744264,False,insufficient,200,,
390,1961,9.074856899037036,30,200,0.15,0.10713593533492477,0.20605579333334925,False,insufficient,200,,
454,1394,9.074856899037036,70,200,0.35,0.28728824080917403,0.4183653571915147,False,insufficient,200,,
518,827,9.074856899037036,119,200,0.595,0.5257971002635867,0.6606222876693102,False,insufficient,200,,
582,260,9.074856899037036,167,200,0.835,0.777342184108311,0.8800314470234837,False,insufficient,200,,
6,5363,9.074856899037037,0,200,0.0,0.0,0.018845326668962936,False,insufficient,200,,
70,4796,9.074856899037037,0,200,0.0,0.0,0.018845326668962936,False,insufficient,200,,
525,765,9.074883078975814,124,200,0.62,0.5510671796046104,0.6844099419948385,False,insufficient,200,,
13,5301,9.074883078975816,0,200,0.0,0.0,0.018845326668962936,False,insufficient,200,,
77,4734,9.074883078975816,0,200,0.0,0.0,0.018845326668962936,False,insufficient,200,,
141,4167,9.074883078975816,0,200,0.0,0.0,0.018845326668962936,False,insufficient,200,,
205,3600,9.074883078975816,1,200,0.005,0.0008831687058453758,0.02777370469642793,False,insufficient,200,,
269,3033,9.074883078975816,3,200,0.015,0.005114237753504754,0.043165729115389295,False,insufficient,200,,
333,2466,9.074883078975816,13,200,0.065,0.03837635449161451,0.10801907971038324,False,insufficient,200,,
397,1899,9.074883078975816,33,200,0.165,0.11996855297651625,0.22265781589168893,False,insufficient,200,,
461,1332,9.074883078975816,78,200,0.39,0.3250834308878392,0.4590625409793326,False,insufficient,200,,
589,198,9.074883078975816,170,200,0.85,0.7939442066666507,0.8928640646650752,False,insufficient,200,,
84,4672,9.074909258914595,0,200,0.0,0.0,0.018845326668962936,False,insufficient,200,,
148,4105,9.074909258914595,0,200,0.0,0.0,0.018845326668962936,False,insufficient,200,,
212,3538,9.074909258914595,1,200,0.005,0.0008831687058453758,0.02777370469642793,False,insufficient,200,,
276,2971,9.074909258914595,4,200,0.02,0.007804426362159347,0.05028708724004506,False,insufficient,200,,
340,2404,9.074909258914595,16,200,0.08,0.04984058570487163,0.12598948869705726,False,insufficient,200,,
404,1837,9.074909258914595,36,200,0.18,0.13294625827141174,0.2391147507967245,False,insufficient,200,,
468,1270,9.074909258914595,85,200,0.425,0.3585361249314706,0.4942906740688738,False,insufficient,200,,
532,703,9.074909258914595,134,200,0.67,0.6021668471867698,0.7314257417457829,False,insufficient,200,,
596,136,9.074909258914595,508,600,0.8466666666666667,0.8156384748720417,0.8732840790226519,False,insufficient,600,,
20,5239,9.074909258914596,0,200,0.0,0.0,0.018845326668962936,False,insufficient,200,,
27,5177,9.074935438853375,0,200,0.0,0.0,0.018845326668962936,False,insufficient,200,,
91,4610,9.074935438853375,0,200,0.0,0.0,0.018845326668962936,False,insufficient,200,,
155,4043,9.074935438853375,0,200,0.0,0.0,0.018845326668962936,False,insufficient,200,,
219,3476,9.074935438853375,1,200,0.005,0.0008831687058453758,0.02777370469642793,False,insufficient,200,,
283,2909,9.074935438853375,5,200,0.025,0.010724719583860124,0.05717834075165468,False,insufficient,200,,
347,2342,9.074935438853375,17,200,0.085,0.05374574998400461,0.13189587115123463,False,insufficient,200,,
411,1775,9.074935438853375,39,200,0.195,0.1460552050050192,0.2554404442630482,False,insufficient,200,,
475,1208,9.074935438853375,91,200,0.455,0.3874821925827813,0.5242138868174252,False,insufficient,200,,
539,641,9.074935438853375,135,200,0.675,0.607319850609677,0.7360842850561861,False,insufficient,200,,
603,74,9.074935438853375,525,600,0.875,0.846128472866618,0.899100251298315,False,insufficient,600,,
34,5115,9.074961618792155,0,200,0.0,0.0,0.018845326668962936,False,insufficient,200,,
98,4548,9.074961618792155,0,200,0.0,0.0,0.018845326668962936,False,insufficient,200,,
162,3981,9.074961618792155,0,200,0.0,0.0,0.018845326668962936,False,insufficient,200,,
226,3414,9.074961618792155,1,200,0.005,0.0008831687058453758,0.02777370469642793,False,insufficient,200,,
290,2847,9.074961618792155,5,200,0.025,0.010724719583860124,0.05717834075165468,False,insufficient,200,,
354,2280,9.074961618792155,19,200,0.095,0.061663102507449205,0.14360161209441077,False,insufficient,200,,
418,1713,9.074961618792155,44,200,0.22,0.1681653832242373,0.2823879997103819,False,insufficient,200,,
482,1146,9.074961618792155,93,200,0.465,0.3971856410502652,0.5341335318165621,False,insufficient,200,,
546,579,9.074961618792155,139,200,0.695,0.6280144784717092,0.7546358441273952,False,insufficient,200,,
610,12,9.074961618792155,3573,4000,0.89325,0.8833003672948437,0.9024450305459131,False,crossing,4000,crossing,4000
41,5053,9.074987798730934,0,200,0.0,0.0,0.018845326668962936,False,insufficient,200,,
553,517,9.074987798730934,146,200,0.73,0.66456564747098,0.786765502261297,False,insufficient,200,,
105,4486,9.074987798730936,0,200,0.0,0.0,0.018845326668962936,False,insufficient,200,,
169,3919,9.074987798730936,0,200,0.0,0.0,0.018845326668962936,False,insufficient,200,,
233,3352,9.074987798730936,1,200,0.005,0.0008831687058453758,0.02777370469642793,False,insufficient,200,,
297,2785,9.074987798730936,5,200,0.025,0.010724719583860124,0.05717834075165468,False,insufficient,200,,
361,2218,9.074987798730936,21,200,0.105,0.06970748770124899,0.15518032036723173,False,insufficient,200,,
425,1651,9.074987798730936,54,200,0.27,0.2132344977387029,0.33543435252902004,False,insufficient,200,,
489,1084,9.074987798730936,97,200,0.485,0.41667385119216255,0.5538915086079063,False,insufficient,200,,
368,2156,9.075013978669714,22,200,0.11,0.07377244436816725,0.16092691043362384,False,insufficient,200,,
432,1589,9.075013978669714,62,200,0.31,0.2499894479224967,0.37717177621170916,False,insufficient,200,,
496,1022,9.075013978669714,105,200,0.525,0.45597395960896836,0.5930837740575836,False,insufficient,200,,
560,455,9.075013978669714,152,200,0.76,0.6962665896736326,0.8139338404585067,False,insufficient,200,,
48,4991,9.075013978669716,0,200,0.0,0.0,0.018845326668962936,False,insufficient,200,,
112,4424,9.075013978669716,0,200,0.0,0.0,0.018845326668962936,False,insufficient,200,,
176,3857,9.075013978669716,0,200,0.0,0.0,0.018845326668962936,False,insufficient,200,,
240,3290,9.075013978669716,1,200,0.005,0.0008831687058453758,0.02777370469642793,False,insufficient,200,,
304,2723,9.075013978669716,7,200,0.035,0.01705554191525804,0.0704706118868775,False,insufficient,200,,
119,4362,9.075040158608495,0,200,0.0,0.0,0.018845326668962936,False,insufficient,200,,
183,3795,9.075040158608495,0,200,0.0,0.0,0.018845326668962936,False,insufficient,200,,
247,3228,9.075040158608495,1,200,0.005,0.0008831687058453758,0.02777370469642793,False,insufficient,200,,
311,2661,9.075040158608495,7,200,0.035,0.01705554191525804,0.0704706118868775,False,insufficient,200,,
375,2094,9.075040158608495,25,200,0.125,0.0861197445025044,0.1780142504992178,False,insufficient,200,,
439,1527,9.075040158608495,67,200,0.335,0.27324086932910685,0.4029780884716509,False,insufficient,200,,
503,960,9.075040158608495,110,200,0.55,0.48075615084147033,0.6173593164916334,False,insufficient,200,,
567,393,9.075040158608495,155,200,0.775,0.7122587671141067,0.8273763032179636,False,insufficient,200,,
55,4929,9.075040158608497,0,200,0.0,0.0,0.018845326668962936,False,insufficient,200,,
62,4867,9.075066338547275,0,200,0.0,0.0,0.018845326668962936,False,insufficient,200,,
126,4300,9.075066338547275,0,200,0.0,0.0,0.018845326668962936,False,insufficient,200,,
190,3733,9.075066338547275,0,200,0.0,0.0,0.018845326668962936,False,insufficient,200,,
254,3166,9.075066338547275,1,200,0.005,0.0008831687058453758,0.02777370469642793,False,insufficient,200,,
318,2599,9.075066338547275,8,200,0.04,0.0204056319610195,0.0769320685744264,False,insufficient,200,,
382,2032,9.075066338547275,27,200,0.135,0.09446570427968658,0.18929138418865638,False,insufficient,200,,
446,1465,9.075066338547275,68,200,0.34,0.2779154592508567,0.4081150452832114,False,insufficient,200,,
510,898,9.075066338547275,115,200,0.575,0.505709325931126,0.6414638750685293,False,insufficient,200,,
574,331,9.075066338547275,161,200,0.805,0.7445595557369519,0.8539447949949808,False,insufficient,200,,
517,836,9.075092518486054,118,200,0.59,0.5207645897876366,0.65584325141195,False,insufficient,200,,
581,269,9.075092518486054,166,200,0.83,0.7718411632128768,0.8757209211856076,False,insufficient,200,,
5,5372,9.075092518486056,0,200,0.0,0.0,0.018845326668962936,False,insufficient,200,,
69,4805,9.075092518486056,0,200,0.0,0.0,0.018845326668962936,False,insufficient,200,,
133,4238,9.075092518486056,0,200,0.0,0.0,0.018845326668962936,False,insufficient,200,,
197,3671,9.075092518486056,0,200,0.0,0.0,0.018845326668962936,False,insufficient,200,,
261,3104,9.075092518486056,3,200,0.015,0.005114237753504754,0.043165729115389295,False,insufficient,200,,
325,2537,9.075092518486056,8,200,0.04,0.0204056319610195,0.0769320685744264,False,insufficient,200,,
389,1970,9.075092518486056,30,200,0.15,0.10713593533492477,0.20605579333334925,False,insufficient,200,,
453,1403,9.075092518486056,70,200,0.35,0.28728824080917403,0.4183653571915147,False,insufficient,200,,
12,5310,9.075118698424834,0,200,0.0,0.0,0.018845326668962936,False,insufficient,200,,
76,4743,9.075118698424834,0,200,0.0,0.0,0.018845326668962936,False,insufficient,200,,
140,4176,9.075118698424834,0,200,0.0,0.0,0.018845326668962936,False,insufficient,200,,
204,3609,9.075118698424834,1,200,0.005,0.0008831687058453758,0.02777370469642793,False,insufficient,200,,
268,3042,9.075118698424834,3,200,0.015,0.005114237753504754,0.043165729115389295,False,insufficient,200,,
332,2475,9.075118698424834,10,200,0.05,0.027382645473457017,0.08957814852860962,False,insufficient,200,,
396,1908,9.075118698424834,32,200,0.16,0.11567412001614788,0.2171407021187469,False,insufficient,200,,
460,1341,9.075118698424834,77,200,0.385,0.3203330967849892,0.4540013283488722,False,insufficient,200,,
524,774,9.075118698424834,124,200,0.62,0.5510671796046104,0.6844099419948385,False,insufficient,200,,
588,207,9.075118698424834,170,200,0.85,0.7939442066666507,0.8928640646650752,False,insufficient,200,,
595,145,9.075144878363613,506,600,0.8433333333333334,0.812075230591194,0.8702230679775891,False,insufficient,600,,
19,5248,9.075144878363615,0,200,0.0,0.0,0.018845326668962936,False,insufficient,200,,
83,4681,9.075144878363615,0,200,0.0,0.0,0.018845326668962936,False,insufficient,200,,
147,4114,9.075144878363615,0,200,0.0,0.0,0.018845326668962936,False,insufficient,200,,
211,3547,9.075144878363615,1,200,0.005,0.0008831687058453758,0.02777370469642793,False,insufficient,200,,
275,2980,9.075144878363615,3,200,0.015,0.005114237753504754,0.043165729115389295,False,insufficient,200,,
339,2413,9.075144878363615,16,200,0.08,0.04984058570487163,0.12598948869705726,False,insufficient,200,,
403,1846,9.075144878363615,36,200,0.18,0.13294625827141174,0.2391147507967245,False,insufficient,200,,
467,1279,9.075144878363615,85,200,0.425,0.3585361249314706,0.4942906740688738,False,insufficient,200,,
531,712,9.075144878363615,132,200,0.66,0.5918849547167886,0.7220845407491433,False,insufficient,200,,
26,5186,9.075171058302393,0,200,0.0,0.0,0.018845326668962936,False,insufficient,200,,
602,83,9.075171058302393,523,600,0.8716666666666667,0.8425209878774318,0.8960834809615906,False,insufficient,600,,
90,4619,9.075171058302395,0,200,0.0,0.0,0.018845326668962936,False,insufficient,200,,
154,4052,9.075171058302395,0,200,0.0,0.0,0.018845326668962936,False,insufficient,200,,
218,3485,9.075171058302395,1,200,0.005,0.0008831687058453758,0.02777370469642793,False,insufficient,200,,
282,2918,9.075171058302395,5,200,0.025,0.010724719583860124,0.05717834075165468,False,insufficient,200,,
346,2351,9.075171058302395,17,200,0.085,0.05374574998400461,0.13189587115123463,False,insufficient,200,,
410,1784,9.075171058302395,39,200,0.195,0.1460552050050192,0.2554404442630482,False,insufficient,200,,
474,1217,9.075171058302395,91,200,0.455,0.3874821925827813,0.5242138868174252,False,insufficient,200,,
538,650,9.075171058302395,135,200,0.675,0.607319850609677,0.7360842850561861,False,insufficient,200,,
161,3990,9.075197238241174,0,200,0.0,0.0,0.018845326668962936,False,insufficient,200,,
225,3423,9.075197238241174,1,200,0.005,0.0008831687058453758,0.02777370469642793,False,insufficient,200,,
289,2856,9.075197238241174,5,200,0.025,0.010724719583860124,0.05717834075165468,False,insufficient,200,,
353,2289,9.075197238241174,18,200,0.09,0.05768744866037736,0.13776571920817224,False,insufficient,200,,
417,1722,9.075197238241174,44,200,0.22,0.1681653832242373,0.2823879997103819,False,insufficient,200,,
481,1155,9.075197238241174,93,200,0.465,0.3971856410502652,0.5341335318165621,False,insufficient,200,,
33,5124,9.075197238241175,0,200,0.0,0.0,0.018845326668962936,False,insufficient,200,,
97,4557,9.075197238241175,0,200,0.0,0.0,0.018845326668962936,False,insufficient,200,,
545,588,9.075197238241175,139,200,0.695,0.6280144784717092,0.7546358441273952,False,insufficient,200,,
609,21,9.075197238241175,3564,4000,0.891,0.8809645830293532,0.9002851323062753,False,crossing,4000,crossing,4000
104,4495,9.075223418179954,0,200,0.0,0.0,0.018845326668962936,False,insufficient,200,,
168,3928,9.075223418179954,0,200,0.0,0.0,0.018845326668962936,False,insufficient,200,,
232,3361,9.075223418179954,1,200,0.005,0.0008831687058453758,0.02777370469642793,False,insufficient,200,,
360,2227,9.075223418179954,21,200,0.105,0.06970748770124899,0.15518032036723173,False,insufficient,200,,
424,1660,9.075223418179954,52,200,0.26,0.2041383002358024,0.32490745656529973,False,insufficient,200,,
488,1093,9.075223418179954,97,200,0.485,0.41667385119216255,0.5538915086079063,False,insufficient,200,,
552,526,9.075223418179954,146,200,0.73,0.66456564747098,0.786765502261297,False,insufficient,200,,
40,5062,9.075223418179956,0,200,0.0,0.0,0.018845326668962936,False,insufficient,200,,
296,2794,9.075223418179956,5,200,0.025,0.010724719583860124,0.05717834075165468,False,insufficient,200,,
47,5000,9.075249598118734,0,200,0.0,0.0,0.018845326668962936,False,insufficient,200,,
111,4433,9.075249598118734,0,200,0.0,0.0,0.018845326668962936,False,insufficient,200,,
175,3866,9.075249598118734,0,200,0.0,0.0,0.018845326668962936,False,insufficient,200,,
239,3299,9.075249598118734,1,200,0.005,0.0008831687058453758,0.02777370469642793,False,insufficient,200,,
303,2732,9.075249598118734,7,200,0.035,0.01705554191525804,0.0704706118868775,False,insufficient,200,,
367,2165,9.075249598118734,22,200,0.11,0.07377244436816725,0.16092691043362384,False,insufficient,200,,
431,1598,9.075249598118734,62,200,0.31,0.2499894479224967,0.37717177621170916,False,insufficient,200,,
495,1031,9.075249598118734,104,200,0.52,0.45103785019149595,0.5882083367417457,False,insufficient,200,,
559,464,9.075249598118734,150,200,0.75,0.6856590163422495,0.804918320323269,False,insufficient,200,,
118,4371,9.075275778057513,0,200,0.0,0.0,0.018845326668962936,False,insufficient,200,,
182,3804,9.075275778057513,0,200,0.0,0.0,0.018845326668962936,False,insufficient,200,,
246,3237,9.075275778057513,1,200,0.005,0.0008831687058453758,0.02777370469642793,False,insufficient,200,,
310,2670,9.075275778057513,7,200,0.035,0.01705554191525804,0.0704706118868775,False,insufficient,200,,
374,2103,9.075275778057513,24,200,0.12,0.0819799268161472,0.17234252145226464,False,insufficient,200,,
438,1536,9.075275778057513,67,200,0.335,0.27324086932910685,0.4029780884716509,False,insufficient,200,,
502,969,9.075275778057513,108,200,0.54,0.4708228913482581,0.607669482518225,False,insufficient,200,,
566,402,9.075275778057513,155,200,0.775,0.7122587671141067,0.8273763032179636,False,insufficient,200,,
54,4938,9.075275778057515,0,200,0.0,0.0,0.018845326668962936,False,insufficient,200,,
61,4876,9.075301957996293,0,200,0.0,0.0,0.018845326668962936,False,insufficient,200,,
125,4309,9.075301957996293,0,200,0.0,0.0,0.018845326668962936,False,insufficient,200,,
189,3742,9.075301957996293,0,200,0.0,0.0,0.018845326668962936,False,insufficient,200,,
253,3175,9.075301957996293,1,200,0.005,0.0008831687058453758,0.02777370469642793,False,insufficient,200,,
317,2608,9.075301957996293,8,200,0.04,0.0204056319610195,0.0769320685744264,False,insufficient,200,,
381,2041,9.075301957996293,25,200,0.125,0.0861197445025044,0.1780142504992178,False,insufficient,200,,
445,1474,9.075301957996293,68,200,0.34,0.2779154592508567,0.4081150452832114,False,insufficient,200,,
509,907,9.075301957996293,114,200,0.57,0.5007048770948288,0.6366567771715163,False,insufficient,200,,
573,340,9.075301957996293,159,200,0.795,0.7337430189543738,0.8451382383109382,False,insufficient,200,,
4,5381,9.075328137935074,0,200,0.0,0.0,0.018845326668962936,False,insufficient,200,,
68,4814,9.075328137935074,0,200,0.0,0.0,0.018845326668962936,False,insufficient,200,,
132,4247,9.075328137935074,0,200,0.0,0.0,0.018845326668962936,False,insufficient,200,,
196,3680,9.075328137935074,0,200,0.0,0.0,0.018845326668962936,False,insufficient,200,,
260,3113,9.075328137935074,3,200,0.015,0.005114237753504754,0.043165729115389295,False,insufficient,200,,
324,2546,9.075328137935074,8,200,0.04,0.0204056319610195,0.0769320685744264,False,insufficient,200,,
388,1979,9.075328137935074,29,200,0.145,0.10289350613885,0.20048667579611365,False,insufficient,200,,
452,1412,9.075328137935074,70,200,0.35,0.28728824080917403,0.4183653571915147,False,insufficient,200,,
516,845,9.075328137935074,117,200,0.585,0.5157391484647247,0.6510571460015516,False,insufficient,200,,
580,278,9.075328137935074,166,200,0.83,0.7718411632128768,0.8757209211856076,False,insufficient,200,,
267,3051,9.075354317873852,3,200,0.015,0.005114237753504754,0.043165729115389295,False,insufficient,200,,
331,2484,9.075354317873852,10,200,0.05,0.027382645473457017,0.08957814852860962,False,insufficient,200,,
11,5319,9.075354317873854,0,200,0.0,0.0,0.018845326668962936,False,insufficient,200,,
75,4752,9.075354317873854,0,200,0.0,0.0,0.018845326668962936,False,insufficient,200,,
139,4185,9.075354317873854,0,200,0.0,0.0,0.018845326668962936,False,insufficient,200,,
203,3618,9.075354317873854,1,200,0.005,0.0008831687058453758,0.02777370469642793,False,insufficient,200,,
395,1917,9.075354317873854,32,200,0.16,0.11567412001614788,0.2171407021187469,False,insufficient,200,,
459,1350,9.075354317873854,77,200,0.385,0.3203330967849892,0.4540013283488722,False,insufficient,200,,
523,783,9.075354317873854,123,200,0.615,0.5459986716511277,0.6796669032150108,False,insufficient,200,,
587,216,9.075354317873854,170,200,0.85,0.7939442066666507,0.8928640646650752,False,insufficient,200,,
402,1855,9.075380497812633,35,200,0.175,0.1286051503455461,0.23364431198927976,False,insufficient,200,,
466,1288,9.075380497812633,84,200,0.42,0.3537359911147436,0.48927926115229037,False,insufficient,200,,
530,721,9.075380497812633,132,200,0.66,0.5918849547167886,0.7220845407491433,False,insufficient,200,,
18,5257,9.075380497812635,0,200,0.0,0.0,0.018845326668962936,False,insufficient,200,,
82,4690,9.075380497812635,0,200,0.0,0.0,0.018845326668962936,False,insufficient,200,,
146,4123,9.075380497812635,0,200,0.0,0.0,0.018845326668962936,False,insufficient,200,,
210,3556,9.075380497812635,1,200,0.005,0.0008831687058453758,0.02777370469642793,False,insufficient,200,,
274,2989,9.075380497812635,3,200,0.015,0.005114237753504754,0.043165729115389295,False,insufficient,200,,
338,2422,9.075380497812635,15,200,0.075,0.04597491700833055,0.12004361066028794,False,insufficient,200,,
594,154,9.075380497812635,504,600,0.84,0.8085165321113656,0.8671575111315067,False,insufficient,600,,
89,4628,9.075406677751413,0,200,0.0,0.0,0.018845326668962936,False,insufficient,200,,
153,4061,9.075406677751413,0,200,0.0,0.0,0.018845326668962936,False,insufficient,200,,
217,3494,9.075406677751413,1,200,0.005,0.0008831687058453758,0.02777370469642793,False,insufficient,200,,
281,2927,9.075406677751413,5,200,0.025,0.010724719583860124,0.05717834075165468,False,insufficient,200,,
345,2360,9.075406677751413,17,200,0.085,0.05374574998400461,0.13189587115123463,False,insufficient,200,,
409,1793,9.075406677751413,37,200,0.185,0.1373019276778717,0.24457062812357494,False,insufficient,200,,
473,1226,9.075406677751413,91,200,0.455,0.3874821925827813,0.5242138868174252,False,insufficient,200,,
537,659,9.075406677751413,135,200,0.675,0.607319850609677,0.7360842850561861,False,insufficient,200,,
601,92,9.075406677751413,522,600,0.87,0.840719438353528,0.894572902822539,False,insufficient,600,,
25,5195,9.075406677751415,0,200,0.0,0.0,0.018845326668962936,False,insufficient,200,,
32,5133,9.075432857690194,0,200,0.0,0.0,0.018845326668962936,False,insufficient,200,,
96,4566,9.075432857690194,0,200,0.0,0.0,0.018845326668962936,False,insufficient,200,,
160,3999,9.075432857690194,0,200,0.0,0.0,0.018845326668962936,False,insufficient,200,,
224,3432,9.075432857690194,1,200,0.005,0.0008831687058453758,0.02777370469642793,False,insufficient,200,,
288,2865,9.075432857690194,5,200,0.025,0.010724719583860124,0.05717834075165468,False,insufficient,200,,
352,2298,9.075432857690194,18,200,0.09,0.05768744866037736,0.13776571920817224,False,insufficient,200,,
416,1731,9.075432857690194,44,200,0.22,0.1681653832242373,0.2823879997103819,False,insufficient,200,,
480,1164,9.075432857690194,92,200,0.46,0.39233051748177505,0.529177108651742,False,insufficient,200,,
544,597,9.075432857690194,140,200,0.7,0.6332093157249852,0.7592525536074295,False,insufficient,200,,
608,30,9.075432857690194,3559,4000,0.88975,0.8796674852742327,0.8990846286696579,False,insufficient,4000,,
487,1102,9.075459037628972,97,200,0.485,0.41667385119216255,0.5538915086079063,False,insufficient,200,,
551,535,9.075459037628972,146,200,0.73,0.66456564747098,0.786765502261297,False,insufficient,200,,
39,5071,9.075459037628974,0,200,0.0,0.0,0.018845326668962936,False,insufficient,200,,
103,4504,9.075459037628974,0,200,0.0,0.0,0.018845326668962936,False,insufficient,200,,
167,3937,9.075459037628974,0,200,0.0,0.0,0.018845326668962936,False,insufficient,200,,
231,3370,9.075459037628974,1,200,0.005,0.0008831687058453758,0.02777370469642793,False,insufficient,200,,
295,2803,9.075459037628974,5,200,0.025,0.010724719583860124,0.05717834075165468,False,insufficient,200,,
359,2236,9.075459037628974,21,200,0.105,0.06970748770124899,0.15518032036723173,False,insufficient,200,,
423,1669,9.075459037628974,51,200,0.255,0.19960495132458245,0.3196292587432093,False,insufficient,200,,
46,5009,9.075485217567753,0,200,0.0,0.0,0.018845326668962936,False,insufficient,200,,
110,4442,9.075485217567753,0,200,0.0,0.0,0.018845326668962936,False,insufficient,200,,
174,3875,9.075485217567753,0,200,0.0,0.0,0.018845326668962936,False,insufficient,200,,
238,3308,9.075485217567753,1,200,0.005,0.0008831687058453758,0.02777370469642793,False,insufficient,200,,
302,2741,9.075485217567753,7,200,0.035,0.01705554191525804,0.0704706118868775,False,insufficient,200,,
366,2174,9.075485217567753,22,200,0.11,0.07377244436816725,0.16092691043362384,False,insufficient,200,,
430,1607,9.075485217567753,60,200,0.3,0.24074744639257037,0.3667906842750147,False,insufficient,200,,
494,1040,9.075485217567753,101,200,0.505,0.4362699998026278,0.5735415469306826,False,insufficient,200,,
558,473,9.075485217567753,150,200,0.75,0.6856590163422495,0.804918320323269,False,insufficient,200,,
565,411,9.075511397506531,154,200,0.77,0.7069169558159164,0.8229065677828437,False,insufficient,200,,
117,4380,9.075511397506533,0,200,0.0,0.0,0.018845326668962936,False,insufficient,200,,
181,3813,9.075511397506533,0,200,0.0,0.0,0.018845326668962936,False,insufficient,200,,
245,3246,9.075511397506533,1,200,0.005,0.0008831687058453758,0.02777370469642793,False,insufficient,200,,
309,2679,9.075511397506533,7,200,0.035,0.01705554191525804,0.0704706118868775,False,insufficient,200,,
373,2112,9.075511397506533,24,200,0.12,0.0819799268161472,0.17234252145226464,False,insufficient,200,,
437,1545,9.075511397506533,65,200,0.325,0.263915714943814,0.392680149390323,False,insufficient,200,,
501,978,9.075511397506533,108,200,0.54,0.4708228913482581,0.607669482518225,False,insufficient,200,,
53,4947,9.075511397506535,0,200,0.0,0.0,0.018845326668962936,False,insufficient,200,,
60,4885,9.075537577445314,0,200,0.0,0.0,0.018845326668962936,False,insufficient,200,,
124,4318,9.075537577445314,0,200,0.0,0.0,0.018845326668962936,False,insufficient,200,,
188,3751,9.075537577445314,0,200,0.0,0.0,0.018845326668962936,False,insufficient,200,,
252,3184,9.075537577445314,1,200,0.005,0.0008831687058453758,0.02777370469642793,False,insufficient,200,,
316,2617,9.075537577445314,7,200,0.035,0.01705554191525804,0.0704706118868775,False,insufficient,200,,
380,2050,9.075537577445314,25,200,0.125,0.0861197445025044,0.1780142504992178,False,insufficient,200,,
444,1483,9.075537577445314,68,200,0.34,0.2779154592508567,0.4081150452832114,False,insufficient,200,,
508,916,9.075537577445314,114,200,0.57,0.5007048770948288,0.6366567771715163,False,insufficient,200,,
572,349,9.075537577445314,157,200,0.785,0.722976925984516,0.8362812378141752,False,insufficient,200,,
3,5390,9.075563757384094,0,200,0.0,0.0,0.018845326668962936,False,insufficient,200,,
67,4823,9.075563757384094,0,200,0.0,0.0,0.018845326668962936,False,insufficient,200,,
131,4256,9.075563757384094,0,200,0.0,0.0,0.018845326668962936,False,insufficient,200,,
195,3689,9.075563757384094,0,200,0.0,0.0,0.018845326668962936,False,insufficient,200,,
259,3122,9.075563757384094,2,200,0.01,0.0027466581088489593,0.035721762026734716,False,insufficient,200,,
323,2555,9.075563757384094,8,200,0.04,0.0204056319610195,0.0769320685744264,False,insufficient,200,,
387,1988,9.075563757384094,29,200,0.145,0.10289350613885,0.20048667579611365,False,insufficient,200,,
451,1421,9.075563757384094,71,200,0.355,0.2919862749369033,0.4234788697970958,False,insufficient,200,,
515,854,9.075563757384094,117,200,0.585,0.5157391484647247,0.6510571460015516,False,insufficient,200,,
579,287,9.075563757384094,166,200,0.83,0.7718411632128768,0.8757209211856076,False,insufficient,200,,
394,1926,9.075589937322873,32,200,0.16,0.11567412001614788,0.2171407021187469,False,insufficient,200,,
458,1359,9.075589937322873,77,200,0.385,0.3203330967849892,0.4540013283488722,False,insufficient,200,,
522,792,9.075589937322873,121,200,0.605,0.5358834910421801,0.6701589903573376,False,insufficient,200,,
586,225,9.075589937322873,170,200,0.85,0.7939442066666507,0.8928640646650752,False,insufficient,200,,
10,5328,9.075589937322874,0,200,0.0,0.0,0.018845326668962936,False,insufficient,200,,
74,4761,9.075589937322874,0,200,0.0,0.0,0.018845326668962936,False,insufficient,200,,
138,4194,9.075589937322874,0,200,0.0,0.0,0.018845326668962936,False,insufficient,200,,
202,3627,9.075589937322874,1,200,0.005,0.0008831687058453758,0.02777370469642793,False,insufficient,200,,
266,3060,9.075589937322874,3,200,0.015,0.005114237753504754,0.043165729115389295,False,insufficient,200,,
330,2493,9.075589937322874,10,200,0.05,0.027382645473457017,0.08957814852860962,False,insufficient,200,,
17,5266,9.075616117261653,0,200,0.0,0.0,0.018845326668962936,False,insufficient,200,,
81,4699,9.075616117261653,0,200,0.0,0.0,0.018845326668962936,False,insufficient,200,,
145,4132,9.075616117261653,0,200,0.0,0.0,0.018845326668962936,False,insufficient,200,,
209,3565,9.075616117261653,1,200,0.005,0.0008831687058453758,0.02777370469642793,False,insufficient,200,,
273,2998,9.075616117261653,3,200,0.015,0.005114237753504754,0.043165729115389295,False,insufficient,200,,
337,2431,9.075616117261653,15,200,0.075,0.04597491700833055,0.12004361066028794,False,insufficient,200,,
401,1864,9.075616117261653,35,200,0.175,0.1286051503455461,0.23364431198927976,False,insufficient,200,,
465,1297,9.075616117261653,84,200,0.42,0.3537359911147436,0.48927926115229037,False,insufficient,200,,
529,730,9.075616117261653,130,200,0.65,0.5816346428084853,0.7127117591908259,False,insufficient,200,,
593,163,9.075616117261653,503,600,0.8383333333333334,0.8067388517739089,0.8656230638060084,False,insufficient,600,,
280,2936,9.075642297200432,4,200,0.02,0.007804426362159347,0.05028708724004506,False,insufficient,200,,
344,2369,9.075642297200432,17,200,0.085,0.05374574998400461,0.13189587115123463,False,insufficient,200,,
408,1802,9.075642297200432,37,200,0.185,0.1373019276778717,0.24457062812357494,False,insufficient,200,,
472,1235,9.075642297200432,91,200,0.455,0.3874821925827813,0.5242138868174252,False,insufficient,200,,
536,668,9.075642297200432,135,200,0.675,0.607319850609677,0.7360842850561861,False,insufficient,200,,
600,101,9.075642297200432,518,600,0.8633333333333333,0.8335273212604672,0.8885165092637787,False,insufficient,600,,
24,5204,9.075642297200433,0,200,0.0,0.0,0.018845326668962936,False,insufficient,200,,
88,4637,9.075642297200433,0,200,0.0,0.0,0.018845326668962936,False,insufficient,200,,
152,4070,9.075642297200433,0,200,0.0,0.0,0.018845326668962936,False,insufficient,200,,
216,3503,9.075642297200433,1,200,0.005,0.0008831687058453758,0.02777370469642793,False,insufficient,200,,
31,5142,9.075668477139212,0,200,0.0,0.0,0.018845326668962936,False,insufficient,200,,
95,4575,9.075668477139212,0,200,0.0,0.0,0.018845326668962936,False,insufficient,200,,
543,606,9.075668477139212,138,200,0.69,0.6228282237882907,0.7500105520775032,False,insufficient,200,,
607,39,9.075668477139212,3553,4000,0.88825,0.8781114856676194,0.8976435066061855,False,insufficient,4000,,
159,4008,9.075668477139214,0,200,0.0,0.0,0.018845326668962936,False,insufficient,200,,
223,3441,9.075668477139214,1,200,0.005,0.0008831687058453758,0.02777370469642793,False,insufficient,200,,
287,2874,9.075668477139214,5,200,0.025,0.010724719583860124,0.05717834075165468,False,insufficient,200,,
351,2307,9.075668477139214,18,200,0.09,0.05768744866037736,0.13776571920817224,False,insufficient,200,,
415,1740,9.075668477139214,44,200,0.22,0.1681653832242373,0.2823879997103819,False,insufficient,200,,
479,1173,9.075668477139214,92,200,0.46,0.39233051748177505,0.529177108651742,False,insufficient,200,,
102,4513,9.075694657077992,0,200,0.0,0.0,0.018845326668962936,False,insufficient,200,,
166,3946,9.075694657077992,0,200,0.0,0.0,0.018845326668962936,False,insufficient,200,,
230,3379,9.075694657077992,1,200,0.005,0.0008831687058453758,0.02777370469642793,False,insufficient,200,,
294,2812,9.075694657077992,5,200,0.025,0.010724719583860124,0.05717834075165468,False,insufficient,200,,
358,2245,9.075694657077992,21,200,0.105,0.06970748770124899,0.15518032036723173,False,insufficient,200,,
422,1678,9.075694657077992,51,200,0.255,0.19960495132458245,0.3196292587432093,False,insufficient,200,,
486,1111,9.075694657077992,96,200,0.48,0.4117916632582544,0.548962149808504,False,insufficient,200,,
550,544,9.075694657077992,145,200,0.725,0.6593166058798847,0.7822029971190819,False,insufficient,200,,
38,5080,9.075694657077994,0,200,0.0,0.0,0.018845326668962936,False,insufficient,200,,
301,2750,9.075720837016771,6,200,0.03,0.013820314259191425,0.06389429280963374,False,insufficient,200,,
45,5018,9.075720837016773,0,200,0.0,0.0,0.018845326668962936,False,insufficient,200,,
109,4451,9.075720837016773,0,200,0.0,0.0,0.018845326668962936,False,insufficient,200,,
173,3884,9.075720837016773,0,200,0.0,0.0,0.018845326668962936,False,insufficient,200,,
237,3317,9.075720837016773,1,200,0.005,0.0008831687058453758,0.02777370469642793,False,insufficient,200,,
365,2183,9.075720837016773,22,200,0.11,0.07377244436816725,0.16092691043362384,False,insufficient,200,,
429,1616,9.075720837016773,60,200,0.3,0.24074744639257037,0.3667906842750147,False,insufficient,200,,
493,1049,9.075720837016773,102,200,0.51,0.44118587625055616,0.5784372172160646,False,insufficient,200,,
557,482,9.075720837016773,149,200,0.745,0.6803707412567906,0.8003950486754174,False,insufficient,200,,
52,4956,9.075747016955553,0,200,0.0,0.0,0.018845326668962936,False,insufficient,200,,
116,4389,9.075747016955553,0,200,0.0,0.0,0.018845326668962936,False,insufficient,200,,
180,3822,9.075747016955553,0,200,0.0,0.0,0.018845326668962936,False,insufficient,200,,
244,3255,9.075747016955553,1,200,0.005,0.0008831687058453758,0.02777370469642793,False,insufficient,200,,
308,2688,9.075747016955553,7,200,0.035,0.01705554191525804,0.0704706118868775,False,insufficient,200,,
372,2121,9.075747016955553,23,200,0.115,0.07786373208518774,0.16664716944991373,False,insufficient,200,,
436,1554,9.075747016955553,64,200,0.32,0.2592653327095053,0.38751898489132125,False,insufficient,200,,
500,987,9.075747016955553,106,200,0.53,0.4609168286109567,0.5979524517889057,False,insufficient,200,,
564,420,9.075747016955553,153,200,0.765,0.7015863106396482,0.8184256662258015,False,insufficient,200,,
59,4894,9.075773196894332,0,200,0.0,0.0,0.018845326668962936,False,insufficient,200,,
123,4327,9.075773196894332,0,200,0.0,0.0,0.018845326668962936,False,insufficient,200,,
187,3760,9.075773196894332,0,200,0.0,0.0,0.018845326668962936,False,insufficient,200,,
251,3193,9.075773196894332,1,200,0.005,0.0008831687058453758,0.02777370469642793,False,insufficient,200,,
315,2626,9.075773196894332,7,200,0.035,0.01705554191525804,0.0704706118868775,False,insufficient,200,,
379,2059,9.075773196894332,25,200,0.125,0.0861197445025044,0.1780142504992178,False,insufficient,200,,
443,1492,9.075773196894332,68,200,0.34,0.2779154592508567,0.4081150452832114,False,insufficient,200,,
507,925,9.075773196894332,114,200,0.57,0.5007048770948288,0.6366567771715163,False,insufficient,200,,
571,358,9.075773196894332,156,200,0.78,0.7176120002896181,0.8318346167757626,False,insufficient,200,,
2,5399,9.075799376833112,0,200,0.0,0.0,0.018845326668962936,False,insufficient,200,,
66,4832,9.075799376833112,0,200,0.0,0.0,0.018845326668962936,False,insufficient,200,,
130,4265,9.075799376833112,0,200,0.0,0.0,0.018845326668962936,False,insufficient,200,,
194,3698,9.075799376833112,0,200,0.0,0.0,0.018845326668962936,False,insufficient,200,,
258,3131,9.075799376833112,2,200,0.01,0.0027466581088489593,0.035721762026734716,False,insufficient,200,,
322,2564,9.075799376833112,8,200,0.04,0.0204056319610195,0.0769320685744264,False,insufficient,200,,
386,1997,9.075799376833112,29,200,0.145,0.10289350613885,0.20048667579611365,False,insufficient,200,,
450,1430,9.075799376833112,71,200,0.355,0.2919862749369033,0.4234788697970958,False,insufficient,200,,
514,863,9.075799376833112,117,200,0.585,0.5157391484647247,0.6510571460015516,False,insufficient,200,,
578,296,9.075799376833112,164,200,0.82,0.7608852492032754,0.8670537417285882,False,insufficient,200,,
585,234,9.07582555677189,170,200,0.85,0.7939442066666507,0.8928640646650752,False,insufficient,200,,
9,5337,9.075825556771893,0,200,0.0,0.0,0.018845326668962936,False,insufficient,200,,
73,4770,9.075825556771893,0,200,0.0,0.0,0.018845326668962936,False,insufficient,200,,
137,4203,9.075825556771893,0,200,0.0,0.0,0.018845326668962936,False,insufficient,200,,
201,3636,9.075825556771893,1,200,0.005,0.0008831687058453758,0.02777370469642793,False,insufficient,200,,
265,3069,9.075825556771893,3,200,0.015,0.005114237753504754,0.043165729115389295,False,insufficient,200,,
329,2502,9.075825556771893,9,200,0.045,0.02385254288504434,0.08329670438371192,False,insufficient,200,,
393,1935,9.075825556771893,32,200,0.16,0.11567412001614788,0.2171407021187469,False,insufficient,200,,
457,1368,9.075825556771893,75,200,0.375,0.310854368105246,0.4438569635619946,False,insufficient,200,,
521,801,9.075825556771893,121,200,0.605,0.5358834910421801,0.6701589903573376,False,insufficient,200,,
16,5275,9.075851736710671,0,200,0.0,0.0,0.018845326668962936,False,insufficient,200,,
80,4708,9.075851736710671,0,200,0.0,0.0,0.018845326668962936,False,insufficient,200,,
144,4141,9.075851736710671,0,200,0.0,0.0,0.018845326668962936,False,insufficient,200,,
208,3574,9.075851736710671,1,200,0.005,0.0008831687058453758,0.02777370469642793,False,insufficient,200,,
272,3007,9.075851736710671,3,200,0.015,0.005114237753504754,0.043165729115389295,False,insufficient,200,,
336,2440,9.075851736710671,15,200,0.075,0.04597491700833055,0.12004361066028794,False,insufficient,200,,
400,1873,9.075851736710671,34,200,0.17,0.12427907881439243,0.22815883678712312,False,insufficient,200,,
464,1306,9.075851736710671,82,200,0.41,0.3441567485880499,0.4792354102123633,False,insufficient,200,,
528,739,9.075851736710671,128,200,0.64,0.5714152811080028,0.7033080274246877,False,insufficient,200,,
592,172,9.075851736710673,501,600,0.835,0.8031867605238001,0.8625508997302065,False,insufficient,600,,
87,4646,9.075877916649452,0,200,0.0,0.0,0.018845326668962936,False,insufficient,200,,
151,4079,9.075877916649452,0,200,0.0,0.0,0.018845326668962936,False,insufficient,200,,
215,3512,9.075877916649452,1,200,0.005,0.0008831687058453758,0.02777370469642793,False,insufficient,200,,
279,2945,9.075877916649452,4,200,0.02,0.007804426362159347,0.05028708724004506,False,insufficient,200,,
343,2378,9.075877916649452,17,200,0.085,0.05374574998400461,0.13189587115123463,False,insufficient,200,,
407,1811,9.075877916649452,37,200,0.185,0.1373019276778717,0.24457062812357494,False,insufficient,200,,
471,1244,9.075877916649452,90,200,0.45,0.38264068350836655,0.5192438491585296,False,insufficient,200,,
535,677,9.075877916649452,135,200,0.675,0.607319850609677,0.7360842850561861,False,insufficient,200,,
599,110,9.075877916649452,516,600,0.86,0.8299394097317884,0.8854801654665472,False,insufficient,600,,
23,5213,9.075877916649453,0,200,0.0,0.0,0.018845326668962936,False,insufficient,200,,
30,5151,9.075904096588232,0,200,0.0,0.0,0.018845326668962936,False,insufficient,200,,
94,4584,9.075904096588232,0,200,0.0,0.0,0.018845326668962936,False,insufficient,200,,
158,4017,9.075904096588232,0,200,0.0,0.0,0.018845326668962936,False,insufficient,200,,
222,3450,9.075904096588232,1,200,0.005,0.0008831687058453758,0.02777370469642793,False,insufficient,200,,
286,2883,9.075904096588232,5,200,0.025,0.010724719583860124,0.05717834075165468,False,insufficient,200,,
350,2316,9.075904096588232,18,200,0.09,0.05768744866037736,0.13776571920817224,False,insufficient,200,,
414,1749,9.075904096588232,44,200,0.22,0.1681653832242373,0.2823879997103819,False,insufficient,200,,
478,1182,9.075904096588232,92,200,0.46,0.39233051748177505,0.529177108651742,False,insufficient,200,,
542,615,9.075904096588232,138,200,0.69,0.6228282237882907,0.7500105520775032,False,insufficient,200,,
606,48,9.075904096588232,3544,4000,0.886,0.8757785246413141,0.8954807851273626,False,insufficient,4000,,
37,5089,9.075930276527012,0,200,0.0,0.0,0.018845326668962936,False,insufficient,200,,
101,4522,9.075930276527012,0,200,0.0,0.0,0.018845326668962936,False,insufficient,200,,
165,3955,9.075930276527012,0,200,0.0,0.0,0.018845326668962936,False,insufficient,200,,
229,3388,9.075930276527012,1,200,0.005,0.0008831687058453758,0.02777370469642793,False,insufficient,200,,
293,2821,9.075930276527012,5,200,0.025,0.010724719583860124,0.05717834075165468,False,insufficient,200,,
357,2254,9.075930276527012,21,200,0.105,0.06970748770124899,0.15518032036723173,False,insufficient,200,,
421,1687,9.075930276527012,49,200,0.245,0.1905686805032898,0.3090424360978812,False,insufficient,200,,
485,1120,9.075930276527012,94,200,0.47,0.4020475482110944,0.5390831713890433,False,insufficient,200,,
549,553,9.075930276527012,145,200,0.725,0.6593166058798847,0.7822029971190819,False,insufficient,200,,
617,0,9.158763602826662,7299,8000,0.912375,0.9059795142580441,0.9183746454159544,True,reliable,8000,reliable,4000
