N_A,N_B,cost_元,x,m,p_hat,ci_lower,ci_upper
0,2706,4.533946517660789,0,25,0.0,0.0,0.13319225276039096
0,4059,6.800919776491184,0,25,0.0,0.0,0.13319225276039096
0,4736,7.935244163947338,0,25,0.0,0.0,0.13319225276039096
0,5074,8.501568599634458,0,25,0.0,0.0,0.13319225276039096
0,5243,8.78473081747802,0,25,0.0,0.0,0.13319225276039096
0,5328,8.927149684440757,0,25,0.0,0.0,0.13319225276039096
0,5349,8.962335522160961,0,25,0.0,0.0,0.13319225276039096
0,5352,8.967362070406706,0,100,0.0,0.0,0.03699349876899627
0,5353,8.96903758648862,0,100,0.0,0.0,0.03699349876899627
0,5354,8.970713102570533,0,100,0.0,0.0,0.03699349876899627
0,5355,8.972388618652449,0,100,0.0,0.0,0.03699349876899627
0,5356,8.974064134734363,0,100,0.0,0.0,0.03699349876899627
0,5357,8.975739650816278,0,100,0.0,0.0,0.03699349876899627
0,5358,8.977415166898192,0,100,0.0,0.0,0.03699349876899627
0,5359,8.979090682980107,0,100,0.0,0.0,0.03699349876899627
0,5360,8.980766199062021,0,200,0.0,0.0,0.018845326668962936
0,5365,8.989143779471593,0,25,0.0,0.0,0.13319225276039096
0,5368,8.994170327717338,0,200,0.0,0.0,0.018845326668962936
0,5400,9.047786842338605,0,200,0.0,0.0,0.018845326668962936
0,5408,9.06119097099392,0,200,0.0,0.0,0.018845326668962936
0,5416,9.074595099649237,0,200,0.0,0.0,0.018845326668962936
1,2697,4.53371089821177,0,25,0.0,0.0,0.13319225276039096
1,4050,6.800684157042165,0,25,0.0,0.0,0.13319225276039096
1,4727,7.935008544498319,0,25,0.0,0.0,0.13319225276039096
1,5065,8.50133298018544,0,25,0.0,0.0,0.13319225276039096
1,5235,8.786170714110915,0,25,0.0,0.0,0.13319225276039096
1,5319,8.926914064991736,0,25,0.0,0.0,0.13319225276039096
1,5340,8.962099902711943,0,25,0.0,0.0,0.13319225276039096
1,5343,8.967126450957686,0,100,0.0,0.0,0.03699349876899627
1,5344,8.968801967039601,0,100,0.0,0.0,0.03699349876899627
1,5345,8.970477483121515,0,100,0.0,0.0,0.03699349876899627
1,5346,8.97215299920343,0,100,0.0,0.0,0.03699349876899627
1,5347,8.973828515285344,0,100,0.0,0.0,0.03699349876899627
1,5348,8.97550403136726,0,100,0.0,0.0,0.03699349876899627
1,5349,8.977179547449174,0,100,0.0,0.0,0.03699349876899627
1,5350,8.978855063531089,0,100,0.0,0.0,0.03699349876899627
1,5351,8.980530579613003,0,200,0.0,0.0,0.018845326668962936
1,5356,8.988908160022575,0,25,0.0,0.0,0.13319225276039096
1,5359,8.99393470826832,0,200,0.0,0.0,0.018845326668962936
1,5391,9.047551222889584,0,200,0.0,0.0,0.018845326668962936
1,5399,9.060955351544902,0,200,0.0,0.0,0.018845326668962936
1,5407,9.074359480200219,0,200,0.0,0.0,0.018845326668962936
2,2688,4.533475278762751,0,25,0.0,0.0,0.13319225276039096
2,4042,6.802124053675059,0,25,0.0,0.0,0.13319225276039096
2,4718,7.9347729250493,0,25,0.0,0.0,0.13319225276039096
2,5057,8.502772876818334,0,25,0.0,0.0,0.13319225276039096
2,5226,8.785935094661895,0,25,0.0,0.0,0.13319225276039096
2,5310,8.926678445542716,0,25,0.0,0.0,0.13319225276039096
2,5331,8.961864283262923,0,25,0.0,0.0,0.13319225276039096
2,5335,8.968566347590581,0,100,0.0,0.0,0.03699349876899627
2,5336,8.970241863672495,0,100,0.0,0.0,0.03699349876899627
2,5337,8.97191737975441,0,100,0.0,0.0,0.03699349876899627
2,5338,8.973592895836324,0,100,0.0,0.0,0.03699349876899627
2,5339,8.97526841191824,0,100,0.0,0.0,0.03699349876899627
2,5340,8.976943928000154,0,100,0.0,0.0,0.03699349876899627
2,5341,8.978619444082067,0,100,0.0,0.0,0.03699349876899627
2,5342,8.980294960163983,0,100,0.0,0.0,0.03699349876899627
2,5343,8.981970476245897,0,200,0.0,0.0,0.018845326668962936
2,5347,8.988672540573555,0,25,0.0,0.0,0.13319225276039096
2,5350,8.9936990888193,0,25,0.0,0.0,0.13319225276039096
2,5351,8.995374604901214,0,200,0.0,0.0,0.018845326668962936
2,5383,9.04899111952248,0,200,0.0,0.0,0.018845326668962936
2,5391,9.062395248177795,0,200,0.0,0.0,0.018845326668962936
2,5399,9.075799376833112,0,200,0.0,0.0,0.018845326668962936
3,2679,4.533239659313732,0,25,0.0,0.0,0.13319225276039096
3,4033,6.801888434226041,0,25,0.0,0.0,0.13319225276039096
3,4709,7.934537305600281,0,25,0.0,0.0,0.13319225276039096
3,5048,8.502537257369315,0,25,0.0,0.0,0.13319225276039096
3,5217,8.785699475212876,0,25,0.0,0.0,0.13319225276039096
3,5301,8.926442826093698,0,25,0.0,0.0,0.13319225276039096
3,5323,8.963304179895818,0,25,0.0,0.0,0.13319225276039096
3,5326,8.968330728141563,0,100,0.0,0.0,0.03699349876899627
3,5327,8.970006244223477,0,100,0.0,0.0,0.03699349876899627
3,5328,8.971681760305392,0,100,0.0,0.0,0.03699349876899627
3,5329,8.973357276387306,0,100,0.0,0.0,0.03699349876899627
3,5330,8.97503279246922,0,100,0.0,0.0,0.03699349876899627
3,5331,8.976708308551135,0,100,0.0,0.0,0.03699349876899627
3,5332,8.978383824633049,0,100,0.0,0.0,0.03699349876899627
3,5333,8.980059340714964,0,100,0.0,0.0,0.03699349876899627
3,5334,8.981734856796878,0,200,0.0,0.0,0.018845326668962936
3,5338,8.988436921124537,0,25,0.0,0.0,0.13319225276039096
3,5341,8.99346346937028,0,25,0.0,0.0,0.13319225276039096
3,5342,8.995138985452195,0,200,0.0,0.0,0.018845326668962936
3,5374,9.048755500073462,0,200,0.0,0.0,0.018845326668962936
3,5382,9.062159628728777,0,200,0.0,0.0,0.018845326668962936
3,5390,9.075563757384094,0,200,0.0,0.0,0.018845326668962936
4,2671,4.534679555946627,0,25,0.0,0.0,0.13319225276039096
4,4024,6.801652814777022,0,25,0.0,0.0,0.13319225276039096
4,4701,7.935977202233176,0,25,0.0,0.0,0.13319225276039096
4,5039,8.502301637920295,0,25,0.0,0.0,0.13319225276039096
4,5208,8.785463855763854,0,25,0.0,0.0,0.13319225276039096
4,5293,8.927882722726592,0,25,0.0,0.0,0.13319225276039096
4,5314,8.963068560446798,0,25,0.0,0.0,0.13319225276039096
4,5317,8.968095108692541,0,100,0.0,0.0,0.03699349876899627
4,5318,8.969770624774457,0,100,0.0,0.0,0.03699349876899627
4,5319,8.97144614085637,0,100,0.0,0.0,0.03699349876899627
4,5320,8.973121656938286,0,100,0.0,0.0,0.03699349876899627
4,5321,8.9747971730202,0,100,0.0,0.0,0.03699349876899627
4,5322,8.976472689102115,0,100,0.0,0.0,0.03699349876899627
4,5323,8.978148205184029,0,100,0.0,0.0,0.03699349876899627
4,5324,8.979823721265944,0,100,0.0,0.0,0.03699349876899627
4,5325,8.981499237347858,0,200,0.0,0.0,0.018845326668962936
4,5330,8.98987681775743,0,25,0.0,0.0,0.13319225276039096
4,5332,8.99322784992126,0,25,0.0,0.0,0.13319225276039096
4,5333,8.994903366003175,0,200,0.0,0.0,0.018845326668962936
4,5365,9.04851988062444,0,200,0.0,0.0,0.018845326668962936
4,5373,9.061924009279757,0,200,0.0,0.0,0.018845326668962936
4,5381,9.075328137935074,0,200,0.0,0.0,0.018845326668962936
5,2662,4.534443936497608,0,25,0.0,0.0,0.13319225276039096
5,4015,6.8014171953280025,0,25,0.0,0.0,0.13319225276039096
5,4692,7.935741582784157,0,25,0.0,0.0,0.13319225276039096
5,5030,8.502066018471277,0,25,0.0,0.0,0.13319225276039096
5,5199,8.785228236314836,0,25,0.0,0.0,0.13319225276039096
5,5284,8.927647103277573,0,25,0.0,0.0,0.13319225276039096
5,5305,8.96283294099778,0,25,0.0,0.0,0.13319225276039096
5,5308,8.967859489243523,0,100,0.0,0.0,0.03699349876899627
5,5309,8.969535005325438,0,100,0.0,0.0,0.03699349876899627
5,5310,8.971210521407352,0,100,0.0,0.0,0.03699349876899627
5,5311,8.972886037489268,0,100,0.0,0.0,0.03699349876899627
5,5312,8.974561553571181,0,100,0.0,0.0,0.03699349876899627
5,5313,8.976237069653097,0,100,0.0,0.0,0.03699349876899627
5,5314,8.97791258573501,0,100,0.0,0.0,0.03699349876899627
5,5315,8.979588101816926,0,100,0.0,0.0,0.03699349876899627
5,5316,8.98126361789884,0,200,0.0,0.0,0.018845326668962936
5,5321,8.989641198308412,0,25,0.0,0.0,0.13319225276039096
5,5323,8.992992230472241,0,25,0.0,0.0,0.13319225276039096
5,5324,8.994667746554157,0,200,0.0,0.0,0.018845326668962936
5,5356,9.048284261175422,0,200,0.0,0.0,0.018845326668962936
5,5364,9.061688389830739,0,200,0.0,0.0,0.018845326668962936
5,5372,9.075092518486056,0,200,0.0,0.0,0.018845326668962936
6,2653,4.534208317048588,0,25,0.0,0.0,0.13319225276039096
6,4006,6.801181575878982,0,25,0.0,0.0,0.13319225276039096
6,4683,7.935505963335137,0,25,0.0,0.0,0.13319225276039096
6,5021,8.501830399022259,0,25,0.0,0.0,0.13319225276039096
6,5190,8.784992616865818,0,25,0.0,0.0,0.13319225276039096
6,5275,8.927411483828555,0,25,0.0,0.0,0.13319225276039096
6,5296,8.962597321548762,0,25,0.0,0.0,0.13319225276039096
6,5299,8.967623869794505,0,100,0.0,0.0,0.03699349876899627
6,5300,8.96929938587642,0,100,0.0,0.0,0.03699349876899627
6,5301,8.970974901958334,0,100,0.0,0.0,0.03699349876899627
6,5302,8.97265041804025,0,100,0.0,0.0,0.03699349876899627
6,5303,8.974325934122163,0,100,0.0,0.0,0.03699349876899627
6,5304,8.976001450204079,0,100,0.0,0.0,0.03699349876899627
6,5305,8.977676966285992,0,100,0.0,0.0,0.03699349876899627
6,5306,8.979352482367906,0,100,0.0,0.0,0.03699349876899627
6,5307,8.981027998449822,0,200,0.0,0.0,0.018845326668962936
6,5312,8.989405578859394,0,25,0.0,0.0,0.13319225276039096
6,5314,8.992756611023223,0,25,0.0,0.0,0.13319225276039096
6,5315,8.994432127105139,0,200,0.0,0.0,0.018845326668962936
6,5347,9.048048641726403,0,200,0.0,0.0,0.018845326668962936
6,5355,9.06145277038172,0,200,0.0,0.0,0.018845326668962936
6,5363,9.074856899037037,0,200,0.0,0.0,0.018845326668962936
7,2644,4.533972697599569,0,25,0.0,0.0,0.13319225276039096
7,3997,6.800945956429963,0,25,0.0,0.0,0.13319225276039096
7,4674,7.935270343886118,0,25,0.0,0.0,0.13319225276039096
7,5012,8.501594779573239,0,25,0.0,0.0,0.13319225276039096
7,5181,8.784756997416798,0,25,0.0,0.0,0.13319225276039096
7,5266,8.927175864379535,0,25,0.0,0.0,0.13319225276039096
7,5287,8.962361702099741,0,25,0.0,0.0,0.13319225276039096
7,5290,8.967388250345484,0,100,0.0,0.0,0.03699349876899627
7,5291,8.9690637664274,0,100,0.0,0.0,0.03699349876899627
7,5292,8.970739282509314,0,100,0.0,0.0,0.03699349876899627
7,5293,8.972414798591227,0,100,0.0,0.0,0.03699349876899627
7,5294,8.974090314673143,0,100,0.0,0.0,0.03699349876899627
7,5295,8.975765830755057,0,100,0.0,0.0,0.03699349876899627
7,5296,8.977441346836972,0,100,0.0,0.0,0.03699349876899627
7,5297,8.979116862918886,0,100,0.0,0.0,0.03699349876899627
7,5298,8.980792379000802,0,200,0.0,0.0,0.018845326668962936
7,5303,8.989169959410374,0,25,0.0,0.0,0.13319225276039096
7,5306,8.994196507656117,0,200,0.0,0.0,0.018845326668962936
7,5338,9.047813022277383,0,200,0.0,0.0,0.018845326668962936
7,5346,9.0612171509327,0,200,0.0,0.0,0.018845326668962936
7,5354,9.074621279588015,0,200,0.0,0.0,0.018845326668962936
8,2635,4.5337370781505495,0,25,0.0,0.0,0.13319225276039096
8,3988,6.800710336980945,0,25,0.0,0.0,0.13319225276039096
8,4665,7.935034724437099,0,25,0.0,0.0,0.13319225276039096
8,5003,8.501359160124219,0,25,0.0,0.0,0.13319225276039096
8,5173,8.786196894049693,0,25,0.0,0.0,0.13319225276039096
8,5257,8.926940244930517,0,25,0.0,0.0,0.13319225276039096
8,5278,8.962126082650723,0,25,0.0,0.0,0.13319225276039096
8,5281,8.967152630896466,0,100,0.0,0.0,0.03699349876899627
8,5282,8.96882814697838,0,100,0.0,0.0,0.03699349876899627
8,5283,8.970503663060295,0,100,0.0,0.0,0.03699349876899627
8,5284,8.97217917914221,0,100,0.0,0.0,0.03699349876899627
8,5285,8.973854695224125,0,100,0.0,0.0,0.03699349876899627
8,5286,8.975530211306038,0,100,0.0,0.0,0.03699349876899627
8,5287,8.977205727387954,0,100,0.0,0.0,0.03699349876899627
8,5288,8.978881243469868,0,100,0.0,0.0,0.03699349876899627
8,5289,8.980556759551783,0,200,0.0,0.0,0.018845326668962936
8,5294,8.988934339961355,0,25,0.0,0.0,0.13319225276039096
8,5297,8.993960888207098,0,200,0.0,0.0,0.018845326668962936
8,5329,9.047577402828365,0,200,0.0,0.0,0.018845326668962936
8,5337,9.060981531483682,0,200,0.0,0.0,0.018845326668962936
8,5345,9.074385660138997,0,200,0.0,0.0,0.018845326668962936
9,2626,4.533501458701531,0,25,0.0,0.0,0.13319225276039096
9,3980,6.80215023361384,0,25,0.0,0.0,0.13319225276039096
9,4656,7.93479910498808,0,25,0.0,0.0,0.13319225276039096
9,4995,8.502799056757114,0,25,0.0,0.0,0.13319225276039096
9,5164,8.785961274600673,0,25,0.0,0.0,0.13319225276039096
9,5248,8.926704625481497,0,25,0.0,0.0,0.13319225276039096
9,5269,8.961890463201701,0,25,0.0,0.0,0.13319225276039096
9,5273,8.96859252752936,0,100,0.0,0.0,0.03699349876899627
9,5274,8.970268043611275,0,100,0.0,0.0,0.03699349876899627
9,5275,8.97194355969319,0,100,0.0,0.0,0.03699349876899627
9,5276,8.973619075775105,0,100,0.0,0.0,0.03699349876899627
9,5277,8.975294591857018,0,100,0.0,0.0,0.03699349876899627
9,5278,8.976970107938934,0,100,0.0,0.0,0.03699349876899627
9,5279,8.978645624020848,0,100,0.0,0.0,0.03699349876899627
9,5280,8.980321140102763,0,100,0.0,0.0,0.03699349876899627
9,5281,8.981996656184677,0,200,0.0,0.0,0.018845326668962936
9,5285,8.988698720512335,0,25,0.0,0.0,0.13319225276039096
9,5288,8.993725268758078,0,25,0.0,0.0,0.13319225276039096
9,5289,8.995400784839994,0,200,0.0,0.0,0.018845326668962936
9,5321,9.049017299461259,0,200,0.0,0.0,0.018845326668962936
9,5329,9.062421428116576,0,200,0.0,0.0,0.018845326668962936
9,5337,9.075825556771893,0,200,0.0,0.0,0.018845326668962936
10,2617,4.533265839252511,0,25,0.0,0.0,0.13319225276039096
10,3971,6.80191461416482,0,25,0.0,0.0,0.13319225276039096
10,4647,7.93456348553906,0,25,0.0,0.0,0.13319225276039096
10,4986,8.502563437308096,0,25,0.0,0.0,0.13319225276039096
10,5155,8.785725655151655,0,25,0.0,0.0,0.13319225276039096
10,5239,8.926469006032479,0,25,0.0,0.0,0.13319225276039096
10,5261,8.963330359834599,0,25,0.0,0.0,0.13319225276039096
10,5264,8.968356908080342,0,100,0.0,0.0,0.03699349876899627
10,5265,8.970032424162257,0,100,0.0,0.0,0.03699349876899627
10,5266,8.97170794024417,0,100,0.0,0.0,0.03699349876899627
10,5267,8.973383456326086,0,100,0.0,0.0,0.03699349876899627
10,5268,8.975058972408,0,100,0.0,0.0,0.03699349876899627
10,5269,8.976734488489914,0,100,0.0,0.0,0.03699349876899627
10,5270,8.97841000457183,0,100,0.0,0.0,0.03699349876899627
10,5271,8.980085520653743,0,100,0.0,0.0,0.03699349876899627
10,5272,8.981761036735659,0,200,0.0,0.0,0.018845326668962936
10,5276,8.988463101063317,0,25,0.0,0.0,0.13319225276039096
10,5279,8.99348964930906,0,25,0.0,0.0,0.13319225276039096
10,5280,8.995165165390976,0,200,0.0,0.0,0.018845326668962936
10,5312,9.04878168001224,0,200,0.0,0.0,0.018845326668962936
10,5320,9.062185808667557,0,200,0.0,0.0,0.018845326668962936
10,5328,9.075589937322874,0,200,0.0,0.0,0.018845326668962936
11,2609,4.534705735885407,0,25,0.0,0.0,0.13319225276039096
11,3962,6.801678994715801,0,25,0.0,0.0,0.13319225276039096
11,4638,7.934327866090041,0,25,0.0,0.0,0.13319225276039096
11,4977,8.502327817859078,0,25,0.0,0.0,0.13319225276039096
11,5146,8.785490035702637,0,25,0.0,0.0,0.13319225276039096
11,5231,8.927908902665374,0,25,0.0,0.0,0.13319225276039096
11,5252,8.96309474038558,0,25,0.0,0.0,0.13319225276039096
11,5255,8.968121288631323,0,100,0.0,0.0,0.03699349876899627
11,5256,8.969796804713237,0,100,0.0,0.0,0.03699349876899627
11,5257,8.971472320795153,0,100,0.0,0.0,0.03699349876899627
11,5258,8.973147836877066,0,100,0.0,0.0,0.03699349876899627
11,5259,8.974823352958982,0,100,0.0,0.0,0.03699349876899627
11,5260,8.976498869040896,0,100,0.0,0.0,0.03699349876899627
11,5261,8.978174385122811,0,100,0.0,0.0,0.03699349876899627
11,5262,8.979849901204725,0,100,0.0,0.0,0.03699349876899627
11,5263,8.98152541728664,0,200,0.0,0.0,0.018845326668962936
11,5268,8.989902997696213,0,25,0.0,0.0,0.13319225276039096
11,5270,8.993254029860042,0,25,0.0,0.0,0.13319225276039096
11,5271,8.994929545941956,0,200,0.0,0.0,0.018845326668962936
11,5303,9.048546060563222,0,200,0.0,0.0,0.018845326668962936
11,5311,9.061950189218539,0,200,0.0,0.0,0.018845326668962936
11,5319,9.075354317873854,0,200,0.0,0.0,0.018845326668962936
12,2600,4.534470116436387,0,25,0.0,0.0,0.13319225276039096
12,3953,6.801443375266782,0,25,0.0,0.0,0.13319225276039096
12,4630,7.935767762722937,0,25,0.0,0.0,0.13319225276039096
12,4968,8.502092198410056,0,25,0.0,0.0,0.13319225276039096
12,5137,8.785254416253617,0,25,0.0,0.0,0.13319225276039096
12,5222,8.927673283216354,0,25,0.0,0.0,0.13319225276039096
12,5243,8.96285912093656,0,25,0.0,0.0,0.13319225276039096
12,5246,8.967885669182303,0,100,0.0,0.0,0.03699349876899627
12,5247,8.969561185264217,0,100,0.0,0.0,0.03699349876899627
12,5248,8.971236701346132,0,100,0.0,0.0,0.03699349876899627
12,5249,8.972912217428046,0,100,0.0,0.0,0.03699349876899627
12,5250,8.974587733509962,0,100,0.0,0.0,0.03699349876899627
12,5251,8.976263249591875,0,100,0.0,0.0,0.03699349876899627
12,5252,8.977938765673791,0,100,0.0,0.0,0.03699349876899627
12,5253,8.979614281755705,0,100,0.0,0.0,0.03699349876899627
12,5254,8.98128979783762,0,200,0.0,0.0,0.018845326668962936
12,5259,8.989667378247193,0,25,0.0,0.0,0.13319225276039096
12,5261,8.993018410411022,0,25,0.0,0.0,0.13319225276039096
12,5262,8.994693926492936,0,200,0.0,0.0,0.018845326668962936
12,5294,9.048310441114202,0,200,0.0,0.0,0.018845326668962936
12,5302,9.061714569769519,0,200,0.0,0.0,0.018845326668962936
12,5310,9.075118698424834,0,200,0.0,0.0,0.018845326668962936
13,2591,4.534234496987368,0,25,0.0,0.0,0.13319225276039096
13,3944,6.801207755817763,0,25,0.0,0.0,0.13319225276039096
13,4621,7.935532143273917,0,25,0.0,0.0,0.13319225276039096
13,4959,8.501856578961037,0,25,0.0,0.0,0.13319225276039096
13,5128,8.785018796804598,0,25,0.0,0.0,0.13319225276039096
13,5213,8.927437663767336,0,25,0.0,0.0,0.13319225276039096
13,5234,8.96262350148754,0,25,0.0,0.0,0.13319225276039096
13,5237,8.967650049733285,0,100,0.0,0.0,0.03699349876899627
13,5238,8.969325565815199,0,100,0.0,0.0,0.03699349876899627
13,5239,8.971001081897114,0,100,0.0,0.0,0.03699349876899627
13,5240,8.972676597979028,0,100,0.0,0.0,0.03699349876899627
13,5241,8.974352114060943,0,100,0.0,0.0,0.03699349876899627
13,5242,8.976027630142857,0,100,0.0,0.0,0.03699349876899627
13,5243,8.977703146224773,0,100,0.0,0.0,0.03699349876899627
13,5244,8.979378662306686,0,100,0.0,0.0,0.03699349876899627
13,5245,8.9810541783886,0,200,0.0,0.0,0.018845326668962936
13,5250,8.989431758798174,0,25,0.0,0.0,0.13319225276039096
13,5252,8.992782790962004,0,25,0.0,0.0,0.13319225276039096
13,5253,8.994458307043917,0,200,0.0,0.0,0.018845326668962936
13,5285,9.048074821665184,0,200,0.0,0.0,0.018845326668962936
13,5293,9.061478950320499,0,200,0.0,0.0,0.018845326668962936
13,5301,9.074883078975816,0,200,0.0,0.0,0.018845326668962936
14,2582,4.533998877538349,0,25,0.0,0.0,0.13319225276039096
14,3935,6.800972136368744,0,25,0.0,0.0,0.13319225276039096
14,4612,7.935296523824898,0,25,0.0,0.0,0.13319225276039096
14,4950,8.501620959512017,0,25,0.0,0.0,0.13319225276039096
14,5119,8.784783177355578,0,25,0.0,0.0,0.13319225276039096
14,5204,8.927202044318316,0,25,0.0,0.0,0.13319225276039096
14,5225,8.96238788203852,0,25,0.0,0.0,0.13319225276039096
14,5228,8.967414430284265,0,100,0.0,0.0,0.03699349876899627
14,5229,8.969089946366179,0,100,0.0,0.0,0.03699349876899627
14,5230,8.970765462448094,0,100,0.0,0.0,0.03699349876899627
14,5231,8.972440978530008,0,100,0.0,0.0,0.03699349876899627
14,5232,8.974116494611922,0,100,0.0,0.0,0.03699349876899627
14,5233,8.975792010693837,0,100,0.0,0.0,0.03699349876899627
14,5234,8.97746752677575,0,100,0.0,0.0,0.03699349876899627
14,5235,8.979143042857666,0,100,0.0,0.0,0.03699349876899627
14,5236,8.98081855893958,0,200,0.0,0.0,0.018845326668962936
14,5241,8.989196139349154,0,25,0.0,0.0,0.13319225276039096
14,5244,8.994222687594897,0,200,0.0,0.0,0.018845326668962936
14,5276,9.047839202216164,0,200,0.0,0.0,0.018845326668962936
14,5284,9.061243330871479,0,200,0.0,0.0,0.018845326668962936
14,5292,9.074647459526796,0,200,0.0,0.0,0.018845326668962936
15,2573,4.53376325808933,0,25,0.0,0.0,0.13319225276039096
15,3926,6.8007365169197245,0,25,0.0,0.0,0.13319225276039096
15,4603,7.935060904375879,0,25,0.0,0.0,0.13319225276039096
15,4941,8.501385340062999,0,25,0.0,0.0,0.13319225276039096
15,5111,8.786223073988474,0,25,0.0,0.0,0.13319225276039096
15,5195,8.926966424869297,0,25,0.0,0.0,0.13319225276039096
15,5216,8.962152262589502,0,25,0.0,0.0,0.13319225276039096
15,5219,8.967178810835247,0,100,0.0,0.0,0.03699349876899627
15,5220,8.96885432691716,0,100,0.0,0.0,0.03699349876899627
15,5221,8.970529842999074,0,100,0.0,0.0,0.03699349876899627
15,5222,8.97220535908099,0,100,0.0,0.0,0.03699349876899627
15,5223,8.973880875162903,0,100,0.0,0.0,0.03699349876899627
15,5224,8.975556391244819,0,100,0.0,0.0,0.03699349876899627
15,5225,8.977231907326733,0,100,0.0,0.0,0.03699349876899627
15,5226,8.978907423408648,0,100,0.0,0.0,0.03699349876899627
15,5227,8.980582939490562,0,200,0.0,0.0,0.018845326668962936
15,5232,8.988960519900134,0,25,0.0,0.0,0.13319225276039096
15,5235,8.993987068145879,0,200,0.0,0.0,0.018845326668962936
15,5267,9.047603582767145,0,200,0.0,0.0,0.018845326668962936
15,5275,9.06100771142246,0,200,0.0,0.0,0.018845326668962936
15,5283,9.074411840077778,0,200,0.0,0.0,0.018845326668962936
16,2564,4.533527638640311,0,25,0.0,0.0,0.13319225276039096
16,3918,6.80217641355262,0,25,0.0,0.0,0.13319225276039096
16,4594,7.93482528492686,0,25,0.0,0.0,0.13319225276039096
16,4933,8.502825236695895,0,25,0.0,0.0,0.13319225276039096
16,5102,8.785987454539455,0,25,0.0,0.0,0.13319225276039096
16,5186,8.926730805420277,0,25,0.0,0.0,0.13319225276039096
16,5207,8.961916643140484,0,25,0.0,0.0,0.13319225276039096
16,5211,8.968618707468142,0,100,0.0,0.0,0.03699349876899627
16,5212,8.970294223550056,0,100,0.0,0.0,0.03699349876899627
16,5213,8.97196973963197,0,100,0.0,0.0,0.03699349876899627
16,5214,8.973645255713883,0,100,0.0,0.0,0.03699349876899627
16,5215,8.9753207717958,0,100,0.0,0.0,0.03699349876899627
16,5216,8.976996287877714,0,100,0.0,0.0,0.03699349876899627
16,5217,8.978671803959628,0,100,0.0,0.0,0.03699349876899627
16,5218,8.980347320041542,0,100,0.0,0.0,0.03699349876899627
16,5219,8.982022836123459,0,200,0.0,0.0,0.018845326668962936
16,5223,8.988724900451114,0,25,0.0,0.0,0.13319225276039096
16,5226,8.993751448696859,0,25,0.0,0.0,0.13319225276039096
16,5227,8.995426964778773,0,200,0.0,0.0,0.018845326668962936
16,5259,9.04904347940004,0,200,0.0,0.0,0.018845326668962936
16,5267,9.062447608055358,0,200,0.0,0.0,0.018845326668962936
16,5275,9.075851736710671,0,200,0.0,0.0,0.018845326668962936
17,2555,4.5332920191912915,0,25,0.0,0.0,0.13319225276039096
17,3909,6.8019407941036,0,25,0.0,0.0,0.13319225276039096
17,4585,7.934589665477841,0,25,0.0,0.0,0.13319225276039096
17,4924,8.502589617246874,0,25,0.0,0.0,0.13319225276039096
17,5093,8.785751835090435,0,25,0.0,0.0,0.13319225276039096
17,5177,8.926495185971257,0,25,0.0,0.0,0.13319225276039096
17,5199,8.963356539773377,0,25,0.0,0.0,0.13319225276039096
17,5202,8.968383088019122,0,100,0.0,0.0,0.03699349876899627
17,5203,8.970058604101036,0,100,0.0,0.0,0.03699349876899627
17,5204,8.971734120182951,0,100,0.0,0.0,0.03699349876899627
17,5205,8.973409636264865,0,100,0.0,0.0,0.03699349876899627
17,5206,8.97508515234678,0,100,0.0,0.0,0.03699349876899627
17,5207,8.976760668428694,0,100,0.0,0.0,0.03699349876899627
17,5208,8.978436184510608,0,100,0.0,0.0,0.03699349876899627
17,5209,8.980111700592524,0,100,0.0,0.0,0.03699349876899627
17,5210,8.981787216674437,0,200,0.0,0.0,0.018845326668962936
17,5214,8.988489281002096,0,25,0.0,0.0,0.13319225276039096
17,5217,8.99351582924784,0,25,0.0,0.0,0.13319225276039096
17,5218,8.995191345329754,0,200,0.0,0.0,0.018845326668962936
17,5250,9.04880785995102,0,200,0.0,0.0,0.018845326668962936
17,5258,9.062211988606336,0,200,0.0,0.0,0.018845326668962936
17,5266,9.075616117261653,0,200,0.0,0.0,0.018845326668962936
18,2547,4.534731915824186,0,25,0.0,0.0,0.13319225276039096
18,3900,6.801705174654581,0,25,0.0,0.0,0.13319225276039096
18,4576,7.934354046028821,0,25,0.0,0.0,0.13319225276039096
18,4915,8.502353997797856,0,25,0.0,0.0,0.13319225276039096
18,5084,8.785516215641417,0,25,0.0,0.0,0.13319225276039096
18,5169,8.927935082604154,0,25,0.0,0.0,0.13319225276039096
18,5190,8.963120920324359,0,25,0.0,0.0,0.13319225276039096
18,5193,8.968147468570104,0,100,0.0,0.0,0.03699349876899627
18,5194,8.969822984652017,0,100,0.0,0.0,0.03699349876899627
18,5195,8.971498500733933,0,100,0.0,0.0,0.03699349876899627
18,5196,8.973174016815847,0,100,0.0,0.0,0.03699349876899627
18,5197,8.97484953289776,0,100,0.0,0.0,0.03699349876899627
18,5198,8.976525048979676,0,100,0.0,0.0,0.03699349876899627
18,5199,8.97820056506159,0,100,0.0,0.0,0.03699349876899627
18,5200,8.979876081143505,0,100,0.0,0.0,0.03699349876899627
18,5201,8.981551597225419,0,200,0.0,0.0,0.018845326668962936
18,5206,8.989929177634993,0,25,0.0,0.0,0.13319225276039096
18,5208,8.99328020979882,0,25,0.0,0.0,0.13319225276039096
18,5209,8.994955725880736,0,200,0.0,0.0,0.018845326668962936
18,5241,9.048572240502002,0,200,0.0,0.0,0.018845326668962936
18,5249,9.061976369157318,0,200,0.0,0.0,0.018845326668962936
18,5257,9.075380497812635,0,200,0.0,0.0,0.018845326668962936
19,2538,4.534496296375168,0,25,0.0,0.0,0.13319225276039096
19,3891,6.801469555205562,0,25,0.0,0.0,0.13319225276039096
19,4568,7.935793942661717,0,25,0.0,0.0,0.13319225276039096
19,4906,8.502118378348836,0,25,0.0,0.0,0.13319225276039096
19,5075,8.785280596192395,0,25,0.0,0.0,0.13319225276039096
19,5160,8.927699463155133,0,25,0.0,0.0,0.13319225276039096
19,5181,8.962885300875339,0,25,0.0,0.0,0.13319225276039096
19,5184,8.967911849121082,0,100,0.0,0.0,0.03699349876899627
19,5185,8.969587365202997,0,100,0.0,0.0,0.03699349876899627
19,5186,8.971262881284911,0,100,0.0,0.0,0.03699349876899627
19,5187,8.972938397366827,0,100,0.0,0.0,0.03699349876899627
19,5188,8.97461391344874,0,100,0.0,0.0,0.03699349876899627
19,5189,8.976289429530656,0,100,0.0,0.0,0.03699349876899627
19,5190,8.97796494561257,0,100,0.0,0.0,0.03699349876899627
19,5191,8.979640461694485,0,100,0.0,0.0,0.03699349876899627
19,5192,8.981315977776399,0,200,0.0,0.0,0.018845326668962936
19,5197,8.989693558185971,0,25,0.0,0.0,0.13319225276039096
19,5199,8.9930445903498,0,25,0.0,0.0,0.13319225276039096
19,5200,8.994720106431716,0,200,0.0,0.0,0.018845326668962936
19,5232,9.04833662105298,0,200,0.0,0.0,0.018845326668962936
19,5240,9.061740749708298,0,200,0.0,0.0,0.018845326668962936
19,5248,9.075144878363615,0,200,0.0,0.0,0.018845326668962936
20,2529,4.534260676926149,0,25,0.0,0.0,0.13319225276039096
20,3882,6.801233935756543,0,25,0.0,0.0,0.13319225276039096
20,4559,7.935558323212698,0,25,0.0,0.0,0.13319225276039096
20,4897,8.501882758899818,0,25,0.0,0.0,0.13319225276039096
20,5066,8.785044976743377,0,25,0.0,0.0,0.13319225276039096
20,5151,8.927463843706114,0,25,0.0,0.0,0.13319225276039096
20,5172,8.96264968142632,0,25,0.0,0.0,0.13319225276039096
20,5175,8.967676229672064,0,100,0.0,0.0,0.03699349876899627
20,5176,8.969351745753979,0,100,0.0,0.0,0.03699349876899627
20,5177,8.971027261835893,0,100,0.0,0.0,0.03699349876899627
20,5178,8.972702777917808,0,100,0.0,0.0,0.03699349876899627
20,5179,8.974378293999722,0,100,0.0,0.0,0.03699349876899627
20,5180,8.976053810081638,0,100,0.0,0.0,0.03699349876899627
20,5181,8.977729326163551,0,100,0.0,0.0,0.03699349876899627
20,5182,8.979404842245467,0,100,0.0,0.0,0.03699349876899627
20,5183,8.98108035832738,0,200,0.0,0.0,0.018845326668962936
20,5188,8.989457938736953,0,25,0.0,0.0,0.13319225276039096
20,5190,8.992808970900782,0,25,0.0,0.0,0.13319225276039096
20,5191,8.994484486982698,0,200,0.0,0.0,0.018845326668962936
20,5223,9.048101001603962,0,200,0.0,0.0,0.018845326668962936
20,5231,9.06150513025928,0,200,0.0,0.0,0.018845326668962936
20,5239,9.074909258914596,0,200,0.0,0.0,0.018845326668962936
21,2520,4.534025057477129,0,25,0.0,0.0,0.13319225276039096
21,3873,6.800998316307523,0,25,0.0,0.0,0.13319225276039096
21,4550,7.935322703763678,0,25,0.0,0.0,0.13319225276039096
21,4888,8.501647139450798,0,25,0.0,0.0,0.13319225276039096
21,5057,8.784809357294357,0,25,0.0,0.0,0.13319225276039096
21,5142,8.927228224257094,0,25,0.0,0.0,0.13319225276039096
21,5163,8.9624140619773,0,25,0.0,0.0,0.13319225276039096
21,5166,8.967440610223044,0,100,0.0,0.0,0.03699349876899627
21,5167,8.969116126304959,0,100,0.0,0.0,0.03699349876899627
21,5168,8.970791642386873,0,100,0.0,0.0,0.03699349876899627
21,5169,8.972467158468788,0,100,0.0,0.0,0.03699349876899627
21,5170,8.974142674550702,0,100,0.0,0.0,0.03699349876899627
21,5171,8.975818190632618,0,100,0.0,0.0,0.03699349876899627
21,5172,8.977493706714531,0,100,0.0,0.0,0.03699349876899627
21,5173,8.979169222796445,0,100,0.0,0.0,0.03699349876899627
21,5174,8.98084473887836,0,200,0.0,0.0,0.018845326668962936
21,5179,8.989222319287933,0,25,0.0,0.0,0.13319225276039096
21,5182,8.994248867533678,0,200,0.0,0.0,0.018845326668962936
21,5214,9.047865382154942,0,200,0.0,0.0,0.018845326668962936
21,5222,9.06126951081026,0,200,0.0,0.0,0.018845326668962936
21,5230,9.074673639465576,0,200,0.0,0.0,0.018845326668962936
22,2511,4.533789438028109,0,25,0.0,0.0,0.13319225276039096
22,3864,6.800762696858504,0,25,0.0,0.0,0.13319225276039096
22,4541,7.935087084314659,0,25,0.0,0.0,0.13319225276039096
22,4879,8.50141152000178,0,25,0.0,0.0,0.13319225276039096
22,5049,8.786249253927254,0,25,0.0,0.0,0.13319225276039096
22,5133,8.926992604808076,0,25,0.0,0.0,0.13319225276039096
22,5154,8.962178442528282,0,25,0.0,0.0,0.13319225276039096
22,5157,8.967204990774025,0,100,0.0,0.0,0.03699349876899627
22,5158,8.96888050685594,0,100,0.0,0.0,0.03699349876899627
22,5159,8.970556022937854,0,100,0.0,0.0,0.03699349876899627
22,5160,8.972231539019768,0,100,0.0,0.0,0.03699349876899627
22,5161,8.973907055101684,0,100,0.0,0.0,0.03699349876899627
22,5162,8.975582571183597,0,100,0.0,0.0,0.03699349876899627
22,5163,8.977258087265513,0,100,0.0,0.0,0.03699349876899627
22,5164,8.978933603347427,0,100,0.0,0.0,0.03699349876899627
22,5165,8.980609119429342,0,200,0.0,0.0,0.018845326668962936
22,5170,8.988986699838915,0,25,0.0,0.0,0.13319225276039096
22,5173,8.994013248084658,0,200,0.0,0.0,0.018845326668962936
22,5205,9.047629762705924,0,200,0.0,0.0,0.018845326668962936
22,5213,9.061033891361241,0,200,0.0,0.0,0.018845326668962936
22,5221,9.074438020016556,0,200,0.0,0.0,0.018845326668962936
23,2502,4.53355381857909,0,25,0.0,0.0,0.13319225276039096
23,3856,6.802202593491399,0,25,0.0,0.0,0.13319225276039096
23,4532,7.934851464865639,0,25,0.0,0.0,0.13319225276039096
23,4870,8.50117590055276,0,25,0.0,0.0,0.13319225276039096
23,5040,8.786013634478234,0,25,0.0,0.0,0.13319225276039096
23,5124,8.926756985359058,0,25,0.0,0.0,0.13319225276039096
23,5145,8.961942823079264,0,25,0.0,0.0,0.13319225276039096
23,5149,8.96864488740692,0,100,0.0,0.0,0.03699349876899627
23,5150,8.970320403488836,0,100,0.0,0.0,0.03699349876899627
23,5151,8.97199591957075,0,100,0.0,0.0,0.03699349876899627
23,5152,8.973671435652665,0,100,0.0,0.0,0.03699349876899627
23,5153,8.97534695173458,0,100,0.0,0.0,0.03699349876899627
23,5154,8.977022467816495,0,100,0.0,0.0,0.03699349876899627
23,5155,8.978697983898408,0,100,0.0,0.0,0.03699349876899627
23,5156,8.980373499980324,0,100,0.0,0.0,0.03699349876899627
23,5157,8.982049016062238,0,200,0.0,0.0,0.018845326668962936
23,5161,8.988751080389896,0,25,0.0,0.0,0.13319225276039096
23,5164,8.99377762863564,0,25,0.0,0.0,0.13319225276039096
23,5165,8.995453144717555,0,200,0.0,0.0,0.018845326668962936
23,5197,9.04906965933882,0,200,0.0,0.0,0.018845326668962936
23,5205,9.062473787994136,0,200,0.0,0.0,0.018845326668962936
23,5213,9.075877916649453,0,200,0.0,0.0,0.018845326668962936
24,2493,4.533318199130072,0,25,0.0,0.0,0.13319225276039096
24,3847,6.801966974042381,0,25,0.0,0.0,0.13319225276039096
24,4523,7.934615845416621,0,25,0.0,0.0,0.13319225276039096
24,4862,8.502615797185655,0,25,0.0,0.0,0.13319225276039096
24,5031,8.785778015029214,0,25,0.0,0.0,0.13319225276039096
24,5115,8.926521365910038,0,25,0.0,0.0,0.13319225276039096
24,5137,8.963382719712158,0,25,0.0,0.0,0.13319225276039096
24,5140,8.9684092679579,0,100,0.0,0.0,0.03699349876899627
24,5141,8.970084784039816,0,100,0.0,0.0,0.03699349876899627
24,5142,8.97176030012173,0,100,0.0,0.0,0.03699349876899627
24,5143,8.973435816203645,0,100,0.0,0.0,0.03699349876899627
24,5144,8.97511133228556,0,100,0.0,0.0,0.03699349876899627
24,5145,8.976786848367475,0,100,0.0,0.0,0.03699349876899627
24,5146,8.978462364449388,0,100,0.0,0.0,0.03699349876899627
24,5147,8.980137880531304,0,100,0.0,0.0,0.03699349876899627
24,5148,8.981813396613218,0,200,0.0,0.0,0.018845326668962936
24,5152,8.988515460940876,0,25,0.0,0.0,0.13319225276039096
24,5155,8.99354200918662,0,25,0.0,0.0,0.13319225276039096
24,5156,8.995217525268535,0,200,0.0,0.0,0.018845326668962936
24,5188,9.0488340398898,0,200,0.0,0.0,0.018845326668962936
24,5196,9.062238168545116,0,200,0.0,0.0,0.018845326668962936
24,5204,9.075642297200433,0,200,0.0,0.0,0.018845326668962936
25,2485,4.5347580957629665,0,25,0.0,0.0,0.13319225276039096
25,3838,6.801731354593361,0,25,0.0,0.0,0.13319225276039096
25,4514,7.934380225967601,0,25,0.0,0.0,0.13319225276039096
25,4853,8.502380177736637,0,25,0.0,0.0,0.13319225276039096
25,5022,8.785542395580196,0,25,0.0,0.0,0.13319225276039096
25,5107,8.927961262542933,0,25,0.0,0.0,0.13319225276039096
25,5128,8.96314710026314,0,25,0.0,0.0,0.13319225276039096
25,5131,8.968173648508882,0,100,0.0,0.0,0.03699349876899627
25,5132,8.969849164590798,0,100,0.0,0.0,0.03699349876899627
25,5133,8.971524680672712,0,100,0.0,0.0,0.03699349876899627
25,5134,8.973200196754627,0,100,0.0,0.0,0.03699349876899627
25,5135,8.97487571283654,0,100,0.0,0.0,0.03699349876899627
25,5136,8.976551228918455,0,100,0.0,0.0,0.03699349876899627
25,5137,8.97822674500037,0,100,0.0,0.0,0.03699349876899627
25,5138,8.979902261082284,0,100,0.0,0.0,0.03699349876899627
25,5139,8.9815777771642,0,200,0.0,0.0,0.018845326668962936
25,5144,8.989955357573772,0,25,0.0,0.0,0.13319225276039096
25,5146,8.9933063897376,0,25,0.0,0.0,0.13319225276039096
25,5147,8.994981905819516,0,200,0.0,0.0,0.018845326668962936
25,5179,9.048598420440781,0,200,0.0,0.0,0.018845326668962936
25,5187,9.062002549096098,0,200,0.0,0.0,0.018845326668962936
25,5195,9.075406677751415,0,200,0.0,0.0,0.018845326668962936
26,2476,4.534522476313947,0,25,0.0,0.0,0.13319225276039096
26,3829,6.801495735144342,0,25,0.0,0.0,0.13319225276039096
26,4506,7.9358201226004965,0,25,0.0,0.0,0.13319225276039096
26,4844,8.502144558287617,0,25,0.0,0.0,0.13319225276039096
26,5013,8.785306776131176,0,25,0.0,0.0,0.13319225276039096
26,5098,8.927725643093913,0,25,0.0,0.0,0.13319225276039096
26,5119,8.96291148081412,0,25,0.0,0.0,0.13319225276039096
26,5122,8.967938029059862,0,100,0.0,0.0,0.03699349876899627
26,5123,8.969613545141778,0,100,0.0,0.0,0.03699349876899627
26,5124,8.971289061223692,0,100,0.0,0.0,0.03699349876899627
26,5125,8.972964577305605,0,100,0.0,0.0,0.03699349876899627
26,5126,8.97464009338752,0,100,0.0,0.0,0.03699349876899627
26,5127,8.976315609469435,0,100,0.0,0.0,0.03699349876899627
26,5128,8.97799112555135,0,100,0.0,0.0,0.03699349876899627
26,5129,8.979666641633264,0,100,0.0,0.0,0.03699349876899627
26,5130,8.98134215771518,0,200,0.0,0.0,0.018845326668962936
26,5135,8.989719738124752,0,25,0.0,0.0,0.13319225276039096
26,5137,8.99307077028858,0,25,0.0,0.0,0.13319225276039096
26,5138,8.994746286370495,0,200,0.0,0.0,0.018845326668962936
26,5170,9.048362800991761,0,200,0.0,0.0,0.018845326668962936
26,5178,9.061766929647078,0,200,0.0,0.0,0.018845326668962936
26,5186,9.075171058302393,0,200,0.0,0.0,0.018845326668962936
27,2467,4.534286856864928,0,25,0.0,0.0,0.13319225276039096
27,3820,6.801260115695323,0,25,0.0,0.0,0.13319225276039096
27,4497,7.935584503151477,0,25,0.0,0.0,0.13319225276039096
27,4835,8.501908938838596,0,25,0.0,0.0,0.13319225276039096
27,5004,8.785071156682157,0,25,0.0,0.0,0.13319225276039096
27,5089,8.927490023644895,0,25,0.0,0.0,0.13319225276039096
27,5110,8.962675861365101,0,25,0.0,0.0,0.13319225276039096
27,5113,8.967702409610844,0,100,0.0,0.0,0.03699349876899627
27,5114,8.969377925692758,0,100,0.0,0.0,0.03699349876899627
27,5115,8.971053441774673,0,100,0.0,0.0,0.03699349876899627
27,5116,8.972728957856587,0,100,0.0,0.0,0.03699349876899627
27,5117,8.974404473938502,0,100,0.0,0.0,0.03699349876899627
27,5118,8.976079990020416,0,100,0.0,0.0,0.03699349876899627
27,5119,8.977755506102332,0,100,0.0,0.0,0.03699349876899627
27,5120,8.979431022184245,0,100,0.0,0.0,0.03699349876899627
27,5121,8.981106538266161,0,200,0.0,0.0,0.018845326668962936
27,5126,8.989484118675733,0,25,0.0,0.0,0.13319225276039096
27,5128,8.992835150839563,0,25,0.0,0.0,0.13319225276039096
27,5129,8.994510666921476,0,200,0.0,0.0,0.018845326668962936
27,5161,9.048127181542743,0,200,0.0,0.0,0.018845326668962936
27,5169,9.06153131019806,0,200,0.0,0.0,0.018845326668962936
27,5177,9.074935438853375,0,200,0.0,0.0,0.018845326668962936
28,2458,4.534051237415909,0,25,0.0,0.0,0.13319225276039096
28,3811,6.801024496246304,0,25,0.0,0.0,0.13319225276039096
28,4488,7.935348883702458,0,25,0.0,0.0,0.13319225276039096
28,4826,8.501673319389578,0,25,0.0,0.0,0.13319225276039096
28,4995,8.784835537233139,0,25,0.0,0.0,0.13319225276039096
28,5080,8.927254404195876,0,25,0.0,0.0,0.13319225276039096
28,5101,8.962440241916081,0,25,0.0,0.0,0.13319225276039096
28,5104,8.967466790161826,0,100,0.0,0.0,0.03699349876899627
28,5105,8.96914230624374,0,100,0.0,0.0,0.03699349876899627
28,5106,8.970817822325655,0,100,0.0,0.0,0.03699349876899627
28,5107,8.972493338407569,0,100,0.0,0.0,0.03699349876899627
28,5108,8.974168854489484,0,100,0.0,0.0,0.03699349876899627
28,5109,8.975844370571398,0,100,0.0,0.0,0.03699349876899627
28,5110,8.977519886653313,0,100,0.0,0.0,0.03699349876899627
28,5111,8.979195402735227,0,100,0.0,0.0,0.03699349876899627
28,5112,8.980870918817141,0,200,0.0,0.0,0.018845326668962936
28,5117,8.989248499226715,0,25,0.0,0.0,0.13319225276039096
28,5120,8.994275047472458,0,200,0.0,0.0,0.018845326668962936
28,5152,9.047891562093724,0,200,0.0,0.0,0.018845326668962936
28,5160,9.06129569074904,0,200,0.0,0.0,0.018845326668962936
28,5168,9.074699819404357,0,200,0.0,0.0,0.018845326668962936
29,2449,4.533815617966889,0,25,0.0,0.0,0.13319225276039096
29,3802,6.8007888767972835,0,25,0.0,0.0,0.13319225276039096
29,4479,7.935113264253438,0,25,0.0,0.0,0.13319225276039096
29,4817,8.501437699940558,0,25,0.0,0.0,0.13319225276039096
29,4986,8.784599917784119,0,25,0.0,0.0,0.13319225276039096
29,5071,8.927018784746856,0,25,0.0,0.0,0.13319225276039096
29,5092,8.96220462246706,0,25,0.0,0.0,0.13319225276039096
29,5095,8.967231170712806,0,100,0.0,0.0,0.03699349876899627
29,5096,8.96890668679472,0,100,0.0,0.0,0.03699349876899627
29,5097,8.970582202876635,0,100,0.0,0.0,0.03699349876899627
29,5098,8.972257718958549,0,100,0.0,0.0,0.03699349876899627
29,5099,8.973933235040462,0,100,0.0,0.0,0.03699349876899627
29,5100,8.975608751122378,0,100,0.0,0.0,0.03699349876899627
29,5101,8.977284267204292,0,100,0.0,0.0,0.03699349876899627
29,5102,8.978959783286207,0,100,0.0,0.0,0.03699349876899627
29,5103,8.98063529936812,0,200,0.0,0.0,0.018845326668962936
29,5108,8.989012879777695,0,25,0.0,0.0,0.13319225276039096
29,5111,8.994039428023438,0,200,0.0,0.0,0.018845326668962936
29,5143,9.047655942644704,0,200,0.0,0.0,0.018845326668962936
29,5151,9.06106007130002,0,200,0.0,0.0,0.018845326668962936
29,5159,9.074464199955337,0,200,0.0,0.0,0.018845326668962936
30,2440,4.533579998517871,0,25,0.0,0.0,0.13319225276039096
30,3794,6.80222877343018,0,25,0.0,0.0,0.13319225276039096
30,4470,7.93487764480442,0,25,0.0,0.0,0.13319225276039096
30,4808,8.50120208049154,0,25,0.0,0.0,0.13319225276039096
30,4978,8.786039814417014,0,25,0.0,0.0,0.13319225276039096
30,5062,8.926783165297838,0,25,0.0,0.0,0.13319225276039096
30,5083,8.961969003018043,0,25,0.0,0.0,0.13319225276039096
30,5087,8.968671067345701,0,100,0.0,0.0,0.03699349876899627
30,5088,8.970346583427615,0,100,0.0,0.0,0.03699349876899627
30,5089,8.97202209950953,0,100,0.0,0.0,0.03699349876899627
30,5090,8.973697615591444,0,100,0.0,0.0,0.03699349876899627
30,5091,8.97537313167336,0,100,0.0,0.0,0.03699349876899627
30,5092,8.977048647755273,0,100,0.0,0.0,0.03699349876899627
30,5093,8.978724163837189,0,100,0.0,0.0,0.03699349876899627
30,5094,8.980399679919103,0,100,0.0,0.0,0.03699349876899627
30,5095,8.982075196001018,0,200,0.0,0.0,0.018845326668962936
30,5099,8.988777260328675,0,25,0.0,0.0,0.13319225276039096
30,5102,8.99380380857442,0,25,0.0,0.0,0.13319225276039096
30,5103,8.995479324656333,0,200,0.0,0.0,0.018845326668962936
30,5135,9.0490958392776,0,200,0.0,0.0,0.018845326668962936
30,5143,9.062499967932917,0,200,0.0,0.0,0.018845326668962936
30,5151,9.075904096588232,0,200,0.0,0.0,0.018845326668962936
31,2431,4.5333443790688515,0,25,0.0,0.0,0.13319225276039096
31,3785,6.801993153981161,0,25,0.0,0.0,0.13319225276039096
31,4461,7.934642025355401,0,25,0.0,0.0,0.13319225276039096
31,4800,8.502641977124433,0,25,0.0,0.0,0.13319225276039096
31,4969,8.785804194967994,0,25,0.0,0.0,0.13319225276039096
31,5053,8.926547545848816,0,25,0.0,0.0,0.13319225276039096
31,5075,8.963408899650936,0,25,0.0,0.0,0.13319225276039096
31,5078,8.968435447896681,0,100,0.0,0.0,0.03699349876899627
31,5079,8.970110963978595,0,100,0.0,0.0,0.03699349876899627
31,5080,8.97178648006051,0,100,0.0,0.0,0.03699349876899627
31,5081,8.973461996142424,0,100,0.0,0.0,0.03699349876899627
31,5082,8.97513751222434,0,100,0.0,0.0,0.03699349876899627
31,5083,8.976813028306253,0,100,0.0,0.0,0.03699349876899627
31,5084,8.978488544388169,0,100,0.0,0.0,0.03699349876899627
31,5085,8.980164060470083,0,100,0.0,0.0,0.03699349876899627
31,5086,8.981839576551998,0,200,0.0,0.0,0.018845326668962936
31,5090,8.988541640879655,0,25,0.0,0.0,0.13319225276039096
31,5093,8.9935681891254,0,25,0.0,0.0,0.13319225276039096
31,5094,8.995243705207313,0,200,0.0,0.0,0.018845326668962936
31,5126,9.04886021982858,0,200,0.0,0.0,0.018845326668962936
31,5134,9.062264348483897,0,200,0.0,0.0,0.018845326668962936
31,5142,9.075668477139212,0,200,0.0,0.0,0.018845326668962936
32,2423,4.534784275701746,0,25,0.0,0.0,0.13319225276039096
32,3776,6.801757534532141,0,25,0.0,0.0,0.13319225276039096
32,4452,7.9344064059063815,0,25,0.0,0.0,0.13319225276039096
32,4791,8.502406357675415,0,25,0.0,0.0,0.13319225276039096
32,4960,8.785568575518976,0,25,0.0,0.0,0.13319225276039096
32,5044,8.926311926399798,0,25,0.0,0.0,0.13319225276039096
32,5066,8.963173280201918,0,25,0.0,0.0,0.13319225276039096
32,5069,8.968199828447663,0,100,0.0,0.0,0.03699349876899627
32,5070,8.969875344529576,0,100,0.0,0.0,0.03699349876899627
32,5071,8.971550860611492,0,100,0.0,0.0,0.03699349876899627
32,5072,8.973226376693406,0,100,0.0,0.0,0.03699349876899627
32,5073,8.974901892775321,0,100,0.0,0.0,0.03699349876899627
32,5074,8.976577408857235,0,100,0.0,0.0,0.03699349876899627
32,5075,8.978252924939149,0,100,0.0,0.0,0.03699349876899627
32,5076,8.979928441021064,0,100,0.0,0.0,0.03699349876899627
32,5077,8.981603957102978,0,200,0.0,0.0,0.018845326668962936
32,5082,8.989981537512552,0,25,0.0,0.0,0.13319225276039096
32,5084,8.993332569676381,0,25,0.0,0.0,0.13319225276039096
32,5085,8.995008085758295,0,200,0.0,0.0,0.018845326668962936
32,5117,9.048624600379561,0,200,0.0,0.0,0.018845326668962936
32,5125,9.062028729034877,0,200,0.0,0.0,0.018845326668962936
32,5133,9.075432857690194,0,200,0.0,0.0,0.018845326668962936
33,2414,4.534548656252727,0,25,0.0,0.0,0.13319225276039096
33,3767,6.801521915083121,0,25,0.0,0.0,0.13319225276039096
33,4444,7.935846302539276,0,25,0.0,0.0,0.13319225276039096
33,4782,8.502170738226397,0,25,0.0,0.0,0.13319225276039096
33,4951,8.785332956069958,0,25,0.0,0.0,0.13319225276039096
33,5036,8.927751823032695,0,25,0.0,0.0,0.13319225276039096
33,5057,8.9629376607529,0,25,0.0,0.0,0.13319225276039096
33,5060,8.967964208998644,0,100,0.0,0.0,0.03699349876899627
33,5061,8.969639725080558,0,100,0.0,0.0,0.03699349876899627
33,5062,8.971315241162474,0,100,0.0,0.0,0.03699349876899627
33,5063,8.972990757244387,0,100,0.0,0.0,0.03699349876899627
33,5064,8.974666273326301,0,100,0.0,0.0,0.03699349876899627
33,5065,8.976341789408217,0,100,0.0,0.0,0.03699349876899627
33,5066,8.97801730549013,0,100,0.0,0.0,0.03699349876899627
33,5067,8.979692821572046,0,100,0.0,0.0,0.03699349876899627
33,5068,8.98136833765396,0,200,0.0,0.0,0.018845326668962936
33,5073,8.989745918063534,0,25,0.0,0.0,0.13319225276039096
33,5075,8.993096950227361,0,25,0.0,0.0,0.13319225276039096
33,5076,8.994772466309277,0,200,0.0,0.0,0.018845326668962936
33,5108,9.048388980930543,0,200,0.0,0.0,0.018845326668962936
33,5116,9.061793109585858,0,200,0.0,0.0,0.018845326668962936
33,5124,9.075197238241175,0,200,0.0,0.0,0.018845326668962936
34,2405,4.534313036803708,0,25,0.0,0.0,0.13319225276039096
34,3758,6.801286295634102,0,25,0.0,0.0,0.13319225276039096
34,4435,7.935610683090257,0,25,0.0,0.0,0.13319225276039096
34,4773,8.501935118777377,0,25,0.0,0.0,0.13319225276039096
34,4942,8.785097336620936,0,25,0.0,0.0,0.13319225276039096
34,5027,8.927516203583673,0,25,0.0,0.0,0.13319225276039096
34,5048,8.96270204130388,0,25,0.0,0.0,0.13319225276039096
34,5051,8.967728589549623,0,100,0.0,0.0,0.03699349876899627
34,5052,8.969404105631538,0,100,0.0,0.0,0.03699349876899627
34,5053,8.971079621713452,0,100,0.0,0.0,0.03699349876899627
34,5054,8.972755137795367,0,100,0.0,0.0,0.03699349876899627
34,5055,8.974430653877281,0,100,0.0,0.0,0.03699349876899627
34,5056,8.976106169959197,0,100,0.0,0.0,0.03699349876899627
34,5057,8.97778168604111,0,100,0.0,0.0,0.03699349876899627
34,5058,8.979457202123026,0,100,0.0,0.0,0.03699349876899627
34,5059,8.98113271820494,0,200,0.0,0.0,0.018845326668962936
34,5064,8.989510298614512,0,25,0.0,0.0,0.13319225276039096
34,5066,8.992861330778341,0,25,0.0,0.0,0.13319225276039096
34,5067,8.994536846860257,0,200,0.0,0.0,0.018845326668962936
34,5099,9.048153361481521,0,200,0.0,0.0,0.018845326668962936
34,5107,9.061557490136838,0,200,0.0,0.0,0.018845326668962936
34,5115,9.074961618792155,0,200,0.0,0.0,0.018845326668962936
35,2396,4.534077417354689,0,25,0.0,0.0,0.13319225276039096
35,3749,6.801050676185083,0,25,0.0,0.0,0.13319225276039096
35,4426,7.935375063641239,0,25,0.0,0.0,0.13319225276039096
35,4764,8.501699499328359,0,25,0.0,0.0,0.13319225276039096
35,4933,8.784861717171918,0,25,0.0,0.0,0.13319225276039096
35,5018,8.927280584134655,0,25,0.0,0.0,0.13319225276039096
35,5039,8.962466421854861,0,25,0.0,0.0,0.13319225276039096
35,5042,8.967492970100604,0,100,0.0,0.0,0.03699349876899627
35,5043,8.96916848618252,0,100,0.0,0.0,0.03699349876899627
35,5044,8.970844002264434,0,100,0.0,0.0,0.03699349876899627
35,5045,8.972519518346349,0,100,0.0,0.0,0.03699349876899627
35,5046,8.974195034428263,0,100,0.0,0.0,0.03699349876899627
35,5047,8.975870550510178,0,100,0.0,0.0,0.03699349876899627
35,5048,8.977546066592092,0,100,0.0,0.0,0.03699349876899627
35,5049,8.979221582674008,0,100,0.0,0.0,0.03699349876899627
35,5050,8.980897098755921,0,200,0.0,0.0,0.018845326668962936
35,5055,8.989274679165494,0,25,0.0,0.0,0.13319225276039096
35,5058,8.994301227411238,0,200,0.0,0.0,0.018845326668962936
35,5090,9.047917742032503,0,200,0.0,0.0,0.018845326668962936
35,5098,9.06132187068782,0,200,0.0,0.0,0.018845326668962936
35,5106,9.074725999343137,0,200,0.0,0.0,0.018845326668962936
36,2387,4.533841797905669,0,25,0.0,0.0,0.13319225276039096
36,3740,6.800815056736064,0,25,0.0,0.0,0.13319225276039096
36,4417,7.9351394441922185,0,25,0.0,0.0,0.13319225276039096
36,4755,8.501463879879338,0,25,0.0,0.0,0.13319225276039096
36,4924,8.784626097722898,0,25,0.0,0.0,0.13319225276039096
36,5009,8.927044964685635,0,25,0.0,0.0,0.13319225276039096
36,5030,8.962230802405841,0,25,0.0,0.0,0.13319225276039096
36,5033,8.967257350651584,0,100,0.0,0.0,0.03699349876899627
36,5034,8.9689328667335,0,100,0.0,0.0,0.03699349876899627
36,5035,8.970608382815414,0,100,0.0,0.0,0.03699349876899627
36,5036,8.972283898897329,0,100,0.0,0.0,0.03699349876899627
36,5037,8.973959414979243,0,100,0.0,0.0,0.03699349876899627
36,5038,8.975634931061158,0,100,0.0,0.0,0.03699349876899627
36,5039,8.977310447143072,0,100,0.0,0.0,0.03699349876899627
36,5040,8.978985963224986,0,100,0.0,0.0,0.03699349876899627
36,5041,8.980661479306901,0,200,0.0,0.0,0.018845326668962936
36,5046,8.989039059716474,0,25,0.0,0.0,0.13319225276039096
36,5049,8.994065607962218,0,200,0.0,0.0,0.018845326668962936
36,5081,9.047682122583483,0,200,0.0,0.0,0.018845326668962936
36,5089,9.0610862512388,0,200,0.0,0.0,0.018845326668962936
36,5097,9.074490379894117,0,200,0.0,0.0,0.018845326668962936
37,2378,4.53360617845665,0,25,0.0,0.0,0.13319225276039096
37,3732,6.802254953368959,0,25,0.0,0.0,0.13319225276039096
37,4408,7.934903824743199,0,25,0.0,0.0,0.13319225276039096
37,4746,8.50122826043032,0,25,0.0,0.0,0.13319225276039096
37,4916,8.786065994355795,0,25,0.0,0.0,0.13319225276039096
37,5000,8.926809345236617,0,25,0.0,0.0,0.13319225276039096
37,5021,8.961995182956823,0,25,0.0,0.0,0.13319225276039096
37,5025,8.968697247284481,0,100,0.0,0.0,0.03699349876899627
37,5026,8.970372763366395,0,100,0.0,0.0,0.03699349876899627
37,5027,8.972048279448309,0,100,0.0,0.0,0.03699349876899627
37,5028,8.973723795530224,0,100,0.0,0.0,0.03699349876899627
37,5029,8.975399311612138,0,100,0.0,0.0,0.03699349876899627
37,5030,8.977074827694054,0,100,0.0,0.0,0.03699349876899627
37,5031,8.978750343775967,0,100,0.0,0.0,0.03699349876899627
37,5032,8.980425859857883,0,100,0.0,0.0,0.03699349876899627
37,5033,8.982101375939797,0,200,0.0,0.0,0.018845326668962936
37,5037,8.988803440267455,0,25,0.0,0.0,0.13319225276039096
37,5040,8.993829988513198,0,25,0.0,0.0,0.13319225276039096
37,5041,8.995505504595114,0,200,0.0,0.0,0.018845326668962936
37,5073,9.04912201921638,0,200,0.0,0.0,0.018845326668962936
37,5081,9.062526147871695,0,200,0.0,0.0,0.018845326668962936
37,5089,9.075930276527012,0,200,0.0,0.0,0.018845326668962936
38,2369,4.533370559007631,0,25,0.0,0.0,0.13319225276039096
38,3723,6.80201933391994,0,25,0.0,0.0,0.13319225276039096
38,4399,7.93466820529418,0,25,0.0,0.0,0.13319225276039096
38,4738,8.502668157063216,0,25,0.0,0.0,0.13319225276039096
38,4907,8.785830374906775,0,25,0.0,0.0,0.13319225276039096
38,4991,8.926573725787598,0,25,0.0,0.0,0.13319225276039096
38,5012,8.961759563507805,0,25,0.0,0.0,0.13319225276039096
38,5016,8.968461627835461,0,100,0.0,0.0,0.03699349876899627
38,5017,8.970137143917377,0,100,0.0,0.0,0.03699349876899627
38,5018,8.97181265999929,0,100,0.0,0.0,0.03699349876899627
38,5019,8.973488176081206,0,100,0.0,0.0,0.03699349876899627
38,5020,8.97516369216312,0,100,0.0,0.0,0.03699349876899627
38,5021,8.976839208245035,0,100,0.0,0.0,0.03699349876899627
38,5022,8.97851472432695,0,100,0.0,0.0,0.03699349876899627
38,5023,8.980190240408865,0,100,0.0,0.0,0.03699349876899627
38,5024,8.981865756490778,0,200,0.0,0.0,0.018845326668962936
38,5028,8.988567820818437,0,25,0.0,0.0,0.13319225276039096
38,5031,8.99359436906418,0,25,0.0,0.0,0.13319225276039096
38,5032,8.995269885146095,0,200,0.0,0.0,0.018845326668962936
38,5064,9.04888639976736,0,200,0.0,0.0,0.018845326668962936
38,5072,9.062290528422677,0,200,0.0,0.0,0.018845326668962936
38,5080,9.075694657077994,0,200,0.0,0.0,0.018845326668962936
39,2361,4.534810455640526,0,25,0.0,0.0,0.13319225276039096
39,3714,6.801783714470921,0,25,0.0,0.0,0.13319225276039096
39,4390,7.934432585845161,0,25,0.0,0.0,0.13319225276039096
39,4729,8.502432537614196,0,25,0.0,0.0,0.13319225276039096
39,4898,8.785594755457755,0,25,0.0,0.0,0.13319225276039096
39,4982,8.926338106338578,0,25,0.0,0.0,0.13319225276039096
39,5004,8.963199460140698,0,25,0.0,0.0,0.13319225276039096
39,5007,8.968226008386441,0,100,0.0,0.0,0.03699349876899627
39,5008,8.969901524468357,0,100,0.0,0.0,0.03699349876899627
39,5009,8.97157704055027,0,100,0.0,0.0,0.03699349876899627
39,5010,8.973252556632186,0,100,0.0,0.0,0.03699349876899627
39,5011,8.9749280727141,0,100,0.0,0.0,0.03699349876899627
39,5012,8.976603588796015,0,100,0.0,0.0,0.03699349876899627
39,5013,8.97827910487793,0,100,0.0,0.0,0.03699349876899627
39,5014,8.979954620959845,0,100,0.0,0.0,0.03699349876899627
39,5015,8.981630137041758,0,200,0.0,0.0,0.018845326668962936
39,5019,8.988332201369417,0,25,0.0,0.0,0.13319225276039096
39,5022,8.99335874961516,0,25,0.0,0.0,0.13319225276039096
39,5023,8.995034265697075,0,200,0.0,0.0,0.018845326668962936
39,5055,9.04865078031834,0,200,0.0,0.0,0.018845326668962936
39,5063,9.062054908973657,0,200,0.0,0.0,0.018845326668962936
39,5071,9.075459037628974,0,200,0.0,0.0,0.018845326668962936
40,2352,4.534574836191507,0,25,0.0,0.0,0.13319225276039096
40,3705,6.801548095021902,0,25,0.0,0.0,0.13319225276039096
40,4382,7.9358724824780555,0,25,0.0,0.0,0.13319225276039096
40,4720,8.502196918165176,0,25,0.0,0.0,0.13319225276039096
40,4889,8.785359136008736,0,25,0.0,0.0,0.13319225276039096
40,4974,8.927778002971474,0,25,0.0,0.0,0.13319225276039096
40,4995,8.96296384069168,0,25,0.0,0.0,0.13319225276039096
40,4998,8.967990388937423,0,100,0.0,0.0,0.03699349876899627
40,4999,8.969665905019339,0,100,0.0,0.0,0.03699349876899627
40,5000,8.971341421101252,0,100,0.0,0.0,0.03699349876899627
40,5001,8.973016937183168,0,100,0.0,0.0,0.03699349876899627
40,5002,8.974692453265082,0,100,0.0,0.0,0.03699349876899627
40,5003,8.976367969346995,0,100,0.0,0.0,0.03699349876899627
40,5004,8.97804348542891,0,100,0.0,0.0,0.03699349876899627
40,5005,8.979719001510825,0,100,0.0,0.0,0.03699349876899627
40,5006,8.98139451759274,0,200,0.0,0.0,0.018845326668962936
40,5011,8.989772098002312,0,25,0.0,0.0,0.13319225276039096
40,5013,8.993123130166142,0,25,0.0,0.0,0.13319225276039096
40,5014,8.994798646248057,0,200,0.0,0.0,0.018845326668962936
40,5046,9.048415160869322,0,200,0.0,0.0,0.018845326668962936
40,5054,9.061819289524639,0,200,0.0,0.0,0.018845326668962936
40,5062,9.075223418179956,0,200,0.0,0.0,0.018845326668962936
41,2343,4.534339216742488,0,25,0.0,0.0,0.13319225276039096
41,3696,6.801312475572883,0,25,0.0,0.0,0.13319225276039096
41,4373,7.935636863029037,0,25,0.0,0.0,0.13319225276039096
41,4711,8.501961298716157,0,25,0.0,0.0,0.13319225276039096
41,4880,8.785123516559716,0,25,0.0,0.0,0.13319225276039096
41,4965,8.927542383522454,0,25,0.0,0.0,0.13319225276039096
41,4986,8.96272822124266,0,25,0.0,0.0,0.13319225276039096
41,4989,8.967754769488403,0,100,0.0,0.0,0.03699349876899627
41,4990,8.969430285570319,0,100,0.0,0.0,0.03699349876899627
41,4991,8.971105801652232,0,100,0.0,0.0,0.03699349876899627
41,4992,8.972781317734146,0,100,0.0,0.0,0.03699349876899627
41,4993,8.974456833816062,0,100,0.0,0.0,0.03699349876899627
41,4994,8.976132349897975,0,100,0.0,0.0,0.03699349876899627
41,4995,8.97780786597989,0,100,0.0,0.0,0.03699349876899627
41,4996,8.979483382061805,0,100,0.0,0.0,0.03699349876899627
41,4997,8.98115889814372,0,200,0.0,0.0,0.018845326668962936
41,5002,8.989536478553292,0,25,0.0,0.0,0.13319225276039096
41,5004,8.992887510717122,0,25,0.0,0.0,0.13319225276039096
41,5005,8.994563026799035,0,200,0.0,0.0,0.018845326668962936
41,5037,9.048179541420302,0,200,0.0,0.0,0.018845326668962936
41,5045,9.061583670075619,0,200,0.0,0.0,0.018845326668962936
41,5053,9.074987798730934,0,200,0.0,0.0,0.018845326668962936
42,2334,4.534103597293469,0,25,0.0,0.0,0.13319225276039096
42,3687,6.8010768561238635,0,25,0.0,0.0,0.13319225276039096
42,4364,7.935401243580018,0,25,0.0,0.0,0.13319225276039096
42,4702,8.501725679267137,0,25,0.0,0.0,0.13319225276039096
42,4871,8.784887897110698,0,25,0.0,0.0,0.13319225276039096
42,4956,8.927306764073435,0,25,0.0,0.0,0.13319225276039096
42,4977,8.962492601793642,0,25,0.0,0.0,0.13319225276039096
42,4980,8.967519150039385,0,100,0.0,0.0,0.03699349876899627
42,4981,8.969194666121298,0,100,0.0,0.0,0.03699349876899627
42,4982,8.970870182203214,0,100,0.0,0.0,0.03699349876899627
42,4983,8.972545698285128,0,100,0.0,0.0,0.03699349876899627
42,4984,8.974221214367043,0,100,0.0,0.0,0.03699349876899627
42,4985,8.975896730448957,0,100,0.0,0.0,0.03699349876899627
42,4986,8.977572246530872,0,100,0.0,0.0,0.03699349876899627
42,4987,8.979247762612786,0,100,0.0,0.0,0.03699349876899627
42,4988,8.980923278694702,0,200,0.0,0.0,0.018845326668962936
42,4993,8.989300859104274,0,25,0.0,0.0,0.13319225276039096
42,4996,8.994327407350017,0,200,0.0,0.0,0.018845326668962936
42,5028,9.047943921971283,0,200,0.0,0.0,0.018845326668962936
42,5036,9.0613480506266,0,200,0.0,0.0,0.018845326668962936
42,5044,9.074752179281916,0,200,0.0,0.0,0.018845326668962936
43,2325,4.53386797784445,0,25,0.0,0.0,0.13319225276039096
43,3678,6.800841236674844,0,25,0.0,0.0,0.13319225276039096
43,4355,7.935165624130999,0,25,0.0,0.0,0.13319225276039096
43,4693,8.501490059818119,0,25,0.0,0.0,0.13319225276039096
43,4862,8.784652277661678,0,25,0.0,0.0,0.13319225276039096
43,4947,8.927071144624417,0,25,0.0,0.0,0.13319225276039096
43,4968,8.96225698234462,0,25,0.0,0.0,0.13319225276039096
43,4971,8.967283530590365,0,100,0.0,0.0,0.03699349876899627
43,4972,8.968959046672278,0,100,0.0,0.0,0.03699349876899627
43,4973,8.970634562754196,0,100,0.0,0.0,0.03699349876899627
43,4974,8.97231007883611,0,100,0.0,0.0,0.03699349876899627
43,4975,8.973985594918023,0,100,0.0,0.0,0.03699349876899627
43,4976,8.975661110999937,0,100,0.0,0.0,0.03699349876899627
43,4977,8.977336627081854,0,100,0.0,0.0,0.03699349876899627
43,4978,8.979012143163768,0,100,0.0,0.0,0.03699349876899627
43,4979,8.980687659245682,0,200,0.0,0.0,0.018845326668962936
43,4984,8.989065239655254,0,25,0.0,0.0,0.13319225276039096
43,4987,8.994091787900999,0,200,0.0,0.0,0.018845326668962936
43,5019,9.047708302522263,0,200,0.0,0.0,0.018845326668962936
43,5027,9.06111243117758,0,200,0.0,0.0,0.018845326668962936
43,5035,9.074516559832897,0,200,0.0,0.0,0.018845326668962936
44,2316,4.5336323583954306,0,25,0.0,0.0,0.13319225276039096
44,3669,6.800605617225824,0,25,0.0,0.0,0.13319225276039096
44,4346,7.934930004681979,0,25,0.0,0.0,0.13319225276039096
44,4684,8.501254440369099,0,25,0.0,0.0,0.13319225276039096
44,4854,8.786092174294573,0,25,0.0,0.0,0.13319225276039096
44,4938,8.926835525175397,0,25,0.0,0.0,0.13319225276039096
44,4959,8.962021362895602,0,25,0.0,0.0,0.13319225276039096
44,4962,8.967047911141346,0,100,0.0,0.0,0.03699349876899627
44,4963,8.96872342722326,0,100,0.0,0.0,0.03699349876899627
44,4964,8.970398943305176,0,100,0.0,0.0,0.03699349876899627
44,4965,8.97207445938709,0,100,0.0,0.0,0.03699349876899627
44,4966,8.973749975469003,0,100,0.0,0.0,0.03699349876899627
44,4967,8.975425491550919,0,100,0.0,0.0,0.03699349876899627
44,4968,8.977101007632832,0,100,0.0,0.0,0.03699349876899627
44,4969,8.978776523714748,0,100,0.0,0.0,0.03699349876899627
44,4970,8.980452039796662,0,200,0.0,0.0,0.018845326668962936
44,4975,8.988829620206236,0,25,0.0,0.0,0.13319225276039096
44,4978,8.993856168451979,0,200,0.0,0.0,0.018845326668962936
44,5010,9.047472683073245,0,200,0.0,0.0,0.018845326668962936
44,5018,9.06087681172856,0,200,0.0,0.0,0.018845326668962936
44,5026,9.074280940383877,0,200,0.0,0.0,0.018845326668962936
45,2307,4.533396738946411,0,25,0.0,0.0,0.13319225276039096
45,3661,6.802045513858721,0,25,0.0,0.0,0.13319225276039096
45,4337,7.934694385232961,0,25,0.0,0.0,0.13319225276039096
45,4676,8.502694337001994,0,25,0.0,0.0,0.13319225276039096
45,4845,8.785856554845555,0,25,0.0,0.0,0.13319225276039096
45,4929,8.926599905726379,0,25,0.0,0.0,0.13319225276039096
45,4950,8.961785743446583,0,25,0.0,0.0,0.13319225276039096
45,4954,8.968487807774242,0,100,0.0,0.0,0.03699349876899627
45,4955,8.970163323856156,0,100,0.0,0.0,0.03699349876899627
45,4956,8.971838839938071,0,100,0.0,0.0,0.03699349876899627
45,4957,8.973514356019985,0,100,0.0,0.0,0.03699349876899627
45,4958,8.9751898721019,0,100,0.0,0.0,0.03699349876899627
45,4959,8.976865388183814,0,100,0.0,0.0,0.03699349876899627
45,4960,8.97854090426573,0,100,0.0,0.0,0.03699349876899627
45,4961,8.980216420347643,0,100,0.0,0.0,0.03699349876899627
45,4962,8.981891936429559,0,200,0.0,0.0,0.018845326668962936
45,4966,8.988594000757216,0,25,0.0,0.0,0.13319225276039096
45,4969,8.99362054900296,0,25,0.0,0.0,0.13319225276039096
45,4970,8.995296065084874,0,200,0.0,0.0,0.018845326668962936
45,5002,9.04891257970614,0,200,0.0,0.0,0.018845326668962936
45,5010,9.062316708361458,0,200,0.0,0.0,0.018845326668962936
45,5018,9.075720837016773,0,200,0.0,0.0,0.018845326668962936
46,2299,4.534836635579306,0,25,0.0,0.0,0.13319225276039096
46,3652,6.801809894409701,0,25,0.0,0.0,0.13319225276039096
46,4328,7.934458765783941,0,25,0.0,0.0,0.13319225276039096
46,4667,8.502458717552976,0,25,0.0,0.0,0.13319225276039096
46,4836,8.785620935396535,0,25,0.0,0.0,0.13319225276039096
46,4920,8.926364286277357,0,25,0.0,0.0,0.13319225276039096
46,4942,8.963225640079477,0,25,0.0,0.0,0.13319225276039096
46,4945,8.968252188325222,0,100,0.0,0.0,0.03699349876899627
46,4946,8.969927704407135,0,100,0.0,0.0,0.03699349876899627
46,4947,8.971603220489051,0,100,0.0,0.0,0.03699349876899627
46,4948,8.973278736570965,0,100,0.0,0.0,0.03699349876899627
46,4949,8.97495425265288,0,100,0.0,0.0,0.03699349876899627
46,4950,8.976629768734794,0,100,0.0,0.0,0.03699349876899627
46,4951,8.97830528481671,0,100,0.0,0.0,0.03699349876899627
46,4952,8.979980800898623,0,100,0.0,0.0,0.03699349876899627
46,4953,8.981656316980539,0,200,0.0,0.0,0.018845326668962936
46,4957,8.988358381308196,0,25,0.0,0.0,0.13319225276039096
46,4960,8.99338492955394,0,25,0.0,0.0,0.13319225276039096
46,4961,8.995060445635854,0,200,0.0,0.0,0.018845326668962936
46,4993,9.04867696025712,0,200,0.0,0.0,0.018845326668962936
46,5001,9.062081088912437,0,200,0.0,0.0,0.018845326668962936
46,5009,9.075485217567753,0,200,0.0,0.0,0.018845326668962936
47,2290,4.534601016130287,0,25,0.0,0.0,0.13319225276039096
47,3643,6.801574274960681,0,25,0.0,0.0,0.13319225276039096
47,4320,7.935898662416836,0,25,0.0,0.0,0.13319225276039096
47,4658,8.502223098103956,0,25,0.0,0.0,0.13319225276039096
47,4827,8.785385315947517,0,25,0.0,0.0,0.13319225276039096
47,4912,8.927804182910254,0,25,0.0,0.0,0.13319225276039096
47,4933,8.962990020630459,0,25,0.0,0.0,0.13319225276039096
47,4936,8.968016568876203,0,100,0.0,0.0,0.03699349876899627
47,4937,8.969692084958117,0,100,0.0,0.0,0.03699349876899627
47,4938,8.971367601040033,0,100,0.0,0.0,0.03699349876899627
47,4939,8.973043117121946,0,100,0.0,0.0,0.03699349876899627
47,4940,8.974718633203862,0,100,0.0,0.0,0.03699349876899627
47,4941,8.976394149285776,0,100,0.0,0.0,0.03699349876899627
47,4942,8.97806966536769,0,100,0.0,0.0,0.03699349876899627
47,4943,8.979745181449605,0,100,0.0,0.0,0.03699349876899627
47,4944,8.981420697531519,0,200,0.0,0.0,0.018845326668962936
47,4949,8.989798277941093,0,25,0.0,0.0,0.13319225276039096
47,4951,8.993149310104922,0,25,0.0,0.0,0.13319225276039096
47,4952,8.994824826186836,0,200,0.0,0.0,0.018845326668962936
47,4984,9.048441340808102,0,200,0.0,0.0,0.018845326668962936
47,4992,9.061845469463417,0,200,0.0,0.0,0.018845326668962936
47,5000,9.075249598118734,0,200,0.0,0.0,0.018845326668962936
48,2281,4.534365396681268,0,25,0.0,0.0,0.13319225276039096
48,3634,6.801338655511662,0,25,0.0,0.0,0.13319225276039096
48,4311,7.935663042967817,0,25,0.0,0.0,0.13319225276039096
48,4649,8.501987478654936,0,25,0.0,0.0,0.13319225276039096
48,4818,8.785149696498497,0,25,0.0,0.0,0.13319225276039096
48,4903,8.927568563461236,0,25,0.0,0.0,0.13319225276039096
48,4924,8.962754401181439,0,25,0.0,0.0,0.13319225276039096
48,4927,8.967780949427183,0,100,0.0,0.0,0.03699349876899627
48,4928,8.969456465509097,0,100,0.0,0.0,0.03699349876899627
48,4929,8.971131981591014,0,100,0.0,0.0,0.03699349876899627
48,4930,8.972807497672928,0,100,0.0,0.0,0.03699349876899627
48,4931,8.974483013754842,0,100,0.0,0.0,0.03699349876899627
48,4932,8.976158529836756,0,100,0.0,0.0,0.03699349876899627
48,4933,8.97783404591867,0,100,0.0,0.0,0.03699349876899627
48,4934,8.979509562000587,0,100,0.0,0.0,0.03699349876899627
48,4935,8.9811850780825,0,200,0.0,0.0,0.018845326668962936
48,4940,8.989562658492073,0,25,0.0,0.0,0.13319225276039096
48,4942,8.9929136906559,0,25,0.0,0.0,0.13319225276039096
48,4943,8.994589206737817,0,200,0.0,0.0,0.018845326668962936
48,4975,9.048205721359082,0,200,0.0,0.0,0.018845326668962936
48,4983,9.0616098500144,0,200,0.0,0.0,0.018845326668962936
48,4991,9.075013978669716,0,200,0.0,0.0,0.018845326668962936
49,2272,4.534129777232248,0,25,0.0,0.0,0.13319225276039096
49,3625,6.801103036062643,0,25,0.0,0.0,0.13319225276039096
49,4302,7.935427423518798,0,25,0.0,0.0,0.13319225276039096
49,4640,8.501751859205918,0,25,0.0,0.0,0.13319225276039096
49,4809,8.784914077049477,0,25,0.0,0.0,0.13319225276039096
49,4894,8.927332944012214,0,25,0.0,0.0,0.13319225276039096
49,4915,8.96251878173242,0,25,0.0,0.0,0.13319225276039096
49,4918,8.967545329978163,0,100,0.0,0.0,0.03699349876899627
49,4919,8.969220846060079,0,100,0.0,0.0,0.03699349876899627
49,4920,8.970896362141993,0,100,0.0,0.0,0.03699349876899627
49,4921,8.972571878223908,0,100,0.0,0.0,0.03699349876899627
49,4922,8.974247394305822,0,100,0.0,0.0,0.03699349876899627
49,4923,8.975922910387737,0,100,0.0,0.0,0.03699349876899627
49,4924,8.977598426469651,0,100,0.0,0.0,0.03699349876899627
49,4925,8.979273942551567,0,100,0.0,0.0,0.03699349876899627
49,4926,8.98094945863348,0,200,0.0,0.0,0.018845326668962936
49,4931,8.989327039043053,0,25,0.0,0.0,0.13319225276039096
49,4934,8.994353587288797,0,200,0.0,0.0,0.018845326668962936
49,4966,9.047970101910062,0,200,0.0,0.0,0.018845326668962936
49,4974,9.061374230565379,0,200,0.0,0.0,0.018845326668962936
49,4982,9.074778359220696,0,200,0.0,0.0,0.018845326668962936
50,2263,4.533894157783229,0,25,0.0,0.0,0.13319225276039096
50,3616,6.800867416613624,0,25,0.0,0.0,0.13319225276039096
50,4293,7.935191804069778,0,25,0.0,0.0,0.13319225276039096
50,4631,8.5015162397569,0,25,0.0,0.0,0.13319225276039096
50,4800,8.784678457600458,0,25,0.0,0.0,0.13319225276039096
50,4885,8.927097324563196,0,25,0.0,0.0,0.13319225276039096
50,4906,8.962283162283402,0,25,0.0,0.0,0.13319225276039096
50,4909,8.967309710529145,0,100,0.0,0.0,0.03699349876899627
50,4910,8.96898522661106,0,100,0.0,0.0,0.03699349876899627
50,4911,8.970660742692974,0,100,0.0,0.0,0.03699349876899627
50,4912,8.97233625877489,0,100,0.0,0.0,0.03699349876899627
50,4913,8.974011774856804,0,100,0.0,0.0,0.03699349876899627
50,4914,8.975687290938719,0,100,0.0,0.0,0.03699349876899627
50,4915,8.977362807020633,0,100,0.0,0.0,0.03699349876899627
50,4916,8.979038323102548,0,100,0.0,0.0,0.03699349876899627
50,4917,8.980713839184462,0,200,0.0,0.0,0.018845326668962936
50,4922,8.989091419594034,0,25,0.0,0.0,0.13319225276039096
50,4925,8.99411796783978,0,200,0.0,0.0,0.018845326668962936
50,4957,9.047734482461044,0,200,0.0,0.0,0.018845326668962936
50,4965,9.06113861111636,0,200,0.0,0.0,0.018845326668962936
50,4973,9.074542739771678,0,200,0.0,0.0,0.018845326668962936
51,2254,4.53365853833421,0,25,0.0,0.0,0.13319225276039096
51,3607,6.800631797164604,0,25,0.0,0.0,0.13319225276039096
51,4284,7.934956184620759,0,25,0.0,0.0,0.13319225276039096
51,4622,8.50128062030788,0,25,0.0,0.0,0.13319225276039096
51,4792,8.786118354233354,0,25,0.0,0.0,0.13319225276039096
51,4876,8.926861705114176,0,25,0.0,0.0,0.13319225276039096
51,4897,8.962047542834382,0,25,0.0,0.0,0.13319225276039096
51,4900,8.967074091080125,0,100,0.0,0.0,0.03699349876899627
51,4901,8.96874960716204,0,100,0.0,0.0,0.03699349876899627
51,4902,8.970425123243954,0,100,0.0,0.0,0.03699349876899627
51,4903,8.97210063932587,0,100,0.0,0.0,0.03699349876899627
51,4904,8.973776155407784,0,100,0.0,0.0,0.03699349876899627
51,4905,8.975451671489699,0,100,0.0,0.0,0.03699349876899627
51,4906,8.977127187571613,0,100,0.0,0.0,0.03699349876899627
51,4907,8.978802703653527,0,100,0.0,0.0,0.03699349876899627
51,4908,8.980478219735442,0,200,0.0,0.0,0.018845326668962936
51,4913,8.988855800145014,0,25,0.0,0.0,0.13319225276039096
51,4916,8.993882348390759,0,200,0.0,0.0,0.018845326668962936
51,4948,9.047498863012024,0,200,0.0,0.0,0.018845326668962936
51,4956,9.06090299166734,0,200,0.0,0.0,0.018845326668962936
51,4964,9.074307120322658,0,200,0.0,0.0,0.018845326668962936
52,2245,4.533422918885191,0,25,0.0,0.0,0.13319225276039096
52,3599,6.8020716937975,0,25,0.0,0.0,0.13319225276039096
52,4275,7.93472056517174,0,25,0.0,0.0,0.13319225276039096
52,4614,8.502720516940775,0,25,0.0,0.0,0.13319225276039096
52,4783,8.785882734784336,0,25,0.0,0.0,0.13319225276039096
52,4867,8.926626085665157,0,25,0.0,0.0,0.13319225276039096
52,4888,8.961811923385364,0,25,0.0,0.0,0.13319225276039096
52,4892,8.968513987713022,0,100,0.0,0.0,0.03699349876899627
52,4893,8.970189503794936,0,100,0.0,0.0,0.03699349876899627
52,4894,8.97186501987685,0,100,0.0,0.0,0.03699349876899627
52,4895,8.973540535958765,0,100,0.0,0.0,0.03699349876899627
52,4896,8.975216052040679,0,100,0.0,0.0,0.03699349876899627
52,4897,8.976891568122594,0,100,0.0,0.0,0.03699349876899627
52,4898,8.978567084204508,0,100,0.0,0.0,0.03699349876899627
52,4899,8.980242600286424,0,100,0.0,0.0,0.03699349876899627
52,4900,8.981918116368337,0,200,0.0,0.0,0.018845326668962936
52,4904,8.988620180695996,0,25,0.0,0.0,0.13319225276039096
52,4907,8.993646728941739,0,25,0.0,0.0,0.13319225276039096
52,4908,8.995322245023655,0,200,0.0,0.0,0.018845326668962936
52,4940,9.048938759644921,0,200,0.0,0.0,0.018845326668962936
52,4948,9.062342888300236,0,200,0.0,0.0,0.018845326668962936
52,4956,9.075747016955553,0,200,0.0,0.0,0.018845326668962936
53,2236,4.533187299436172,0,25,0.0,0.0,0.13319225276039096
53,3590,6.801836074348481,0,25,0.0,0.0,0.13319225276039096
53,4266,7.934484945722721,0,25,0.0,0.0,0.13319225276039096
53,4605,8.502484897491755,0,25,0.0,0.0,0.13319225276039096
53,4774,8.785647115335316,0,25,0.0,0.0,0.13319225276039096
53,4858,8.926390466216137,0,25,0.0,0.0,0.13319225276039096
53,4880,8.963251820018257,0,25,0.0,0.0,0.13319225276039096
53,4883,8.968278368264002,0,100,0.0,0.0,0.03699349876899627
53,4884,8.969953884345916,0,100,0.0,0.0,0.03699349876899627
53,4885,8.97162940042783,0,100,0.0,0.0,0.03699349876899627
53,4886,8.973304916509747,0,100,0.0,0.0,0.03699349876899627
53,4887,8.97498043259166,0,100,0.0,0.0,0.03699349876899627
53,4888,8.976655948673574,0,100,0.0,0.0,0.03699349876899627
53,4889,8.978331464755488,0,100,0.0,0.0,0.03699349876899627
53,4890,8.980006980837405,0,100,0.0,0.0,0.03699349876899627
53,4891,8.98168249691932,0,200,0.0,0.0,0.018845326668962936
53,4895,8.988384561246978,0,25,0.0,0.0,0.13319225276039096
53,4898,8.993411109492719,0,25,0.0,0.0,0.13319225276039096
53,4899,8.995086625574636,0,200,0.0,0.0,0.018845326668962936
53,4931,9.0487031401959,0,200,0.0,0.0,0.018845326668962936
53,4939,9.062107268851218,0,200,0.0,0.0,0.018845326668962936
53,4947,9.075511397506535,0,200,0.0,0.0,0.018845326668962936
54,2228,4.534627196069067,0,25,0.0,0.0,0.13319225276039096
54,3581,6.801600454899462,0,25,0.0,0.0,0.13319225276039096
54,4258,7.935924842355616,0,25,0.0,0.0,0.13319225276039096
54,4596,8.502249278042736,0,25,0.0,0.0,0.13319225276039096
54,4765,8.785411495886297,0,25,0.0,0.0,0.13319225276039096
54,4850,8.927830362849033,0,25,0.0,0.0,0.13319225276039096
54,4871,8.963016200569239,0,25,0.0,0.0,0.13319225276039096
54,4874,8.968042748814982,0,100,0.0,0.0,0.03699349876899627
54,4875,8.969718264896898,0,100,0.0,0.0,0.03699349876899627
54,4876,8.971393780978811,0,100,0.0,0.0,0.03699349876899627
54,4877,8.973069297060727,0,100,0.0,0.0,0.03699349876899627
54,4878,8.97474481314264,0,100,0.0,0.0,0.03699349876899627
54,4879,8.976420329224556,0,100,0.0,0.0,0.03699349876899627
54,4880,8.97809584530647,0,100,0.0,0.0,0.03699349876899627
54,4881,8.979771361388385,0,100,0.0,0.0,0.03699349876899627
54,4882,8.9814468774703,0,200,0.0,0.0,0.018845326668962936
54,4887,8.989824457879871,0,25,0.0,0.0,0.13319225276039096
54,4889,8.9931754900437,0,25,0.0,0.0,0.13319225276039096
54,4890,8.994851006125616,0,200,0.0,0.0,0.018845326668962936
54,4922,9.04846752074688,0,200,0.0,0.0,0.018845326668962936
54,4930,9.061871649402198,0,200,0.0,0.0,0.018845326668962936
54,4938,9.075275778057515,0,200,0.0,0.0,0.018845326668962936
55,2219,4.534391576620048,0,25,0.0,0.0,0.13319225276039096
55,3572,6.801364835450442,0,25,0.0,0.0,0.13319225276039096
55,4249,7.935689222906596,0,25,0.0,0.0,0.13319225276039096
55,4587,8.502013658593716,0,25,0.0,0.0,0.13319225276039096
55,4756,8.785175876437277,0,25,0.0,0.0,0.13319225276039096
55,4841,8.927594743400014,0,25,0.0,0.0,0.13319225276039096
55,4862,8.96278058112022,0,25,0.0,0.0,0.13319225276039096
55,4865,8.967807129365964,0,100,0.0,0.0,0.03699349876899627
55,4866,8.96948264544788,0,100,0.0,0.0,0.03699349876899627
55,4867,8.971158161529793,0,100,0.0,0.0,0.03699349876899627
55,4868,8.972833677611709,0,100,0.0,0.0,0.03699349876899627
55,4869,8.974509193693622,0,100,0.0,0.0,0.03699349876899627
55,4870,8.976184709775536,0,100,0.0,0.0,0.03699349876899627
55,4871,8.977860225857452,0,100,0.0,0.0,0.03699349876899627
55,4872,8.979535741939365,0,100,0.0,0.0,0.03699349876899627
55,4873,8.98121125802128,0,200,0.0,0.0,0.018845326668962936
55,4878,8.989588838430853,0,25,0.0,0.0,0.13319225276039096
55,4880,8.992939870594682,0,25,0.0,0.0,0.13319225276039096
55,4881,8.994615386676598,0,200,0.0,0.0,0.018845326668962936
55,4913,9.048231901297862,0,200,0.0,0.0,0.018845326668962936
55,4921,9.06163602995318,0,200,0.0,0.0,0.018845326668962936
55,4929,9.075040158608497,0,200,0.0,0.0,0.018845326668962936
56,2210,4.534155957171029,0,25,0.0,0.0,0.13319225276039096
56,3563,6.8011292160014225,0,25,0.0,0.0,0.13319225276039096
56,4240,7.935453603457578,0,25,0.0,0.0,0.13319225276039096
56,4578,8.501778039144698,0,25,0.0,0.0,0.13319225276039096
56,4747,8.784940256988257,0,25,0.0,0.0,0.13319225276039096
56,4832,8.927359123950994,0,25,0.0,0.0,0.13319225276039096
56,4853,8.9625449616712,0,25,0.0,0.0,0.13319225276039096
56,4856,8.967571509916944,0,100,0.0,0.0,0.03699349876899627
56,4857,8.96924702599886,0,100,0.0,0.0,0.03699349876899627
56,4858,8.970922542080773,0,100,0.0,0.0,0.03699349876899627
56,4859,8.972598058162687,0,100,0.0,0.0,0.03699349876899627
56,4860,8.974273574244602,0,100,0.0,0.0,0.03699349876899627
56,4861,8.975949090326516,0,100,0.0,0.0,0.03699349876899627
56,4862,8.977624606408432,0,100,0.0,0.0,0.03699349876899627
56,4863,8.979300122490345,0,100,0.0,0.0,0.03699349876899627
56,4864,8.98097563857226,0,200,0.0,0.0,0.018845326668962936
56,4869,8.989353218981833,0,25,0.0,0.0,0.13319225276039096
56,4872,8.994379767227576,0,200,0.0,0.0,0.018845326668962936
56,4904,9.047996281848842,0,200,0.0,0.0,0.018845326668962936
56,4912,9.06140041050416,0,200,0.0,0.0,0.018845326668962936
56,4920,9.074804539159475,0,200,0.0,0.0,0.018845326668962936
57,2201,4.53392033772201,0,25,0.0,0.0,0.13319225276039096
57,3554,6.800893596552404,0,25,0.0,0.0,0.13319225276039096
57,4231,7.935217984008559,0,25,0.0,0.0,0.13319225276039096
57,4569,8.501542419695678,0,25,0.0,0.0,0.13319225276039096
57,4738,8.784704637539239,0,25,0.0,0.0,0.13319225276039096
57,4823,8.927123504501976,0,25,0.0,0.0,0.13319225276039096
57,4844,8.962309342222182,0,25,0.0,0.0,0.13319225276039096
57,4847,8.967335890467925,0,100,0.0,0.0,0.03699349876899627
57,4848,8.96901140654984,0,100,0.0,0.0,0.03699349876899627
57,4849,8.970686922631755,0,100,0.0,0.0,0.03699349876899627
57,4850,8.972362438713668,0,100,0.0,0.0,0.03699349876899627
57,4851,8.974037954795584,0,100,0.0,0.0,0.03699349876899627
57,4852,8.975713470877498,0,100,0.0,0.0,0.03699349876899627
57,4853,8.977388986959413,0,100,0.0,0.0,0.03699349876899627
57,4854,8.979064503041327,0,100,0.0,0.0,0.03699349876899627
57,4855,8.980740019123242,0,200,0.0,0.0,0.018845326668962936
57,4860,8.989117599532815,0,25,0.0,0.0,0.13319225276039096
57,4863,8.994144147778558,0,200,0.0,0.0,0.018845326668962936
57,4895,9.047760662399824,0,200,0.0,0.0,0.018845326668962936
57,4903,9.061164791055141,0,200,0.0,0.0,0.018845326668962936
57,4911,9.074568919710456,0,200,0.0,0.0,0.018845326668962936
58,2192,4.53368471827299,0,25,0.0,0.0,0.13319225276039096
58,3545,6.800657977103385,0,25,0.0,0.0,0.13319225276039096
58,4222,7.93498236455954,0,25,0.0,0.0,0.13319225276039096
58,4560,8.50130680024666,0,25,0.0,0.0,0.13319225276039096
58,4730,8.786144534172134,0,25,0.0,0.0,0.13319225276039096
58,4814,8.926887885052956,0,25,0.0,0.0,0.13319225276039096
58,4835,8.96207372277316,0,25,0.0,0.0,0.13319225276039096
58,4838,8.967100271018905,0,100,0.0,0.0,0.03699349876899627
58,4839,8.96877578710082,0,100,0.0,0.0,0.03699349876899627
58,4840,8.970451303182735,0,100,0.0,0.0,0.03699349876899627
58,4841,8.972126819264648,0,100,0.0,0.0,0.03699349876899627
58,4842,8.973802335346564,0,100,0.0,0.0,0.03699349876899627
58,4843,8.975477851428478,0,100,0.0,0.0,0.03699349876899627
58,4844,8.977153367510393,0,100,0.0,0.0,0.03699349876899627
58,4845,8.978828883592307,0,100,0.0,0.0,0.03699349876899627
58,4846,8.98050439967422,0,200,0.0,0.0,0.018845326668962936
58,4851,8.988881980083795,0,25,0.0,0.0,0.13319225276039096
58,4854,8.993908528329538,0,200,0.0,0.0,0.018845326668962936
58,4886,9.047525042950804,0,200,0.0,0.0,0.018845326668962936
58,4894,9.06092917160612,0,200,0.0,0.0,0.018845326668962936
58,4902,9.074333300261436,0,200,0.0,0.0,0.018845326668962936
59,2183,4.53344909882397,0,25,0.0,0.0,0.13319225276039096
59,3537,6.80209787373628,0,25,0.0,0.0,0.13319225276039096
59,4213,7.93474674511052,0,25,0.0,0.0,0.13319225276039096
59,4552,8.502746696879555,0,25,0.0,0.0,0.13319225276039096
59,4721,8.785908914723114,0,25,0.0,0.0,0.13319225276039096
59,4805,8.926652265603938,0,25,0.0,0.0,0.13319225276039096
59,4826,8.961838103324142,0,25,0.0,0.0,0.13319225276039096
59,4830,8.9685401676518,0,100,0.0,0.0,0.03699349876899627
59,4831,8.970215683733716,0,100,0.0,0.0,0.03699349876899627
59,4832,8.97189119981563,0,100,0.0,0.0,0.03699349876899627
59,4833,8.973566715897546,0,100,0.0,0.0,0.03699349876899627
59,4834,8.97524223197946,0,100,0.0,0.0,0.03699349876899627
59,4835,8.976917748061373,0,100,0.0,0.0,0.03699349876899627
59,4836,8.978593264143289,0,100,0.0,0.0,0.03699349876899627
59,4837,8.980268780225202,0,100,0.0,0.0,0.03699349876899627
59,4838,8.981944296307118,0,200,0.0,0.0,0.018845326668962936
59,4842,8.988646360634776,0,25,0.0,0.0,0.13319225276039096
59,4845,8.99367290888052,0,25,0.0,0.0,0.13319225276039096
59,4846,8.995348424962433,0,200,0.0,0.0,0.018845326668962936
59,4878,9.0489649395837,0,200,0.0,0.0,0.018845326668962936
59,4886,9.062369068239017,0,200,0.0,0.0,0.018845326668962936
59,4894,9.075773196894332,0,200,0.0,0.0,0.018845326668962936
60,2174,4.533213479374951,0,25,0.0,0.0,0.13319225276039096
60,3528,6.80186225428726,0,25,0.0,0.0,0.13319225276039096
60,4204,7.9345111256615,0,25,0.0,0.0,0.13319225276039096
60,4543,8.502511077430535,0,25,0.0,0.0,0.13319225276039096
60,4712,8.785673295274096,0,25,0.0,0.0,0.13319225276039096
60,4796,8.92641664615492,0,25,0.0,0.0,0.13319225276039096
60,4818,8.96327799995704,0,25,0.0,0.0,0.13319225276039096
60,4821,8.968304548202783,0,100,0.0,0.0,0.03699349876899627
60,4822,8.969980064284696,0,100,0.0,0.0,0.03699349876899627
60,4823,8.971655580366612,0,100,0.0,0.0,0.03699349876899627
60,4824,8.973331096448526,0,100,0.0,0.0,0.03699349876899627
60,4825,8.975006612530441,0,100,0.0,0.0,0.03699349876899627
60,4826,8.976682128612355,0,100,0.0,0.0,0.03699349876899627
60,4827,8.97835764469427,0,100,0.0,0.0,0.03699349876899627
60,4828,8.980033160776184,0,100,0.0,0.0,0.03699349876899627
60,4829,8.9817086768581,0,200,0.0,0.0,0.018845326668962936
60,4833,8.988410741185758,0,25,0.0,0.0,0.13319225276039096
60,4836,8.993437289431501,0,25,0.0,0.0,0.13319225276039096
60,4837,8.995112805513415,0,200,0.0,0.0,0.018845326668962936
60,4869,9.048729320134681,0,200,0.0,0.0,0.018845326668962936
60,4877,9.062133448789998,0,200,0.0,0.0,0.018845326668962936
60,4885,9.075537577445314,0,200,0.0,0.0,0.018845326668962936
61,2166,4.534653376007847,0,25,0.0,0.0,0.13319225276039096
61,3519,6.801626634838241,0,25,0.0,0.0,0.13319225276039096
61,4196,7.935951022294397,0,25,0.0,0.0,0.13319225276039096
61,4534,8.502275457981517,0,25,0.0,0.0,0.13319225276039096
61,4703,8.785437675825076,0,25,0.0,0.0,0.13319225276039096
61,4788,8.927856542787813,0,25,0.0,0.0,0.13319225276039096
61,4809,8.963042380508018,0,25,0.0,0.0,0.13319225276039096
61,4812,8.968068928753762,0,100,0.0,0.0,0.03699349876899627
61,4813,8.969744444835676,0,100,0.0,0.0,0.03699349876899627
61,4814,8.971419960917592,0,100,0.0,0.0,0.03699349876899627
61,4815,8.973095476999505,0,100,0.0,0.0,0.03699349876899627
61,4816,8.974770993081421,0,100,0.0,0.0,0.03699349876899627
61,4817,8.976446509163335,0,100,0.0,0.0,0.03699349876899627
61,4818,8.97812202524525,0,100,0.0,0.0,0.03699349876899627
61,4819,8.979797541327164,0,100,0.0,0.0,0.03699349876899627
61,4820,8.98147305740908,0,200,0.0,0.0,0.018845326668962936
61,4825,8.989850637818652,0,25,0.0,0.0,0.13319225276039096
61,4827,8.993201669982481,0,25,0.0,0.0,0.13319225276039096
61,4828,8.994877186064395,0,200,0.0,0.0,0.018845326668962936
61,4860,9.048493700685661,0,200,0.0,0.0,0.018845326668962936
61,4868,9.061897829340978,0,200,0.0,0.0,0.018845326668962936
61,4876,9.075301957996293,0,200,0.0,0.0,0.018845326668962936
62,2157,4.5344177565588275,0,25,0.0,0.0,0.13319225276039096
62,3510,6.801391015389222,0,25,0.0,0.0,0.13319225276039096
62,4187,7.935715402845377,0,25,0.0,0.0,0.13319225276039096
62,4525,8.502039838532497,0,25,0.0,0.0,0.13319225276039096
62,4694,8.785202056376058,0,25,0.0,0.0,0.13319225276039096
62,4779,8.927620923338795,0,25,0.0,0.0,0.13319225276039096
62,4800,8.962806761059,0,25,0.0,0.0,0.13319225276039096
62,4803,8.967833309304744,0,100,0.0,0.0,0.03699349876899627
62,4804,8.969508825386658,0,100,0.0,0.0,0.03699349876899627
62,4805,8.971184341468573,0,100,0.0,0.0,0.03699349876899627
62,4806,8.972859857550487,0,100,0.0,0.0,0.03699349876899627
62,4807,8.974535373632403,0,100,0.0,0.0,0.03699349876899627
62,4808,8.976210889714316,0,100,0.0,0.0,0.03699349876899627
62,4809,8.97788640579623,0,100,0.0,0.0,0.03699349876899627
62,4810,8.979561921878146,0,100,0.0,0.0,0.03699349876899627
62,4811,8.98123743796006,0,200,0.0,0.0,0.018845326668962936
62,4816,8.989615018369634,0,25,0.0,0.0,0.13319225276039096
62,4818,8.992966050533463,0,25,0.0,0.0,0.13319225276039096
62,4819,8.994641566615377,0,200,0.0,0.0,0.018845326668962936
62,4851,9.048258081236643,0,200,0.0,0.0,0.018845326668962936
62,4859,9.061662209891958,0,200,0.0,0.0,0.018845326668962936
62,4867,9.075066338547275,0,200,0.0,0.0,0.018845326668962936
63,2148,4.534182137109808,0,25,0.0,0.0,0.13319225276039096
63,3501,6.801155395940203,0,25,0.0,0.0,0.13319225276039096
63,4178,7.9354797833963575,0,25,0.0,0.0,0.13319225276039096
63,4516,8.501804219083477,0,25,0.0,0.0,0.13319225276039096
63,4685,8.784966436927037,0,25,0.0,0.0,0.13319225276039096
63,4770,8.927385303889775,0,25,0.0,0.0,0.13319225276039096
63,4791,8.96257114160998,0,25,0.0,0.0,0.13319225276039096
63,4794,8.967597689855724,0,100,0.0,0.0,0.03699349876899627
63,4795,8.969273205937638,0,100,0.0,0.0,0.03699349876899627
63,4796,8.970948722019553,0,100,0.0,0.0,0.03699349876899627
63,4797,8.972624238101467,0,100,0.0,0.0,0.03699349876899627
63,4798,8.97429975418338,0,100,0.0,0.0,0.03699349876899627
63,4799,8.975975270265296,0,100,0.0,0.0,0.03699349876899627
63,4800,8.97765078634721,0,100,0.0,0.0,0.03699349876899627
63,4801,8.979326302429126,0,100,0.0,0.0,0.03699349876899627
63,4802,8.98100181851104,0,200,0.0,0.0,0.018845326668962936
63,4807,8.989379398920613,0,25,0.0,0.0,0.13319225276039096
63,4810,8.994405947166356,0,200,0.0,0.0,0.018845326668962936
63,4842,9.048022461787623,0,200,0.0,0.0,0.018845326668962936
63,4850,9.061426590442938,0,200,0.0,0.0,0.018845326668962936
63,4858,9.074830719098255,0,200,0.0,0.0,0.018845326668962936
64,2139,4.533946517660789,0,25,0.0,0.0,0.13319225276039096
64,3492,6.800919776491184,0,25,0.0,0.0,0.13319225276039096
64,4169,7.935244163947338,0,25,0.0,0.0,0.13319225276039096
64,4507,8.501568599634458,0,25,0.0,0.0,0.13319225276039096
64,4676,8.784730817478017,0,25,0.0,0.0,0.13319225276039096
64,4761,8.927149684440757,0,25,0.0,0.0,0.13319225276039096
64,4782,8.962335522160961,0,25,0.0,0.0,0.13319225276039096
64,4785,8.967362070406704,0,100,0.0,0.0,0.03699349876899627
64,4786,8.96903758648862,0,100,0.0,0.0,0.03699349876899627
64,4787,8.970713102570533,0,100,0.0,0.0,0.03699349876899627
64,4788,8.972388618652449,0,100,0.0,0.0,0.03699349876899627
64,4789,8.974064134734363,0,100,0.0,0.0,0.03699349876899627
64,4790,8.975739650816278,0,100,0.0,0.0,0.03699349876899627
64,4791,8.977415166898192,0,100,0.0,0.0,0.03699349876899627
64,4792,8.979090682980107,0,100,0.0,0.0,0.03699349876899627
64,4793,8.980766199062021,0,200,0.0,0.0,0.018845326668962936
64,4798,8.989143779471593,0,25,0.0,0.0,0.13319225276039096
64,4801,8.994170327717338,0,200,0.0,0.0,0.018845326668962936
64,4833,9.047786842338605,0,200,0.0,0.0,0.018845326668962936
64,4841,9.06119097099392,0,200,0.0,0.0,0.018845326668962936
64,4849,9.074595099649237,0,200,0.0,0.0,0.018845326668962936
65,2130,4.53371089821177,0,25,0.0,0.0,0.13319225276039096
65,3483,6.800684157042165,0,25,0.0,0.0,0.13319225276039096
65,4160,7.935008544498319,0,25,0.0,0.0,0.13319225276039096
65,4498,8.50133298018544,0,25,0.0,0.0,0.13319225276039096
65,4668,8.786170714110915,0,25,0.0,0.0,0.13319225276039096
65,4752,8.926914064991736,0,25,0.0,0.0,0.13319225276039096
65,4773,8.962099902711943,0,25,0.0,0.0,0.13319225276039096
65,4776,8.967126450957686,0,100,0.0,0.0,0.03699349876899627
65,4777,8.968801967039601,0,100,0.0,0.0,0.03699349876899627
65,4778,8.970477483121515,0,100,0.0,0.0,0.03699349876899627
65,4779,8.97215299920343,0,100,0.0,0.0,0.03699349876899627
65,4780,8.973828515285344,0,100,0.0,0.0,0.03699349876899627
65,4781,8.97550403136726,0,100,0.0,0.0,0.03699349876899627
65,4782,8.977179547449174,0,100,0.0,0.0,0.03699349876899627
65,4783,8.978855063531089,0,100,0.0,0.0,0.03699349876899627
65,4784,8.980530579613003,0,200,0.0,0.0,0.018845326668962936
65,4789,8.988908160022575,0,25,0.0,0.0,0.13319225276039096
65,4792,8.99393470826832,0,200,0.0,0.0,0.018845326668962936
65,4824,9.047551222889584,0,200,0.0,0.0,0.018845326668962936
65,4832,9.060955351544902,0,200,0.0,0.0,0.018845326668962936
65,4840,9.074359480200219,0,200,0.0,0.0,0.018845326668962936
66,2121,4.533475278762751,0,25,0.0,0.0,0.13319225276039096
66,3475,6.802124053675059,0,25,0.0,0.0,0.13319225276039096
66,4151,7.934772925049299,0,25,0.0,0.0,0.13319225276039096
66,4490,8.502772876818334,0,25,0.0,0.0,0.13319225276039096
66,4659,8.785935094661895,0,25,0.0,0.0,0.13319225276039096
66,4743,8.926678445542716,0,25,0.0,0.0,0.13319225276039096
66,4764,8.961864283262923,0,25,0.0,0.0,0.13319225276039096
66,4768,8.968566347590581,0,100,0.0,0.0,0.03699349876899627
66,4769,8.970241863672495,0,100,0.0,0.0,0.03699349876899627
66,4770,8.97191737975441,0,100,0.0,0.0,0.03699349876899627
66,4771,8.973592895836324,0,100,0.0,0.0,0.03699349876899627
66,4772,8.97526841191824,0,100,0.0,0.0,0.03699349876899627
66,4773,8.976943928000154,0,100,0.0,0.0,0.03699349876899627
66,4774,8.978619444082069,0,100,0.0,0.0,0.03699349876899627
66,4775,8.980294960163983,0,100,0.0,0.0,0.03699349876899627
66,4776,8.981970476245897,0,200,0.0,0.0,0.018845326668962936
66,4780,8.988672540573555,0,25,0.0,0.0,0.13319225276039096
66,4783,8.9936990888193,0,25,0.0,0.0,0.13319225276039096
66,4784,8.995374604901214,0,200,0.0,0.0,0.018845326668962936
66,4816,9.04899111952248,0,200,0.0,0.0,0.018845326668962936
66,4824,9.062395248177795,0,200,0.0,0.0,0.018845326668962936
66,4832,9.075799376833112,0,200,0.0,0.0,0.018845326668962936
67,2112,4.533239659313731,0,25,0.0,0.0,0.13319225276039096
67,3466,6.80188843422604,0,25,0.0,0.0,0.13319225276039096
67,4142,7.93453730560028,0,25,0.0,0.0,0.13319225276039096
67,4481,8.502537257369315,0,25,0.0,0.0,0.13319225276039096
67,4650,8.785699475212875,0,25,0.0,0.0,0.13319225276039096
67,4734,8.926442826093698,0,25,0.0,0.0,0.13319225276039096
67,4756,8.963304179895818,0,25,0.0,0.0,0.13319225276039096
67,4759,8.968330728141561,0,100,0.0,0.0,0.03699349876899627
67,4760,8.970006244223477,0,100,0.0,0.0,0.03699349876899627
67,4761,8.97168176030539,0,100,0.0,0.0,0.03699349876899627
67,4762,8.973357276387306,0,100,0.0,0.0,0.03699349876899627
67,4763,8.97503279246922,0,100,0.0,0.0,0.03699349876899627
67,4764,8.976708308551135,0,100,0.0,0.0,0.03699349876899627
67,4765,8.978383824633049,0,100,0.0,0.0,0.03699349876899627
67,4766,8.980059340714964,0,100,0.0,0.0,0.03699349876899627
67,4767,8.981734856796878,0,200,0.0,0.0,0.018845326668962936
67,4771,8.988436921124537,0,25,0.0,0.0,0.13319225276039096
67,4774,8.99346346937028,0,25,0.0,0.0,0.13319225276039096
67,4775,8.995138985452195,0,200,0.0,0.0,0.018845326668962936
67,4807,9.048755500073462,0,200,0.0,0.0,0.018845326668962936
67,4815,9.062159628728777,0,200,0.0,0.0,0.018845326668962936
67,4823,9.075563757384094,0,200,0.0,0.0,0.018845326668962936
68,2104,4.534679555946627,0,25,0.0,0.0,0.13319225276039096
68,3457,6.801652814777022,0,25,0.0,0.0,0.13319225276039096
68,4134,7.935977202233176,0,25,0.0,0.0,0.13319225276039096
68,4472,8.502301637920295,0,25,0.0,0.0,0.13319225276039096
68,4641,8.785463855763856,0,25,0.0,0.0,0.13319225276039096
68,4726,8.927882722726594,0,25,0.0,0.0,0.13319225276039096
68,4747,8.963068560446798,0,25,0.0,0.0,0.13319225276039096
68,4750,8.968095108692543,0,100,0.0,0.0,0.03699349876899627
68,4751,8.969770624774457,0,100,0.0,0.0,0.03699349876899627
68,4752,8.971446140856372,0,100,0.0,0.0,0.03699349876899627
68,4753,8.973121656938286,0,100,0.0,0.0,0.03699349876899627
68,4754,8.974797173020201,0,100,0.0,0.0,0.03699349876899627
68,4755,8.976472689102115,0,100,0.0,0.0,0.03699349876899627
68,4756,8.978148205184029,0,100,0.0,0.0,0.03699349876899627
68,4757,8.979823721265944,0,100,0.0,0.0,0.03699349876899627
68,4758,8.981499237347858,0,200,0.0,0.0,0.018845326668962936
68,4763,8.989876817757432,0,25,0.0,0.0,0.13319225276039096
68,4765,8.993227849921261,0,25,0.0,0.0,0.13319225276039096
68,4766,8.994903366003175,0,200,0.0,0.0,0.018845326668962936
68,4798,9.04851988062444,0,200,0.0,0.0,0.018845326668962936
68,4806,9.061924009279757,0,200,0.0,0.0,0.018845326668962936
68,4814,9.075328137935074,0,200,0.0,0.0,0.018845326668962936
69,2095,4.534443936497608,0,25,0.0,0.0,0.13319225276039096
69,3448,6.8014171953280025,0,25,0.0,0.0,0.13319225276039096
69,4125,7.935741582784157,0,25,0.0,0.0,0.13319225276039096
69,4463,8.502066018471277,0,25,0.0,0.0,0.13319225276039096
69,4632,8.785228236314836,0,25,0.0,0.0,0.13319225276039096
69,4717,8.927647103277575,0,25,0.0,0.0,0.13319225276039096
69,4738,8.96283294099778,0,25,0.0,0.0,0.13319225276039096
69,4741,8.967859489243523,0,100,0.0,0.0,0.03699349876899627
69,4742,8.969535005325438,0,100,0.0,0.0,0.03699349876899627
69,4743,8.971210521407352,0,100,0.0,0.0,0.03699349876899627
69,4744,8.972886037489268,0,100,0.0,0.0,0.03699349876899627
69,4745,8.974561553571181,0,100,0.0,0.0,0.03699349876899627
69,4746,8.976237069653095,0,100,0.0,0.0,0.03699349876899627
69,4747,8.97791258573501,0,100,0.0,0.0,0.03699349876899627
69,4748,8.979588101816926,0,100,0.0,0.0,0.03699349876899627
69,4749,8.98126361789884,0,200,0.0,0.0,0.018845326668962936
69,4754,8.989641198308412,0,25,0.0,0.0,0.13319225276039096
69,4756,8.992992230472241,0,25,0.0,0.0,0.13319225276039096
69,4757,8.994667746554157,0,200,0.0,0.0,0.018845326668962936
69,4789,9.048284261175422,0,200,0.0,0.0,0.018845326668962936
69,4797,9.061688389830739,0,200,0.0,0.0,0.018845326668962936
69,4805,9.075092518486056,0,200,0.0,0.0,0.018845326668962936
70,2086,4.534208317048588,0,25,0.0,0.0,0.13319225276039096
70,3439,6.801181575878982,0,25,0.0,0.0,0.13319225276039096
70,4116,7.935505963335137,0,25,0.0,0.0,0.13319225276039096
70,4454,8.501830399022257,0,25,0.0,0.0,0.13319225276039096
70,4623,8.784992616865818,0,25,0.0,0.0,0.13319225276039096
70,4708,8.927411483828553,0,25,0.0,0.0,0.13319225276039096
70,4729,8.96259732154876,0,25,0.0,0.0,0.13319225276039096
70,4732,8.967623869794505,0,100,0.0,0.0,0.03699349876899627
70,4733,8.969299385876418,0,100,0.0,0.0,0.03699349876899627
70,4734,8.970974901958332,0,100,0.0,0.0,0.03699349876899627
70,4735,8.972650418040248,0,100,0.0,0.0,0.03699349876899627
70,4736,8.974325934122163,0,100,0.0,0.0,0.03699349876899627
70,4737,8.976001450204077,0,100,0.0,0.0,0.03699349876899627
70,4738,8.97767696628599,0,100,0.0,0.0,0.03699349876899627
70,4739,8.979352482367906,0,100,0.0,0.0,0.03699349876899627
70,4740,8.981027998449822,0,200,0.0,0.0,0.018845326668962936
70,4745,8.989405578859394,0,25,0.0,0.0,0.13319225276039096
70,4747,8.992756611023221,0,25,0.0,0.0,0.13319225276039096
70,4748,8.994432127105137,0,200,0.0,0.0,0.018845326668962936
70,4780,9.048048641726403,0,200,0.0,0.0,0.018845326668962936
70,4788,9.06145277038172,0,200,0.0,0.0,0.018845326668962936
70,4796,9.074856899037037,0,200,0.0,0.0,0.018845326668962936
71,2077,4.533972697599569,0,25,0.0,0.0,0.13319225276039096
71,3430,6.800945956429963,0,25,0.0,0.0,0.13319225276039096
71,4107,7.935270343886118,0,25,0.0,0.0,0.13319225276039096
71,4445,8.501594779573239,0,25,0.0,0.0,0.13319225276039096
71,4614,8.784756997416798,0,25,0.0,0.0,0.13319225276039096
71,4699,8.927175864379535,0,25,0.0,0.0,0.13319225276039096
71,4720,8.962361702099741,0,25,0.0,0.0,0.13319225276039096
71,4723,8.967388250345484,0,100,0.0,0.0,0.03699349876899627
71,4724,8.9690637664274,0,100,0.0,0.0,0.03699349876899627
71,4725,8.970739282509314,0,100,0.0,0.0,0.03699349876899627
71,4726,8.97241479859123,0,100,0.0,0.0,0.03699349876899627
71,4727,8.974090314673143,0,100,0.0,0.0,0.03699349876899627
71,4728,8.975765830755059,0,100,0.0,0.0,0.03699349876899627
71,4729,8.977441346836972,0,100,0.0,0.0,0.03699349876899627
71,4730,8.979116862918888,0,100,0.0,0.0,0.03699349876899627
71,4731,8.980792379000802,0,200,0.0,0.0,0.018845326668962936
71,4736,8.989169959410374,0,25,0.0,0.0,0.13319225276039096
71,4739,8.994196507656119,0,200,0.0,0.0,0.018845326668962936
71,4771,9.047813022277383,0,200,0.0,0.0,0.018845326668962936
71,4779,9.0612171509327,0,200,0.0,0.0,0.018845326668962936
71,4787,9.074621279588015,0,200,0.0,0.0,0.018845326668962936
72,2068,4.5337370781505495,0,25,0.0,0.0,0.13319225276039096
72,3421,6.800710336980945,0,25,0.0,0.0,0.13319225276039096
72,4098,7.935034724437099,0,25,0.0,0.0,0.13319225276039096
72,4436,8.501359160124219,0,25,0.0,0.0,0.13319225276039096
72,4606,8.786196894049693,0,25,0.0,0.0,0.13319225276039096
72,4690,8.926940244930517,0,25,0.0,0.0,0.13319225276039096
72,4711,8.962126082650721,0,25,0.0,0.0,0.13319225276039096
72,4714,8.967152630896466,0,100,0.0,0.0,0.03699349876899627
72,4715,8.96882814697838,0,100,0.0,0.0,0.03699349876899627
72,4716,8.970503663060295,0,100,0.0,0.0,0.03699349876899627
72,4717,8.97217917914221,0,100,0.0,0.0,0.03699349876899627
72,4718,8.973854695224125,0,100,0.0,0.0,0.03699349876899627
72,4719,8.975530211306038,0,100,0.0,0.0,0.03699349876899627
72,4720,8.977205727387952,0,100,0.0,0.0,0.03699349876899627
72,4721,8.978881243469868,0,100,0.0,0.0,0.03699349876899627
72,4722,8.980556759551781,0,200,0.0,0.0,0.018845326668962936
72,4727,8.988934339961355,0,25,0.0,0.0,0.13319225276039096
72,4730,8.993960888207098,0,200,0.0,0.0,0.018845326668962936
72,4762,9.047577402828365,0,200,0.0,0.0,0.018845326668962936
72,4770,9.06098153148368,0,200,0.0,0.0,0.018845326668962936
72,4778,9.074385660138997,0,200,0.0,0.0,0.018845326668962936
73,2059,4.53350145870153,0,25,0.0,0.0,0.13319225276039096
73,3413,6.80215023361384,0,25,0.0,0.0,0.13319225276039096
73,4089,7.93479910498808,0,25,0.0,0.0,0.13319225276039096
73,4428,8.502799056757114,0,25,0.0,0.0,0.13319225276039096
73,4597,8.785961274600675,0,25,0.0,0.0,0.13319225276039096
73,4681,8.926704625481497,0,25,0.0,0.0,0.13319225276039096
73,4702,8.961890463201703,0,25,0.0,0.0,0.13319225276039096
73,4706,8.968592527529362,0,100,0.0,0.0,0.03699349876899627
73,4707,8.970268043611275,0,100,0.0,0.0,0.03699349876899627
73,4708,8.97194355969319,0,100,0.0,0.0,0.03699349876899627
73,4709,8.973619075775105,0,100,0.0,0.0,0.03699349876899627
73,4710,8.975294591857018,0,100,0.0,0.0,0.03699349876899627
73,4711,8.976970107938934,0,100,0.0,0.0,0.03699349876899627
73,4712,8.978645624020848,0,100,0.0,0.0,0.03699349876899627
73,4713,8.980321140102763,0,100,0.0,0.0,0.03699349876899627
73,4714,8.981996656184677,0,200,0.0,0.0,0.018845326668962936
73,4718,8.988698720512335,0,25,0.0,0.0,0.13319225276039096
73,4721,8.993725268758078,0,25,0.0,0.0,0.13319225276039096
73,4722,8.995400784839994,0,200,0.0,0.0,0.018845326668962936
73,4754,9.04901729946126,0,200,0.0,0.0,0.018845326668962936
73,4762,9.062421428116576,0,200,0.0,0.0,0.018845326668962936
73,4770,9.075825556771893,0,200,0.0,0.0,0.018845326668962936
74,2050,4.533265839252511,0,25,0.0,0.0,0.13319225276039096
74,3404,6.80191461416482,0,25,0.0,0.0,0.13319225276039096
74,4080,7.93456348553906,0,25,0.0,0.0,0.13319225276039096
74,4419,8.502563437308094,0,25,0.0,0.0,0.13319225276039096
74,4588,8.785725655151655,0,25,0.0,0.0,0.13319225276039096
74,4672,8.926469006032477,0,25,0.0,0.0,0.13319225276039096
74,4694,8.963330359834599,0,25,0.0,0.0,0.13319225276039096
74,4697,8.968356908080342,0,100,0.0,0.0,0.03699349876899627
74,4698,8.970032424162255,0,100,0.0,0.0,0.03699349876899627
74,4699,8.97170794024417,0,100,0.0,0.0,0.03699349876899627
74,4700,8.973383456326086,0,100,0.0,0.0,0.03699349876899627
74,4701,8.975058972408,0,100,0.0,0.0,0.03699349876899627
74,4702,8.976734488489914,0,100,0.0,0.0,0.03699349876899627
74,4703,8.97841000457183,0,100,0.0,0.0,0.03699349876899627
74,4704,8.980085520653745,0,100,0.0,0.0,0.03699349876899627
74,4705,8.981761036735659,0,200,0.0,0.0,0.018845326668962936
74,4709,8.988463101063317,0,25,0.0,0.0,0.13319225276039096
74,4712,8.99348964930906,0,25,0.0,0.0,0.13319225276039096
74,4713,8.995165165390976,0,200,0.0,0.0,0.018845326668962936
74,4745,9.04878168001224,0,200,0.0,0.0,0.018845326668962936
74,4753,9.062185808667557,0,200,0.0,0.0,0.018845326668962936
74,4761,9.075589937322874,0,200,0.0,0.0,0.018845326668962936
75,2042,4.534705735885407,0,25,0.0,0.0,0.13319225276039096
75,3395,6.801678994715801,0,25,0.0,0.0,0.13319225276039096
75,4071,7.934327866090041,0,25,0.0,0.0,0.13319225276039096
75,4410,8.502327817859076,0,25,0.0,0.0,0.13319225276039096
75,4579,8.785490035702637,0,25,0.0,0.0,0.13319225276039096
75,4664,8.927908902665372,0,25,0.0,0.0,0.13319225276039096
75,4685,8.963094740385579,0,25,0.0,0.0,0.13319225276039096
75,4688,8.968121288631323,0,100,0.0,0.0,0.03699349876899627
75,4689,8.969796804713237,0,100,0.0,0.0,0.03699349876899627
75,4690,8.97147232079515,0,100,0.0,0.0,0.03699349876899627
75,4691,8.973147836877066,0,100,0.0,0.0,0.03699349876899627
75,4692,8.974823352958982,0,100,0.0,0.0,0.03699349876899627
75,4693,8.976498869040896,0,100,0.0,0.0,0.03699349876899627
75,4694,8.97817438512281,0,100,0.0,0.0,0.03699349876899627
75,4695,8.979849901204723,0,100,0.0,0.0,0.03699349876899627
75,4696,8.981525417286639,0,200,0.0,0.0,0.018845326668962936
75,4701,8.989902997696213,0,25,0.0,0.0,0.13319225276039096
75,4703,8.99325402986004,0,25,0.0,0.0,0.13319225276039096
75,4704,8.994929545941956,0,200,0.0,0.0,0.018845326668962936
75,4736,9.048546060563222,0,200,0.0,0.0,0.018845326668962936
75,4744,9.061950189218537,0,200,0.0,0.0,0.018845326668962936
75,4752,9.075354317873854,0,200,0.0,0.0,0.018845326668962936
76,2033,4.534470116436387,0,25,0.0,0.0,0.13319225276039096
76,3386,6.801443375266782,0,25,0.0,0.0,0.13319225276039096
76,4063,7.935767762722937,0,25,0.0,0.0,0.13319225276039096
76,4401,8.502092198410057,0,25,0.0,0.0,0.13319225276039096
76,4570,8.785254416253617,0,25,0.0,0.0,0.13319225276039096
76,4655,8.927673283216354,0,25,0.0,0.0,0.13319225276039096
76,4676,8.96285912093656,0,25,0.0,0.0,0.13319225276039096
76,4679,8.967885669182303,0,100,0.0,0.0,0.03699349876899627
76,4680,8.969561185264219,0,100,0.0,0.0,0.03699349876899627
76,4681,8.971236701346132,0,100,0.0,0.0,0.03699349876899627
76,4682,8.972912217428048,0,100,0.0,0.0,0.03699349876899627
76,4683,8.974587733509962,0,100,0.0,0.0,0.03699349876899627
76,4684,8.976263249591875,0,100,0.0,0.0,0.03699349876899627
76,4685,8.977938765673791,0,100,0.0,0.0,0.03699349876899627
76,4686,8.979614281755705,0,100,0.0,0.0,0.03699349876899627
76,4687,8.98128979783762,0,200,0.0,0.0,0.018845326668962936
76,4692,8.989667378247193,0,25,0.0,0.0,0.13319225276039096
76,4694,8.993018410411022,0,25,0.0,0.0,0.13319225276039096
76,4695,8.994693926492936,0,200,0.0,0.0,0.018845326668962936
76,4727,9.048310441114202,0,200,0.0,0.0,0.018845326668962936
76,4735,9.061714569769519,0,200,0.0,0.0,0.018845326668962936
76,4743,9.075118698424834,0,200,0.0,0.0,0.018845326668962936
77,2024,4.534234496987368,0,25,0.0,0.0,0.13319225276039096
77,3377,6.801207755817764,0,25,0.0,0.0,0.13319225276039096
77,4054,7.935532143273917,0,25,0.0,0.0,0.13319225276039096
77,4392,8.501856578961037,0,25,0.0,0.0,0.13319225276039096
77,4561,8.785018796804598,0,25,0.0,0.0,0.13319225276039096
77,4646,8.927437663767334,0,25,0.0,0.0,0.13319225276039096
77,4667,8.96262350148754,0,25,0.0,0.0,0.13319225276039096
77,4670,8.967650049733283,0,100,0.0,0.0,0.03699349876899627
77,4671,8.969325565815199,0,100,0.0,0.0,0.03699349876899627
77,4672,8.971001081897112,0,100,0.0,0.0,0.03699349876899627
77,4673,8.972676597979028,0,100,0.0,0.0,0.03699349876899627
77,4674,8.974352114060942,0,100,0.0,0.0,0.03699349876899627
77,4675,8.976027630142857,0,100,0.0,0.0,0.03699349876899627
77,4676,8.977703146224771,0,100,0.0,0.0,0.03699349876899627
77,4677,8.979378662306686,0,100,0.0,0.0,0.03699349876899627
77,4678,8.9810541783886,0,200,0.0,0.0,0.018845326668962936
77,4683,8.989431758798172,0,25,0.0,0.0,0.13319225276039096
77,4685,8.992782790962002,0,25,0.0,0.0,0.13319225276039096
77,4686,8.994458307043917,0,200,0.0,0.0,0.018845326668962936
77,4718,9.048074821665184,0,200,0.0,0.0,0.018845326668962936
77,4726,9.061478950320499,0,200,0.0,0.0,0.018845326668962936
77,4734,9.074883078975816,0,200,0.0,0.0,0.018845326668962936
78,2015,4.533998877538348,0,25,0.0,0.0,0.13319225276039096
78,3368,6.800972136368744,0,25,0.0,0.0,0.13319225276039096
78,4045,7.935296523824897,0,25,0.0,0.0,0.13319225276039096
78,4383,8.501620959512017,0,25,0.0,0.0,0.13319225276039096
78,4552,8.784783177355578,0,25,0.0,0.0,0.13319225276039096
78,4637,8.927202044318316,0,25,0.0,0.0,0.13319225276039096
78,4658,8.96238788203852,0,25,0.0,0.0,0.13319225276039096
78,4661,8.967414430284265,0,100,0.0,0.0,0.03699349876899627
78,4662,8.969089946366179,0,100,0.0,0.0,0.03699349876899627
78,4663,8.970765462448094,0,100,0.0,0.0,0.03699349876899627
78,4664,8.972440978530008,0,100,0.0,0.0,0.03699349876899627
78,4665,8.974116494611923,0,100,0.0,0.0,0.03699349876899627
78,4666,8.975792010693837,0,100,0.0,0.0,0.03699349876899627
78,4667,8.977467526775753,0,100,0.0,0.0,0.03699349876899627
78,4668,8.979143042857666,0,100,0.0,0.0,0.03699349876899627
78,4669,8.980818558939582,0,200,0.0,0.0,0.018845326668962936
78,4674,8.989196139349154,0,25,0.0,0.0,0.13319225276039096
78,4677,8.994222687594897,0,200,0.0,0.0,0.018845326668962936
78,4709,9.047839202216164,0,200,0.0,0.0,0.018845326668962936
78,4717,9.06124333087148,0,200,0.0,0.0,0.018845326668962936
78,4725,9.074647459526796,0,200,0.0,0.0,0.018845326668962936
79,2006,4.53376325808933,0,25,0.0,0.0,0.13319225276039096
79,3359,6.8007365169197245,0,25,0.0,0.0,0.13319225276039096
79,4036,7.935060904375879,0,25,0.0,0.0,0.13319225276039096
79,4374,8.501385340062999,0,25,0.0,0.0,0.13319225276039096
79,4544,8.786223073988474,0,25,0.0,0.0,0.13319225276039096
79,4628,8.926966424869295,0,25,0.0,0.0,0.13319225276039096
79,4649,8.962152262589502,0,25,0.0,0.0,0.13319225276039096
79,4652,8.967178810835245,0,100,0.0,0.0,0.03699349876899627
79,4653,8.96885432691716,0,100,0.0,0.0,0.03699349876899627
79,4654,8.970529842999074,0,100,0.0,0.0,0.03699349876899627
79,4655,8.97220535908099,0,100,0.0,0.0,0.03699349876899627
79,4656,8.973880875162903,0,100,0.0,0.0,0.03699349876899627
79,4657,8.975556391244819,0,100,0.0,0.0,0.03699349876899627
79,4658,8.977231907326733,0,100,0.0,0.0,0.03699349876899627
79,4659,8.978907423408646,0,100,0.0,0.0,0.03699349876899627
79,4660,8.980582939490562,0,200,0.0,0.0,0.018845326668962936
79,4665,8.988960519900134,0,25,0.0,0.0,0.13319225276039096
79,4668,8.993987068145879,0,200,0.0,0.0,0.018845326668962936
79,4700,9.047603582767143,0,200,0.0,0.0,0.018845326668962936
79,4708,9.06100771142246,0,200,0.0,0.0,0.018845326668962936
79,4716,9.074411840077778,0,200,0.0,0.0,0.018845326668962936
80,1997,4.53352763864031,0,25,0.0,0.0,0.13319225276039096
80,3351,6.80217641355262,0,25,0.0,0.0,0.13319225276039096
80,4027,7.93482528492686,0,25,0.0,0.0,0.13319225276039096
80,4366,8.502825236695895,0,25,0.0,0.0,0.13319225276039096
80,4535,8.785987454539455,0,25,0.0,0.0,0.13319225276039096
80,4619,8.926730805420277,0,25,0.0,0.0,0.13319225276039096
80,4640,8.961916643140484,0,25,0.0,0.0,0.13319225276039096
80,4644,8.968618707468142,0,100,0.0,0.0,0.03699349876899627
80,4645,8.970294223550056,0,100,0.0,0.0,0.03699349876899627
80,4646,8.97196973963197,0,100,0.0,0.0,0.03699349876899627
80,4647,8.973645255713883,0,100,0.0,0.0,0.03699349876899627
80,4648,8.975320771795799,0,100,0.0,0.0,0.03699349876899627
80,4649,8.976996287877714,0,100,0.0,0.0,0.03699349876899627
80,4650,8.978671803959628,0,100,0.0,0.0,0.03699349876899627
80,4651,8.980347320041542,0,100,0.0,0.0,0.03699349876899627
80,4652,8.982022836123457,0,200,0.0,0.0,0.018845326668962936
80,4656,8.988724900451116,0,25,0.0,0.0,0.13319225276039096
80,4659,8.993751448696859,0,25,0.0,0.0,0.13319225276039096
80,4660,8.995426964778773,0,200,0.0,0.0,0.018845326668962936
80,4692,9.04904347940004,0,200,0.0,0.0,0.018845326668962936
80,4700,9.062447608055356,0,200,0.0,0.0,0.018845326668962936
80,4708,9.075851736710671,0,200,0.0,0.0,0.018845326668962936
81,1988,4.5332920191912915,0,25,0.0,0.0,0.13319225276039096
81,3342,6.8019407941036,0,25,0.0,0.0,0.13319225276039096
81,4018,7.93458966547784,0,25,0.0,0.0,0.13319225276039096
81,4357,8.502589617246874,0,25,0.0,0.0,0.13319225276039096
81,4526,8.785751835090435,0,25,0.0,0.0,0.13319225276039096
81,4610,8.926495185971257,0,25,0.0,0.0,0.13319225276039096
81,4632,8.963356539773379,0,25,0.0,0.0,0.13319225276039096
81,4635,8.968383088019122,0,100,0.0,0.0,0.03699349876899627
81,4636,8.970058604101036,0,100,0.0,0.0,0.03699349876899627
81,4637,8.971734120182951,0,100,0.0,0.0,0.03699349876899627
81,4638,8.973409636264865,0,100,0.0,0.0,0.03699349876899627
81,4639,8.97508515234678,0,100,0.0,0.0,0.03699349876899627
81,4640,8.976760668428694,0,100,0.0,0.0,0.03699349876899627
81,4641,8.97843618451061,0,100,0.0,0.0,0.03699349876899627
81,4642,8.980111700592524,0,100,0.0,0.0,0.03699349876899627
81,4643,8.981787216674439,0,200,0.0,0.0,0.018845326668962936
81,4647,8.988489281002096,0,25,0.0,0.0,0.13319225276039096
81,4650,8.99351582924784,0,25,0.0,0.0,0.13319225276039096
81,4651,8.995191345329754,0,200,0.0,0.0,0.018845326668962936
81,4683,9.04880785995102,0,200,0.0,0.0,0.018845326668962936
81,4691,9.062211988606338,0,200,0.0,0.0,0.018845326668962936
81,4699,9.075616117261653,0,200,0.0,0.0,0.018845326668962936
82,1980,4.534731915824187,0,25,0.0,0.0,0.13319225276039096
82,3333,6.801705174654581,0,25,0.0,0.0,0.13319225276039096
82,4009,7.934354046028821,0,25,0.0,0.0,0.13319225276039096
82,4348,8.502353997797856,0,25,0.0,0.0,0.13319225276039096
82,4517,8.785516215641415,0,25,0.0,0.0,0.13319225276039096
82,4602,8.927935082604153,0,25,0.0,0.0,0.13319225276039096
82,4623,8.963120920324359,0,25,0.0,0.0,0.13319225276039096
82,4626,8.968147468570102,0,100,0.0,0.0,0.03699349876899627
82,4627,8.969822984652017,0,100,0.0,0.0,0.03699349876899627
82,4628,8.971498500733931,0,100,0.0,0.0,0.03699349876899627
82,4629,8.973174016815847,0,100,0.0,0.0,0.03699349876899627
82,4630,8.97484953289776,0,100,0.0,0.0,0.03699349876899627
82,4631,8.976525048979676,0,100,0.0,0.0,0.03699349876899627
82,4632,8.97820056506159,0,100,0.0,0.0,0.03699349876899627
82,4633,8.979876081143505,0,100,0.0,0.0,0.03699349876899627
82,4634,8.981551597225419,0,200,0.0,0.0,0.018845326668962936
82,4639,8.989929177634991,0,25,0.0,0.0,0.13319225276039096
82,4641,8.99328020979882,0,25,0.0,0.0,0.13319225276039096
82,4642,8.994955725880736,0,200,0.0,0.0,0.018845326668962936
82,4674,9.048572240502,0,200,0.0,0.0,0.018845326668962936
82,4682,9.061976369157318,0,200,0.0,0.0,0.018845326668962936
82,4690,9.075380497812635,0,200,0.0,0.0,0.018845326668962936
83,1971,4.534496296375167,0,25,0.0,0.0,0.13319225276039096
83,3324,6.801469555205562,0,25,0.0,0.0,0.13319225276039096
83,4001,7.935793942661716,0,25,0.0,0.0,0.13319225276039096
83,4339,8.502118378348836,0,25,0.0,0.0,0.13319225276039096
83,4508,8.785280596192397,0,25,0.0,0.0,0.13319225276039096
83,4593,8.927699463155134,0,25,0.0,0.0,0.13319225276039096
83,4614,8.962885300875339,0,25,0.0,0.0,0.13319225276039096
83,4617,8.967911849121084,0,100,0.0,0.0,0.03699349876899627
83,4618,8.969587365202997,0,100,0.0,0.0,0.03699349876899627
83,4619,8.971262881284913,0,100,0.0,0.0,0.03699349876899627
83,4620,8.972938397366827,0,100,0.0,0.0,0.03699349876899627
83,4621,8.974613913448742,0,100,0.0,0.0,0.03699349876899627
83,4622,8.976289429530656,0,100,0.0,0.0,0.03699349876899627
83,4623,8.97796494561257,0,100,0.0,0.0,0.03699349876899627
83,4624,8.979640461694485,0,100,0.0,0.0,0.03699349876899627
83,4625,8.981315977776399,0,200,0.0,0.0,0.018845326668962936
83,4630,8.989693558185973,0,25,0.0,0.0,0.13319225276039096
83,4632,8.993044590349802,0,25,0.0,0.0,0.13319225276039096
83,4633,8.994720106431716,0,200,0.0,0.0,0.018845326668962936
83,4665,9.048336621052982,0,200,0.0,0.0,0.018845326668962936
83,4673,9.061740749708298,0,200,0.0,0.0,0.018845326668962936
83,4681,9.075144878363615,0,200,0.0,0.0,0.018845326668962936
84,1962,4.534260676926148,0,25,0.0,0.0,0.13319225276039096
84,3315,6.801233935756543,0,25,0.0,0.0,0.13319225276039096
84,3992,7.935558323212698,0,25,0.0,0.0,0.13319225276039096
84,4330,8.501882758899818,0,25,0.0,0.0,0.13319225276039096
84,4499,8.785044976743377,0,25,0.0,0.0,0.13319225276039096
84,4584,8.927463843706114,0,25,0.0,0.0,0.13319225276039096
84,4605,8.96264968142632,0,25,0.0,0.0,0.13319225276039096
84,4608,8.967676229672064,0,100,0.0,0.0,0.03699349876899627
84,4609,8.969351745753979,0,100,0.0,0.0,0.03699349876899627
84,4610,8.971027261835893,0,100,0.0,0.0,0.03699349876899627
84,4611,8.972702777917807,0,100,0.0,0.0,0.03699349876899627
84,4612,8.974378293999722,0,100,0.0,0.0,0.03699349876899627
84,4613,8.976053810081636,0,100,0.0,0.0,0.03699349876899627
84,4614,8.977729326163551,0,100,0.0,0.0,0.03699349876899627
84,4615,8.979404842245465,0,100,0.0,0.0,0.03699349876899627
84,4616,8.98108035832738,0,200,0.0,0.0,0.018845326668962936
84,4621,8.989457938736953,0,25,0.0,0.0,0.13319225276039096
84,4623,8.992808970900782,0,25,0.0,0.0,0.13319225276039096
84,4624,8.994484486982696,0,200,0.0,0.0,0.018845326668962936
84,4656,9.048101001603962,0,200,0.0,0.0,0.018845326668962936
84,4664,9.06150513025928,0,200,0.0,0.0,0.018845326668962936
84,4672,9.074909258914595,0,200,0.0,0.0,0.018845326668962936
85,1953,4.534025057477129,0,25,0.0,0.0,0.13319225276039096
85,3306,6.800998316307523,0,25,0.0,0.0,0.13319225276039096
85,3983,7.935322703763678,0,25,0.0,0.0,0.13319225276039096
85,4321,8.501647139450798,0,25,0.0,0.0,0.13319225276039096
85,4490,8.784809357294357,0,25,0.0,0.0,0.13319225276039096
85,4575,8.927228224257096,0,25,0.0,0.0,0.13319225276039096
85,4596,8.962414061977302,0,25,0.0,0.0,0.13319225276039096
85,4599,8.967440610223044,0,100,0.0,0.0,0.03699349876899627
85,4600,8.969116126304959,0,100,0.0,0.0,0.03699349876899627
85,4601,8.970791642386875,0,100,0.0,0.0,0.03699349876899627
85,4602,8.972467158468788,0,100,0.0,0.0,0.03699349876899627
85,4603,8.974142674550702,0,100,0.0,0.0,0.03699349876899627
85,4604,8.975818190632618,0,100,0.0,0.0,0.03699349876899627
85,4605,8.977493706714533,0,100,0.0,0.0,0.03699349876899627
85,4606,8.979169222796447,0,100,0.0,0.0,0.03699349876899627
85,4607,8.98084473887836,0,200,0.0,0.0,0.018845326668962936
85,4612,8.989222319287933,0,25,0.0,0.0,0.13319225276039096
85,4615,8.994248867533678,0,200,0.0,0.0,0.018845326668962936
85,4647,9.047865382154942,0,200,0.0,0.0,0.018845326668962936
85,4655,9.06126951081026,0,200,0.0,0.0,0.018845326668962936
85,4663,9.074673639465576,0,200,0.0,0.0,0.018845326668962936
86,1944,4.533789438028109,0,25,0.0,0.0,0.13319225276039096
86,3297,6.800762696858504,0,25,0.0,0.0,0.13319225276039096
86,3974,7.935087084314659,0,25,0.0,0.0,0.13319225276039096
86,4312,8.501411520001778,0,25,0.0,0.0,0.13319225276039096
86,4482,8.786249253927252,0,25,0.0,0.0,0.13319225276039096
86,4566,8.926992604808076,0,25,0.0,0.0,0.13319225276039096
86,4587,8.96217844252828,0,25,0.0,0.0,0.13319225276039096
86,4590,8.967204990774025,0,100,0.0,0.0,0.03699349876899627
86,4591,8.968880506855939,0,100,0.0,0.0,0.03699349876899627
86,4592,8.970556022937854,0,100,0.0,0.0,0.03699349876899627
86,4593,8.97223153901977,0,100,0.0,0.0,0.03699349876899627
86,4594,8.973907055101684,0,100,0.0,0.0,0.03699349876899627
86,4595,8.975582571183597,0,100,0.0,0.0,0.03699349876899627
86,4596,8.977258087265513,0,100,0.0,0.0,0.03699349876899627
86,4597,8.978933603347429,0,100,0.0,0.0,0.03699349876899627
86,4598,8.980609119429342,0,200,0.0,0.0,0.018845326668962936
86,4603,8.988986699838915,0,25,0.0,0.0,0.13319225276039096
86,4606,8.99401324808466,0,200,0.0,0.0,0.018845326668962936
86,4638,9.047629762705924,0,200,0.0,0.0,0.018845326668962936
86,4646,9.061033891361241,0,200,0.0,0.0,0.018845326668962936
86,4654,9.074438020016558,0,200,0.0,0.0,0.018845326668962936
87,1935,4.53355381857909,0,25,0.0,0.0,0.13319225276039096
87,3289,6.802202593491399,0,25,0.0,0.0,0.13319225276039096
87,3965,7.934851464865639,0,25,0.0,0.0,0.13319225276039096
87,4303,8.50117590055276,0,25,0.0,0.0,0.13319225276039096
87,4473,8.786013634478234,0,25,0.0,0.0,0.13319225276039096
87,4557,8.926756985359058,0,25,0.0,0.0,0.13319225276039096
87,4578,8.961942823079262,0,25,0.0,0.0,0.13319225276039096
87,4582,8.96864488740692,0,100,0.0,0.0,0.03699349876899627
87,4583,8.970320403488836,0,100,0.0,0.0,0.03699349876899627
87,4584,8.97199591957075,0,100,0.0,0.0,0.03699349876899627
87,4585,8.973671435652665,0,100,0.0,0.0,0.03699349876899627
87,4586,8.97534695173458,0,100,0.0,0.0,0.03699349876899627
87,4587,8.977022467816493,0,100,0.0,0.0,0.03699349876899627
87,4588,8.978697983898408,0,100,0.0,0.0,0.03699349876899627
87,4589,8.980373499980322,0,100,0.0,0.0,0.03699349876899627
87,4590,8.982049016062238,0,200,0.0,0.0,0.018845326668962936
87,4594,8.988751080389896,0,25,0.0,0.0,0.13319225276039096
87,4597,8.99377762863564,0,25,0.0,0.0,0.13319225276039096
87,4598,8.995453144717553,0,200,0.0,0.0,0.018845326668962936
87,4630,9.04906965933882,0,200,0.0,0.0,0.018845326668962936
87,4638,9.062473787994136,0,200,0.0,0.0,0.018845326668962936
87,4646,9.075877916649452,0,200,0.0,0.0,0.018845326668962936
88,1926,4.533318199130071,0,25,0.0,0.0,0.13319225276039096
88,3280,6.801966974042381,0,25,0.0,0.0,0.13319225276039096
88,3956,7.934615845416621,0,25,0.0,0.0,0.13319225276039096
88,4295,8.502615797185655,0,25,0.0,0.0,0.13319225276039096
88,4464,8.785778015029216,0,25,0.0,0.0,0.13319225276039096
88,4548,8.926521365910038,0,25,0.0,0.0,0.13319225276039096
88,4570,8.963382719712158,0,25,0.0,0.0,0.13319225276039096
88,4573,8.968409267957902,0,100,0.0,0.0,0.03699349876899627
88,4574,8.970084784039816,0,100,0.0,0.0,0.03699349876899627
88,4575,8.97176030012173,0,100,0.0,0.0,0.03699349876899627
88,4576,8.973435816203645,0,100,0.0,0.0,0.03699349876899627
88,4577,8.97511133228556,0,100,0.0,0.0,0.03699349876899627
88,4578,8.976786848367475,0,100,0.0,0.0,0.03699349876899627
88,4579,8.978462364449388,0,100,0.0,0.0,0.03699349876899627
88,4580,8.980137880531304,0,100,0.0,0.0,0.03699349876899627
88,4581,8.981813396613218,0,200,0.0,0.0,0.018845326668962936
88,4585,8.988515460940876,0,25,0.0,0.0,0.13319225276039096
88,4588,8.99354200918662,0,25,0.0,0.0,0.13319225276039096
88,4589,8.995217525268535,0,200,0.0,0.0,0.018845326668962936
88,4621,9.048834039889801,0,200,0.0,0.0,0.018845326668962936
88,4629,9.062238168545116,0,200,0.0,0.0,0.018845326668962936
88,4637,9.075642297200433,0,200,0.0,0.0,0.018845326668962936
89,1918,4.5347580957629665,0,25,0.0,0.0,0.13319225276039096
89,3271,6.801731354593361,0,25,0.0,0.0,0.13319225276039096
89,3947,7.934380225967601,0,25,0.0,0.0,0.13319225276039096
89,4286,8.502380177736635,0,25,0.0,0.0,0.13319225276039096
89,4455,8.785542395580196,0,25,0.0,0.0,0.13319225276039096
89,4540,8.927961262542933,0,25,0.0,0.0,0.13319225276039096
89,4561,8.96314710026314,0,25,0.0,0.0,0.13319225276039096
89,4564,8.968173648508882,0,100,0.0,0.0,0.03699349876899627
89,4565,8.969849164590796,0,100,0.0,0.0,0.03699349876899627
89,4566,8.971524680672712,0,100,0.0,0.0,0.03699349876899627
89,4567,8.973200196754625,0,100,0.0,0.0,0.03699349876899627
89,4568,8.97487571283654,0,100,0.0,0.0,0.03699349876899627
89,4569,8.976551228918455,0,100,0.0,0.0,0.03699349876899627
89,4570,8.97822674500037,0,100,0.0,0.0,0.03699349876899627
89,4571,8.979902261082284,0,100,0.0,0.0,0.03699349876899627
89,4572,8.9815777771642,0,200,0.0,0.0,0.018845326668962936
89,4577,8.989955357573772,0,25,0.0,0.0,0.13319225276039096
89,4579,8.9933063897376,0,25,0.0,0.0,0.13319225276039096
89,4580,8.994981905819515,0,200,0.0,0.0,0.018845326668962936
89,4612,9.048598420440781,0,200,0.0,0.0,0.018845326668962936
89,4620,9.062002549096098,0,200,0.0,0.0,0.018845326668962936
89,4628,9.075406677751413,0,200,0.0,0.0,0.018845326668962936
90,1909,4.534522476313947,0,25,0.0,0.0,0.13319225276039096
90,3262,6.801495735144342,0,25,0.0,0.0,0.13319225276039096
90,3939,7.9358201226004965,0,25,0.0,0.0,0.13319225276039096
90,4277,8.502144558287617,0,25,0.0,0.0,0.13319225276039096
90,4446,8.785306776131176,0,25,0.0,0.0,0.13319225276039096
90,4531,8.927725643093915,0,25,0.0,0.0,0.13319225276039096
90,4552,8.96291148081412,0,25,0.0,0.0,0.13319225276039096
90,4555,8.967938029059862,0,100,0.0,0.0,0.03699349876899627
90,4556,8.969613545141778,0,100,0.0,0.0,0.03699349876899627
90,4557,8.971289061223693,0,100,0.0,0.0,0.03699349876899627
90,4558,8.972964577305607,0,100,0.0,0.0,0.03699349876899627
90,4559,8.97464009338752,0,100,0.0,0.0,0.03699349876899627
90,4560,8.976315609469436,0,100,0.0,0.0,0.03699349876899627
90,4561,8.977991125551352,0,100,0.0,0.0,0.03699349876899627
90,4562,8.979666641633266,0,100,0.0,0.0,0.03699349876899627
90,4563,8.98134215771518,0,200,0.0,0.0,0.018845326668962936
90,4568,8.989719738124752,0,25,0.0,0.0,0.13319225276039096
90,4570,8.993070770288583,0,25,0.0,0.0,0.13319225276039096
90,4571,8.994746286370496,0,200,0.0,0.0,0.018845326668962936
90,4603,9.048362800991761,0,200,0.0,0.0,0.018845326668962936
90,4611,9.061766929647078,0,200,0.0,0.0,0.018845326668962936
90,4619,9.075171058302395,0,200,0.0,0.0,0.018845326668962936
91,1900,4.534286856864927,0,25,0.0,0.0,0.13319225276039096
91,3253,6.801260115695323,0,25,0.0,0.0,0.13319225276039096
91,3930,7.935584503151477,0,25,0.0,0.0,0.13319225276039096
91,4268,8.501908938838596,0,25,0.0,0.0,0.13319225276039096
91,4437,8.785071156682157,0,25,0.0,0.0,0.13319225276039096
91,4522,8.927490023644895,0,25,0.0,0.0,0.13319225276039096
91,4543,8.9626758613651,0,25,0.0,0.0,0.13319225276039096
91,4546,8.967702409610844,0,100,0.0,0.0,0.03699349876899627
91,4547,8.969377925692758,0,100,0.0,0.0,0.03699349876899627
91,4548,8.971053441774673,0,100,0.0,0.0,0.03699349876899627
91,4549,8.972728957856589,0,100,0.0,0.0,0.03699349876899627
91,4550,8.974404473938502,0,100,0.0,0.0,0.03699349876899627
91,4551,8.976079990020416,0,100,0.0,0.0,0.03699349876899627
91,4552,8.97775550610233,0,100,0.0,0.0,0.03699349876899627
91,4553,8.979431022184245,0,100,0.0,0.0,0.03699349876899627
91,4554,8.981106538266161,0,200,0.0,0.0,0.018845326668962936
91,4559,8.989484118675733,0,25,0.0,0.0,0.13319225276039096
91,4561,8.992835150839563,0,25,0.0,0.0,0.13319225276039096
91,4562,8.994510666921476,0,200,0.0,0.0,0.018845326668962936
91,4594,9.048127181542743,0,200,0.0,0.0,0.018845326668962936
91,4602,9.06153131019806,0,200,0.0,0.0,0.018845326668962936
91,4610,9.074935438853375,0,200,0.0,0.0,0.018845326668962936
92,1891,4.534051237415909,0,25,0.0,0.0,0.13319225276039096
92,3244,6.801024496246304,0,25,0.0,0.0,0.13319225276039096
92,3921,7.935348883702457,0,25,0.0,0.0,0.13319225276039096
92,4259,8.501673319389578,0,25,0.0,0.0,0.13319225276039096
92,4428,8.784835537233139,0,25,0.0,0.0,0.13319225276039096
92,4513,8.927254404195875,0,25,0.0,0.0,0.13319225276039096
92,4534,8.962440241916081,0,25,0.0,0.0,0.13319225276039096
92,4537,8.967466790161826,0,100,0.0,0.0,0.03699349876899627
92,4538,8.96914230624374,0,100,0.0,0.0,0.03699349876899627
92,4539,8.970817822325653,0,100,0.0,0.0,0.03699349876899627
92,4540,8.972493338407569,0,100,0.0,0.0,0.03699349876899627
92,4541,8.974168854489482,0,100,0.0,0.0,0.03699349876899627
92,4542,8.975844370571398,0,100,0.0,0.0,0.03699349876899627
92,4543,8.977519886653312,0,100,0.0,0.0,0.03699349876899627
92,4544,8.979195402735227,0,100,0.0,0.0,0.03699349876899627
92,4545,8.980870918817141,0,200,0.0,0.0,0.018845326668962936
92,4550,8.989248499226713,0,25,0.0,0.0,0.13319225276039096
92,4553,8.994275047472458,0,200,0.0,0.0,0.018845326668962936
92,4585,9.047891562093724,0,200,0.0,0.0,0.018845326668962936
92,4593,9.06129569074904,0,200,0.0,0.0,0.018845326668962936
92,4601,9.074699819404357,0,200,0.0,0.0,0.018845326668962936
93,1882,4.533815617966889,0,25,0.0,0.0,0.13319225276039096
93,3235,6.800788876797284,0,25,0.0,0.0,0.13319225276039096
93,3912,7.935113264253438,0,25,0.0,0.0,0.13319225276039096
93,4250,8.501437699940558,0,25,0.0,0.0,0.13319225276039096
93,4419,8.784599917784119,0,25,0.0,0.0,0.13319225276039096
93,4504,8.927018784746856,0,25,0.0,0.0,0.13319225276039096
93,4525,8.96220462246706,0,25,0.0,0.0,0.13319225276039096
93,4528,8.967231170712806,0,100,0.0,0.0,0.03699349876899627
93,4529,8.96890668679472,0,100,0.0,0.0,0.03699349876899627
93,4530,8.970582202876635,0,100,0.0,0.0,0.03699349876899627
93,4531,8.972257718958549,0,100,0.0,0.0,0.03699349876899627
93,4532,8.973933235040464,0,100,0.0,0.0,0.03699349876899627
93,4533,8.975608751122378,0,100,0.0,0.0,0.03699349876899627
93,4534,8.977284267204293,0,100,0.0,0.0,0.03699349876899627
93,4535,8.978959783286207,0,100,0.0,0.0,0.03699349876899627
93,4536,8.980635299368123,0,200,0.0,0.0,0.018845326668962936
93,4541,8.989012879777695,0,25,0.0,0.0,0.13319225276039096
93,4544,8.994039428023438,0,200,0.0,0.0,0.018845326668962936
93,4576,9.047655942644704,0,200,0.0,0.0,0.018845326668962936
93,4584,9.061060071300021,0,200,0.0,0.0,0.018845326668962936
93,4592,9.074464199955337,0,200,0.0,0.0,0.018845326668962936
94,1873,4.533579998517871,0,25,0.0,0.0,0.13319225276039096
94,3227,6.80222877343018,0,25,0.0,0.0,0.13319225276039096
94,3903,7.93487764480442,0,25,0.0,0.0,0.13319225276039096
94,4241,8.50120208049154,0,25,0.0,0.0,0.13319225276039096
94,4411,8.786039814417014,0,25,0.0,0.0,0.13319225276039096
94,4495,8.926783165297836,0,25,0.0,0.0,0.13319225276039096
94,4516,8.961969003018043,0,25,0.0,0.0,0.13319225276039096
94,4520,8.968671067345701,0,100,0.0,0.0,0.03699349876899627
94,4521,8.970346583427615,0,100,0.0,0.0,0.03699349876899627
94,4522,8.97202209950953,0,100,0.0,0.0,0.03699349876899627
94,4523,8.973697615591444,0,100,0.0,0.0,0.03699349876899627
94,4524,8.97537313167336,0,100,0.0,0.0,0.03699349876899627
94,4525,8.977048647755273,0,100,0.0,0.0,0.03699349876899627
94,4526,8.978724163837187,0,100,0.0,0.0,0.03699349876899627
94,4527,8.980399679919103,0,100,0.0,0.0,0.03699349876899627
94,4528,8.982075196001016,0,200,0.0,0.0,0.018845326668962936
94,4532,8.988777260328675,0,25,0.0,0.0,0.13319225276039096
94,4535,8.99380380857442,0,25,0.0,0.0,0.13319225276039096
94,4536,8.995479324656333,0,200,0.0,0.0,0.018845326668962936
94,4568,9.0490958392776,0,200,0.0,0.0,0.018845326668962936
94,4576,9.062499967932915,0,200,0.0,0.0,0.018845326668962936
94,4584,9.075904096588232,0,200,0.0,0.0,0.018845326668962936
95,1864,4.533344379068851,0,25,0.0,0.0,0.13319225276039096
95,3218,6.801993153981161,0,25,0.0,0.0,0.13319225276039096
95,3894,7.934642025355401,0,25,0.0,0.0,0.13319225276039096
95,4233,8.502641977124435,0,25,0.0,0.0,0.13319225276039096
95,4402,8.785804194967994,0,25,0.0,0.0,0.13319225276039096
95,4486,8.926547545848818,0,25,0.0,0.0,0.13319225276039096
95,4508,8.963408899650938,0,25,0.0,0.0,0.13319225276039096
95,4511,8.968435447896681,0,100,0.0,0.0,0.03699349876899627
95,4512,8.970110963978597,0,100,0.0,0.0,0.03699349876899627
95,4513,8.97178648006051,0,100,0.0,0.0,0.03699349876899627
95,4514,8.973461996142424,0,100,0.0,0.0,0.03699349876899627
95,4515,8.97513751222434,0,100,0.0,0.0,0.03699349876899627
95,4516,8.976813028306253,0,100,0.0,0.0,0.03699349876899627
95,4517,8.978488544388169,0,100,0.0,0.0,0.03699349876899627
95,4518,8.980164060470083,0,100,0.0,0.0,0.03699349876899627
95,4519,8.981839576551998,0,200,0.0,0.0,0.018845326668962936
95,4523,8.988541640879657,0,25,0.0,0.0,0.13319225276039096
95,4526,8.9935681891254,0,25,0.0,0.0,0.13319225276039096
95,4527,8.995243705207313,0,200,0.0,0.0,0.018845326668962936
95,4559,9.04886021982858,0,200,0.0,0.0,0.018845326668962936
95,4567,9.062264348483897,0,200,0.0,0.0,0.018845326668962936
95,4575,9.075668477139212,0,200,0.0,0.0,0.018845326668962936
96,1856,4.534784275701746,0,25,0.0,0.0,0.13319225276039096
96,3209,6.801757534532141,0,25,0.0,0.0,0.13319225276039096
96,3885,7.934406405906381,0,25,0.0,0.0,0.13319225276039096
96,4224,8.502406357675415,0,25,0.0,0.0,0.13319225276039096
96,4393,8.785568575518976,0,25,0.0,0.0,0.13319225276039096
96,4477,8.926311926399798,0,25,0.0,0.0,0.13319225276039096
96,4499,8.963173280201918,0,25,0.0,0.0,0.13319225276039096
96,4502,8.968199828447663,0,100,0.0,0.0,0.03699349876899627
96,4503,8.969875344529576,0,100,0.0,0.0,0.03699349876899627
96,4504,8.97155086061149,0,100,0.0,0.0,0.03699349876899627
96,4505,8.973226376693406,0,100,0.0,0.0,0.03699349876899627
96,4506,8.974901892775321,0,100,0.0,0.0,0.03699349876899627
96,4507,8.976577408857235,0,100,0.0,0.0,0.03699349876899627
96,4508,8.978252924939149,0,100,0.0,0.0,0.03699349876899627
96,4509,8.979928441021064,0,100,0.0,0.0,0.03699349876899627
96,4510,8.98160395710298,0,200,0.0,0.0,0.018845326668962936
96,4515,8.989981537512552,0,25,0.0,0.0,0.13319225276039096
96,4517,8.99333256967638,0,25,0.0,0.0,0.13319225276039096
96,4518,8.995008085758295,0,200,0.0,0.0,0.018845326668962936
96,4550,9.048624600379561,0,200,0.0,0.0,0.018845326668962936
96,4558,9.062028729034878,0,200,0.0,0.0,0.018845326668962936
96,4566,9.075432857690194,0,200,0.0,0.0,0.018845326668962936
97,1847,4.534548656252727,0,25,0.0,0.0,0.13319225276039096
97,3200,6.801521915083121,0,25,0.0,0.0,0.13319225276039096
97,3877,7.935846302539276,0,25,0.0,0.0,0.13319225276039096
97,4215,8.502170738226397,0,25,0.0,0.0,0.13319225276039096
97,4384,8.785332956069956,0,25,0.0,0.0,0.13319225276039096
97,4469,8.927751823032693,0,25,0.0,0.0,0.13319225276039096
97,4490,8.9629376607529,0,25,0.0,0.0,0.13319225276039096
97,4493,8.967964208998643,0,100,0.0,0.0,0.03699349876899627
97,4494,8.969639725080558,0,100,0.0,0.0,0.03699349876899627
97,4495,8.971315241162472,0,100,0.0,0.0,0.03699349876899627
97,4496,8.972990757244387,0,100,0.0,0.0,0.03699349876899627
97,4497,8.974666273326301,0,100,0.0,0.0,0.03699349876899627
97,4498,8.976341789408217,0,100,0.0,0.0,0.03699349876899627
97,4499,8.97801730549013,0,100,0.0,0.0,0.03699349876899627
97,4500,8.979692821572046,0,100,0.0,0.0,0.03699349876899627
97,4501,8.98136833765396,0,200,0.0,0.0,0.018845326668962936
97,4506,8.989745918063532,0,25,0.0,0.0,0.13319225276039096
97,4508,8.993096950227361,0,25,0.0,0.0,0.13319225276039096
97,4509,8.994772466309277,0,200,0.0,0.0,0.018845326668962936
97,4541,9.048388980930541,0,200,0.0,0.0,0.018845326668962936
97,4549,9.061793109585858,0,200,0.0,0.0,0.018845326668962936
97,4557,9.075197238241175,0,200,0.0,0.0,0.018845326668962936
98,1838,4.534313036803708,0,25,0.0,0.0,0.13319225276039096
98,3191,6.801286295634103,0,25,0.0,0.0,0.13319225276039096
98,3868,7.935610683090257,0,25,0.0,0.0,0.13319225276039096
98,4206,8.501935118777377,0,25,0.0,0.0,0.13319225276039096
98,4375,8.785097336620938,0,25,0.0,0.0,0.13319225276039096
98,4460,8.927516203583675,0,25,0.0,0.0,0.13319225276039096
98,4481,8.96270204130388,0,25,0.0,0.0,0.13319225276039096
98,4484,8.967728589549624,0,100,0.0,0.0,0.03699349876899627
98,4485,8.969404105631538,0,100,0.0,0.0,0.03699349876899627
98,4486,8.971079621713454,0,100,0.0,0.0,0.03699349876899627
98,4487,8.972755137795367,0,100,0.0,0.0,0.03699349876899627
98,4488,8.974430653877283,0,100,0.0,0.0,0.03699349876899627
98,4489,8.976106169959197,0,100,0.0,0.0,0.03699349876899627
98,4490,8.97778168604111,0,100,0.0,0.0,0.03699349876899627
98,4491,8.979457202123026,0,100,0.0,0.0,0.03699349876899627
98,4492,8.98113271820494,0,200,0.0,0.0,0.018845326668962936
98,4497,8.989510298614514,0,25,0.0,0.0,0.13319225276039096
98,4499,8.992861330778343,0,25,0.0,0.0,0.13319225276039096
98,4500,8.994536846860257,0,200,0.0,0.0,0.018845326668962936
98,4532,9.048153361481523,0,200,0.0,0.0,0.018845326668962936
98,4540,9.061557490136838,0,200,0.0,0.0,0.018845326668962936
98,4548,9.074961618792155,0,200,0.0,0.0,0.018845326668962936
99,1829,4.5340774173546885,0,25,0.0,0.0,0.13319225276039096
99,3182,6.801050676185083,0,25,0.0,0.0,0.13319225276039096
99,3859,7.935375063641239,0,25,0.0,0.0,0.13319225276039096
99,4197,8.501699499328359,0,25,0.0,0.0,0.13319225276039096
99,4366,8.784861717171918,0,25,0.0,0.0,0.13319225276039096
99,4451,8.927280584134655,0,25,0.0,0.0,0.13319225276039096
99,4472,8.962466421854861,0,25,0.0,0.0,0.13319225276039096
99,4475,8.967492970100604,0,100,0.0,0.0,0.03699349876899627
99,4476,8.96916848618252,0,100,0.0,0.0,0.03699349876899627
99,4477,8.970844002264434,0,100,0.0,0.0,0.03699349876899627
99,4478,8.972519518346347,0,100,0.0,0.0,0.03699349876899627
99,4479,8.974195034428263,0,100,0.0,0.0,0.03699349876899627
99,4480,8.975870550510177,0,100,0.0,0.0,0.03699349876899627
99,4481,8.977546066592092,0,100,0.0,0.0,0.03699349876899627
99,4482,8.979221582674006,0,100,0.0,0.0,0.03699349876899627
99,4483,8.980897098755921,0,200,0.0,0.0,0.018845326668962936
99,4488,8.989274679165494,0,25,0.0,0.0,0.13319225276039096
99,4491,8.994301227411237,0,200,0.0,0.0,0.018845326668962936
99,4523,9.047917742032503,0,200,0.0,0.0,0.018845326668962936
99,4531,9.06132187068782,0,200,0.0,0.0,0.018845326668962936
99,4539,9.074725999343135,0,200,0.0,0.0,0.018845326668962936
100,1820,4.533841797905669,0,25,0.0,0.0,0.13319225276039096
100,3173,6.800815056736064,0,25,0.0,0.0,0.13319225276039096
100,3850,7.9351394441922185,0,25,0.0,0.0,0.13319225276039096
100,4188,8.501463879879338,0,25,0.0,0.0,0.13319225276039096
100,4357,8.784626097722898,0,25,0.0,0.0,0.13319225276039096
100,4442,8.927044964685635,0,25,0.0,0.0,0.13319225276039096
100,4463,8.962230802405841,0,25,0.0,0.0,0.13319225276039096
100,4466,8.967257350651584,0,100,0.0,0.0,0.03699349876899627
100,4467,8.9689328667335,0,100,0.0,0.0,0.03699349876899627
100,4468,8.970608382815414,0,100,0.0,0.0,0.03699349876899627
100,4469,8.972283898897329,0,100,0.0,0.0,0.03699349876899627
100,4470,8.973959414979243,0,100,0.0,0.0,0.03699349876899627
100,4471,8.975634931061158,0,100,0.0,0.0,0.03699349876899627
100,4472,8.977310447143072,0,100,0.0,0.0,0.03699349876899627
100,4473,8.978985963224988,0,100,0.0,0.0,0.03699349876899627
100,4474,8.980661479306901,0,200,0.0,0.0,0.018845326668962936
100,4479,8.989039059716474,0,25,0.0,0.0,0.13319225276039096
100,4482,8.994065607962218,0,200,0.0,0.0,0.018845326668962936
100,4514,9.047682122583483,0,200,0.0,0.0,0.018845326668962936
100,4522,9.0610862512388,0,200,0.0,0.0,0.018845326668962936
100,4530,9.074490379894117,0,200,0.0,0.0,0.018845326668962936
101,1811,4.53360617845665,0,25,0.0,0.0,0.13319225276039096
101,3165,6.802254953368959,0,25,0.0,0.0,0.13319225276039096
101,3841,7.934903824743199,0,25,0.0,0.0,0.13319225276039096
101,4179,8.50122826043032,0,25,0.0,0.0,0.13319225276039096
101,4349,8.786065994355795,0,25,0.0,0.0,0.13319225276039096
101,4433,8.926809345236617,0,25,0.0,0.0,0.13319225276039096
101,4454,8.961995182956823,0,25,0.0,0.0,0.13319225276039096
101,4458,8.968697247284481,0,100,0.0,0.0,0.03699349876899627
101,4459,8.970372763366395,0,100,0.0,0.0,0.03699349876899627
101,4460,8.972048279448309,0,100,0.0,0.0,0.03699349876899627
101,4461,8.973723795530224,0,100,0.0,0.0,0.03699349876899627
101,4462,8.97539931161214,0,100,0.0,0.0,0.03699349876899627
101,4463,8.977074827694054,0,100,0.0,0.0,0.03699349876899627
101,4464,8.978750343775967,0,100,0.0,0.0,0.03699349876899627
101,4465,8.980425859857881,0,100,0.0,0.0,0.03699349876899627
101,4466,8.982101375939797,0,200,0.0,0.0,0.018845326668962936
101,4470,8.988803440267455,0,25,0.0,0.0,0.13319225276039096
101,4473,8.993829988513198,0,25,0.0,0.0,0.13319225276039096
101,4474,8.995505504595114,0,200,0.0,0.0,0.018845326668962936
101,4506,9.04912201921638,0,200,0.0,0.0,0.018845326668962936
101,4514,9.062526147871695,0,200,0.0,0.0,0.018845326668962936
101,4522,9.075930276527012,0,200,0.0,0.0,0.018845326668962936
102,1802,4.533370559007631,0,25,0.0,0.0,0.13319225276039096
102,3156,6.80201933391994,0,25,0.0,0.0,0.13319225276039096
102,3832,7.93466820529418,0,25,0.0,0.0,0.13319225276039096
102,4171,8.502668157063216,0,25,0.0,0.0,0.13319225276039096
102,4340,8.785830374906775,0,25,0.0,0.0,0.13319225276039096
102,4424,8.926573725787598,0,25,0.0,0.0,0.13319225276039096
102,4445,8.961759563507803,0,25,0.0,0.0,0.13319225276039096
102,4449,8.968461627835461,0,100,0.0,0.0,0.03699349876899627
102,4450,8.970137143917377,0,100,0.0,0.0,0.03699349876899627
102,4451,8.97181265999929,0,100,0.0,0.0,0.03699349876899627
102,4452,8.973488176081204,0,100,0.0,0.0,0.03699349876899627
102,4453,8.975163692163118,0,100,0.0,0.0,0.03699349876899627
102,4454,8.976839208245034,0,100,0.0,0.0,0.03699349876899627
102,4455,8.97851472432695,0,100,0.0,0.0,0.03699349876899627
102,4456,8.980190240408863,0,100,0.0,0.0,0.03699349876899627
102,4457,8.981865756490777,0,200,0.0,0.0,0.018845326668962936
102,4461,8.988567820818435,0,25,0.0,0.0,0.13319225276039096
102,4464,8.99359436906418,0,25,0.0,0.0,0.13319225276039096
102,4465,8.995269885146094,0,200,0.0,0.0,0.018845326668962936
102,4497,9.04888639976736,0,200,0.0,0.0,0.018845326668962936
102,4505,9.062290528422675,0,200,0.0,0.0,0.018845326668962936
102,4513,9.075694657077992,0,200,0.0,0.0,0.018845326668962936
103,1794,4.534810455640526,0,25,0.0,0.0,0.13319225276039096
103,3147,6.801783714470921,0,25,0.0,0.0,0.13319225276039096
103,3823,7.934432585845161,0,25,0.0,0.0,0.13319225276039096
103,4162,8.502432537614196,0,25,0.0,0.0,0.13319225276039096
103,4331,8.785594755457756,0,25,0.0,0.0,0.13319225276039096
103,4415,8.926338106338578,0,25,0.0,0.0,0.13319225276039096
103,4437,8.963199460140698,0,25,0.0,0.0,0.13319225276039096
103,4440,8.968226008386443,0,100,0.0,0.0,0.03699349876899627
103,4441,8.969901524468357,0,100,0.0,0.0,0.03699349876899627
103,4442,8.97157704055027,0,100,0.0,0.0,0.03699349876899627
103,4443,8.973252556632186,0,100,0.0,0.0,0.03699349876899627
103,4444,8.9749280727141,0,100,0.0,0.0,0.03699349876899627
103,4445,8.976603588796015,0,100,0.0,0.0,0.03699349876899627
103,4446,8.97827910487793,0,100,0.0,0.0,0.03699349876899627
103,4447,8.979954620959845,0,100,0.0,0.0,0.03699349876899627
103,4448,8.981630137041758,0,200,0.0,0.0,0.018845326668962936
103,4452,8.988332201369417,0,25,0.0,0.0,0.13319225276039096
103,4455,8.99335874961516,0,25,0.0,0.0,0.13319225276039096
103,4456,8.995034265697075,0,200,0.0,0.0,0.018845326668962936
103,4488,9.048650780318342,0,200,0.0,0.0,0.018845326668962936
103,4496,9.062054908973657,0,200,0.0,0.0,0.018845326668962936
103,4504,9.075459037628974,0,200,0.0,0.0,0.018845326668962936
104,1785,4.534574836191507,0,25,0.0,0.0,0.13319225276039096
104,3138,6.801548095021902,0,25,0.0,0.0,0.13319225276039096
104,3815,7.9358724824780555,0,25,0.0,0.0,0.13319225276039096
104,4153,8.502196918165176,0,25,0.0,0.0,0.13319225276039096
104,4322,8.785359136008736,0,25,0.0,0.0,0.13319225276039096
104,4407,8.927778002971474,0,25,0.0,0.0,0.13319225276039096
104,4428,8.96296384069168,0,25,0.0,0.0,0.13319225276039096
104,4431,8.967990388937423,0,100,0.0,0.0,0.03699349876899627
104,4432,8.969665905019337,0,100,0.0,0.0,0.03699349876899627
104,4433,8.971341421101252,0,100,0.0,0.0,0.03699349876899627
104,4434,8.973016937183166,0,100,0.0,0.0,0.03699349876899627
104,4435,8.974692453265082,0,100,0.0,0.0,0.03699349876899627
104,4436,8.976367969346995,0,100,0.0,0.0,0.03699349876899627
104,4437,8.97804348542891,0,100,0.0,0.0,0.03699349876899627
104,4438,8.979719001510825,0,100,0.0,0.0,0.03699349876899627
104,4439,8.98139451759274,0,200,0.0,0.0,0.018845326668962936
104,4444,8.989772098002312,0,25,0.0,0.0,0.13319225276039096
104,4446,8.993123130166142,0,25,0.0,0.0,0.13319225276039096
104,4447,8.994798646248055,0,200,0.0,0.0,0.018845326668962936
104,4479,9.048415160869322,0,200,0.0,0.0,0.018845326668962936
104,4487,9.061819289524639,0,200,0.0,0.0,0.018845326668962936
104,4495,9.075223418179954,0,200,0.0,0.0,0.018845326668962936
105,1776,4.534339216742488,0,25,0.0,0.0,0.13319225276039096
105,3129,6.801312475572883,0,25,0.0,0.0,0.13319225276039096
105,3806,7.935636863029037,0,25,0.0,0.0,0.13319225276039096
105,4144,8.501961298716157,0,25,0.0,0.0,0.13319225276039096
105,4313,8.785123516559716,0,25,0.0,0.0,0.13319225276039096
105,4398,8.927542383522454,0,25,0.0,0.0,0.13319225276039096
105,4419,8.96272822124266,0,25,0.0,0.0,0.13319225276039096
105,4422,8.967754769488403,0,100,0.0,0.0,0.03699349876899627
105,4423,8.969430285570319,0,100,0.0,0.0,0.03699349876899627
105,4424,8.971105801652232,0,100,0.0,0.0,0.03699349876899627
105,4425,8.972781317734148,0,100,0.0,0.0,0.03699349876899627
105,4426,8.974456833816062,0,100,0.0,0.0,0.03699349876899627
105,4427,8.976132349897977,0,100,0.0,0.0,0.03699349876899627
105,4428,8.97780786597989,0,100,0.0,0.0,0.03699349876899627
105,4429,8.979483382061805,0,100,0.0,0.0,0.03699349876899627
105,4430,8.98115889814372,0,200,0.0,0.0,0.018845326668962936
105,4435,8.989536478553292,0,25,0.0,0.0,0.13319225276039096
105,4437,8.992887510717122,0,25,0.0,0.0,0.13319225276039096
105,4438,8.994563026799037,0,200,0.0,0.0,0.018845326668962936
105,4470,9.048179541420302,0,200,0.0,0.0,0.018845326668962936
105,4478,9.061583670075619,0,200,0.0,0.0,0.018845326668962936
105,4486,9.074987798730936,0,200,0.0,0.0,0.018845326668962936
106,1767,4.534103597293469,0,25,0.0,0.0,0.13319225276039096
106,3120,6.8010768561238635,0,25,0.0,0.0,0.13319225276039096
106,3797,7.935401243580018,0,25,0.0,0.0,0.13319225276039096
106,4135,8.501725679267139,0,25,0.0,0.0,0.13319225276039096
106,4304,8.784887897110698,0,25,0.0,0.0,0.13319225276039096
106,4389,8.927306764073435,0,25,0.0,0.0,0.13319225276039096
106,4410,8.962492601793642,0,25,0.0,0.0,0.13319225276039096
106,4413,8.967519150039385,0,100,0.0,0.0,0.03699349876899627
106,4414,8.9691946661213,0,100,0.0,0.0,0.03699349876899627
106,4415,8.970870182203214,0,100,0.0,0.0,0.03699349876899627
106,4416,8.972545698285128,0,100,0.0,0.0,0.03699349876899627
106,4417,8.974221214367041,0,100,0.0,0.0,0.03699349876899627
106,4418,8.975896730448957,0,100,0.0,0.0,0.03699349876899627
106,4419,8.977572246530872,0,100,0.0,0.0,0.03699349876899627
106,4420,8.979247762612786,0,100,0.0,0.0,0.03699349876899627
106,4421,8.9809232786947,0,200,0.0,0.0,0.018845326668962936
106,4426,8.989300859104274,0,25,0.0,0.0,0.13319225276039096
106,4429,8.994327407350017,0,200,0.0,0.0,0.018845326668962936
106,4461,9.047943921971283,0,200,0.0,0.0,0.018845326668962936
106,4469,9.061348050626599,0,200,0.0,0.0,0.018845326668962936
106,4477,9.074752179281916,0,200,0.0,0.0,0.018845326668962936
107,1758,4.53386797784445,0,25,0.0,0.0,0.13319225276039096
107,3111,6.800841236674844,0,25,0.0,0.0,0.13319225276039096
107,3788,7.935165624130998,0,25,0.0,0.0,0.13319225276039096
107,4126,8.501490059818119,0,25,0.0,0.0,0.13319225276039096
107,4295,8.784652277661678,0,25,0.0,0.0,0.13319225276039096
107,4380,8.927071144624415,0,25,0.0,0.0,0.13319225276039096
107,4401,8.962256982344622,0,25,0.0,0.0,0.13319225276039096
107,4404,8.967283530590365,0,100,0.0,0.0,0.03699349876899627
107,4405,8.968959046672278,0,100,0.0,0.0,0.03699349876899627
107,4406,8.970634562754194,0,100,0.0,0.0,0.03699349876899627
107,4407,8.97231007883611,0,100,0.0,0.0,0.03699349876899627
107,4408,8.973985594918023,0,100,0.0,0.0,0.03699349876899627
107,4409,8.975661110999937,0,100,0.0,0.0,0.03699349876899627
107,4410,8.977336627081852,0,100,0.0,0.0,0.03699349876899627
107,4411,8.979012143163768,0,100,0.0,0.0,0.03699349876899627
107,4412,8.980687659245682,0,200,0.0,0.0,0.018845326668962936
107,4417,8.989065239655254,0,25,0.0,0.0,0.13319225276039096
107,4420,8.994091787900999,0,200,0.0,0.0,0.018845326668962936
107,4452,9.047708302522263,0,200,0.0,0.0,0.018845326668962936
107,4460,9.06111243117758,1,200,0.005,0.0008831687058453758,0.02777370469642793
107,4468,9.074516559832897,0,200,0.0,0.0,0.018845326668962936
108,1749,4.53363235839543,0,25,0.0,0.0,0.13319225276039096
108,3102,6.800605617225824,0,25,0.0,0.0,0.13319225276039096
108,3779,7.934930004681979,0,25,0.0,0.0,0.13319225276039096
108,4117,8.501254440369099,0,25,0.0,0.0,0.13319225276039096
108,4287,8.786092174294573,0,25,0.0,0.0,0.13319225276039096
108,4371,8.926835525175397,0,25,0.0,0.0,0.13319225276039096
108,4392,8.962021362895603,0,25,0.0,0.0,0.13319225276039096
108,4395,8.967047911141346,0,100,0.0,0.0,0.03699349876899627
108,4396,8.96872342722326,0,100,0.0,0.0,0.03699349876899627
108,4397,8.970398943305176,0,100,0.0,0.0,0.03699349876899627
108,4398,8.97207445938709,0,100,0.0,0.0,0.03699349876899627
108,4399,8.973749975469005,0,100,0.0,0.0,0.03699349876899627
108,4400,8.975425491550919,0,100,0.0,0.0,0.03699349876899627
108,4401,8.977101007632834,0,100,0.0,0.0,0.03699349876899627
108,4402,8.978776523714748,0,100,0.0,0.0,0.03699349876899627
108,4403,8.980452039796663,0,200,0.0,0.0,0.018845326668962936
108,4408,8.988829620206236,0,25,0.0,0.0,0.13319225276039096
108,4411,8.993856168451979,0,200,0.0,0.0,0.018845326668962936
108,4443,9.047472683073245,0,200,0.0,0.0,0.018845326668962936
108,4451,9.060876811728562,1,200,0.005,0.0008831687058453758,0.02777370469642793
108,4459,9.074280940383877,0,200,0.0,0.0,0.018845326668962936
109,1740,4.533396738946411,0,25,0.0,0.0,0.13319225276039096
109,3094,6.802045513858721,0,25,0.0,0.0,0.13319225276039096
109,3770,7.934694385232961,0,25,0.0,0.0,0.13319225276039096
109,4109,8.502694337001994,0,25,0.0,0.0,0.13319225276039096
109,4278,8.785856554845555,0,25,0.0,0.0,0.13319225276039096
109,4362,8.926599905726377,0,25,0.0,0.0,0.13319225276039096
109,4383,8.961785743446583,0,25,0.0,0.0,0.13319225276039096
109,4387,8.968487807774242,0,100,0.0,0.0,0.03699349876899627
109,4388,8.970163323856156,0,100,0.0,0.0,0.03699349876899627
109,4389,8.971838839938071,0,100,0.0,0.0,0.03699349876899627
109,4390,8.973514356019985,0,100,0.0,0.0,0.03699349876899627
109,4391,8.9751898721019,0,100,0.0,0.0,0.03699349876899627
109,4392,8.976865388183814,0,100,0.0,0.0,0.03699349876899627
109,4393,8.978540904265728,0,100,0.0,0.0,0.03699349876899627
109,4394,8.980216420347643,0,100,0.0,0.0,0.03699349876899627
109,4395,8.981891936429557,0,200,0.0,0.0,0.018845326668962936
109,4399,8.988594000757216,0,25,0.0,0.0,0.13319225276039096
109,4402,8.99362054900296,0,25,0.0,0.0,0.13319225276039096
109,4403,8.995296065084874,0,200,0.0,0.0,0.018845326668962936
109,4435,9.04891257970614,0,200,0.0,0.0,0.018845326668962936
109,4443,9.062316708361456,1,200,0.005,0.0008831687058453758,0.02777370469642793
109,4451,9.075720837016773,0,200,0.0,0.0,0.018845326668962936
110,1732,4.534836635579306,0,25,0.0,0.0,0.13319225276039096
110,3085,6.8018098944097005,0,25,0.0,0.0,0.13319225276039096
110,3761,7.9344587657839405,0,25,0.0,0.0,0.13319225276039096
110,4100,8.502458717552976,0,25,0.0,0.0,0.13319225276039096
110,4269,8.785620935396535,0,25,0.0,0.0,0.13319225276039096
110,4353,8.926364286277359,0,25,0.0,0.0,0.13319225276039096
110,4375,8.963225640079479,0,25,0.0,0.0,0.13319225276039096
110,4378,8.968252188325222,0,100,0.0,0.0,0.03699349876899627
110,4379,8.969927704407137,0,100,0.0,0.0,0.03699349876899627
110,4380,8.971603220489051,0,100,0.0,0.0,0.03699349876899627
110,4381,8.973278736570965,0,100,0.0,0.0,0.03699349876899627
110,4382,8.97495425265288,0,100,0.0,0.0,0.03699349876899627
110,4383,8.976629768734794,0,100,0.0,0.0,0.03699349876899627
110,4384,8.97830528481671,0,100,0.0,0.0,0.03699349876899627
110,4385,8.979980800898623,0,100,0.0,0.0,0.03699349876899627
110,4386,8.981656316980539,0,200,0.0,0.0,0.018845326668962936
110,4390,8.988358381308197,0,25,0.0,0.0,0.13319225276039096
110,4393,8.99338492955394,0,25,0.0,0.0,0.13319225276039096
110,4394,8.995060445635854,0,200,0.0,0.0,0.018845326668962936
110,4426,9.04867696025712,0,200,0.0,0.0,0.018845326668962936
110,4434,9.062081088912437,1,200,0.005,0.0008831687058453758,0.02777370469642793
110,4442,9.075485217567753,0,200,0.0,0.0,0.018845326668962936
111,1723,4.534601016130287,0,25,0.0,0.0,0.13319225276039096
111,3076,6.801574274960681,0,25,0.0,0.0,0.13319225276039096
111,3753,7.935898662416836,0,25,0.0,0.0,0.13319225276039096
111,4091,8.502223098103956,0,25,0.0,0.0,0.13319225276039096
111,4260,8.785385315947515,0,25,0.0,0.0,0.13319225276039096
111,4345,8.927804182910252,0,25,0.0,0.0,0.13319225276039096
111,4366,8.962990020630459,0,25,0.0,0.0,0.13319225276039096
111,4369,8.968016568876202,0,100,0.0,0.0,0.03699349876899627
111,4370,8.969692084958117,0,100,0.0,0.0,0.03699349876899627
111,4371,8.971367601040031,0,100,0.0,0.0,0.03699349876899627
111,4372,8.973043117121946,0,100,0.0,0.0,0.03699349876899627
111,4373,8.97471863320386,0,100,0.0,0.0,0.03699349876899627
111,4374,8.976394149285776,0,100,0.0,0.0,0.03699349876899627
111,4375,8.97806966536769,0,100,0.0,0.0,0.03699349876899627
111,4376,8.979745181449605,0,100,0.0,0.0,0.03699349876899627
111,4377,8.981420697531519,0,200,0.0,0.0,0.018845326668962936
111,4382,8.989798277941091,0,25,0.0,0.0,0.13319225276039096
111,4384,8.99314931010492,0,25,0.0,0.0,0.13319225276039096
111,4385,8.994824826186836,0,200,0.0,0.0,0.018845326668962936
111,4417,9.0484413408081,0,200,0.0,0.0,0.018845326668962936
111,4425,9.061845469463417,1,200,0.005,0.0008831687058453758,0.02777370469642793
111,4433,9.075249598118734,0,200,0.0,0.0,0.018845326668962936
112,1714,4.534365396681268,0,25,0.0,0.0,0.13319225276039096
112,3067,6.801338655511662,0,25,0.0,0.0,0.13319225276039096
112,3744,7.935663042967817,0,25,0.0,0.0,0.13319225276039096
112,4082,8.501987478654936,0,25,0.0,0.0,0.13319225276039096
112,4251,8.785149696498497,0,25,0.0,0.0,0.13319225276039096
112,4336,8.927568563461234,0,25,0.0,0.0,0.13319225276039096
112,4357,8.962754401181439,0,25,0.0,0.0,0.13319225276039096
112,4360,8.967780949427183,0,100,0.0,0.0,0.03699349876899627
112,4361,8.969456465509097,0,100,0.0,0.0,0.03699349876899627
112,4362,8.971131981591013,0,100,0.0,0.0,0.03699349876899627
112,4363,8.972807497672928,0,100,0.0,0.0,0.03699349876899627
112,4364,8.974483013754842,0,100,0.0,0.0,0.03699349876899627
112,4365,8.976158529836756,0,100,0.0,0.0,0.03699349876899627
112,4366,8.977834045918671,0,100,0.0,0.0,0.03699349876899627
112,4367,8.979509562000587,0,100,0.0,0.0,0.03699349876899627
112,4368,8.9811850780825,0,200,0.0,0.0,0.018845326668962936
112,4373,8.989562658492073,0,25,0.0,0.0,0.13319225276039096
112,4375,8.992913690655902,0,25,0.0,0.0,0.13319225276039096
112,4376,8.994589206737817,0,200,0.0,0.0,0.018845326668962936
112,4408,9.048205721359082,0,200,0.0,0.0,0.018845326668962936
112,4416,9.0616098500144,1,200,0.005,0.0008831687058453758,0.02777370469642793
112,4424,9.075013978669716,0,200,0.0,0.0,0.018845326668962936
113,1705,4.534129777232248,0,25,0.0,0.0,0.13319225276039096
113,3058,6.801103036062643,0,25,0.0,0.0,0.13319225276039096
113,3735,7.935427423518798,0,25,0.0,0.0,0.13319225276039096
113,4073,8.501751859205918,0,25,0.0,0.0,0.13319225276039096
113,4242,8.784914077049478,0,25,0.0,0.0,0.13319225276039096
113,4327,8.927332944012216,0,25,0.0,0.0,0.13319225276039096
113,4348,8.96251878173242,0,25,0.0,0.0,0.13319225276039096
113,4351,8.967545329978165,0,100,0.0,0.0,0.03699349876899627
113,4352,8.969220846060079,0,100,0.0,0.0,0.03699349876899627
113,4353,8.970896362141994,0,100,0.0,0.0,0.03699349876899627
113,4354,8.972571878223908,0,100,0.0,0.0,0.03699349876899627
113,4355,8.974247394305824,0,100,0.0,0.0,0.03699349876899627
113,4356,8.975922910387737,0,100,0.0,0.0,0.03699349876899627
113,4357,8.977598426469651,0,100,0.0,0.0,0.03699349876899627
113,4358,8.979273942551567,0,100,0.0,0.0,0.03699349876899627
113,4359,8.98094945863348,0,200,0.0,0.0,0.018845326668962936
113,4364,8.989327039043054,0,25,0.0,0.0,0.13319225276039096
113,4367,8.994353587288797,0,200,0.0,0.0,0.018845326668962936
113,4399,9.047970101910064,0,200,0.0,0.0,0.018845326668962936
113,4407,9.061374230565379,1,200,0.005,0.0008831687058453758,0.02777370469642793
113,4415,9.074778359220696,0,200,0.0,0.0,0.018845326668962936
114,1696,4.533894157783229,0,25,0.0,0.0,0.13319225276039096
114,3049,6.800867416613624,0,25,0.0,0.0,0.13319225276039096
114,3726,7.935191804069779,0,25,0.0,0.0,0.13319225276039096
114,4064,8.5015162397569,0,25,0.0,0.0,0.13319225276039096
114,4233,8.784678457600458,0,25,0.0,0.0,0.13319225276039096
114,4318,8.927097324563196,0,25,0.0,0.0,0.13319225276039096
114,4339,8.962283162283402,0,25,0.0,0.0,0.13319225276039096
114,4342,8.967309710529145,0,100,0.0,0.0,0.03699349876899627
114,4343,8.96898522661106,0,100,0.0,0.0,0.03699349876899627
114,4344,8.970660742692974,0,100,0.0,0.0,0.03699349876899627
114,4345,8.972336258774888,0,100,0.0,0.0,0.03699349876899627
114,4346,8.974011774856804,0,100,0.0,0.0,0.03699349876899627
114,4347,8.975687290938717,0,100,0.0,0.0,0.03699349876899627
114,4348,8.977362807020633,0,100,0.0,0.0,0.03699349876899627
114,4349,8.979038323102547,0,100,0.0,0.0,0.03699349876899627
114,4350,8.980713839184462,0,200,0.0,0.0,0.018845326668962936
114,4355,8.989091419594034,0,25,0.0,0.0,0.13319225276039096
114,4358,8.994117967839777,0,200,0.0,0.0,0.018845326668962936
114,4390,9.047734482461044,0,200,0.0,0.0,0.018845326668962936
114,4398,9.06113861111636,1,200,0.005,0.0008831687058453758,0.02777370469642793
114,4406,9.074542739771676,0,200,0.0,0.0,0.018845326668962936
115,1687,4.53365853833421,0,25,0.0,0.0,0.13319225276039096
115,3040,6.800631797164604,0,25,0.0,0.0,0.13319225276039096
115,3717,7.934956184620759,0,25,0.0,0.0,0.13319225276039096
115,4055,8.50128062030788,0,25,0.0,0.0,0.13319225276039096
115,4225,8.786118354233354,0,25,0.0,0.0,0.13319225276039096
115,4309,8.926861705114176,0,25,0.0,0.0,0.13319225276039096
115,4330,8.962047542834382,0,25,0.0,0.0,0.13319225276039096
115,4333,8.967074091080125,0,100,0.0,0.0,0.03699349876899627
115,4334,8.96874960716204,0,100,0.0,0.0,0.03699349876899627
115,4335,8.970425123243954,0,100,0.0,0.0,0.03699349876899627
115,4336,8.97210063932587,0,100,0.0,0.0,0.03699349876899627
115,4337,8.973776155407784,0,100,0.0,0.0,0.03699349876899627
115,4338,8.975451671489699,0,100,0.0,0.0,0.03699349876899627
115,4339,8.977127187571613,0,100,0.0,0.0,0.03699349876899627
115,4340,8.978802703653528,0,100,0.0,0.0,0.03699349876899627
115,4341,8.980478219735442,0,200,0.0,0.0,0.018845326668962936
115,4346,8.988855800145014,0,25,0.0,0.0,0.13319225276039096
115,4349,8.993882348390759,0,200,0.0,0.0,0.018845326668962936
115,4381,9.047498863012024,0,200,0.0,0.0,0.018845326668962936
115,4389,9.06090299166734,1,200,0.005,0.0008831687058453758,0.02777370469642793
115,4397,9.074307120322658,0,200,0.0,0.0,0.018845326668962936
116,1678,4.533422918885191,0,25,0.0,0.0,0.13319225276039096
116,3032,6.8020716937975,0,25,0.0,0.0,0.13319225276039096
116,3708,7.93472056517174,0,25,0.0,0.0,0.13319225276039096
116,4047,8.502720516940775,0,25,0.0,0.0,0.13319225276039096
116,4216,8.785882734784334,0,25,0.0,0.0,0.13319225276039096
116,4300,8.926626085665157,0,25,0.0,0.0,0.13319225276039096
116,4321,8.961811923385362,0,25,0.0,0.0,0.13319225276039096
116,4325,8.96851398771302,0,100,0.0,0.0,0.03699349876899627
116,4326,8.970189503794936,0,100,0.0,0.0,0.03699349876899627
116,4327,8.97186501987685,0,100,0.0,0.0,0.03699349876899627
116,4328,8.973540535958765,0,100,0.0,0.0,0.03699349876899627
116,4329,8.975216052040679,0,100,0.0,0.0,0.03699349876899627
116,4330,8.976891568122594,0,100,0.0,0.0,0.03699349876899627
116,4331,8.978567084204508,0,100,0.0,0.0,0.03699349876899627
116,4332,8.980242600286422,0,100,0.0,0.0,0.03699349876899627
116,4333,8.981918116368337,0,200,0.0,0.0,0.018845326668962936
116,4337,8.988620180695996,0,25,0.0,0.0,0.13319225276039096
116,4340,8.993646728941739,0,25,0.0,0.0,0.13319225276039096
116,4341,8.995322245023655,0,200,0.0,0.0,0.018845326668962936
116,4373,9.04893875964492,0,200,0.0,0.0,0.018845326668962936
116,4381,9.062342888300236,1,200,0.005,0.0008831687058453758,0.02777370469642793
116,4389,9.075747016955553,0,200,0.0,0.0,0.018845326668962936
117,1669,4.533187299436172,0,25,0.0,0.0,0.13319225276039096
117,3023,6.801836074348481,0,25,0.0,0.0,0.13319225276039096
117,3699,7.934484945722721,0,25,0.0,0.0,0.13319225276039096
117,4038,8.502484897491755,0,25,0.0,0.0,0.13319225276039096
117,4207,8.785647115335316,0,25,0.0,0.0,0.13319225276039096
117,4291,8.926390466216137,0,25,0.0,0.0,0.13319225276039096
117,4313,8.963251820018257,0,25,0.0,0.0,0.13319225276039096
117,4316,8.968278368264002,0,100,0.0,0.0,0.03699349876899627
117,4317,8.969953884345916,0,100,0.0,0.0,0.03699349876899627
117,4318,8.971629400427831,0,100,0.0,0.0,0.03699349876899627
117,4319,8.973304916509747,0,100,0.0,0.0,0.03699349876899627
117,4320,8.97498043259166,0,100,0.0,0.0,0.03699349876899627
117,4321,8.976655948673574,0,100,0.0,0.0,0.03699349876899627
117,4322,8.978331464755488,0,100,0.0,0.0,0.03699349876899627
117,4323,8.980006980837404,0,100,0.0,0.0,0.03699349876899627
117,4324,8.98168249691932,0,200,0.0,0.0,0.018845326668962936
117,4328,8.988384561246978,0,25,0.0,0.0,0.13319225276039096
117,4331,8.99341110949272,0,25,0.0,0.0,0.13319225276039096
117,4332,8.995086625574634,0,200,0.0,0.0,0.018845326668962936
117,4364,9.0487031401959,0,200,0.0,0.0,0.018845326668962936
117,4372,9.062107268851218,1,200,0.005,0.0008831687058453758,0.02777370469642793
117,4380,9.075511397506533,0,200,0.0,0.0,0.018845326668962936
118,1661,4.534627196069067,0,25,0.0,0.0,0.13319225276039096
118,3014,6.801600454899462,0,25,0.0,0.0,0.13319225276039096
118,3691,7.935924842355616,0,25,0.0,0.0,0.13319225276039096
118,4029,8.502249278042736,0,25,0.0,0.0,0.13319225276039096
118,4198,8.785411495886297,0,25,0.0,0.0,0.13319225276039096
118,4283,8.927830362849033,0,25,0.0,0.0,0.13319225276039096
118,4304,8.963016200569239,0,25,0.0,0.0,0.13319225276039096
118,4307,8.968042748814984,0,100,0.0,0.0,0.03699349876899627
118,4308,8.969718264896898,0,100,0.0,0.0,0.03699349876899627
118,4309,8.971393780978811,0,100,0.0,0.0,0.03699349876899627
118,4310,8.973069297060725,0,100,0.0,0.0,0.03699349876899627
118,4311,8.97474481314264,0,100,0.0,0.0,0.03699349876899627
118,4312,8.976420329224556,0,100,0.0,0.0,0.03699349876899627
118,4313,8.97809584530647,0,100,0.0,0.0,0.03699349876899627
118,4314,8.979771361388384,0,100,0.0,0.0,0.03699349876899627
118,4315,8.9814468774703,0,200,0.0,0.0,0.018845326668962936
118,4320,8.989824457879871,0,25,0.0,0.0,0.13319225276039096
118,4322,8.9931754900437,0,25,0.0,0.0,0.13319225276039096
118,4323,8.994851006125614,0,200,0.0,0.0,0.018845326668962936
118,4355,9.048467520746883,0,200,0.0,0.0,0.018845326668962936
118,4363,9.061871649402198,1,200,0.005,0.0008831687058453758,0.02777370469642793
118,4371,9.075275778057513,0,200,0.0,0.0,0.018845326668962936
119,1652,4.534391576620048,0,25,0.0,0.0,0.13319225276039096
119,3005,6.801364835450442,0,25,0.0,0.0,0.13319225276039096
119,3682,7.935689222906596,0,25,0.0,0.0,0.13319225276039096
119,4020,8.502013658593716,0,25,0.0,0.0,0.13319225276039096
119,4189,8.785175876437277,0,25,0.0,0.0,0.13319225276039096
119,4274,8.927594743400014,0,25,0.0,0.0,0.13319225276039096
119,4295,8.96278058112022,0,25,0.0,0.0,0.13319225276039096
119,4298,8.967807129365964,0,100,0.0,0.0,0.03699349876899627
119,4299,8.969482645447878,0,100,0.0,0.0,0.03699349876899627
119,4300,8.971158161529793,0,100,0.0,0.0,0.03699349876899627
119,4301,8.972833677611707,0,100,0.0,0.0,0.03699349876899627
119,4302,8.974509193693622,0,100,0.0,0.0,0.03699349876899627
119,4303,8.976184709775536,0,100,0.0,0.0,0.03699349876899627
119,4304,8.977860225857452,0,100,0.0,0.0,0.03699349876899627
119,4305,8.979535741939365,0,100,0.0,0.0,0.03699349876899627
119,4306,8.98121125802128,0,200,0.0,0.0,0.018845326668962936
119,4311,8.989588838430853,0,25,0.0,0.0,0.13319225276039096
119,4313,8.992939870594682,0,25,0.0,0.0,0.13319225276039096
119,4314,8.994615386676596,0,200,0.0,0.0,0.018845326668962936
119,4346,9.048231901297862,0,200,0.0,0.0,0.018845326668962936
119,4354,9.06163602995318,1,200,0.005,0.0008831687058453758,0.02777370469642793
119,4362,9.075040158608495,0,200,0.0,0.0,0.018845326668962936
120,1643,4.534155957171029,0,25,0.0,0.0,0.13319225276039096
120,2996,6.8011292160014225,0,25,0.0,0.0,0.13319225276039096
120,3673,7.935453603457578,0,25,0.0,0.0,0.13319225276039096
120,4011,8.501778039144698,0,25,0.0,0.0,0.13319225276039096
120,4180,8.784940256988257,0,25,0.0,0.0,0.13319225276039096
120,4265,8.927359123950994,0,25,0.0,0.0,0.13319225276039096
120,4286,8.9625449616712,0,25,0.0,0.0,0.13319225276039096
120,4289,8.967571509916944,0,100,0.0,0.0,0.03699349876899627
120,4290,8.96924702599886,0,100,0.0,0.0,0.03699349876899627
120,4291,8.970922542080773,0,100,0.0,0.0,0.03699349876899627
120,4292,8.972598058162689,0,100,0.0,0.0,0.03699349876899627
120,4293,8.974273574244602,0,100,0.0,0.0,0.03699349876899627
120,4294,8.975949090326518,0,100,0.0,0.0,0.03699349876899627
120,4295,8.977624606408432,0,100,0.0,0.0,0.03699349876899627
120,4296,8.979300122490345,0,100,0.0,0.0,0.03699349876899627
120,4297,8.98097563857226,1,200,0.005,0.0008831687058453758,0.02777370469642793
120,4302,8.989353218981833,0,25,0.0,0.0,0.13319225276039096
120,4305,8.994379767227578,0,200,0.0,0.0,0.018845326668962936
120,4337,9.047996281848842,0,200,0.0,0.0,0.018845326668962936
120,4345,9.06140041050416,1,200,0.005,0.0008831687058453758,0.02777370469642793
120,4353,9.074804539159476,0,200,0.0,0.0,0.018845326668962936
121,1634,4.53392033772201,0,25,0.0,0.0,0.13319225276039096
121,2987,6.800893596552404,0,25,0.0,0.0,0.13319225276039096
121,3664,7.935217984008559,0,25,0.0,0.0,0.13319225276039096
121,4002,8.501542419695678,0,25,0.0,0.0,0.13319225276039096
121,4171,8.784704637539239,0,25,0.0,0.0,0.13319225276039096
121,4256,8.927123504501976,0,25,0.0,0.0,0.13319225276039096
121,4277,8.96230934222218,0,25,0.0,0.0,0.13319225276039096
121,4280,8.967335890467925,0,100,0.0,0.0,0.03699349876899627
121,4281,8.96901140654984,0,100,0.0,0.0,0.03699349876899627
121,4282,8.970686922631755,0,100,0.0,0.0,0.03699349876899627
121,4283,8.972362438713668,0,100,0.0,0.0,0.03699349876899627
121,4284,8.974037954795582,0,100,0.0,0.0,0.03699349876899627
121,4285,8.975713470877498,0,100,0.0,0.0,0.03699349876899627
121,4286,8.977388986959411,0,100,0.0,0.0,0.03699349876899627
121,4287,8.979064503041327,0,100,0.0,0.0,0.03699349876899627
121,4288,8.98074001912324,1,200,0.005,0.0008831687058453758,0.02777370469642793
121,4293,8.989117599532815,0,25,0.0,0.0,0.13319225276039096
121,4296,8.994144147778558,0,200,0.0,0.0,0.018845326668962936
121,4328,9.047760662399824,0,200,0.0,0.0,0.018845326668962936
121,4336,9.06116479105514,1,200,0.005,0.0008831687058453758,0.02777370469642793
121,4344,9.074568919710456,0,200,0.0,0.0,0.018845326668962936
122,1625,4.5336847182729905,0,25,0.0,0.0,0.13319225276039096
122,2978,6.800657977103385,0,25,0.0,0.0,0.13319225276039096
122,3655,7.934982364559539,0,25,0.0,0.0,0.13319225276039096
122,3993,8.50130680024666,0,25,0.0,0.0,0.13319225276039096
122,4163,8.786144534172134,0,25,0.0,0.0,0.13319225276039096
122,4247,8.926887885052956,0,25,0.0,0.0,0.13319225276039096
122,4268,8.962073722773162,0,25,0.0,0.0,0.13319225276039096
122,4271,8.967100271018907,0,100,0.0,0.0,0.03699349876899627
122,4272,8.968775787100821,0,100,0.0,0.0,0.03699349876899627
122,4273,8.970451303182735,0,100,0.0,0.0,0.03699349876899627
122,4274,8.972126819264648,0,100,0.0,0.0,0.03699349876899627
122,4275,8.973802335346564,0,100,0.0,0.0,0.03699349876899627
122,4276,8.97547785142848,0,100,0.0,0.0,0.03699349876899627
122,4277,8.977153367510393,0,100,0.0,0.0,0.03699349876899627
122,4278,8.978828883592307,0,100,0.0,0.0,0.03699349876899627
122,4279,8.980504399674222,1,200,0.005,0.0008831687058453758,0.02777370469642793
122,4284,8.988881980083795,0,25,0.0,0.0,0.13319225276039096
122,4287,8.993908528329538,0,200,0.0,0.0,0.018845326668962936
122,4319,9.047525042950806,0,200,0.0,0.0,0.018845326668962936
122,4327,9.060929171606121,1,200,0.005,0.0008831687058453758,0.02777370469642793
122,4335,9.074333300261436,0,200,0.0,0.0,0.018845326668962936
123,1616,4.53344909882397,0,25,0.0,0.0,0.13319225276039096
123,2970,6.80209787373628,0,25,0.0,0.0,0.13319225276039096
123,3646,7.93474674511052,0,25,0.0,0.0,0.13319225276039096
123,3985,8.502746696879555,0,25,0.0,0.0,0.13319225276039096
123,4154,8.785908914723114,0,25,0.0,0.0,0.13319225276039096
123,4238,8.926652265603938,0,25,0.0,0.0,0.13319225276039096
123,4259,8.961838103324144,0,25,0.0,0.0,0.13319225276039096
123,4263,8.9685401676518,0,100,0.0,0.0,0.03699349876899627
123,4264,8.970215683733716,0,100,0.0,0.0,0.03699349876899627
123,4265,8.97189119981563,0,100,0.0,0.0,0.03699349876899627
123,4266,8.973566715897544,0,100,0.0,0.0,0.03699349876899627
123,4267,8.97524223197946,0,100,0.0,0.0,0.03699349876899627
123,4268,8.976917748061375,0,100,0.0,0.0,0.03699349876899627
123,4269,8.978593264143289,0,100,0.0,0.0,0.03699349876899627
123,4270,8.980268780225202,0,100,0.0,0.0,0.03699349876899627
123,4271,8.981944296307118,0,200,0.0,0.0,0.018845326668962936
123,4275,8.988646360634775,0,25,0.0,0.0,0.13319225276039096
123,4278,8.99367290888052,0,25,0.0,0.0,0.13319225276039096
123,4279,8.995348424962433,0,200,0.0,0.0,0.018845326668962936
123,4311,9.0489649395837,0,200,0.0,0.0,0.018845326668962936
123,4319,9.062369068239017,1,200,0.005,0.0008831687058453758,0.02777370469642793
123,4327,9.075773196894332,0,200,0.0,0.0,0.018845326668962936
124,1607,4.533213479374951,0,25,0.0,0.0,0.13319225276039096
124,2961,6.80186225428726,0,25,0.0,0.0,0.13319225276039096
124,3637,7.9345111256615,0,25,0.0,0.0,0.13319225276039096
124,3976,8.502511077430535,0,25,0.0,0.0,0.13319225276039096
124,4145,8.785673295274096,0,25,0.0,0.0,0.13319225276039096
124,4229,8.926416646154918,0,25,0.0,0.0,0.13319225276039096
124,4251,8.963277999957038,0,25,0.0,0.0,0.13319225276039096
124,4254,8.968304548202783,0,100,0.0,0.0,0.03699349876899627
124,4255,8.969980064284696,0,100,0.0,0.0,0.03699349876899627
124,4256,8.971655580366612,0,100,0.0,0.0,0.03699349876899627
124,4257,8.973331096448526,0,100,0.0,0.0,0.03699349876899627
124,4258,8.975006612530441,0,100,0.0,0.0,0.03699349876899627
124,4259,8.976682128612355,0,100,0.0,0.0,0.03699349876899627
124,4260,8.978357644694269,0,100,0.0,0.0,0.03699349876899627
124,4261,8.980033160776184,0,100,0.0,0.0,0.03699349876899627
124,4262,8.981708676858098,0,200,0.0,0.0,0.018845326668962936
124,4266,8.988410741185756,0,25,0.0,0.0,0.13319225276039096
124,4269,8.993437289431501,0,25,0.0,0.0,0.13319225276039096
124,4270,8.995112805513415,0,200,0.0,0.0,0.018845326668962936
124,4302,9.048729320134681,0,200,0.0,0.0,0.018845326668962936
124,4310,9.062133448789996,1,200,0.005,0.0008831687058453758,0.02777370469642793
124,4318,9.075537577445314,0,200,0.0,0.0,0.018845326668962936
125,1599,4.534653376007847,0,25,0.0,0.0,0.13319225276039096
125,2952,6.801626634838241,0,25,0.0,0.0,0.13319225276039096
125,3629,7.935951022294397,0,25,0.0,0.0,0.13319225276039096
125,3967,8.502275457981517,0,25,0.0,0.0,0.13319225276039096
125,4136,8.785437675825076,0,25,0.0,0.0,0.13319225276039096
125,4221,8.927856542787813,0,25,0.0,0.0,0.13319225276039096
125,4242,8.96304238050802,0,25,0.0,0.0,0.13319225276039096
125,4245,8.968068928753762,0,100,0.0,0.0,0.03699349876899627
125,4246,8.969744444835678,0,100,0.0,0.0,0.03699349876899627
125,4247,8.971419960917592,0,100,0.0,0.0,0.03699349876899627
125,4248,8.973095476999505,0,100,0.0,0.0,0.03699349876899627
125,4249,8.974770993081421,0,100,0.0,0.0,0.03699349876899627
125,4250,8.976446509163335,0,100,0.0,0.0,0.03699349876899627
125,4251,8.97812202524525,0,100,0.0,0.0,0.03699349876899627
125,4252,8.979797541327164,0,100,0.0,0.0,0.03699349876899627
125,4253,8.98147305740908,0,200,0.0,0.0,0.018845326668962936
125,4258,8.989850637818652,0,25,0.0,0.0,0.13319225276039096
125,4260,8.993201669982481,0,25,0.0,0.0,0.13319225276039096
125,4261,8.994877186064395,0,200,0.0,0.0,0.018845326668962936
125,4293,9.048493700685661,0,200,0.0,0.0,0.018845326668962936
125,4301,9.061897829340978,1,200,0.005,0.0008831687058453758,0.02777370469642793
125,4309,9.075301957996293,0,200,0.0,0.0,0.018845326668962936
126,1590,4.5344177565588275,0,25,0.0,0.0,0.13319225276039096
126,2943,6.801391015389221,0,25,0.0,0.0,0.13319225276039096
126,3620,7.935715402845377,0,25,0.0,0.0,0.13319225276039096
126,3958,8.502039838532497,0,25,0.0,0.0,0.13319225276039096
126,4127,8.785202056376056,0,25,0.0,0.0,0.13319225276039096
126,4212,8.927620923338793,0,25,0.0,0.0,0.13319225276039096
126,4233,8.962806761059,0,25,0.0,0.0,0.13319225276039096
126,4236,8.967833309304742,0,100,0.0,0.0,0.03699349876899627
126,4237,8.969508825386658,0,100,0.0,0.0,0.03699349876899627
126,4238,8.971184341468572,0,100,0.0,0.0,0.03699349876899627
126,4239,8.972859857550487,0,100,0.0,0.0,0.03699349876899627
126,4240,8.974535373632401,0,100,0.0,0.0,0.03699349876899627
126,4241,8.976210889714316,0,100,0.0,0.0,0.03699349876899627
126,4242,8.97788640579623,0,100,0.0,0.0,0.03699349876899627
126,4243,8.979561921878146,0,100,0.0,0.0,0.03699349876899627
126,4244,8.98123743796006,0,200,0.0,0.0,0.018845326668962936
126,4249,8.989615018369632,0,25,0.0,0.0,0.13319225276039096
126,4251,8.992966050533461,0,25,0.0,0.0,0.13319225276039096
126,4252,8.994641566615377,0,200,0.0,0.0,0.018845326668962936
126,4284,9.048258081236641,0,200,0.0,0.0,0.018845326668962936
126,4292,9.061662209891958,1,200,0.005,0.0008831687058453758,0.02777370469642793
126,4300,9.075066338547275,0,200,0.0,0.0,0.018845326668962936
127,1581,4.534182137109808,0,25,0.0,0.0,0.13319225276039096
127,2934,6.801155395940203,0,25,0.0,0.0,0.13319225276039096
127,3611,7.9354797833963575,0,25,0.0,0.0,0.13319225276039096
127,3949,8.501804219083477,0,25,0.0,0.0,0.13319225276039096
127,4118,8.784966436927037,0,25,0.0,0.0,0.13319225276039096
127,4203,8.927385303889775,0,25,0.0,0.0,0.13319225276039096
127,4224,8.96257114160998,0,25,0.0,0.0,0.13319225276039096
127,4227,8.967597689855724,0,100,0.0,0.0,0.03699349876899627
127,4228,8.969273205937638,0,100,0.0,0.0,0.03699349876899627
127,4229,8.970948722019553,0,100,0.0,0.0,0.03699349876899627
127,4230,8.972624238101467,0,100,0.0,0.0,0.03699349876899627
127,4231,8.974299754183383,0,100,0.0,0.0,0.03699349876899627
127,4232,8.975975270265296,0,100,0.0,0.0,0.03699349876899627
127,4233,8.977650786347212,0,100,0.0,0.0,0.03699349876899627
127,4234,8.979326302429126,0,100,0.0,0.0,0.03699349876899627
127,4235,8.98100181851104,1,200,0.005,0.0008831687058453758,0.02777370469642793
127,4240,8.989379398920613,0,25,0.0,0.0,0.13319225276039096
127,4243,8.994405947166356,0,200,0.0,0.0,0.018845326668962936
127,4275,9.048022461787623,0,200,0.0,0.0,0.018845326668962936
127,4283,9.06142659044294,1,200,0.005,0.0008831687058453758,0.02777370469642793
127,4291,9.074830719098255,0,200,0.0,0.0,0.018845326668962936
128,1572,4.533946517660789,0,25,0.0,0.0,0.13319225276039096
128,2925,6.800919776491184,0,25,0.0,0.0,0.13319225276039096
128,3602,7.935244163947338,0,25,0.0,0.0,0.13319225276039096
128,3940,8.501568599634458,1,25,0.04,0.007096233423382075,0.1954406391161776
128,4109,8.784730817478017,0,25,0.0,0.0,0.13319225276039096
128,4194,8.927149684440757,0,25,0.0,0.0,0.13319225276039096
128,4215,8.962335522160961,0,25,0.0,0.0,0.13319225276039096
128,4218,8.967362070406704,0,100,0.0,0.0,0.03699349876899627
128,4219,8.96903758648862,0,100,0.0,0.0,0.03699349876899627
128,4220,8.970713102570535,0,100,0.0,0.0,0.03699349876899627
128,4221,8.972388618652449,0,100,0.0,0.0,0.03699349876899627
128,4222,8.974064134734363,0,100,0.0,0.0,0.03699349876899627
128,4223,8.975739650816276,0,100,0.0,0.0,0.03699349876899627
128,4224,8.977415166898192,0,100,0.0,0.0,0.03699349876899627
128,4225,8.979090682980107,0,100,0.0,0.0,0.03699349876899627
128,4226,8.980766199062021,1,200,0.005,0.0008831687058453758,0.02777370469642793
128,4231,8.989143779471593,0,25,0.0,0.0,0.13319225276039096
128,4234,8.994170327717338,0,200,0.0,0.0,0.018845326668962936
128,4266,9.047786842338603,0,200,0.0,0.0,0.018845326668962936
128,4274,9.06119097099392,1,200,0.005,0.0008831687058453758,0.02777370469642793
128,4282,9.074595099649237,0,200,0.0,0.0,0.018845326668962936
129,1563,4.53371089821177,0,25,0.0,0.0,0.13319225276039096
129,2916,6.800684157042165,0,25,0.0,0.0,0.13319225276039096
129,3593,7.935008544498319,0,25,0.0,0.0,0.13319225276039096
129,3931,8.50133298018544,1,25,0.04,0.007096233423382075,0.1954406391161776
129,4101,8.786170714110915,0,25,0.0,0.0,0.13319225276039096
129,4185,8.926914064991736,0,25,0.0,0.0,0.13319225276039096
129,4206,8.962099902711943,0,25,0.0,0.0,0.13319225276039096
129,4209,8.967126450957686,0,100,0.0,0.0,0.03699349876899627
129,4210,8.968801967039601,0,100,0.0,0.0,0.03699349876899627
129,4211,8.970477483121515,0,100,0.0,0.0,0.03699349876899627
129,4212,8.972152999203429,0,100,0.0,0.0,0.03699349876899627
129,4213,8.973828515285344,0,100,0.0,0.0,0.03699349876899627
129,4214,8.975504031367258,0,100,0.0,0.0,0.03699349876899627
129,4215,8.977179547449174,0,100,0.0,0.0,0.03699349876899627
129,4216,8.978855063531087,0,100,0.0,0.0,0.03699349876899627
129,4217,8.980530579613003,1,200,0.005,0.0008831687058453758,0.02777370469642793
129,4222,8.988908160022575,0,25,0.0,0.0,0.13319225276039096
129,4225,8.993934708268318,0,200,0.0,0.0,0.018845326668962936
129,4257,9.047551222889584,0,200,0.0,0.0,0.018845326668962936
129,4265,9.060955351544902,1,200,0.005,0.0008831687058453758,0.02777370469642793
129,4273,9.074359480200217,0,200,0.0,0.0,0.018845326668962936
130,1554,4.533475278762751,0,25,0.0,0.0,0.13319225276039096
130,2908,6.80212405367506,0,25,0.0,0.0,0.13319225276039096
130,3584,7.9347729250493,0,25,0.0,0.0,0.13319225276039096
130,3923,8.502772876818334,1,25,0.04,0.007096233423382075,0.1954406391161776
130,4092,8.785935094661895,0,25,0.0,0.0,0.13319225276039096
130,4176,8.926678445542716,0,25,0.0,0.0,0.13319225276039096
130,4197,8.961864283262923,0,25,0.0,0.0,0.13319225276039096
130,4201,8.968566347590581,0,100,0.0,0.0,0.03699349876899627
130,4202,8.970241863672495,0,100,0.0,0.0,0.03699349876899627
130,4203,8.97191737975441,0,100,0.0,0.0,0.03699349876899627
130,4204,8.973592895836324,0,100,0.0,0.0,0.03699349876899627
130,4205,8.97526841191824,0,100,0.0,0.0,0.03699349876899627
130,4206,8.976943928000154,0,100,0.0,0.0,0.03699349876899627
130,4207,8.978619444082069,0,100,0.0,0.0,0.03699349876899627
130,4208,8.980294960163983,0,100,0.0,0.0,0.03699349876899627
130,4209,8.981970476245898,0,200,0.0,0.0,0.018845326668962936
130,4213,8.988672540573555,0,25,0.0,0.0,0.13319225276039096
130,4216,8.9936990888193,0,25,0.0,0.0,0.13319225276039096
130,4217,8.995374604901214,0,200,0.0,0.0,0.018845326668962936
130,4249,9.04899111952248,0,200,0.0,0.0,0.018845326668962936
130,4257,9.062395248177797,1,200,0.005,0.0008831687058453758,0.02777370469642793
130,4265,9.075799376833112,0,200,0.0,0.0,0.018845326668962936
131,1545,4.533239659313731,0,25,0.0,0.0,0.13319225276039096
131,2899,6.80188843422604,0,25,0.0,0.0,0.13319225276039096
131,3575,7.93453730560028,0,25,0.0,0.0,0.13319225276039096
131,3914,8.502537257369315,1,25,0.04,0.007096233423382075,0.1954406391161776
131,4083,8.785699475212875,0,25,0.0,0.0,0.13319225276039096
131,4167,8.926442826093698,0,25,0.0,0.0,0.13319225276039096
131,4189,8.963304179895818,0,25,0.0,0.0,0.13319225276039096
131,4192,8.968330728141561,0,100,0.0,0.0,0.03699349876899627
131,4193,8.970006244223477,0,100,0.0,0.0,0.03699349876899627
131,4194,8.97168176030539,0,100,0.0,0.0,0.03699349876899627
131,4195,8.973357276387306,0,100,0.0,0.0,0.03699349876899627
131,4196,8.97503279246922,0,100,0.0,0.0,0.03699349876899627
131,4197,8.976708308551135,0,100,0.0,0.0,0.03699349876899627
131,4198,8.978383824633049,0,100,0.0,0.0,0.03699349876899627
131,4199,8.980059340714963,0,100,0.0,0.0,0.03699349876899627
131,4200,8.981734856796878,0,200,0.0,0.0,0.018845326668962936
131,4204,8.988436921124537,0,25,0.0,0.0,0.13319225276039096
131,4207,8.99346346937028,0,25,0.0,0.0,0.13319225276039096
131,4208,8.995138985452195,0,200,0.0,0.0,0.018845326668962936
131,4240,9.04875550007346,0,200,0.0,0.0,0.018845326668962936
131,4248,9.062159628728777,1,200,0.005,0.0008831687058453758,0.02777370469642793
131,4256,9.075563757384094,0,200,0.0,0.0,0.018845326668962936
132,1537,4.534679555946627,0,25,0.0,0.0,0.13319225276039096
132,2890,6.801652814777022,0,25,0.0,0.0,0.13319225276039096
132,3567,7.935977202233176,0,25,0.0,0.0,0.13319225276039096
132,3905,8.502301637920295,1,25,0.04,0.007096233423382075,0.1954406391161776
132,4074,8.785463855763856,0,25,0.0,0.0,0.13319225276039096
132,4159,8.927882722726594,0,25,0.0,0.0,0.13319225276039096
132,4180,8.963068560446798,0,25,0.0,0.0,0.13319225276039096
132,4183,8.968095108692543,0,100,0.0,0.0,0.03699349876899627
132,4184,8.969770624774457,0,100,0.0,0.0,0.03699349876899627
132,4185,8.971446140856372,0,100,0.0,0.0,0.03699349876899627
132,4186,8.973121656938286,0,100,0.0,0.0,0.03699349876899627
132,4187,8.9747971730202,0,100,0.0,0.0,0.03699349876899627
132,4188,8.976472689102115,0,100,0.0,0.0,0.03699349876899627
132,4189,8.978148205184029,0,100,0.0,0.0,0.03699349876899627
132,4190,8.979823721265944,0,100,0.0,0.0,0.03699349876899627
132,4191,8.981499237347858,0,200,0.0,0.0,0.018845326668962936
132,4196,8.989876817757432,0,25,0.0,0.0,0.13319225276039096
132,4198,8.993227849921261,0,25,0.0,0.0,0.13319225276039096
132,4199,8.994903366003175,0,200,0.0,0.0,0.018845326668962936
132,4231,9.048519880624442,0,200,0.0,0.0,0.018845326668962936
132,4239,9.061924009279757,1,200,0.005,0.0008831687058453758,0.02777370469642793
132,4247,9.075328137935074,0,200,0.0,0.0,0.018845326668962936
133,1528,4.534443936497608,0,25,0.0,0.0,0.13319225276039096
133,2881,6.8014171953280025,0,25,0.0,0.0,0.13319225276039096
133,3558,7.935741582784157,0,25,0.0,0.0,0.13319225276039096
133,3896,8.502066018471277,1,25,0.04,0.007096233423382075,0.1954406391161776
133,4065,8.785228236314836,0,25,0.0,0.0,0.13319225276039096
133,4150,8.927647103277575,0,25,0.0,0.0,0.13319225276039096
133,4171,8.96283294099778,0,25,0.0,0.0,0.13319225276039096
133,4174,8.967859489243523,0,100,0.0,0.0,0.03699349876899627
133,4175,8.969535005325437,0,100,0.0,0.0,0.03699349876899627
133,4176,8.971210521407352,0,100,0.0,0.0,0.03699349876899627
133,4177,8.972886037489268,0,100,0.0,0.0,0.03699349876899627
133,4178,8.974561553571181,0,100,0.0,0.0,0.03699349876899627
133,4179,8.976237069653095,0,100,0.0,0.0,0.03699349876899627
133,4180,8.97791258573501,0,100,0.0,0.0,0.03699349876899627
133,4181,8.979588101816926,0,100,0.0,0.0,0.03699349876899627
133,4182,8.98126361789884,0,200,0.0,0.0,0.018845326668962936
133,4187,8.989641198308412,0,25,0.0,0.0,0.13319225276039096
133,4189,8.992992230472241,0,25,0.0,0.0,0.13319225276039096
133,4190,8.994667746554157,0,200,0.0,0.0,0.018845326668962936
133,4222,9.048284261175422,0,200,0.0,0.0,0.018845326668962936
133,4230,9.061688389830739,1,200,0.005,0.0008831687058453758,0.02777370469642793
133,4238,9.075092518486056,0,200,0.0,0.0,0.018845326668962936
134,1519,4.534208317048588,0,25,0.0,0.0,0.13319225276039096
134,2872,6.801181575878982,0,25,0.0,0.0,0.13319225276039096
134,3549,7.935505963335137,0,25,0.0,0.0,0.13319225276039096
134,3887,8.501830399022257,1,25,0.04,0.007096233423382075,0.1954406391161776
134,4056,8.784992616865818,0,25,0.0,0.0,0.13319225276039096
134,4141,8.927411483828553,0,25,0.0,0.0,0.13319225276039096
134,4162,8.96259732154876,0,25,0.0,0.0,0.13319225276039096
134,4165,8.967623869794505,0,100,0.0,0.0,0.03699349876899627
134,4166,8.969299385876418,0,100,0.0,0.0,0.03699349876899627
134,4167,8.970974901958332,0,100,0.0,0.0,0.03699349876899627
134,4168,8.972650418040248,0,100,0.0,0.0,0.03699349876899627
134,4169,8.974325934122163,0,100,0.0,0.0,0.03699349876899627
134,4170,8.976001450204077,0,100,0.0,0.0,0.03699349876899627
134,4171,8.97767696628599,0,100,0.0,0.0,0.03699349876899627
134,4172,8.979352482367906,0,100,0.0,0.0,0.03699349876899627
134,4173,8.981027998449822,1,200,0.005,0.0008831687058453758,0.02777370469642793
134,4178,8.989405578859394,0,25,0.0,0.0,0.13319225276039096
134,4180,8.992756611023221,0,25,0.0,0.0,0.13319225276039096
134,4181,8.994432127105137,0,200,0.0,0.0,0.018845326668962936
134,4213,9.048048641726403,0,200,0.0,0.0,0.018845326668962936
134,4221,9.06145277038172,1,200,0.005,0.0008831687058453758,0.02777370469642793
134,4229,9.074856899037036,0,200,0.0,0.0,0.018845326668962936
135,1510,4.53397269759957,0,25,0.0,0.0,0.13319225276039096
135,2863,6.800945956429963,0,25,0.0,0.0,0.13319225276039096
135,3540,7.935270343886119,0,25,0.0,0.0,0.13319225276039096
135,3878,8.501594779573239,1,25,0.04,0.007096233423382075,0.1954406391161776
135,4047,8.784756997416798,0,25,0.0,0.0,0.13319225276039096
135,4132,8.927175864379535,0,25,0.0,0.0,0.13319225276039096
135,4153,8.962361702099741,0,25,0.0,0.0,0.13319225276039096
135,4156,8.967388250345484,0,100,0.0,0.0,0.03699349876899627
135,4157,8.9690637664274,0,100,0.0,0.0,0.03699349876899627
135,4158,8.970739282509314,0,100,0.0,0.0,0.03699349876899627
135,4159,8.97241479859123,0,100,0.0,0.0,0.03699349876899627
135,4160,8.974090314673143,0,100,0.0,0.0,0.03699349876899627
135,4161,8.975765830755059,0,100,0.0,0.0,0.03699349876899627
135,4162,8.977441346836972,0,100,0.0,0.0,0.03699349876899627
135,4163,8.979116862918886,0,100,0.0,0.0,0.03699349876899627
135,4164,8.980792379000802,1,200,0.005,0.0008831687058453758,0.02777370469642793
135,4169,8.989169959410374,0,25,0.0,0.0,0.13319225276039096
135,4172,8.994196507656119,0,200,0.0,0.0,0.018845326668962936
135,4204,9.047813022277383,0,200,0.0,0.0,0.018845326668962936
135,4212,9.0612171509327,1,200,0.005,0.0008831687058453758,0.02777370469642793
135,4220,9.074621279588017,0,200,0.0,0.0,0.018845326668962936
136,1501,4.5337370781505495,0,25,0.0,0.0,0.13319225276039096
136,2854,6.800710336980945,0,25,0.0,0.0,0.13319225276039096
136,3531,7.935034724437099,0,25,0.0,0.0,0.13319225276039096
136,3869,8.501359160124219,1,25,0.04,0.007096233423382075,0.1954406391161776
136,4039,8.786196894049693,0,25,0.0,0.0,0.13319225276039096
136,4123,8.926940244930517,0,25,0.0,0.0,0.13319225276039096
136,4144,8.962126082650721,0,25,0.0,0.0,0.13319225276039096
136,4147,8.967152630896466,0,100,0.0,0.0,0.03699349876899627
136,4148,8.96882814697838,0,100,0.0,0.0,0.03699349876899627
136,4149,8.970503663060295,0,100,0.0,0.0,0.03699349876899627
136,4150,8.97217917914221,0,100,0.0,0.0,0.03699349876899627
136,4151,8.973854695224123,0,100,0.0,0.0,0.03699349876899627
136,4152,8.975530211306038,0,100,0.0,0.0,0.03699349876899627
136,4153,8.977205727387952,0,100,0.0,0.0,0.03699349876899627
136,4154,8.978881243469868,0,100,0.0,0.0,0.03699349876899627
136,4155,8.980556759551781,1,200,0.005,0.0008831687058453758,0.02777370469642793
136,4160,8.988934339961355,0,25,0.0,0.0,0.13319225276039096
136,4163,8.993960888207098,0,200,0.0,0.0,0.018845326668962936
136,4195,9.047577402828365,0,200,0.0,0.0,0.018845326668962936
136,4203,9.06098153148368,1,200,0.005,0.0008831687058453758,0.02777370469642793
136,4211,9.074385660138997,0,200,0.0,0.0,0.018845326668962936
137,1492,4.53350145870153,0,25,0.0,0.0,0.13319225276039096
137,2846,6.802150233613839,0,25,0.0,0.0,0.13319225276039096
137,3522,7.93479910498808,0,25,0.0,0.0,0.13319225276039096
137,3861,8.502799056757114,1,25,0.04,0.007096233423382075,0.1954406391161776
137,4030,8.785961274600673,0,25,0.0,0.0,0.13319225276039096
137,4114,8.926704625481497,0,25,0.0,0.0,0.13319225276039096
137,4135,8.961890463201703,0,25,0.0,0.0,0.13319225276039096
137,4139,8.96859252752936,0,100,0.0,0.0,0.03699349876899627
137,4140,8.970268043611275,0,100,0.0,0.0,0.03699349876899627
137,4141,8.97194355969319,0,100,0.0,0.0,0.03699349876899627
137,4142,8.973619075775105,0,100,0.0,0.0,0.03699349876899627
137,4143,8.975294591857018,0,100,0.0,0.0,0.03699349876899627
137,4144,8.976970107938934,0,100,0.0,0.0,0.03699349876899627
137,4145,8.978645624020848,0,100,0.0,0.0,0.03699349876899627
137,4146,8.980321140102763,0,100,0.0,0.0,0.03699349876899627
137,4147,8.981996656184677,0,200,0.0,0.0,0.018845326668962936
137,4151,8.988698720512335,0,25,0.0,0.0,0.13319225276039096
137,4154,8.993725268758078,0,25,0.0,0.0,0.13319225276039096
137,4155,8.995400784839994,0,200,0.0,0.0,0.018845326668962936
137,4187,9.049017299461259,0,200,0.0,0.0,0.018845326668962936
137,4195,9.062421428116576,1,200,0.005,0.0008831687058453758,0.02777370469642793
137,4203,9.075825556771893,0,200,0.0,0.0,0.018845326668962936
138,1483,4.533265839252511,0,25,0.0,0.0,0.13319225276039096
138,2837,6.80191461416482,0,25,0.0,0.0,0.13319225276039096
138,3513,7.93456348553906,0,25,0.0,0.0,0.13319225276039096
138,3852,8.502563437308094,1,25,0.04,0.007096233423382075,0.1954406391161776
138,4021,8.785725655151655,0,25,0.0,0.0,0.13319225276039096
138,4105,8.926469006032477,0,25,0.0,0.0,0.13319225276039096
138,4127,8.963330359834597,0,25,0.0,0.0,0.13319225276039096
138,4130,8.968356908080342,0,100,0.0,0.0,0.03699349876899627
138,4131,8.970032424162255,0,100,0.0,0.0,0.03699349876899627
138,4132,8.97170794024417,0,100,0.0,0.0,0.03699349876899627
138,4133,8.973383456326086,0,100,0.0,0.0,0.03699349876899627
138,4134,8.975058972408,0,100,0.0,0.0,0.03699349876899627
138,4135,8.976734488489914,0,100,0.0,0.0,0.03699349876899627
138,4136,8.97841000457183,0,100,0.0,0.0,0.03699349876899627
138,4137,8.980085520653745,0,100,0.0,0.0,0.03699349876899627
138,4138,8.981761036735659,0,200,0.0,0.0,0.018845326668962936
138,4142,8.988463101063317,0,25,0.0,0.0,0.13319225276039096
138,4145,8.99348964930906,0,25,0.0,0.0,0.13319225276039096
138,4146,8.995165165390976,0,200,0.0,0.0,0.018845326668962936
138,4178,9.04878168001224,0,200,0.0,0.0,0.018845326668962936
138,4186,9.062185808667557,1,200,0.005,0.0008831687058453758,0.02777370469642793
138,4194,9.075589937322874,0,200,0.0,0.0,0.018845326668962936
139,1475,4.534705735885407,0,25,0.0,0.0,0.13319225276039096
139,2828,6.801678994715801,0,25,0.0,0.0,0.13319225276039096
139,3504,7.934327866090041,0,25,0.0,0.0,0.13319225276039096
139,3843,8.502327817859076,1,25,0.04,0.007096233423382075,0.1954406391161776
139,4012,8.785490035702637,0,25,0.0,0.0,0.13319225276039096
139,4097,8.927908902665372,0,25,0.0,0.0,0.13319225276039096
139,4118,8.963094740385579,0,25,0.0,0.0,0.13319225276039096
139,4121,8.968121288631323,0,100,0.0,0.0,0.03699349876899627
139,4122,8.969796804713237,0,100,0.0,0.0,0.03699349876899627
139,4123,8.97147232079515,0,100,0.0,0.0,0.03699349876899627
139,4124,8.973147836877066,0,100,0.0,0.0,0.03699349876899627
139,4125,8.974823352958982,0,100,0.0,0.0,0.03699349876899627
139,4126,8.976498869040896,0,100,0.0,0.0,0.03699349876899627
139,4127,8.97817438512281,0,100,0.0,0.0,0.03699349876899627
139,4128,8.979849901204723,0,100,0.0,0.0,0.03699349876899627
139,4129,8.981525417286639,0,200,0.0,0.0,0.018845326668962936
139,4134,8.989902997696213,0,25,0.0,0.0,0.13319225276039096
139,4136,8.99325402986004,0,25,0.0,0.0,0.13319225276039096
139,4137,8.994929545941956,0,200,0.0,0.0,0.018845326668962936
139,4169,9.048546060563222,0,200,0.0,0.0,0.018845326668962936
139,4177,9.061950189218537,1,200,0.005,0.0008831687058453758,0.02777370469642793
139,4185,9.075354317873854,0,200,0.0,0.0,0.018845326668962936
140,1466,4.5344701164363865,0,25,0.0,0.0,0.13319225276039096
140,2819,6.801443375266782,0,25,0.0,0.0,0.13319225276039096
140,3496,7.935767762722937,0,25,0.0,0.0,0.13319225276039096
140,3834,8.502092198410057,1,25,0.04,0.007096233423382075,0.1954406391161776
140,4003,8.785254416253617,0,25,0.0,0.0,0.13319225276039096
140,4088,8.927673283216354,0,25,0.0,0.0,0.13319225276039096
140,4109,8.96285912093656,0,25,0.0,0.0,0.13319225276039096
140,4112,8.967885669182303,0,100,0.0,0.0,0.03699349876899627
140,4113,8.969561185264219,0,100,0.0,0.0,0.03699349876899627
140,4114,8.971236701346132,0,100,0.0,0.0,0.03699349876899627
140,4115,8.972912217428046,0,100,0.0,0.0,0.03699349876899627
140,4116,8.97458773350996,0,100,0.0,0.0,0.03699349876899627
140,4117,8.976263249591875,0,100,0.0,0.0,0.03699349876899627
140,4118,8.977938765673791,0,100,0.0,0.0,0.03699349876899627
140,4119,8.979614281755705,0,100,0.0,0.0,0.03699349876899627
140,4120,8.981289797837618,0,200,0.0,0.0,0.018845326668962936
140,4125,8.989667378247193,0,25,0.0,0.0,0.13319225276039096
140,4127,8.993018410411022,0,25,0.0,0.0,0.13319225276039096
140,4128,8.994693926492936,0,200,0.0,0.0,0.018845326668962936
140,4160,9.048310441114202,0,200,0.0,0.0,0.018845326668962936
140,4168,9.061714569769517,1,200,0.005,0.0008831687058453758,0.02777370469642793
140,4176,9.075118698424834,0,200,0.0,0.0,0.018845326668962936
141,1457,4.534234496987368,0,25,0.0,0.0,0.13319225276039096
141,2810,6.801207755817762,0,25,0.0,0.0,0.13319225276039096
141,3487,7.935532143273917,0,25,0.0,0.0,0.13319225276039096
141,3825,8.501856578961037,0,25,0.0,0.0,0.13319225276039096
141,3994,8.785018796804597,0,25,0.0,0.0,0.13319225276039096
141,4079,8.927437663767334,0,25,0.0,0.0,0.13319225276039096
141,4100,8.96262350148754,0,25,0.0,0.0,0.13319225276039096
141,4103,8.967650049733283,0,100,0.0,0.0,0.03699349876899627
141,4104,8.969325565815199,0,100,0.0,0.0,0.03699349876899627
141,4105,8.971001081897112,0,100,0.0,0.0,0.03699349876899627
141,4106,8.972676597979028,0,100,0.0,0.0,0.03699349876899627
141,4107,8.974352114060942,0,100,0.0,0.0,0.03699349876899627
141,4108,8.976027630142857,0,100,0.0,0.0,0.03699349876899627
141,4109,8.977703146224771,0,100,0.0,0.0,0.03699349876899627
141,4110,8.979378662306686,0,100,0.0,0.0,0.03699349876899627
141,4111,8.9810541783886,1,200,0.005,0.0008831687058453758,0.02777370469642793
141,4116,8.989431758798172,0,25,0.0,0.0,0.13319225276039096
141,4118,8.992782790962002,0,25,0.0,0.0,0.13319225276039096
141,4119,8.994458307043917,0,200,0.0,0.0,0.018845326668962936
141,4151,9.048074821665182,0,200,0.0,0.0,0.018845326668962936
141,4159,9.061478950320499,1,200,0.005,0.0008831687058453758,0.02777370469642793
141,4167,9.074883078975816,0,200,0.0,0.0,0.018845326668962936
142,1448,4.533998877538348,0,25,0.0,0.0,0.13319225276039096
142,2801,6.800972136368744,0,25,0.0,0.0,0.13319225276039096
142,3478,7.935296523824897,0,25,0.0,0.0,0.13319225276039096
142,3816,8.501620959512017,0,25,0.0,0.0,0.13319225276039096
142,3985,8.784783177355578,0,25,0.0,0.0,0.13319225276039096
142,4070,8.927202044318316,0,25,0.0,0.0,0.13319225276039096
142,4091,8.96238788203852,0,25,0.0,0.0,0.13319225276039096
142,4094,8.967414430284265,0,100,0.0,0.0,0.03699349876899627
142,4095,8.969089946366179,0,100,0.0,0.0,0.03699349876899627
142,4096,8.970765462448094,0,100,0.0,0.0,0.03699349876899627
142,4097,8.972440978530008,0,100,0.0,0.0,0.03699349876899627
142,4098,8.974116494611923,0,100,0.0,0.0,0.03699349876899627
142,4099,8.975792010693837,0,100,0.0,0.0,0.03699349876899627
142,4100,8.977467526775753,0,100,0.0,0.0,0.03699349876899627
142,4101,8.979143042857666,0,100,0.0,0.0,0.03699349876899627
142,4102,8.980818558939582,1,200,0.005,0.0008831687058453758,0.02777370469642793
142,4107,8.989196139349154,0,25,0.0,0.0,0.13319225276039096
142,4110,8.994222687594897,0,200,0.0,0.0,0.018845326668962936
142,4142,9.047839202216164,0,200,0.0,0.0,0.018845326668962936
142,4150,9.06124333087148,1,200,0.005,0.0008831687058453758,0.02777370469642793
142,4158,9.074647459526796,0,200,0.0,0.0,0.018845326668962936
143,1439,4.53376325808933,0,25,0.0,0.0,0.13319225276039096
143,2792,6.8007365169197245,0,25,0.0,0.0,0.13319225276039096
143,3469,7.935060904375879,0,25,0.0,0.0,0.13319225276039096
143,3807,8.501385340062999,0,25,0.0,0.0,0.13319225276039096
143,3977,8.786223073988474,0,25,0.0,0.0,0.13319225276039096
143,4061,8.926966424869295,0,25,0.0,0.0,0.13319225276039096
143,4082,8.962152262589502,0,25,0.0,0.0,0.13319225276039096
143,4085,8.967178810835247,0,100,0.0,0.0,0.03699349876899627
143,4086,8.96885432691716,0,100,0.0,0.0,0.03699349876899627
143,4087,8.970529842999074,0,100,0.0,0.0,0.03699349876899627
143,4088,8.97220535908099,0,100,0.0,0.0,0.03699349876899627
143,4089,8.973880875162905,0,100,0.0,0.0,0.03699349876899627
143,4090,8.975556391244819,0,100,0.0,0.0,0.03699349876899627
143,4091,8.977231907326733,0,100,0.0,0.0,0.03699349876899627
143,4092,8.978907423408646,0,100,0.0,0.0,0.03699349876899627
143,4093,8.980582939490562,1,200,0.005,0.0008831687058453758,0.02777370469642793
143,4098,8.988960519900136,0,25,0.0,0.0,0.13319225276039096
143,4101,8.993987068145879,0,200,0.0,0.0,0.018845326668962936
143,4133,9.047603582767145,0,200,0.0,0.0,0.018845326668962936
143,4141,9.06100771142246,1,200,0.005,0.0008831687058453758,0.02777370469642793
143,4149,9.074411840077778,0,200,0.0,0.0,0.018845326668962936
144,1430,4.53352763864031,0,25,0.0,0.0,0.13319225276039096
144,2784,6.80217641355262,0,25,0.0,0.0,0.13319225276039096
144,3460,7.93482528492686,0,25,0.0,0.0,0.13319225276039096
144,3799,8.502825236695895,0,25,0.0,0.0,0.13319225276039096
144,3968,8.785987454539455,0,25,0.0,0.0,0.13319225276039096
144,4052,8.926730805420277,0,25,0.0,0.0,0.13319225276039096
144,4073,8.961916643140484,0,25,0.0,0.0,0.13319225276039096
144,4077,8.968618707468142,0,100,0.0,0.0,0.03699349876899627
144,4078,8.970294223550056,0,100,0.0,0.0,0.03699349876899627
144,4079,8.97196973963197,0,100,0.0,0.0,0.03699349876899627
144,4080,8.973645255713883,0,100,0.0,0.0,0.03699349876899627
144,4081,8.975320771795799,0,100,0.0,0.0,0.03699349876899627
144,4082,8.976996287877714,0,100,0.0,0.0,0.03699349876899627
144,4083,8.978671803959628,0,100,0.0,0.0,0.03699349876899627
144,4084,8.980347320041542,0,100,0.0,0.0,0.03699349876899627
144,4085,8.982022836123457,0,200,0.0,0.0,0.018845326668962936
144,4089,8.988724900451116,0,25,0.0,0.0,0.13319225276039096
144,4092,8.993751448696859,0,25,0.0,0.0,0.13319225276039096
144,4093,8.995426964778773,0,200,0.0,0.0,0.018845326668962936
144,4125,9.04904347940004,0,200,0.0,0.0,0.018845326668962936
144,4133,9.062447608055356,1,200,0.005,0.0008831687058453758,0.02777370469642793
144,4141,9.075851736710671,0,200,0.0,0.0,0.018845326668962936
145,1421,4.5332920191912915,0,25,0.0,0.0,0.13319225276039096
145,2775,6.8019407941036,0,25,0.0,0.0,0.13319225276039096
145,3451,7.93458966547784,0,25,0.0,0.0,0.13319225276039096
145,3790,8.502589617246874,0,25,0.0,0.0,0.13319225276039096
145,3959,8.785751835090434,0,25,0.0,0.0,0.13319225276039096
145,4043,8.926495185971257,0,25,0.0,0.0,0.13319225276039096
145,4065,8.963356539773379,0,25,0.0,0.0,0.13319225276039096
145,4068,8.96838308801912,0,100,0.0,0.0,0.03699349876899627
145,4069,8.970058604101036,0,100,0.0,0.0,0.03699349876899627
145,4070,8.971734120182951,0,100,0.0,0.0,0.03699349876899627
145,4071,8.973409636264865,0,100,0.0,0.0,0.03699349876899627
145,4072,8.975085152346779,0,100,0.0,0.0,0.03699349876899627
145,4073,8.976760668428694,0,100,0.0,0.0,0.03699349876899627
145,4074,8.97843618451061,0,100,0.0,0.0,0.03699349876899627
145,4075,8.980111700592524,0,100,0.0,0.0,0.03699349876899627
145,4076,8.981787216674437,0,200,0.0,0.0,0.018845326668962936
145,4080,8.988489281002096,0,25,0.0,0.0,0.13319225276039096
145,4083,8.99351582924784,0,25,0.0,0.0,0.13319225276039096
145,4084,8.995191345329754,0,200,0.0,0.0,0.018845326668962936
145,4116,9.048807859951019,0,200,0.0,0.0,0.018845326668962936
145,4124,9.062211988606336,1,200,0.005,0.0008831687058453758,0.02777370469642793
145,4132,9.075616117261653,0,200,0.0,0.0,0.018845326668962936
146,1413,4.534731915824187,0,25,0.0,0.0,0.13319225276039096
146,2766,6.801705174654581,0,25,0.0,0.0,0.13319225276039096
146,3442,7.934354046028821,0,25,0.0,0.0,0.13319225276039096
146,3781,8.502353997797856,0,25,0.0,0.0,0.13319225276039096
146,3950,8.785516215641415,0,25,0.0,0.0,0.13319225276039096
146,4035,8.927935082604153,0,25,0.0,0.0,0.13319225276039096
146,4056,8.963120920324359,0,25,0.0,0.0,0.13319225276039096
146,4059,8.968147468570102,0,100,0.0,0.0,0.03699349876899627
146,4060,8.969822984652017,0,100,0.0,0.0,0.03699349876899627
146,4061,8.971498500733931,0,100,0.0,0.0,0.03699349876899627
146,4062,8.973174016815847,0,100,0.0,0.0,0.03699349876899627
146,4063,8.97484953289776,0,100,0.0,0.0,0.03699349876899627
146,4064,8.976525048979676,0,100,0.0,0.0,0.03699349876899627
146,4065,8.97820056506159,0,100,0.0,0.0,0.03699349876899627
146,4066,8.979876081143503,0,100,0.0,0.0,0.03699349876899627
146,4067,8.981551597225419,0,200,0.0,0.0,0.018845326668962936
146,4072,8.989929177634991,0,25,0.0,0.0,0.13319225276039096
146,4074,8.99328020979882,0,25,0.0,0.0,0.13319225276039096
146,4075,8.994955725880736,0,200,0.0,0.0,0.018845326668962936
146,4107,9.048572240502,0,200,0.0,0.0,0.018845326668962936
146,4115,9.061976369157318,1,200,0.005,0.0008831687058453758,0.02777370469642793
146,4123,9.075380497812635,0,200,0.0,0.0,0.018845326668962936
147,1404,4.534496296375167,0,25,0.0,0.0,0.13319225276039096
147,2757,6.801469555205562,0,25,0.0,0.0,0.13319225276039096
147,3434,7.935793942661716,0,25,0.0,0.0,0.13319225276039096
147,3772,8.502118378348836,0,25,0.0,0.0,0.13319225276039096
147,3941,8.785280596192397,0,25,0.0,0.0,0.13319225276039096
147,4026,8.927699463155134,0,25,0.0,0.0,0.13319225276039096
147,4047,8.962885300875339,0,25,0.0,0.0,0.13319225276039096
147,4050,8.967911849121084,0,100,0.0,0.0,0.03699349876899627
147,4051,8.969587365202997,0,100,0.0,0.0,0.03699349876899627
147,4052,8.971262881284913,0,100,0.0,0.0,0.03699349876899627
147,4053,8.972938397366827,0,100,0.0,0.0,0.03699349876899627
147,4054,8.97461391344874,0,100,0.0,0.0,0.03699349876899627
147,4055,8.976289429530656,0,100,0.0,0.0,0.03699349876899627
147,4056,8.97796494561257,0,100,0.0,0.0,0.03699349876899627
147,4057,8.979640461694485,0,100,0.0,0.0,0.03699349876899627
147,4058,8.981315977776399,0,200,0.0,0.0,0.018845326668962936
147,4063,8.989693558185973,0,25,0.0,0.0,0.13319225276039096
147,4065,8.993044590349802,0,25,0.0,0.0,0.13319225276039096
147,4066,8.994720106431716,0,200,0.0,0.0,0.018845326668962936
147,4098,9.048336621052982,0,200,0.0,0.0,0.018845326668962936
147,4106,9.061740749708298,1,200,0.005,0.0008831687058453758,0.02777370469642793
147,4114,9.075144878363615,0,200,0.0,0.0,0.018845326668962936
148,1395,4.534260676926149,0,25,0.0,0.0,0.13319225276039096
148,2748,6.801233935756543,0,25,0.0,0.0,0.13319225276039096
148,3425,7.935558323212698,0,25,0.0,0.0,0.13319225276039096
148,3763,8.501882758899818,0,25,0.0,0.0,0.13319225276039096
148,3932,8.785044976743379,0,25,0.0,0.0,0.13319225276039096
148,4017,8.927463843706114,0,25,0.0,0.0,0.13319225276039096
148,4038,8.96264968142632,0,25,0.0,0.0,0.13319225276039096
148,4041,8.967676229672065,0,100,0.0,0.0,0.03699349876899627
148,4042,8.969351745753979,0,100,0.0,0.0,0.03699349876899627
148,4043,8.971027261835893,0,100,0.0,0.0,0.03699349876899627
148,4044,8.972702777917807,0,100,0.0,0.0,0.03699349876899627
148,4045,8.974378293999722,0,100,0.0,0.0,0.03699349876899627
148,4046,8.976053810081638,0,100,0.0,0.0,0.03699349876899627
148,4047,8.977729326163551,0,100,0.0,0.0,0.03699349876899627
148,4048,8.979404842245465,0,100,0.0,0.0,0.03699349876899627
148,4049,8.98108035832738,1,200,0.005,0.0008831687058453758,0.02777370469642793
148,4054,8.989457938736953,0,25,0.0,0.0,0.13319225276039096
148,4056,8.992808970900782,0,25,0.0,0.0,0.13319225276039096
148,4057,8.994484486982696,0,200,0.0,0.0,0.018845326668962936
148,4089,9.048101001603964,0,200,0.0,0.0,0.018845326668962936
148,4097,9.06150513025928,1,200,0.005,0.0008831687058453758,0.02777370469642793
148,4105,9.074909258914595,0,200,0.0,0.0,0.018845326668962936
149,1386,4.534025057477129,0,25,0.0,0.0,0.13319225276039096
149,2739,6.800998316307523,0,25,0.0,0.0,0.13319225276039096
149,3416,7.935322703763678,0,25,0.0,0.0,0.13319225276039096
149,3754,8.501647139450798,0,25,0.0,0.0,0.13319225276039096
149,3923,8.784809357294357,0,25,0.0,0.0,0.13319225276039096
149,4008,8.927228224257096,0,25,0.0,0.0,0.13319225276039096
149,4029,8.962414061977302,0,25,0.0,0.0,0.13319225276039096
149,4032,8.967440610223044,0,100,0.0,0.0,0.03699349876899627
149,4033,8.969116126304959,0,100,0.0,0.0,0.03699349876899627
149,4034,8.970791642386875,0,100,0.0,0.0,0.03699349876899627
149,4035,8.972467158468788,0,100,0.0,0.0,0.03699349876899627
149,4036,8.974142674550702,0,100,0.0,0.0,0.03699349876899627
149,4037,8.975818190632618,0,100,0.0,0.0,0.03699349876899627
149,4038,8.977493706714533,0,100,0.0,0.0,0.03699349876899627
149,4039,8.979169222796447,0,100,0.0,0.0,0.03699349876899627
149,4040,8.98084473887836,1,200,0.005,0.0008831687058453758,0.02777370469642793
149,4045,8.989222319287933,0,25,0.0,0.0,0.13319225276039096
149,4048,8.994248867533678,0,200,0.0,0.0,0.018845326668962936
149,4080,9.047865382154942,0,200,0.0,0.0,0.018845326668962936
149,4088,9.06126951081026,1,200,0.005,0.0008831687058453758,0.02777370469642793
149,4096,9.074673639465576,0,200,0.0,0.0,0.018845326668962936
150,1377,4.533789438028109,0,25,0.0,0.0,0.13319225276039096
150,2730,6.800762696858504,0,25,0.0,0.0,0.13319225276039096
150,3407,7.935087084314659,0,25,0.0,0.0,0.13319225276039096
150,3745,8.501411520001778,0,25,0.0,0.0,0.13319225276039096
150,3915,8.786249253927252,0,25,0.0,0.0,0.13319225276039096
150,3999,8.926992604808076,0,25,0.0,0.0,0.13319225276039096
150,4020,8.96217844252828,0,25,0.0,0.0,0.13319225276039096
150,4023,8.967204990774025,0,100,0.0,0.0,0.03699349876899627
150,4024,8.968880506855939,0,100,0.0,0.0,0.03699349876899627
150,4025,8.970556022937854,0,100,0.0,0.0,0.03699349876899627
150,4026,8.97223153901977,0,100,0.0,0.0,0.03699349876899627
150,4027,8.973907055101684,0,100,0.0,0.0,0.03699349876899627
150,4028,8.975582571183597,0,100,0.0,0.0,0.03699349876899627
150,4029,8.977258087265513,0,100,0.0,0.0,0.03699349876899627
150,4030,8.978933603347427,0,100,0.0,0.0,0.03699349876899627
150,4031,8.980609119429342,1,200,0.005,0.0008831687058453758,0.02777370469642793
150,4036,8.988986699838915,0,25,0.0,0.0,0.13319225276039096
150,4039,8.99401324808466,0,200,0.0,0.0,0.018845326668962936
150,4071,9.047629762705924,0,200,0.0,0.0,0.018845326668962936
150,4079,9.061033891361241,1,200,0.005,0.0008831687058453758,0.02777370469642793
150,4087,9.074438020016558,0,200,0.0,0.0,0.018845326668962936
151,1368,4.53355381857909,0,25,0.0,0.0,0.13319225276039096
151,2722,6.802202593491399,0,25,0.0,0.0,0.13319225276039096
151,3398,7.934851464865639,1,25,0.04,0.007096233423382075,0.1954406391161776
151,3736,8.50117590055276,0,25,0.0,0.0,0.13319225276039096
151,3906,8.786013634478234,0,25,0.0,0.0,0.13319225276039096
151,3990,8.926756985359058,0,25,0.0,0.0,0.13319225276039096
151,4011,8.961942823079262,0,25,0.0,0.0,0.13319225276039096
151,4015,8.96864488740692,0,100,0.0,0.0,0.03699349876899627
151,4016,8.970320403488836,0,100,0.0,0.0,0.03699349876899627
151,4017,8.97199591957075,0,100,0.0,0.0,0.03699349876899627
151,4018,8.973671435652664,0,100,0.0,0.0,0.03699349876899627
151,4019,8.97534695173458,0,100,0.0,0.0,0.03699349876899627
151,4020,8.977022467816493,0,100,0.0,0.0,0.03699349876899627
151,4021,8.978697983898408,0,100,0.0,0.0,0.03699349876899627
151,4022,8.980373499980322,0,100,0.0,0.0,0.03699349876899627
151,4023,8.982049016062238,0,200,0.0,0.0,0.018845326668962936
151,4027,8.988751080389896,0,25,0.0,0.0,0.13319225276039096
151,4030,8.99377762863564,0,25,0.0,0.0,0.13319225276039096
151,4031,8.995453144717553,0,200,0.0,0.0,0.018845326668962936
151,4063,9.04906965933882,0,200,0.0,0.0,0.018845326668962936
151,4071,9.062473787994136,1,200,0.005,0.0008831687058453758,0.02777370469642793
151,4079,9.075877916649452,0,200,0.0,0.0,0.018845326668962936
152,1359,4.533318199130071,0,25,0.0,0.0,0.13319225276039096
152,2713,6.801966974042379,0,25,0.0,0.0,0.13319225276039096
152,3389,7.934615845416621,1,25,0.04,0.007096233423382075,0.1954406391161776
152,3728,8.502615797185655,0,25,0.0,0.0,0.13319225276039096
152,3897,8.785778015029214,0,25,0.0,0.0,0.13319225276039096
152,3981,8.926521365910038,0,25,0.0,0.0,0.13319225276039096
152,4003,8.963382719712158,0,25,0.0,0.0,0.13319225276039096
152,4006,8.9684092679579,0,100,0.0,0.0,0.03699349876899627
152,4007,8.970084784039816,0,100,0.0,0.0,0.03699349876899627
152,4008,8.97176030012173,0,100,0.0,0.0,0.03699349876899627
152,4009,8.973435816203645,0,100,0.0,0.0,0.03699349876899627
152,4010,8.97511133228556,0,100,0.0,0.0,0.03699349876899627
152,4011,8.976786848367475,0,100,0.0,0.0,0.03699349876899627
152,4012,8.978462364449388,0,100,0.0,0.0,0.03699349876899627
152,4013,8.980137880531304,0,100,0.0,0.0,0.03699349876899627
152,4014,8.981813396613218,0,200,0.0,0.0,0.018845326668962936
152,4018,8.988515460940876,0,25,0.0,0.0,0.13319225276039096
152,4021,8.99354200918662,0,25,0.0,0.0,0.13319225276039096
152,4022,8.995217525268535,0,200,0.0,0.0,0.018845326668962936
152,4054,9.0488340398898,0,200,0.0,0.0,0.018845326668962936
152,4062,9.062238168545116,1,200,0.005,0.0008831687058453758,0.02777370469642793
152,4070,9.075642297200433,0,200,0.0,0.0,0.018845326668962936
153,1351,4.534758095762966,0,25,0.0,0.0,0.13319225276039096
153,2704,6.801731354593361,0,25,0.0,0.0,0.13319225276039096
153,3380,7.934380225967601,1,25,0.04,0.007096233423382075,0.1954406391161776
153,3719,8.502380177736635,0,25,0.0,0.0,0.13319225276039096
153,3888,8.785542395580196,0,25,0.0,0.0,0.13319225276039096
153,3973,8.927961262542933,0,25,0.0,0.0,0.13319225276039096
153,3994,8.963147100263138,0,25,0.0,0.0,0.13319225276039096
153,3997,8.968173648508882,0,100,0.0,0.0,0.03699349876899627
153,3998,8.969849164590796,0,100,0.0,0.0,0.03699349876899627
153,3999,8.971524680672712,0,100,0.0,0.0,0.03699349876899627
153,4000,8.973200196754625,0,100,0.0,0.0,0.03699349876899627
153,4001,8.97487571283654,0,100,0.0,0.0,0.03699349876899627
153,4002,8.976551228918455,0,100,0.0,0.0,0.03699349876899627
153,4003,8.97822674500037,0,100,0.0,0.0,0.03699349876899627
153,4004,8.979902261082284,0,100,0.0,0.0,0.03699349876899627
153,4005,8.9815777771642,0,200,0.0,0.0,0.018845326668962936
153,4010,8.989955357573772,0,25,0.0,0.0,0.13319225276039096
153,4012,8.9933063897376,0,25,0.0,0.0,0.13319225276039096
153,4013,8.994981905819515,0,200,0.0,0.0,0.018845326668962936
153,4045,9.048598420440781,0,200,0.0,0.0,0.018845326668962936
153,4053,9.062002549096098,1,200,0.005,0.0008831687058453758,0.02777370469642793
153,4061,9.075406677751413,0,200,0.0,0.0,0.018845326668962936
154,1342,4.534522476313947,0,25,0.0,0.0,0.13319225276039096
154,2695,6.801495735144342,0,25,0.0,0.0,0.13319225276039096
154,3372,7.9358201226004965,1,25,0.04,0.007096233423382075,0.1954406391161776
154,3710,8.502144558287617,0,25,0.0,0.0,0.13319225276039096
154,3879,8.785306776131176,0,25,0.0,0.0,0.13319225276039096
154,3964,8.927725643093915,0,25,0.0,0.0,0.13319225276039096
154,3985,8.96291148081412,0,25,0.0,0.0,0.13319225276039096
154,3988,8.967938029059862,0,100,0.0,0.0,0.03699349876899627
154,3989,8.969613545141778,0,100,0.0,0.0,0.03699349876899627
154,3990,8.971289061223693,0,100,0.0,0.0,0.03699349876899627
154,3991,8.972964577305607,0,100,0.0,0.0,0.03699349876899627
154,3992,8.97464009338752,0,100,0.0,0.0,0.03699349876899627
154,3993,8.976315609469436,0,100,0.0,0.0,0.03699349876899627
154,3994,8.97799112555135,0,100,0.0,0.0,0.03699349876899627
154,3995,8.979666641633266,0,100,0.0,0.0,0.03699349876899627
154,3996,8.98134215771518,0,200,0.0,0.0,0.018845326668962936
154,4001,8.989719738124752,0,25,0.0,0.0,0.13319225276039096
154,4003,8.993070770288583,0,25,0.0,0.0,0.13319225276039096
154,4004,8.994746286370496,0,200,0.0,0.0,0.018845326668962936
154,4036,9.048362800991761,0,200,0.0,0.0,0.018845326668962936
154,4044,9.061766929647078,1,200,0.005,0.0008831687058453758,0.02777370469642793
154,4052,9.075171058302395,0,200,0.0,0.0,0.018845326668962936
155,1333,4.534286856864927,0,25,0.0,0.0,0.13319225276039096
155,2686,6.801260115695323,0,25,0.0,0.0,0.13319225276039096
155,3363,7.935584503151477,1,25,0.04,0.007096233423382075,0.1954406391161776
155,3701,8.501908938838596,0,25,0.0,0.0,0.13319225276039096
155,3870,8.785071156682157,0,25,0.0,0.0,0.13319225276039096
155,3955,8.927490023644895,0,25,0.0,0.0,0.13319225276039096
155,3976,8.9626758613651,0,25,0.0,0.0,0.13319225276039096
155,3979,8.967702409610844,0,100,0.0,0.0,0.03699349876899627
155,3980,8.969377925692758,0,100,0.0,0.0,0.03699349876899627
155,3981,8.971053441774673,0,100,0.0,0.0,0.03699349876899627
155,3982,8.972728957856587,0,100,0.0,0.0,0.03699349876899627
155,3983,8.974404473938502,0,100,0.0,0.0,0.03699349876899627
155,3984,8.976079990020416,0,100,0.0,0.0,0.03699349876899627
155,3985,8.97775550610233,0,100,0.0,0.0,0.03699349876899627
155,3986,8.979431022184245,0,100,0.0,0.0,0.03699349876899627
155,3987,8.981106538266161,1,200,0.005,0.0008831687058453758,0.02777370469642793
155,3992,8.989484118675733,0,25,0.0,0.0,0.13319225276039096
155,3994,8.99283515083956,0,25,0.0,0.0,0.13319225276039096
155,3995,8.994510666921476,0,200,0.0,0.0,0.018845326668962936
155,4027,9.048127181542743,0,200,0.0,0.0,0.018845326668962936
155,4035,9.06153131019806,1,200,0.005,0.0008831687058453758,0.02777370469642793
155,4043,9.074935438853375,0,200,0.0,0.0,0.018845326668962936
156,1324,4.534051237415909,0,25,0.0,0.0,0.13319225276039096
156,2677,6.801024496246303,0,25,0.0,0.0,0.13319225276039096
156,3354,7.935348883702457,1,25,0.04,0.007096233423382075,0.1954406391161776
156,3692,8.501673319389578,0,25,0.0,0.0,0.13319225276039096
156,3861,8.784835537233137,0,25,0.0,0.0,0.13319225276039096
156,3946,8.927254404195875,0,25,0.0,0.0,0.13319225276039096
156,3967,8.962440241916081,0,25,0.0,0.0,0.13319225276039096
156,3970,8.967466790161824,0,100,0.0,0.0,0.03699349876899627
156,3971,8.96914230624374,0,100,0.0,0.0,0.03699349876899627
156,3972,8.970817822325653,0,100,0.0,0.0,0.03699349876899627
156,3973,8.972493338407567,0,100,0.0,0.0,0.03699349876899627
156,3974,8.974168854489482,0,100,0.0,0.0,0.03699349876899627
156,3975,8.975844370571398,0,100,0.0,0.0,0.03699349876899627
156,3976,8.977519886653312,0,100,0.0,0.0,0.03699349876899627
156,3977,8.979195402735225,0,100,0.0,0.0,0.03699349876899627
156,3978,8.980870918817141,1,200,0.005,0.0008831687058453758,0.02777370469642793
156,3983,8.989248499226713,0,25,0.0,0.0,0.13319225276039096
156,3986,8.994275047472456,0,200,0.0,0.0,0.018845326668962936
156,4018,9.047891562093723,0,200,0.0,0.0,0.018845326668962936
156,4026,9.06129569074904,1,200,0.005,0.0008831687058453758,0.02777370469642793
156,4034,9.074699819404355,0,200,0.0,0.0,0.018845326668962936
157,1315,4.533815617966889,0,25,0.0,0.0,0.13319225276039096
157,2668,6.800788876797284,0,25,0.0,0.0,0.13319225276039096
157,3345,7.935113264253438,1,25,0.04,0.007096233423382075,0.1954406391161776
157,3683,8.501437699940558,0,25,0.0,0.0,0.13319225276039096
157,3852,8.784599917784119,0,25,0.0,0.0,0.13319225276039096
157,3937,8.927018784746856,0,25,0.0,0.0,0.13319225276039096
157,3958,8.96220462246706,0,25,0.0,0.0,0.13319225276039096
157,3961,8.967231170712806,0,100,0.0,0.0,0.03699349876899627
157,3962,8.96890668679472,0,100,0.0,0.0,0.03699349876899627
157,3963,8.970582202876635,0,100,0.0,0.0,0.03699349876899627
157,3964,8.972257718958549,0,100,0.0,0.0,0.03699349876899627
157,3965,8.973933235040464,0,100,0.0,0.0,0.03699349876899627
157,3966,8.975608751122378,0,100,0.0,0.0,0.03699349876899627
157,3967,8.977284267204293,0,100,0.0,0.0,0.03699349876899627
157,3968,8.978959783286207,0,100,0.0,0.0,0.03699349876899627
157,3969,8.980635299368123,1,200,0.005,0.0008831687058453758,0.02777370469642793
157,3974,8.989012879777695,0,25,0.0,0.0,0.13319225276039096
157,3977,8.994039428023438,0,200,0.0,0.0,0.018845326668962936
157,4009,9.047655942644704,0,200,0.0,0.0,0.018845326668962936
157,4017,9.061060071300021,1,200,0.005,0.0008831687058453758,0.02777370469642793
157,4025,9.074464199955337,0,200,0.0,0.0,0.018845326668962936
158,1306,4.533579998517871,0,25,0.0,0.0,0.13319225276039096
158,2660,6.80222877343018,0,25,0.0,0.0,0.13319225276039096
158,3336,7.93487764480442,1,25,0.04,0.007096233423382075,0.1954406391161776
158,3674,8.50120208049154,0,25,0.0,0.0,0.13319225276039096
158,3844,8.786039814417014,0,25,0.0,0.0,0.13319225276039096
158,3928,8.926783165297836,0,25,0.0,0.0,0.13319225276039096
158,3949,8.961969003018043,0,25,0.0,0.0,0.13319225276039096
158,3953,8.968671067345701,0,100,0.0,0.0,0.03699349876899627
158,3954,8.970346583427615,0,100,0.0,0.0,0.03699349876899627
158,3955,8.97202209950953,0,100,0.0,0.0,0.03699349876899627
158,3956,8.973697615591444,0,100,0.0,0.0,0.03699349876899627
158,3957,8.97537313167336,0,100,0.0,0.0,0.03699349876899627
158,3958,8.977048647755273,0,100,0.0,0.0,0.03699349876899627
158,3959,8.978724163837187,0,100,0.0,0.0,0.03699349876899627
158,3960,8.980399679919103,0,100,0.0,0.0,0.03699349876899627
158,3961,8.982075196001016,0,200,0.0,0.0,0.018845326668962936
158,3965,8.988777260328675,0,25,0.0,0.0,0.13319225276039096
158,3968,8.99380380857442,0,25,0.0,0.0,0.13319225276039096
158,3969,8.995479324656333,0,200,0.0,0.0,0.018845326668962936
158,4001,9.0490958392776,0,200,0.0,0.0,0.018845326668962936
158,4009,9.062499967932915,1,200,0.005,0.0008831687058453758,0.02777370469642793
158,4017,9.075904096588232,0,200,0.0,0.0,0.018845326668962936
159,1297,4.533344379068851,0,25,0.0,0.0,0.13319225276039096
159,2651,6.801993153981161,0,25,0.0,0.0,0.13319225276039096
159,3327,7.934642025355401,1,25,0.04,0.007096233423382075,0.1954406391161776
159,3666,8.502641977124435,0,25,0.0,0.0,0.13319225276039096
159,3835,8.785804194967994,0,25,0.0,0.0,0.13319225276039096
159,3919,8.926547545848818,0,25,0.0,0.0,0.13319225276039096
159,3941,8.963408899650938,0,25,0.0,0.0,0.13319225276039096
159,3944,8.968435447896681,0,100,0.0,0.0,0.03699349876899627
159,3945,8.970110963978595,0,100,0.0,0.0,0.03699349876899627
159,3946,8.97178648006051,0,100,0.0,0.0,0.03699349876899627
159,3947,8.973461996142426,0,100,0.0,0.0,0.03699349876899627
159,3948,8.97513751222434,0,100,0.0,0.0,0.03699349876899627
159,3949,8.976813028306253,0,100,0.0,0.0,0.03699349876899627
159,3950,8.978488544388169,0,100,0.0,0.0,0.03699349876899627
159,3951,8.980164060470084,0,100,0.0,0.0,0.03699349876899627
159,3952,8.981839576551998,0,200,0.0,0.0,0.018845326668962936
159,3956,8.988541640879657,0,25,0.0,0.0,0.13319225276039096
159,3959,8.9935681891254,0,25,0.0,0.0,0.13319225276039096
159,3960,8.995243705207315,0,200,0.0,0.0,0.018845326668962936
159,3992,9.04886021982858,0,200,0.0,0.0,0.018845326668962936
159,4000,9.062264348483897,1,200,0.005,0.0008831687058453758,0.02777370469642793
159,4008,9.075668477139214,0,200,0.0,0.0,0.018845326668962936
160,1289,4.534784275701746,0,25,0.0,0.0,0.13319225276039096
160,2642,6.801757534532141,0,25,0.0,0.0,0.13319225276039096
160,3318,7.934406405906381,1,25,0.04,0.007096233423382075,0.1954406391161776
160,3657,8.502406357675415,0,25,0.0,0.0,0.13319225276039096
160,3826,8.785568575518976,0,25,0.0,0.0,0.13319225276039096
160,3910,8.926311926399798,0,25,0.0,0.0,0.13319225276039096
160,3932,8.963173280201918,0,25,0.0,0.0,0.13319225276039096
160,3935,8.968199828447663,0,100,0.0,0.0,0.03699349876899627
160,3936,8.969875344529576,0,100,0.0,0.0,0.03699349876899627
160,3937,8.97155086061149,0,100,0.0,0.0,0.03699349876899627
160,3938,8.973226376693406,0,100,0.0,0.0,0.03699349876899627
160,3939,8.974901892775321,0,100,0.0,0.0,0.03699349876899627
160,3940,8.976577408857235,0,100,0.0,0.0,0.03699349876899627
160,3941,8.978252924939149,0,100,0.0,0.0,0.03699349876899627
160,3942,8.979928441021064,0,100,0.0,0.0,0.03699349876899627
160,3943,8.98160395710298,0,200,0.0,0.0,0.018845326668962936
160,3948,8.989981537512552,0,25,0.0,0.0,0.13319225276039096
160,3950,8.99333256967638,0,25,0.0,0.0,0.13319225276039096
160,3951,8.995008085758295,0,200,0.0,0.0,0.018845326668962936
160,3983,9.048624600379561,0,200,0.0,0.0,0.018845326668962936
160,3991,9.062028729034878,1,200,0.005,0.0008831687058453758,0.02777370469642793
160,3999,9.075432857690194,0,200,0.0,0.0,0.018845326668962936
161,1280,4.534548656252727,0,25,0.0,0.0,0.13319225276039096
161,2633,6.801521915083121,0,25,0.0,0.0,0.13319225276039096
161,3310,7.935846302539276,1,25,0.04,0.007096233423382075,0.1954406391161776
161,3648,8.502170738226397,0,25,0.0,0.0,0.13319225276039096
161,3817,8.785332956069956,0,25,0.0,0.0,0.13319225276039096
161,3902,8.927751823032693,0,25,0.0,0.0,0.13319225276039096
161,3923,8.9629376607529,0,25,0.0,0.0,0.13319225276039096
161,3926,8.967964208998643,0,100,0.0,0.0,0.03699349876899627
161,3927,8.969639725080558,0,100,0.0,0.0,0.03699349876899627
161,3928,8.971315241162472,0,100,0.0,0.0,0.03699349876899627
161,3929,8.972990757244386,0,100,0.0,0.0,0.03699349876899627
161,3930,8.974666273326301,0,100,0.0,0.0,0.03699349876899627
161,3931,8.976341789408217,0,100,0.0,0.0,0.03699349876899627
161,3932,8.97801730549013,0,100,0.0,0.0,0.03699349876899627
161,3933,8.979692821572044,0,100,0.0,0.0,0.03699349876899627
161,3934,8.981368337653958,0,200,0.0,0.0,0.018845326668962936
161,3939,8.989745918063532,0,25,0.0,0.0,0.13319225276039096
161,3941,8.993096950227361,0,25,0.0,0.0,0.13319225276039096
161,3942,8.994772466309275,0,200,0.0,0.0,0.018845326668962936
161,3974,9.048388980930541,0,200,0.0,0.0,0.018845326668962936
161,3982,9.061793109585857,1,200,0.005,0.0008831687058453758,0.02777370469642793
161,3990,9.075197238241174,0,200,0.0,0.0,0.018845326668962936
162,1271,4.534313036803708,0,25,0.0,0.0,0.13319225276039096
162,2624,6.801286295634103,0,25,0.0,0.0,0.13319225276039096
162,3301,7.935610683090257,1,25,0.04,0.007096233423382075,0.1954406391161776
162,3639,8.501935118777377,0,25,0.0,0.0,0.13319225276039096
162,3808,8.785097336620938,0,25,0.0,0.0,0.13319225276039096
162,3893,8.927516203583675,0,25,0.0,0.0,0.13319225276039096
162,3914,8.96270204130388,0,25,0.0,0.0,0.13319225276039096
162,3917,8.967728589549624,0,100,0.0,0.0,0.03699349876899627
162,3918,8.969404105631538,0,100,0.0,0.0,0.03699349876899627
162,3919,8.971079621713454,0,100,0.0,0.0,0.03699349876899627
162,3920,8.972755137795367,0,100,0.0,0.0,0.03699349876899627
162,3921,8.974430653877281,0,100,0.0,0.0,0.03699349876899627
162,3922,8.976106169959197,0,100,0.0,0.0,0.03699349876899627
162,3923,8.97778168604111,0,100,0.0,0.0,0.03699349876899627
162,3924,8.979457202123026,0,100,0.0,0.0,0.03699349876899627
162,3925,8.98113271820494,0,200,0.0,0.0,0.018845326668962936
162,3930,8.989510298614514,0,25,0.0,0.0,0.13319225276039096
162,3932,8.992861330778343,0,25,0.0,0.0,0.13319225276039096
162,3933,8.994536846860257,0,200,0.0,0.0,0.018845326668962936
162,3965,9.048153361481523,0,200,0.0,0.0,0.018845326668962936
162,3973,9.061557490136838,1,200,0.005,0.0008831687058453758,0.02777370469642793
162,3981,9.074961618792155,0,200,0.0,0.0,0.018845326668962936
163,1262,4.5340774173546885,0,25,0.0,0.0,0.13319225276039096
163,2615,6.801050676185083,0,25,0.0,0.0,0.13319225276039096
163,3292,7.935375063641239,1,25,0.04,0.007096233423382075,0.1954406391161776
163,3630,8.501699499328359,0,25,0.0,0.0,0.13319225276039096
163,3799,8.784861717171918,0,25,0.0,0.0,0.13319225276039096
163,3884,8.927280584134655,0,25,0.0,0.0,0.13319225276039096
163,3905,8.962466421854861,0,25,0.0,0.0,0.13319225276039096
163,3908,8.967492970100604,0,100,0.0,0.0,0.03699349876899627
163,3909,8.969168486182518,0,100,0.0,0.0,0.03699349876899627
163,3910,8.970844002264434,0,100,0.0,0.0,0.03699349876899627
163,3911,8.972519518346347,0,100,0.0,0.0,0.03699349876899627
163,3912,8.974195034428263,0,100,0.0,0.0,0.03699349876899627
163,3913,8.975870550510177,0,100,0.0,0.0,0.03699349876899627
163,3914,8.977546066592092,0,100,0.0,0.0,0.03699349876899627
163,3915,8.979221582674006,0,100,0.0,0.0,0.03699349876899627
163,3916,8.980897098755921,1,200,0.005,0.0008831687058453758,0.02777370469642793
163,3921,8.989274679165494,0,25,0.0,0.0,0.13319225276039096
163,3924,8.994301227411237,0,200,0.0,0.0,0.018845326668962936
163,3956,9.047917742032503,0,200,0.0,0.0,0.018845326668962936
163,3964,9.06132187068782,1,200,0.005,0.0008831687058453758,0.02777370469642793
163,3972,9.074725999343135,0,200,0.0,0.0,0.018845326668962936
164,1253,4.533841797905669,0,25,0.0,0.0,0.13319225276039096
164,2606,6.800815056736064,0,25,0.0,0.0,0.13319225276039096
164,3283,7.9351394441922185,1,25,0.04,0.007096233423382075,0.1954406391161776
164,3621,8.501463879879338,0,25,0.0,0.0,0.13319225276039096
164,3790,8.7846260977229,0,25,0.0,0.0,0.13319225276039096
164,3875,8.927044964685635,0,25,0.0,0.0,0.13319225276039096
164,3896,8.962230802405841,0,25,0.0,0.0,0.13319225276039096
164,3899,8.967257350651586,0,100,0.0,0.0,0.03699349876899627
164,3900,8.9689328667335,0,100,0.0,0.0,0.03699349876899627
164,3901,8.970608382815414,0,100,0.0,0.0,0.03699349876899627
164,3902,8.972283898897329,0,100,0.0,0.0,0.03699349876899627
164,3903,8.973959414979245,0,100,0.0,0.0,0.03699349876899627
164,3904,8.975634931061158,0,100,0.0,0.0,0.03699349876899627
164,3905,8.977310447143072,0,100,0.0,0.0,0.03699349876899627
164,3906,8.978985963224988,0,100,0.0,0.0,0.03699349876899627
164,3907,8.980661479306903,1,200,0.005,0.0008831687058453758,0.02777370469642793
164,3912,8.989039059716475,0,25,0.0,0.0,0.13319225276039096
164,3915,8.994065607962218,0,200,0.0,0.0,0.018845326668962936
164,3947,9.047682122583485,0,200,0.0,0.0,0.018845326668962936
164,3955,9.061086251238802,1,200,0.005,0.0008831687058453758,0.02777370469642793
164,3963,9.074490379894117,0,200,0.0,0.0,0.018845326668962936
165,1244,4.53360617845665,0,25,0.0,0.0,0.13319225276039096
165,2598,6.802254953368959,0,25,0.0,0.0,0.13319225276039096
165,3274,7.934903824743199,1,25,0.04,0.007096233423382075,0.1954406391161776
165,3612,8.50122826043032,0,25,0.0,0.0,0.13319225276039096
165,3782,8.786065994355795,0,25,0.0,0.0,0.13319225276039096
165,3866,8.926809345236617,0,25,0.0,0.0,0.13319225276039096
165,3887,8.961995182956823,0,25,0.0,0.0,0.13319225276039096
165,3891,8.968697247284481,0,100,0.0,0.0,0.03699349876899627
165,3892,8.970372763366395,0,100,0.0,0.0,0.03699349876899627
165,3893,8.972048279448309,0,100,0.0,0.0,0.03699349876899627
165,3894,8.973723795530224,0,100,0.0,0.0,0.03699349876899627
165,3895,8.97539931161214,0,100,0.0,0.0,0.03699349876899627
165,3896,8.977074827694054,0,100,0.0,0.0,0.03699349876899627
165,3897,8.978750343775967,0,100,0.0,0.0,0.03699349876899627
165,3898,8.980425859857881,0,100,0.0,0.0,0.03699349876899627
165,3899,8.982101375939797,0,200,0.0,0.0,0.018845326668962936
165,3903,8.988803440267455,0,25,0.0,0.0,0.13319225276039096
165,3906,8.993829988513198,0,25,0.0,0.0,0.13319225276039096
165,3907,8.995505504595114,0,200,0.0,0.0,0.018845326668962936
165,3939,9.04912201921638,0,200,0.0,0.0,0.018845326668962936
165,3947,9.062526147871695,1,200,0.005,0.0008831687058453758,0.02777370469642793
165,3955,9.075930276527012,0,200,0.0,0.0,0.018845326668962936
166,1235,4.533370559007631,0,25,0.0,0.0,0.13319225276039096
166,2589,6.80201933391994,0,25,0.0,0.0,0.13319225276039096
166,3265,7.93466820529418,1,25,0.04,0.007096233423382075,0.1954406391161776
166,3604,8.502668157063216,0,25,0.0,0.0,0.13319225276039096
166,3773,8.785830374906775,0,25,0.0,0.0,0.13319225276039096
166,3857,8.926573725787598,0,25,0.0,0.0,0.13319225276039096
166,3878,8.961759563507803,0,25,0.0,0.0,0.13319225276039096
166,3882,8.968461627835461,0,100,0.0,0.0,0.03699349876899627
166,3883,8.970137143917377,0,100,0.0,0.0,0.03699349876899627
166,3884,8.97181265999929,0,100,0.0,0.0,0.03699349876899627
166,3885,8.973488176081204,0,100,0.0,0.0,0.03699349876899627
166,3886,8.975163692163118,0,100,0.0,0.0,0.03699349876899627
166,3887,8.976839208245034,0,100,0.0,0.0,0.03699349876899627
166,3888,8.97851472432695,0,100,0.0,0.0,0.03699349876899627
166,3889,8.980190240408863,0,100,0.0,0.0,0.03699349876899627
166,3890,8.981865756490777,0,200,0.0,0.0,0.018845326668962936
166,3894,8.988567820818435,0,25,0.0,0.0,0.13319225276039096
166,3897,8.99359436906418,0,25,0.0,0.0,0.13319225276039096
166,3898,8.995269885146094,0,200,0.0,0.0,0.018845326668962936
166,3930,9.04888639976736,0,200,0.0,0.0,0.018845326668962936
166,3938,9.062290528422675,2,200,0.01,0.0027466581088489593,0.035721762026734716
166,3946,9.075694657077992,0,200,0.0,0.0,0.018845326668962936
167,1227,4.534810455640526,0,25,0.0,0.0,0.13319225276039096
167,2580,6.80178371447092,0,25,0.0,0.0,0.13319225276039096
167,3256,7.934432585845162,1,25,0.04,0.007096233423382075,0.1954406391161776
167,3595,8.502432537614196,0,25,0.0,0.0,0.13319225276039096
167,3764,8.785594755457755,0,25,0.0,0.0,0.13319225276039096
167,3848,8.926338106338578,0,25,0.0,0.0,0.13319225276039096
167,3870,8.963199460140698,0,25,0.0,0.0,0.13319225276039096
167,3873,8.968226008386441,0,100,0.0,0.0,0.03699349876899627
167,3874,8.969901524468357,0,100,0.0,0.0,0.03699349876899627
167,3875,8.97157704055027,0,100,0.0,0.0,0.03699349876899627
167,3876,8.973252556632186,0,100,0.0,0.0,0.03699349876899627
167,3877,8.9749280727141,0,100,0.0,0.0,0.03699349876899627
167,3878,8.976603588796015,0,100,0.0,0.0,0.03699349876899627
167,3879,8.97827910487793,0,100,0.0,0.0,0.03699349876899627
167,3880,8.979954620959845,0,100,0.0,0.0,0.03699349876899627
167,3881,8.981630137041758,0,200,0.0,0.0,0.018845326668962936
167,3885,8.988332201369417,0,25,0.0,0.0,0.13319225276039096
167,3888,8.99335874961516,0,25,0.0,0.0,0.13319225276039096
167,3889,8.995034265697075,0,200,0.0,0.0,0.018845326668962936
167,3921,9.04865078031834,0,200,0.0,0.0,0.018845326668962936
167,3929,9.062054908973657,2,200,0.01,0.0027466581088489593,0.035721762026734716
167,3937,9.075459037628974,0,200,0.0,0.0,0.018845326668962936
168,1218,4.534574836191506,0,25,0.0,0.0,0.13319225276039096
168,2571,6.801548095021902,0,25,0.0,0.0,0.13319225276039096
168,3248,7.9358724824780555,1,25,0.04,0.007096233423382075,0.1954406391161776
168,3586,8.502196918165176,0,25,0.0,0.0,0.13319225276039096
168,3755,8.785359136008736,0,25,0.0,0.0,0.13319225276039096
168,3840,8.927778002971474,0,25,0.0,0.0,0.13319225276039096
168,3861,8.962963840691678,0,25,0.0,0.0,0.13319225276039096
168,3864,8.967990388937423,0,100,0.0,0.0,0.03699349876899627
168,3865,8.969665905019337,0,100,0.0,0.0,0.03699349876899627
168,3866,8.971341421101252,0,100,0.0,0.0,0.03699349876899627
168,3867,8.973016937183166,0,100,0.0,0.0,0.03699349876899627
168,3868,8.974692453265082,0,100,0.0,0.0,0.03699349876899627
168,3869,8.976367969346995,0,100,0.0,0.0,0.03699349876899627
168,3870,8.97804348542891,0,100,0.0,0.0,0.03699349876899627
168,3871,8.979719001510825,0,100,0.0,0.0,0.03699349876899627
168,3872,8.98139451759274,0,200,0.0,0.0,0.018845326668962936
168,3877,8.989772098002312,0,25,0.0,0.0,0.13319225276039096
168,3879,8.993123130166142,0,25,0.0,0.0,0.13319225276039096
168,3880,8.994798646248055,0,200,0.0,0.0,0.018845326668962936
168,3912,9.048415160869322,0,200,0.0,0.0,0.018845326668962936
168,3920,9.061819289524639,2,200,0.01,0.0027466581088489593,0.035721762026734716
168,3928,9.075223418179954,0,200,0.0,0.0,0.018845326668962936
169,1209,4.534339216742488,0,25,0.0,0.0,0.13319225276039096
169,2562,6.801312475572882,0,25,0.0,0.0,0.13319225276039096
169,3239,7.935636863029037,1,25,0.04,0.007096233423382075,0.1954406391161776
169,3577,8.501961298716157,0,25,0.0,0.0,0.13319225276039096
169,3746,8.785123516559716,0,25,0.0,0.0,0.13319225276039096
169,3831,8.927542383522454,0,25,0.0,0.0,0.13319225276039096
169,3852,8.96272822124266,0,25,0.0,0.0,0.13319225276039096
169,3855,8.967754769488403,0,100,0.0,0.0,0.03699349876899627
169,3856,8.969430285570319,0,100,0.0,0.0,0.03699349876899627
169,3857,8.971105801652232,0,100,0.0,0.0,0.03699349876899627
169,3858,8.972781317734148,0,100,0.0,0.0,0.03699349876899627
169,3859,8.974456833816062,0,100,0.0,0.0,0.03699349876899627
169,3860,8.976132349897977,0,100,0.0,0.0,0.03699349876899627
169,3861,8.97780786597989,0,100,0.0,0.0,0.03699349876899627
169,3862,8.979483382061805,0,100,0.0,0.0,0.03699349876899627
169,3863,8.98115889814372,0,200,0.0,0.0,0.018845326668962936
169,3868,8.989536478553292,0,25,0.0,0.0,0.13319225276039096
169,3870,8.992887510717122,0,25,0.0,0.0,0.13319225276039096
169,3871,8.994563026799037,0,200,0.0,0.0,0.018845326668962936
169,3903,9.048179541420302,0,200,0.0,0.0,0.018845326668962936
169,3911,9.061583670075619,2,200,0.01,0.0027466581088489593,0.035721762026734716
169,3919,9.074987798730936,0,200,0.0,0.0,0.018845326668962936
170,1200,4.534103597293468,0,25,0.0,0.0,0.13319225276039096
170,2553,6.8010768561238635,0,25,0.0,0.0,0.13319225276039096
170,3230,7.935401243580018,1,25,0.04,0.007096233423382075,0.1954406391161776
170,3568,8.501725679267139,0,25,0.0,0.0,0.13319225276039096
170,3737,8.784887897110698,0,25,0.0,0.0,0.13319225276039096
170,3822,8.927306764073435,0,25,0.0,0.0,0.13319225276039096
170,3843,8.962492601793642,0,25,0.0,0.0,0.13319225276039096
170,3846,8.967519150039385,0,100,0.0,0.0,0.03699349876899627
170,3847,8.9691946661213,0,100,0.0,0.0,0.03699349876899627
170,3848,8.970870182203214,0,100,0.0,0.0,0.03699349876899627
170,3849,8.972545698285128,0,100,0.0,0.0,0.03699349876899627
170,3850,8.974221214367041,0,100,0.0,0.0,0.03699349876899627
170,3851,8.975896730448957,0,100,0.0,0.0,0.03699349876899627
170,3852,8.977572246530872,0,100,0.0,0.0,0.03699349876899627
170,3853,8.979247762612786,0,100,0.0,0.0,0.03699349876899627
170,3854,8.9809232786947,1,200,0.005,0.0008831687058453758,0.02777370469642793
170,3859,8.989300859104274,0,25,0.0,0.0,0.13319225276039096
170,3862,8.994327407350017,0,200,0.0,0.0,0.018845326668962936
170,3894,9.047943921971283,0,200,0.0,0.0,0.018845326668962936
170,3902,9.061348050626599,2,200,0.01,0.0027466581088489593,0.035721762026734716
170,3910,9.074752179281916,0,200,0.0,0.0,0.018845326668962936
171,1191,4.53386797784445,0,25,0.0,0.0,0.13319225276039096
171,2544,6.800841236674843,0,25,0.0,0.0,0.13319225276039096
171,3221,7.935165624130998,1,25,0.04,0.007096233423382075,0.1954406391161776
171,3559,8.501490059818117,0,25,0.0,0.0,0.13319225276039096
171,3728,8.784652277661678,0,25,0.0,0.0,0.13319225276039096
171,3813,8.927071144624415,0,25,0.0,0.0,0.13319225276039096
171,3834,8.962256982344622,0,25,0.0,0.0,0.13319225276039096
171,3837,8.967283530590365,0,100,0.0,0.0,0.03699349876899627
171,3838,8.968959046672278,0,100,0.0,0.0,0.03699349876899627
171,3839,8.970634562754194,0,100,0.0,0.0,0.03699349876899627
171,3840,8.97231007883611,0,100,0.0,0.0,0.03699349876899627
171,3841,8.973985594918023,0,100,0.0,0.0,0.03699349876899627
171,3842,8.975661110999937,0,100,0.0,0.0,0.03699349876899627
171,3843,8.977336627081852,0,100,0.0,0.0,0.03699349876899627
171,3844,8.979012143163768,0,100,0.0,0.0,0.03699349876899627
171,3845,8.980687659245682,1,200,0.005,0.0008831687058453758,0.02777370469642793
171,3850,8.989065239655254,0,25,0.0,0.0,0.13319225276039096
171,3853,8.994091787900999,0,200,0.0,0.0,0.018845326668962936
171,3885,9.047708302522263,0,200,0.0,0.0,0.018845326668962936
171,3893,9.06111243117758,2,200,0.01,0.0027466581088489593,0.035721762026734716
171,3901,9.074516559832897,0,200,0.0,0.0,0.018845326668962936
172,1182,4.53363235839543,0,25,0.0,0.0,0.13319225276039096
172,2535,6.800605617225824,0,25,0.0,0.0,0.13319225276039096
172,3212,7.934930004681979,1,25,0.04,0.007096233423382075,0.1954406391161776
172,3550,8.501254440369099,0,25,0.0,0.0,0.13319225276039096
172,3720,8.786092174294573,0,25,0.0,0.0,0.13319225276039096
172,3804,8.926835525175395,0,25,0.0,0.0,0.13319225276039096
172,3825,8.962021362895602,0,25,0.0,0.0,0.13319225276039096
172,3828,8.967047911141346,0,100,0.0,0.0,0.03699349876899627
172,3829,8.96872342722326,0,100,0.0,0.0,0.03699349876899627
172,3830,8.970398943305174,0,100,0.0,0.0,0.03699349876899627
172,3831,8.97207445938709,0,100,0.0,0.0,0.03699349876899627
172,3832,8.973749975469005,0,100,0.0,0.0,0.03699349876899627
172,3833,8.975425491550919,0,100,0.0,0.0,0.03699349876899627
172,3834,8.977101007632832,0,100,0.0,0.0,0.03699349876899627
172,3835,8.978776523714748,0,100,0.0,0.0,0.03699349876899627
172,3836,8.980452039796663,1,200,0.005,0.0008831687058453758,0.02777370469642793
172,3841,8.988829620206236,0,25,0.0,0.0,0.13319225276039096
172,3844,8.993856168451979,0,200,0.0,0.0,0.018845326668962936
172,3876,9.047472683073245,0,200,0.0,0.0,0.018845326668962936
172,3884,9.060876811728562,2,200,0.01,0.0027466581088489593,0.035721762026734716
172,3892,9.074280940383877,0,200,0.0,0.0,0.018845326668962936
173,1173,4.533396738946411,0,25,0.0,0.0,0.13319225276039096
173,2527,6.802045513858721,0,25,0.0,0.0,0.13319225276039096
173,3203,7.934694385232961,1,25,0.04,0.007096233423382075,0.1954406391161776
173,3542,8.502694337001994,0,25,0.0,0.0,0.13319225276039096
173,3711,8.785856554845555,0,25,0.0,0.0,0.13319225276039096
173,3795,8.926599905726377,0,25,0.0,0.0,0.13319225276039096
173,3816,8.961785743446583,0,25,0.0,0.0,0.13319225276039096
173,3820,8.968487807774242,0,100,0.0,0.0,0.03699349876899627
173,3821,8.970163323856156,0,100,0.0,0.0,0.03699349876899627
173,3822,8.971838839938071,0,100,0.0,0.0,0.03699349876899627
173,3823,8.973514356019985,0,100,0.0,0.0,0.03699349876899627
173,3824,8.9751898721019,0,100,0.0,0.0,0.03699349876899627
173,3825,8.976865388183814,0,100,0.0,0.0,0.03699349876899627
173,3826,8.978540904265728,0,100,0.0,0.0,0.03699349876899627
173,3827,8.980216420347643,0,100,0.0,0.0,0.03699349876899627
173,3828,8.981891936429557,0,200,0.0,0.0,0.018845326668962936
173,3832,8.988594000757216,0,25,0.0,0.0,0.13319225276039096
173,3835,8.99362054900296,0,25,0.0,0.0,0.13319225276039096
173,3836,8.995296065084874,0,200,0.0,0.0,0.018845326668962936
173,3868,9.04891257970614,0,200,0.0,0.0,0.018845326668962936
173,3876,9.062316708361456,2,200,0.01,0.0027466581088489593,0.035721762026734716
173,3884,9.075720837016773,0,200,0.0,0.0,0.018845326668962936
174,1165,4.534836635579306,0,25,0.0,0.0,0.13319225276039096
174,2518,6.8018098944097005,0,25,0.0,0.0,0.13319225276039096
174,3194,7.9344587657839405,1,25,0.04,0.007096233423382075,0.1954406391161776
174,3533,8.502458717552976,0,25,0.0,0.0,0.13319225276039096
174,3702,8.785620935396535,0,25,0.0,0.0,0.13319225276039096
174,3786,8.926364286277359,0,25,0.0,0.0,0.13319225276039096
174,3808,8.963225640079479,0,25,0.0,0.0,0.13319225276039096
174,3811,8.968252188325222,0,100,0.0,0.0,0.03699349876899627
174,3812,8.969927704407137,0,100,0.0,0.0,0.03699349876899627
174,3813,8.971603220489051,0,100,0.0,0.0,0.03699349876899627
174,3814,8.973278736570965,0,100,0.0,0.0,0.03699349876899627
174,3815,8.97495425265288,0,100,0.0,0.0,0.03699349876899627
174,3816,8.976629768734794,0,100,0.0,0.0,0.03699349876899627
174,3817,8.97830528481671,0,100,0.0,0.0,0.03699349876899627
174,3818,8.979980800898623,0,100,0.0,0.0,0.03699349876899627
174,3819,8.981656316980539,0,200,0.0,0.0,0.018845326668962936
174,3823,8.988358381308197,0,25,0.0,0.0,0.13319225276039096
174,3826,8.99338492955394,0,25,0.0,0.0,0.13319225276039096
174,3827,8.995060445635854,0,200,0.0,0.0,0.018845326668962936
174,3859,9.04867696025712,0,200,0.0,0.0,0.018845326668962936
174,3867,9.062081088912437,2,200,0.01,0.0027466581088489593,0.035721762026734716
174,3875,9.075485217567753,0,200,0.0,0.0,0.018845326668962936
175,1156,4.534601016130287,0,25,0.0,0.0,0.13319225276039096
175,2509,6.801574274960681,0,25,0.0,0.0,0.13319225276039096
175,3186,7.935898662416836,1,25,0.04,0.007096233423382075,0.1954406391161776
175,3524,8.502223098103956,0,25,0.0,0.0,0.13319225276039096
175,3693,8.785385315947515,0,25,0.0,0.0,0.13319225276039096
175,3778,8.927804182910254,0,25,0.0,0.0,0.13319225276039096
175,3799,8.96299002063046,0,25,0.0,0.0,0.13319225276039096
175,3802,8.968016568876202,0,100,0.0,0.0,0.03699349876899627
175,3803,8.969692084958117,0,100,0.0,0.0,0.03699349876899627
175,3804,8.971367601040033,0,100,0.0,0.0,0.03699349876899627
175,3805,8.973043117121946,0,100,0.0,0.0,0.03699349876899627
175,3806,8.97471863320386,0,100,0.0,0.0,0.03699349876899627
175,3807,8.976394149285776,0,100,0.0,0.0,0.03699349876899627
175,3808,8.978069665367691,0,100,0.0,0.0,0.03699349876899627
175,3809,8.979745181449605,0,100,0.0,0.0,0.03699349876899627
175,3810,8.981420697531519,0,200,0.0,0.0,0.018845326668962936
175,3815,8.989798277941091,0,25,0.0,0.0,0.13319225276039096
175,3817,8.993149310104922,0,25,0.0,0.0,0.13319225276039096
175,3818,8.994824826186836,0,200,0.0,0.0,0.018845326668962936
175,3850,9.0484413408081,0,200,0.0,0.0,0.018845326668962936
175,3858,9.061845469463417,2,200,0.01,0.0027466581088489593,0.035721762026734716
175,3866,9.075249598118734,0,200,0.0,0.0,0.018845326668962936
176,1147,4.534365396681268,0,25,0.0,0.0,0.13319225276039096
176,2500,6.801338655511662,0,25,0.0,0.0,0.13319225276039096
176,3177,7.935663042967817,1,25,0.04,0.007096233423382075,0.1954406391161776
176,3515,8.501987478654936,0,25,0.0,0.0,0.13319225276039096
176,3684,8.785149696498497,0,25,0.0,0.0,0.13319225276039096
176,3769,8.927568563461234,0,25,0.0,0.0,0.13319225276039096
176,3790,8.962754401181439,0,25,0.0,0.0,0.13319225276039096
176,3793,8.967780949427183,0,100,0.0,0.0,0.03699349876899627
176,3794,8.969456465509097,0,100,0.0,0.0,0.03699349876899627
176,3795,8.971131981591013,0,100,0.0,0.0,0.03699349876899627
176,3796,8.972807497672928,0,100,0.0,0.0,0.03699349876899627
176,3797,8.974483013754842,0,100,0.0,0.0,0.03699349876899627
176,3798,8.976158529836756,0,100,0.0,0.0,0.03699349876899627
176,3799,8.977834045918671,0,100,0.0,0.0,0.03699349876899627
176,3800,8.979509562000585,0,100,0.0,0.0,0.03699349876899627
176,3801,8.9811850780825,0,200,0.0,0.0,0.018845326668962936
176,3806,8.989562658492073,0,25,0.0,0.0,0.13319225276039096
176,3808,8.992913690655902,0,25,0.0,0.0,0.13319225276039096
176,3809,8.994589206737817,0,200,0.0,0.0,0.018845326668962936
176,3841,9.048205721359082,0,200,0.0,0.0,0.018845326668962936
176,3849,9.0616098500144,2,200,0.01,0.0027466581088489593,0.035721762026734716
176,3857,9.075013978669716,0,200,0.0,0.0,0.018845326668962936
177,1138,4.534129777232248,0,25,0.0,0.0,0.13319225276039096
177,2491,6.801103036062643,0,25,0.0,0.0,0.13319225276039096
177,3168,7.935427423518798,1,25,0.04,0.007096233423382075,0.1954406391161776
177,3506,8.501751859205918,0,25,0.0,0.0,0.13319225276039096
177,3675,8.784914077049478,0,25,0.0,0.0,0.13319225276039096
177,3760,8.927332944012214,0,25,0.0,0.0,0.13319225276039096
177,3781,8.96251878173242,0,25,0.0,0.0,0.13319225276039096
177,3784,8.967545329978165,0,100,0.0,0.0,0.03699349876899627
177,3785,8.969220846060079,0,100,0.0,0.0,0.03699349876899627
177,3786,8.970896362141993,0,100,0.0,0.0,0.03699349876899627
177,3787,8.972571878223908,0,100,0.0,0.0,0.03699349876899627
177,3788,8.974247394305822,0,100,0.0,0.0,0.03699349876899627
177,3789,8.975922910387737,0,100,0.0,0.0,0.03699349876899627
177,3790,8.977598426469651,0,100,0.0,0.0,0.03699349876899627
177,3791,8.979273942551565,0,100,0.0,0.0,0.03699349876899627
177,3792,8.98094945863348,1,200,0.005,0.0008831687058453758,0.02777370469642793
177,3797,8.989327039043054,0,25,0.0,0.0,0.13319225276039096
177,3800,8.994353587288796,0,200,0.0,0.0,0.018845326668962936
177,3832,9.047970101910064,0,200,0.0,0.0,0.018845326668962936
177,3840,9.061374230565379,2,200,0.01,0.0027466581088489593,0.035721762026734716
177,3848,9.074778359220696,0,200,0.0,0.0,0.018845326668962936
178,1129,4.533894157783229,0,25,0.0,0.0,0.13319225276039096
178,2482,6.800867416613624,0,25,0.0,0.0,0.13319225276039096
178,3159,7.935191804069779,1,25,0.04,0.007096233423382075,0.1954406391161776
178,3497,8.5015162397569,0,25,0.0,0.0,0.13319225276039096
178,3666,8.784678457600458,0,25,0.0,0.0,0.13319225276039096
178,3751,8.927097324563196,0,25,0.0,0.0,0.13319225276039096
178,3772,8.962283162283402,0,25,0.0,0.0,0.13319225276039096
178,3775,8.967309710529145,0,100,0.0,0.0,0.03699349876899627
178,3776,8.968985226611059,0,100,0.0,0.0,0.03699349876899627
178,3777,8.970660742692974,0,100,0.0,0.0,0.03699349876899627
178,3778,8.972336258774888,0,100,0.0,0.0,0.03699349876899627
178,3779,8.974011774856804,0,100,0.0,0.0,0.03699349876899627
178,3780,8.975687290938717,0,100,0.0,0.0,0.03699349876899627
178,3781,8.977362807020633,0,100,0.0,0.0,0.03699349876899627
178,3782,8.979038323102547,0,100,0.0,0.0,0.03699349876899627
178,3783,8.980713839184462,1,200,0.005,0.0008831687058453758,0.02777370469642793
178,3788,8.989091419594034,0,25,0.0,0.0,0.13319225276039096
178,3791,8.994117967839777,0,200,0.0,0.0,0.018845326668962936
178,3823,9.047734482461044,0,200,0.0,0.0,0.018845326668962936
178,3831,9.06113861111636,2,200,0.01,0.0027466581088489593,0.035721762026734716
178,3839,9.074542739771676,0,200,0.0,0.0,0.018845326668962936
179,1120,4.53365853833421,0,25,0.0,0.0,0.13319225276039096
179,2473,6.800631797164604,0,25,0.0,0.0,0.13319225276039096
179,3150,7.934956184620759,1,25,0.04,0.007096233423382075,0.1954406391161776
179,3488,8.50128062030788,0,25,0.0,0.0,0.13319225276039096
179,3658,8.786118354233354,0,25,0.0,0.0,0.13319225276039096
179,3742,8.926861705114176,0,25,0.0,0.0,0.13319225276039096
179,3763,8.962047542834382,0,25,0.0,0.0,0.13319225276039096
179,3766,8.967074091080125,0,100,0.0,0.0,0.03699349876899627
179,3767,8.96874960716204,0,100,0.0,0.0,0.03699349876899627
179,3768,8.970425123243954,0,100,0.0,0.0,0.03699349876899627
179,3769,8.97210063932587,0,100,0.0,0.0,0.03699349876899627
179,3770,8.973776155407784,0,100,0.0,0.0,0.03699349876899627
179,3771,8.975451671489699,0,100,0.0,0.0,0.03699349876899627
179,3772,8.977127187571613,0,100,0.0,0.0,0.03699349876899627
179,3773,8.978802703653528,0,100,0.0,0.0,0.03699349876899627
179,3774,8.980478219735442,1,200,0.005,0.0008831687058453758,0.02777370469642793
179,3779,8.988855800145014,0,25,0.0,0.0,0.13319225276039096
179,3782,8.993882348390759,0,200,0.0,0.0,0.018845326668962936
179,3814,9.047498863012024,0,200,0.0,0.0,0.018845326668962936
179,3822,9.06090299166734,2,200,0.01,0.0027466581088489593,0.035721762026734716
179,3830,9.074307120322658,0,200,0.0,0.0,0.018845326668962936
180,1111,4.533422918885191,0,25,0.0,0.0,0.13319225276039096
180,2465,6.8020716937975,0,25,0.0,0.0,0.13319225276039096
180,3141,7.93472056517174,1,25,0.04,0.007096233423382075,0.1954406391161776
180,3480,8.502720516940775,0,25,0.0,0.0,0.13319225276039096
180,3649,8.785882734784334,0,25,0.0,0.0,0.13319225276039096
180,3733,8.926626085665157,0,25,0.0,0.0,0.13319225276039096
180,3754,8.961811923385362,0,25,0.0,0.0,0.13319225276039096
180,3758,8.96851398771302,0,100,0.0,0.0,0.03699349876899627
180,3759,8.970189503794936,0,100,0.0,0.0,0.03699349876899627
180,3760,8.971865019876851,0,100,0.0,0.0,0.03699349876899627
180,3761,8.973540535958765,0,100,0.0,0.0,0.03699349876899627
180,3762,8.975216052040679,0,100,0.0,0.0,0.03699349876899627
180,3763,8.976891568122594,0,100,0.0,0.0,0.03699349876899627
180,3764,8.978567084204508,0,100,0.0,0.0,0.03699349876899627
180,3765,8.980242600286424,0,100,0.0,0.0,0.03699349876899627
180,3766,8.981918116368337,0,200,0.0,0.0,0.018845326668962936
180,3770,8.988620180695996,0,25,0.0,0.0,0.13319225276039096
180,3773,8.99364672894174,0,25,0.0,0.0,0.13319225276039096
180,3774,8.995322245023655,0,200,0.0,0.0,0.018845326668962936
180,3806,9.04893875964492,0,200,0.0,0.0,0.018845326668962936
180,3814,9.062342888300236,2,200,0.01,0.0027466581088489593,0.035721762026734716
180,3822,9.075747016955553,0,200,0.0,0.0,0.018845326668962936
181,1102,4.533187299436172,0,25,0.0,0.0,0.13319225276039096
181,2456,6.801836074348481,0,25,0.0,0.0,0.13319225276039096
181,3132,7.934484945722721,1,25,0.04,0.007096233423382075,0.1954406391161776
181,3471,8.502484897491755,0,25,0.0,0.0,0.13319225276039096
181,3640,8.785647115335316,0,25,0.0,0.0,0.13319225276039096
181,3724,8.926390466216137,0,25,0.0,0.0,0.13319225276039096
181,3746,8.963251820018257,0,25,0.0,0.0,0.13319225276039096
181,3749,8.968278368264002,0,100,0.0,0.0,0.03699349876899627
181,3750,8.969953884345916,0,100,0.0,0.0,0.03699349876899627
181,3751,8.971629400427831,0,100,0.0,0.0,0.03699349876899627
181,3752,8.973304916509745,0,100,0.0,0.0,0.03699349876899627
181,3753,8.97498043259166,0,100,0.0,0.0,0.03699349876899627
181,3754,8.976655948673574,0,100,0.0,0.0,0.03699349876899627
181,3755,8.978331464755488,0,100,0.0,0.0,0.03699349876899627
181,3756,8.980006980837404,0,100,0.0,0.0,0.03699349876899627
181,3757,8.98168249691932,0,200,0.0,0.0,0.018845326668962936
181,3761,8.988384561246978,0,25,0.0,0.0,0.13319225276039096
181,3764,8.993411109492719,0,25,0.0,0.0,0.13319225276039096
181,3765,8.995086625574634,0,200,0.0,0.0,0.018845326668962936
181,3797,9.0487031401959,0,200,0.0,0.0,0.018845326668962936
181,3805,9.062107268851218,2,200,0.01,0.0027466581088489593,0.035721762026734716
181,3813,9.075511397506533,0,200,0.0,0.0,0.018845326668962936
182,1094,4.534627196069067,0,25,0.0,0.0,0.13319225276039096
182,2447,6.801600454899461,0,25,0.0,0.0,0.13319225276039096
182,3124,7.9359248423556155,1,25,0.04,0.007096233423382075,0.1954406391161776
182,3462,8.502249278042736,0,25,0.0,0.0,0.13319225276039096
182,3631,8.785411495886295,0,25,0.0,0.0,0.13319225276039096
182,3716,8.927830362849033,0,25,0.0,0.0,0.13319225276039096
182,3737,8.963016200569239,0,25,0.0,0.0,0.13319225276039096
182,3740,8.968042748814982,0,100,0.0,0.0,0.03699349876899627
182,3741,8.969718264896898,0,100,0.0,0.0,0.03699349876899627
182,3742,8.971393780978811,0,100,0.0,0.0,0.03699349876899627
182,3743,8.973069297060725,0,100,0.0,0.0,0.03699349876899627
182,3744,8.97474481314264,0,100,0.0,0.0,0.03699349876899627
182,3745,8.976420329224556,0,100,0.0,0.0,0.03699349876899627
182,3746,8.97809584530647,0,100,0.0,0.0,0.03699349876899627
182,3747,8.979771361388384,0,100,0.0,0.0,0.03699349876899627
182,3748,8.9814468774703,0,200,0.0,0.0,0.018845326668962936
182,3753,8.989824457879871,0,25,0.0,0.0,0.13319225276039096
182,3755,8.9931754900437,0,25,0.0,0.0,0.13319225276039096
182,3756,8.994851006125614,0,200,0.0,0.0,0.018845326668962936
182,3788,9.04846752074688,0,200,0.0,0.0,0.018845326668962936
182,3796,9.061871649402198,2,200,0.01,0.0027466581088489593,0.035721762026734716
182,3804,9.075275778057513,0,200,0.0,0.0,0.018845326668962936
183,1085,4.534391576620048,0,25,0.0,0.0,0.13319225276039096
183,2438,6.801364835450443,0,25,0.0,0.0,0.13319225276039096
183,3115,7.935689222906596,1,25,0.04,0.007096233423382075,0.1954406391161776
183,3453,8.502013658593716,0,25,0.0,0.0,0.13319225276039096
183,3622,8.785175876437277,0,25,0.0,0.0,0.13319225276039096
183,3707,8.927594743400014,0,25,0.0,0.0,0.13319225276039096
183,3728,8.962780581120219,0,25,0.0,0.0,0.13319225276039096
183,3731,8.967807129365964,0,100,0.0,0.0,0.03699349876899627
183,3732,8.969482645447878,0,100,0.0,0.0,0.03699349876899627
183,3733,8.971158161529793,0,100,0.0,0.0,0.03699349876899627
183,3734,8.972833677611707,0,100,0.0,0.0,0.03699349876899627
183,3735,8.974509193693622,0,100,0.0,0.0,0.03699349876899627
183,3736,8.976184709775536,0,100,0.0,0.0,0.03699349876899627
183,3737,8.977860225857452,0,100,0.0,0.0,0.03699349876899627
183,3738,8.979535741939365,0,100,0.0,0.0,0.03699349876899627
183,3739,8.98121125802128,0,200,0.0,0.0,0.018845326668962936
183,3744,8.989588838430853,0,25,0.0,0.0,0.13319225276039096
183,3746,8.992939870594682,0,25,0.0,0.0,0.13319225276039096
183,3747,8.994615386676596,0,200,0.0,0.0,0.018845326668962936
183,3779,9.048231901297862,0,200,0.0,0.0,0.018845326668962936
183,3787,9.06163602995318,2,200,0.01,0.0027466581088489593,0.035721762026734716
183,3795,9.075040158608495,0,200,0.0,0.0,0.018845326668962936
184,1076,4.534155957171029,0,25,0.0,0.0,0.13319225276039096
184,2429,6.8011292160014225,0,25,0.0,0.0,0.13319225276039096
184,3106,7.935453603457578,1,25,0.04,0.007096233423382075,0.1954406391161776
184,3444,8.501778039144698,0,25,0.0,0.0,0.13319225276039096
184,3613,8.784940256988257,0,25,0.0,0.0,0.13319225276039096
184,3698,8.927359123950994,0,25,0.0,0.0,0.13319225276039096
184,3719,8.9625449616712,0,25,0.0,0.0,0.13319225276039096
184,3722,8.967571509916944,0,100,0.0,0.0,0.03699349876899627
184,3723,8.96924702599886,0,100,0.0,0.0,0.03699349876899627
184,3724,8.970922542080773,0,100,0.0,0.0,0.03699349876899627
184,3725,8.972598058162689,0,100,0.0,0.0,0.03699349876899627
184,3726,8.974273574244602,0,100,0.0,0.0,0.03699349876899627
184,3727,8.975949090326518,0,100,0.0,0.0,0.03699349876899627
184,3728,8.977624606408432,0,100,0.0,0.0,0.03699349876899627
184,3729,8.979300122490345,0,100,0.0,0.0,0.03699349876899627
184,3730,8.98097563857226,1,200,0.005,0.0008831687058453758,0.02777370469642793
184,3735,8.989353218981833,0,25,0.0,0.0,0.13319225276039096
184,3738,8.994379767227578,0,200,0.0,0.0,0.018845326668962936
184,3770,9.047996281848842,0,200,0.0,0.0,0.018845326668962936
184,3778,9.06140041050416,2,200,0.01,0.0027466581088489593,0.035721762026734716
184,3786,9.074804539159476,0,200,0.0,0.0,0.018845326668962936
185,1067,4.533920337722009,0,25,0.0,0.0,0.13319225276039096
185,2420,6.800893596552404,0,25,0.0,0.0,0.13319225276039096
185,3097,7.935217984008558,1,25,0.04,0.007096233423382075,0.1954406391161776
185,3435,8.501542419695678,0,25,0.0,0.0,0.13319225276039096
185,3604,8.784704637539239,0,25,0.0,0.0,0.13319225276039096
185,3689,8.927123504501976,0,25,0.0,0.0,0.13319225276039096
185,3710,8.96230934222218,0,25,0.0,0.0,0.13319225276039096
185,3713,8.967335890467925,0,100,0.0,0.0,0.03699349876899627
185,3714,8.96901140654984,0,100,0.0,0.0,0.03699349876899627
185,3715,8.970686922631755,0,100,0.0,0.0,0.03699349876899627
185,3716,8.972362438713668,0,100,0.0,0.0,0.03699349876899627
185,3717,8.974037954795582,0,100,0.0,0.0,0.03699349876899627
185,3718,8.975713470877498,0,100,0.0,0.0,0.03699349876899627
185,3719,8.977388986959411,0,100,0.0,0.0,0.03699349876899627
185,3720,8.979064503041327,0,100,0.0,0.0,0.03699349876899627
185,3721,8.98074001912324,1,200,0.005,0.0008831687058453758,0.02777370469642793
185,3726,8.989117599532815,0,25,0.0,0.0,0.13319225276039096
185,3729,8.994144147778558,0,200,0.0,0.0,0.018845326668962936
185,3761,9.047760662399824,0,200,0.0,0.0,0.018845326668962936
185,3769,9.06116479105514,2,200,0.01,0.0027466581088489593,0.035721762026734716
185,3777,9.074568919710456,0,200,0.0,0.0,0.018845326668962936
186,1058,4.5336847182729905,0,25,0.0,0.0,0.13319225276039096
186,2411,6.800657977103384,0,25,0.0,0.0,0.13319225276039096
186,3088,7.934982364559539,1,25,0.04,0.007096233423382075,0.1954406391161776
186,3426,8.50130680024666,0,25,0.0,0.0,0.13319225276039096
186,3596,8.786144534172134,0,25,0.0,0.0,0.13319225276039096
186,3680,8.926887885052956,0,25,0.0,0.0,0.13319225276039096
186,3701,8.962073722773162,0,25,0.0,0.0,0.13319225276039096
186,3704,8.967100271018905,0,100,0.0,0.0,0.03699349876899627
186,3705,8.968775787100821,0,100,0.0,0.0,0.03699349876899627
186,3706,8.970451303182735,0,100,0.0,0.0,0.03699349876899627
186,3707,8.972126819264648,0,100,0.0,0.0,0.03699349876899627
186,3708,8.973802335346564,0,100,0.0,0.0,0.03699349876899627
186,3709,8.97547785142848,0,100,0.0,0.0,0.03699349876899627
186,3710,8.977153367510393,0,100,0.0,0.0,0.03699349876899627
186,3711,8.978828883592307,0,100,0.0,0.0,0.03699349876899627
186,3712,8.980504399674222,1,200,0.005,0.0008831687058453758,0.02777370469642793
186,3717,8.988881980083795,0,25,0.0,0.0,0.13319225276039096
186,3720,8.993908528329538,0,200,0.0,0.0,0.018845326668962936
186,3752,9.047525042950804,0,200,0.0,0.0,0.018845326668962936
186,3760,9.060929171606121,2,200,0.01,0.0027466581088489593,0.035721762026734716
186,3768,9.074333300261436,0,200,0.0,0.0,0.018845326668962936
187,1049,4.53344909882397,0,25,0.0,0.0,0.13319225276039096
187,2403,6.80209787373628,0,25,0.0,0.0,0.13319225276039096
187,3079,7.93474674511052,1,25,0.04,0.007096233423382075,0.1954406391161776
187,3418,8.502746696879555,0,25,0.0,0.0,0.13319225276039096
187,3587,8.785908914723114,0,25,0.0,0.0,0.13319225276039096
187,3671,8.926652265603938,0,25,0.0,0.0,0.13319225276039096
187,3692,8.961838103324142,0,25,0.0,0.0,0.13319225276039096
187,3696,8.9685401676518,0,100,0.0,0.0,0.03699349876899627
187,3697,8.970215683733716,0,100,0.0,0.0,0.03699349876899627
187,3698,8.97189119981563,0,100,0.0,0.0,0.03699349876899627
187,3699,8.973566715897544,0,100,0.0,0.0,0.03699349876899627
187,3700,8.97524223197946,0,100,0.0,0.0,0.03699349876899627
187,3701,8.976917748061375,0,100,0.0,0.0,0.03699349876899627
187,3702,8.978593264143289,0,100,0.0,0.0,0.03699349876899627
187,3703,8.980268780225202,0,100,0.0,0.0,0.03699349876899627
187,3704,8.981944296307116,0,200,0.0,0.0,0.018845326668962936
187,3708,8.988646360634775,0,25,0.0,0.0,0.13319225276039096
187,3711,8.99367290888052,0,25,0.0,0.0,0.13319225276039096
187,3712,8.995348424962433,0,200,0.0,0.0,0.018845326668962936
187,3744,9.0489649395837,0,200,0.0,0.0,0.018845326668962936
187,3752,9.062369068239015,2,200,0.01,0.0027466581088489593,0.035721762026734716
187,3760,9.075773196894332,0,200,0.0,0.0,0.018845326668962936
188,1040,4.533213479374951,0,25,0.0,0.0,0.13319225276039096
188,2394,6.80186225428726,0,25,0.0,0.0,0.13319225276039096
188,3070,7.9345111256615,1,25,0.04,0.007096233423382075,0.1954406391161776
188,3409,8.502511077430535,0,25,0.0,0.0,0.13319225276039096
188,3578,8.785673295274094,0,25,0.0,0.0,0.13319225276039096
188,3662,8.926416646154918,0,25,0.0,0.0,0.13319225276039096
188,3684,8.963277999957038,0,25,0.0,0.0,0.13319225276039096
188,3687,8.96830454820278,0,100,0.0,0.0,0.03699349876899627
188,3688,8.969980064284696,0,100,0.0,0.0,0.03699349876899627
188,3689,8.971655580366612,0,100,0.0,0.0,0.03699349876899627
188,3690,8.973331096448526,0,100,0.0,0.0,0.03699349876899627
188,3691,8.97500661253044,0,100,0.0,0.0,0.03699349876899627
188,3692,8.976682128612353,0,100,0.0,0.0,0.03699349876899627
188,3693,8.978357644694269,0,100,0.0,0.0,0.03699349876899627
188,3694,8.980033160776184,0,100,0.0,0.0,0.03699349876899627
188,3695,8.981708676858098,0,200,0.0,0.0,0.018845326668962936
188,3699,8.988410741185756,0,25,0.0,0.0,0.13319225276039096
188,3702,8.993437289431501,0,25,0.0,0.0,0.13319225276039096
188,3703,8.995112805513415,0,200,0.0,0.0,0.018845326668962936
188,3735,9.04872932013468,0,200,0.0,0.0,0.018845326668962936
188,3743,9.062133448789996,2,200,0.01,0.0027466581088489593,0.035721762026734716
188,3751,9.075537577445314,0,200,0.0,0.0,0.018845326668962936
189,1032,4.534653376007847,0,25,0.0,0.0,0.13319225276039096
189,2385,6.801626634838241,0,25,0.0,0.0,0.13319225276039096
189,3062,7.935951022294397,1,25,0.04,0.007096233423382075,0.1954406391161776
189,3400,8.502275457981517,0,25,0.0,0.0,0.13319225276039096
189,3569,8.785437675825076,0,25,0.0,0.0,0.13319225276039096
189,3654,8.927856542787813,0,25,0.0,0.0,0.13319225276039096
189,3675,8.96304238050802,0,25,0.0,0.0,0.13319225276039096
189,3678,8.968068928753762,0,100,0.0,0.0,0.03699349876899627
189,3679,8.969744444835678,0,100,0.0,0.0,0.03699349876899627
189,3680,8.971419960917592,0,100,0.0,0.0,0.03699349876899627
189,3681,8.973095476999505,0,100,0.0,0.0,0.03699349876899627
189,3682,8.974770993081421,0,100,0.0,0.0,0.03699349876899627
189,3683,8.976446509163335,0,100,0.0,0.0,0.03699349876899627
189,3684,8.97812202524525,0,100,0.0,0.0,0.03699349876899627
189,3685,8.979797541327164,0,100,0.0,0.0,0.03699349876899627
189,3686,8.98147305740908,1,200,0.005,0.0008831687058453758,0.02777370469642793
189,3691,8.989850637818652,0,25,0.0,0.0,0.13319225276039096
189,3693,8.993201669982481,0,25,0.0,0.0,0.13319225276039096
189,3694,8.994877186064395,0,200,0.0,0.0,0.018845326668962936
189,3726,9.048493700685661,0,200,0.0,0.0,0.018845326668962936
189,3734,9.061897829340978,2,200,0.01,0.0027466581088489593,0.035721762026734716
189,3742,9.075301957996293,0,200,0.0,0.0,0.018845326668962936
190,1023,4.5344177565588275,0,25,0.0,0.0,0.13319225276039096
190,2376,6.801391015389222,0,25,0.0,0.0,0.13319225276039096
190,3053,7.935715402845377,1,25,0.04,0.007096233423382075,0.1954406391161776
190,3391,8.502039838532497,0,25,0.0,0.0,0.13319225276039096
190,3560,8.785202056376056,0,25,0.0,0.0,0.13319225276039096
190,3645,8.927620923338793,0,25,0.0,0.0,0.13319225276039096
190,3666,8.962806761059,0,25,0.0,0.0,0.13319225276039096
190,3669,8.967833309304742,0,100,0.0,0.0,0.03699349876899627
190,3670,8.969508825386658,0,100,0.0,0.0,0.03699349876899627
190,3671,8.971184341468572,0,100,0.0,0.0,0.03699349876899627
190,3672,8.972859857550487,0,100,0.0,0.0,0.03699349876899627
190,3673,8.974535373632401,0,100,0.0,0.0,0.03699349876899627
190,3674,8.976210889714316,0,100,0.0,0.0,0.03699349876899627
190,3675,8.97788640579623,0,100,0.0,0.0,0.03699349876899627
190,3676,8.979561921878146,0,100,0.0,0.0,0.03699349876899627
190,3677,8.98123743796006,1,200,0.005,0.0008831687058453758,0.02777370469642793
190,3682,8.989615018369632,0,25,0.0,0.0,0.13319225276039096
190,3684,8.992966050533461,0,25,0.0,0.0,0.13319225276039096
190,3685,8.994641566615377,0,200,0.0,0.0,0.018845326668962936
190,3717,9.048258081236641,0,200,0.0,0.0,0.018845326668962936
190,3725,9.061662209891958,2,200,0.01,0.0027466581088489593,0.035721762026734716
190,3733,9.075066338547275,0,200,0.0,0.0,0.018845326668962936
191,1014,4.534182137109808,0,25,0.0,0.0,0.13319225276039096
191,2367,6.801155395940203,0,25,0.0,0.0,0.13319225276039096
191,3044,7.9354797833963575,1,25,0.04,0.007096233423382075,0.1954406391161776
191,3382,8.501804219083478,0,25,0.0,0.0,0.13319225276039096
191,3551,8.784966436927037,0,25,0.0,0.0,0.13319225276039096
191,3636,8.927385303889775,0,25,0.0,0.0,0.13319225276039096
191,3657,8.962571141609981,0,25,0.0,0.0,0.13319225276039096
191,3660,8.967597689855724,0,100,0.0,0.0,0.03699349876899627
191,3661,8.96927320593764,0,100,0.0,0.0,0.03699349876899627
191,3662,8.970948722019553,0,100,0.0,0.0,0.03699349876899627
191,3663,8.972624238101467,0,100,0.0,0.0,0.03699349876899627
191,3664,8.974299754183383,0,100,0.0,0.0,0.03699349876899627
191,3665,8.975975270265298,0,100,0.0,0.0,0.03699349876899627
191,3666,8.977650786347212,0,100,0.0,0.0,0.03699349876899627
191,3667,8.979326302429126,0,100,0.0,0.0,0.03699349876899627
191,3668,8.98100181851104,2,200,0.01,0.0027466581088489593,0.035721762026734716
191,3673,8.989379398920613,0,25,0.0,0.0,0.13319225276039096
191,3676,8.994405947166356,0,200,0.0,0.0,0.018845326668962936
191,3708,9.048022461787623,0,200,0.0,0.0,0.018845326668962936
191,3716,9.061426590442938,2,200,0.01,0.0027466581088489593,0.035721762026734716
191,3724,9.074830719098255,0,200,0.0,0.0,0.018845326668962936
192,1005,4.533946517660789,0,25,0.0,0.0,0.13319225276039096
192,2358,6.800919776491184,0,25,0.0,0.0,0.13319225276039096
192,3035,7.935244163947338,1,25,0.04,0.007096233423382075,0.1954406391161776
192,3373,8.501568599634458,0,25,0.0,0.0,0.13319225276039096
192,3542,8.784730817478017,0,25,0.0,0.0,0.13319225276039096
192,3627,8.927149684440757,0,25,0.0,0.0,0.13319225276039096
192,3648,8.962335522160961,0,25,0.0,0.0,0.13319225276039096
192,3651,8.967362070406704,0,100,0.0,0.0,0.03699349876899627
192,3652,8.96903758648862,0,100,0.0,0.0,0.03699349876899627
192,3653,8.970713102570535,0,100,0.0,0.0,0.03699349876899627
192,3654,8.972388618652449,0,100,0.0,0.0,0.03699349876899627
192,3655,8.974064134734363,0,100,0.0,0.0,0.03699349876899627
192,3656,8.975739650816276,0,100,0.0,0.0,0.03699349876899627
192,3657,8.977415166898192,0,100,0.0,0.0,0.03699349876899627
192,3658,8.979090682980107,0,100,0.0,0.0,0.03699349876899627
192,3659,8.980766199062021,2,200,0.01,0.0027466581088489593,0.035721762026734716
192,3664,8.989143779471593,0,25,0.0,0.0,0.13319225276039096
192,3667,8.994170327717338,0,200,0.0,0.0,0.018845326668962936
192,3699,9.047786842338603,0,200,0.0,0.0,0.018845326668962936
192,3707,9.06119097099392,2,200,0.01,0.0027466581088489593,0.035721762026734716
192,3715,9.074595099649237,0,200,0.0,0.0,0.018845326668962936
193,996,4.533710898211769,0,25,0.0,0.0,0.13319225276039096
193,2349,6.800684157042165,0,25,0.0,0.0,0.13319225276039096
193,3026,7.935008544498319,1,25,0.04,0.007096233423382075,0.1954406391161776
193,3364,8.501332980185438,0,25,0.0,0.0,0.13319225276039096
193,3534,8.786170714110913,0,25,0.0,0.0,0.13319225276039096
193,3618,8.926914064991736,0,25,0.0,0.0,0.13319225276039096
193,3639,8.962099902711941,0,25,0.0,0.0,0.13319225276039096
193,3642,8.967126450957686,0,100,0.0,0.0,0.03699349876899627
193,3643,8.9688019670396,0,100,0.0,0.0,0.03699349876899627
193,3644,8.970477483121513,0,100,0.0,0.0,0.03699349876899627
193,3645,8.972152999203429,0,100,0.0,0.0,0.03699349876899627
193,3646,8.973828515285344,0,100,0.0,0.0,0.03699349876899627
193,3647,8.975504031367258,0,100,0.0,0.0,0.03699349876899627
193,3648,8.977179547449172,0,100,0.0,0.0,0.03699349876899627
193,3649,8.978855063531087,0,100,0.0,0.0,0.03699349876899627
193,3650,8.980530579613003,2,200,0.01,0.0027466581088489593,0.035721762026734716
193,3655,8.988908160022575,0,25,0.0,0.0,0.13319225276039096
193,3658,8.993934708268318,0,200,0.0,0.0,0.018845326668962936
193,3690,9.047551222889584,0,200,0.0,0.0,0.018845326668962936
193,3698,9.060955351544902,2,200,0.01,0.0027466581088489593,0.035721762026734716
193,3706,9.074359480200217,0,200,0.0,0.0,0.018845326668962936
194,987,4.533475278762751,0,25,0.0,0.0,0.13319225276039096
194,2341,6.80212405367506,0,25,0.0,0.0,0.13319225276039096
194,3017,7.9347729250493,1,25,0.04,0.007096233423382075,0.1954406391161776
194,3356,8.502772876818334,0,25,0.0,0.0,0.13319225276039096
194,3525,8.785935094661895,0,25,0.0,0.0,0.13319225276039096
194,3609,8.926678445542716,0,25,0.0,0.0,0.13319225276039096
194,3630,8.961864283262923,0,25,0.0,0.0,0.13319225276039096
194,3634,8.968566347590581,0,100,0.0,0.0,0.03699349876899627
194,3635,8.970241863672495,0,100,0.0,0.0,0.03699349876899627
194,3636,8.97191737975441,0,100,0.0,0.0,0.03699349876899627
194,3637,8.973592895836324,0,100,0.0,0.0,0.03699349876899627
194,3638,8.97526841191824,0,100,0.0,0.0,0.03699349876899627
194,3639,8.976943928000154,0,100,0.0,0.0,0.03699349876899627
194,3640,8.978619444082069,0,100,0.0,0.0,0.03699349876899627
194,3641,8.980294960163983,0,100,0.0,0.0,0.03699349876899627
194,3642,8.981970476245898,1,200,0.005,0.0008831687058453758,0.02777370469642793
194,3646,8.988672540573555,0,25,0.0,0.0,0.13319225276039096
194,3649,8.9936990888193,0,25,0.0,0.0,0.13319225276039096
194,3650,8.995374604901214,0,200,0.0,0.0,0.018845326668962936
194,3682,9.04899111952248,0,200,0.0,0.0,0.018845326668962936
194,3690,9.062395248177797,2,200,0.01,0.0027466581088489593,0.035721762026734716
194,3698,9.075799376833112,0,200,0.0,0.0,0.018845326668962936
195,978,4.533239659313731,0,25,0.0,0.0,0.13319225276039096
195,2332,6.80188843422604,0,25,0.0,0.0,0.13319225276039096
195,3008,7.93453730560028,1,25,0.04,0.007096233423382075,0.1954406391161776
195,3347,8.502537257369315,0,25,0.0,0.0,0.13319225276039096
195,3516,8.785699475212875,0,25,0.0,0.0,0.13319225276039096
195,3600,8.926442826093698,0,25,0.0,0.0,0.13319225276039096
195,3622,8.963304179895818,0,25,0.0,0.0,0.13319225276039096
195,3625,8.968330728141561,0,100,0.0,0.0,0.03699349876899627
195,3626,8.970006244223477,0,100,0.0,0.0,0.03699349876899627
195,3627,8.97168176030539,0,100,0.0,0.0,0.03699349876899627
195,3628,8.973357276387306,0,100,0.0,0.0,0.03699349876899627
195,3629,8.97503279246922,0,100,0.0,0.0,0.03699349876899627
195,3630,8.976708308551135,0,100,0.0,0.0,0.03699349876899627
195,3631,8.978383824633049,0,100,0.0,0.0,0.03699349876899627
195,3632,8.980059340714963,0,100,0.0,0.0,0.03699349876899627
195,3633,8.981734856796878,1,200,0.005,0.0008831687058453758,0.02777370469642793
195,3637,8.988436921124537,0,25,0.0,0.0,0.13319225276039096
195,3640,8.99346346937028,0,25,0.0,0.0,0.13319225276039096
195,3641,8.995138985452195,0,200,0.0,0.0,0.018845326668962936
195,3673,9.04875550007346,0,200,0.0,0.0,0.018845326668962936
195,3681,9.062159628728777,2,200,0.01,0.0027466581088489593,0.035721762026734716
195,3689,9.075563757384094,0,200,0.0,0.0,0.018845326668962936
196,970,4.534679555946627,0,25,0.0,0.0,0.13319225276039096
196,2323,6.801652814777022,0,25,0.0,0.0,0.13319225276039096
196,3000,7.935977202233176,1,25,0.04,0.007096233423382075,0.1954406391161776
196,3338,8.502301637920297,0,25,0.0,0.0,0.13319225276039096
196,3507,8.785463855763856,0,25,0.0,0.0,0.13319225276039096
196,3592,8.927882722726594,0,25,0.0,0.0,0.13319225276039096
196,3613,8.9630685604468,0,25,0.0,0.0,0.13319225276039096
196,3616,8.968095108692543,0,100,0.0,0.0,0.03699349876899627
196,3617,8.969770624774458,0,100,0.0,0.0,0.03699349876899627
196,3618,8.971446140856372,0,100,0.0,0.0,0.03699349876899627
196,3619,8.973121656938286,0,100,0.0,0.0,0.03699349876899627
196,3620,8.9747971730202,0,100,0.0,0.0,0.03699349876899627
196,3621,8.976472689102115,0,100,0.0,0.0,0.03699349876899627
196,3622,8.97814820518403,0,100,0.0,0.0,0.03699349876899627
196,3623,8.979823721265944,0,100,0.0,0.0,0.03699349876899627
196,3624,8.981499237347858,1,200,0.005,0.0008831687058453758,0.02777370469642793
196,3629,8.989876817757432,0,25,0.0,0.0,0.13319225276039096
196,3631,8.993227849921261,0,25,0.0,0.0,0.13319225276039096
196,3632,8.994903366003175,0,200,0.0,0.0,0.018845326668962936
196,3664,9.048519880624442,0,200,0.0,0.0,0.018845326668962936
196,3672,9.061924009279757,2,200,0.01,0.0027466581088489593,0.035721762026734716
196,3680,9.075328137935074,0,200,0.0,0.0,0.018845326668962936
197,961,4.534443936497608,0,25,0.0,0.0,0.13319225276039096
197,2314,6.801417195328002,0,25,0.0,0.0,0.13319225276039096
197,2991,7.935741582784156,1,25,0.04,0.007096233423382075,0.1954406391161776
197,3329,8.502066018471275,0,25,0.0,0.0,0.13319225276039096
197,3498,8.785228236314836,0,25,0.0,0.0,0.13319225276039096
197,3583,8.927647103277573,0,25,0.0,0.0,0.13319225276039096
197,3604,8.96283294099778,0,25,0.0,0.0,0.13319225276039096
197,3607,8.967859489243523,0,100,0.0,0.0,0.03699349876899627
197,3608,8.969535005325437,0,100,0.0,0.0,0.03699349876899627
197,3609,8.971210521407352,0,100,0.0,0.0,0.03699349876899627
197,3610,8.972886037489268,0,100,0.0,0.0,0.03699349876899627
197,3611,8.974561553571181,0,100,0.0,0.0,0.03699349876899627
197,3612,8.976237069653095,0,100,0.0,0.0,0.03699349876899627
197,3613,8.97791258573501,0,100,0.0,0.0,0.03699349876899627
197,3614,8.979588101816926,0,100,0.0,0.0,0.03699349876899627
197,3615,8.98126361789884,1,200,0.005,0.0008831687058453758,0.02777370469642793
197,3620,8.989641198308412,0,25,0.0,0.0,0.13319225276039096
197,3622,8.992992230472241,0,25,0.0,0.0,0.13319225276039096
197,3623,8.994667746554157,0,200,0.0,0.0,0.018845326668962936
197,3655,9.048284261175422,0,200,0.0,0.0,0.018845326668962936
197,3663,9.061688389830739,2,200,0.01,0.0027466581088489593,0.035721762026734716
197,3671,9.075092518486056,0,200,0.0,0.0,0.018845326668962936
198,952,4.534208317048588,0,25,0.0,0.0,0.13319225276039096
198,2305,6.801181575878982,0,25,0.0,0.0,0.13319225276039096
198,2982,7.935505963335137,1,25,0.04,0.007096233423382075,0.1954406391161776
198,3320,8.501830399022257,0,25,0.0,0.0,0.13319225276039096
198,3489,8.784992616865818,0,25,0.0,0.0,0.13319225276039096
198,3574,8.927411483828553,0,25,0.0,0.0,0.13319225276039096
198,3595,8.96259732154876,0,25,0.0,0.0,0.13319225276039096
198,3598,8.967623869794505,0,100,0.0,0.0,0.03699349876899627
198,3599,8.969299385876418,0,100,0.0,0.0,0.03699349876899627
198,3600,8.970974901958332,0,100,0.0,0.0,0.03699349876899627
198,3601,8.972650418040248,0,100,0.0,0.0,0.03699349876899627
198,3602,8.974325934122163,0,100,0.0,0.0,0.03699349876899627
198,3603,8.976001450204077,0,100,0.0,0.0,0.03699349876899627
198,3604,8.97767696628599,0,100,0.0,0.0,0.03699349876899627
198,3605,8.979352482367906,0,100,0.0,0.0,0.03699349876899627
198,3606,8.981027998449822,2,200,0.01,0.0027466581088489593,0.035721762026734716
198,3611,8.989405578859394,0,25,0.0,0.0,0.13319225276039096
198,3613,8.992756611023221,0,25,0.0,0.0,0.13319225276039096
198,3614,8.994432127105137,0,200,0.0,0.0,0.018845326668962936
198,3646,9.048048641726403,0,200,0.0,0.0,0.018845326668962936
198,3654,9.06145277038172,2,200,0.01,0.0027466581088489593,0.035721762026734716
198,3662,9.074856899037036,0,200,0.0,0.0,0.018845326668962936
199,943,4.53397269759957,0,25,0.0,0.0,0.13319225276039096
199,2296,6.800945956429963,0,25,0.0,0.0,0.13319225276039096
199,2973,7.935270343886119,0,25,0.0,0.0,0.13319225276039096
199,3311,8.501594779573239,0,25,0.0,0.0,0.13319225276039096
199,3480,8.784756997416798,0,25,0.0,0.0,0.13319225276039096
199,3565,8.927175864379535,0,25,0.0,0.0,0.13319225276039096
199,3586,8.962361702099741,0,25,0.0,0.0,0.13319225276039096
199,3589,8.967388250345484,0,100,0.0,0.0,0.03699349876899627
199,3590,8.9690637664274,0,100,0.0,0.0,0.03699349876899627
199,3591,8.970739282509314,0,100,0.0,0.0,0.03699349876899627
199,3592,8.97241479859123,0,100,0.0,0.0,0.03699349876899627
199,3593,8.974090314673143,0,100,0.0,0.0,0.03699349876899627
199,3594,8.975765830755059,0,100,0.0,0.0,0.03699349876899627
199,3595,8.977441346836972,0,100,0.0,0.0,0.03699349876899627
199,3596,8.979116862918886,0,100,0.0,0.0,0.03699349876899627
199,3597,8.980792379000802,2,200,0.01,0.0027466581088489593,0.035721762026734716
199,3602,8.989169959410374,0,25,0.0,0.0,0.13319225276039096
199,3605,8.994196507656119,0,200,0.0,0.0,0.018845326668962936
199,3637,9.047813022277383,0,200,0.0,0.0,0.018845326668962936
199,3645,9.0612171509327,2,200,0.01,0.0027466581088489593,0.035721762026734716
199,3653,9.074621279588017,1,200,0.005,0.0008831687058453758,0.02777370469642793
200,934,4.5337370781505495,0,25,0.0,0.0,0.13319225276039096
200,2287,6.800710336980944,0,25,0.0,0.0,0.13319225276039096
200,2964,7.935034724437099,0,25,0.0,0.0,0.13319225276039096
200,3302,8.501359160124219,0,25,0.0,0.0,0.13319225276039096
200,3472,8.786196894049693,0,25,0.0,0.0,0.13319225276039096
200,3556,8.926940244930517,0,25,0.0,0.0,0.13319225276039096
200,3577,8.962126082650721,0,25,0.0,0.0,0.13319225276039096
200,3580,8.967152630896466,0,100,0.0,0.0,0.03699349876899627
200,3581,8.96882814697838,0,100,0.0,0.0,0.03699349876899627
200,3582,8.970503663060295,0,100,0.0,0.0,0.03699349876899627
200,3583,8.97217917914221,0,100,0.0,0.0,0.03699349876899627
200,3584,8.973854695224123,0,100,0.0,0.0,0.03699349876899627
200,3585,8.975530211306038,0,100,0.0,0.0,0.03699349876899627
200,3586,8.977205727387952,0,100,0.0,0.0,0.03699349876899627
200,3587,8.978881243469868,0,100,0.0,0.0,0.03699349876899627
200,3588,8.980556759551781,2,200,0.01,0.0027466581088489593,0.035721762026734716
200,3593,8.988934339961355,0,25,0.0,0.0,0.13319225276039096
200,3596,8.993960888207098,0,200,0.0,0.0,0.018845326668962936
200,3628,9.047577402828365,0,200,0.0,0.0,0.018845326668962936
200,3636,9.06098153148368,2,200,0.01,0.0027466581088489593,0.035721762026734716
200,3644,9.074385660138997,1,200,0.005,0.0008831687058453758,0.02777370469642793
201,925,4.53350145870153,0,25,0.0,0.0,0.13319225276039096
201,2279,6.8021502336138395,0,25,0.0,0.0,0.13319225276039096
201,2955,7.934799104988079,0,25,0.0,0.0,0.13319225276039096
201,3294,8.502799056757114,0,25,0.0,0.0,0.13319225276039096
201,3463,8.785961274600673,0,25,0.0,0.0,0.13319225276039096
201,3547,8.926704625481497,0,25,0.0,0.0,0.13319225276039096
201,3568,8.961890463201703,0,25,0.0,0.0,0.13319225276039096
201,3572,8.96859252752936,0,100,0.0,0.0,0.03699349876899627
201,3573,8.970268043611275,0,100,0.0,0.0,0.03699349876899627
201,3574,8.97194355969319,0,100,0.0,0.0,0.03699349876899627
201,3575,8.973619075775105,0,100,0.0,0.0,0.03699349876899627
201,3576,8.975294591857018,0,100,0.0,0.0,0.03699349876899627
201,3577,8.976970107938934,0,100,0.0,0.0,0.03699349876899627
201,3578,8.978645624020848,0,100,0.0,0.0,0.03699349876899627
201,3579,8.980321140102763,0,100,0.0,0.0,0.03699349876899627
201,3580,8.981996656184677,1,200,0.005,0.0008831687058453758,0.02777370469642793
201,3584,8.988698720512335,0,25,0.0,0.0,0.13319225276039096
201,3587,8.993725268758078,0,25,0.0,0.0,0.13319225276039096
201,3588,8.995400784839994,0,200,0.0,0.0,0.018845326668962936
201,3620,9.049017299461259,0,200,0.0,0.0,0.018845326668962936
201,3628,9.062421428116576,2,200,0.01,0.0027466581088489593,0.035721762026734716
201,3636,9.075825556771893,1,200,0.005,0.0008831687058453758,0.02777370469642793
202,916,4.533265839252511,0,25,0.0,0.0,0.13319225276039096
202,2270,6.80191461416482,0,25,0.0,0.0,0.13319225276039096
202,2946,7.93456348553906,0,25,0.0,0.0,0.13319225276039096
202,3285,8.502563437308094,0,25,0.0,0.0,0.13319225276039096
202,3454,8.785725655151655,0,25,0.0,0.0,0.13319225276039096
202,3538,8.926469006032477,0,25,0.0,0.0,0.13319225276039096
202,3560,8.963330359834597,0,25,0.0,0.0,0.13319225276039096
202,3563,8.968356908080342,0,100,0.0,0.0,0.03699349876899627
202,3564,8.970032424162255,0,100,0.0,0.0,0.03699349876899627
202,3565,8.97170794024417,0,100,0.0,0.0,0.03699349876899627
202,3566,8.973383456326086,0,100,0.0,0.0,0.03699349876899627
202,3567,8.975058972408,0,100,0.0,0.0,0.03699349876899627
202,3568,8.976734488489914,0,100,0.0,0.0,0.03699349876899627
202,3569,8.97841000457183,0,100,0.0,0.0,0.03699349876899627
202,3570,8.980085520653745,0,100,0.0,0.0,0.03699349876899627
202,3571,8.981761036735659,1,200,0.005,0.0008831687058453758,0.02777370469642793
202,3575,8.988463101063317,0,25,0.0,0.0,0.13319225276039096
202,3578,8.99348964930906,0,25,0.0,0.0,0.13319225276039096
202,3579,8.995165165390976,0,200,0.0,0.0,0.018845326668962936
202,3611,9.04878168001224,0,200,0.0,0.0,0.018845326668962936
202,3619,9.062185808667557,2,200,0.01,0.0027466581088489593,0.035721762026734716
202,3627,9.075589937322874,1,200,0.005,0.0008831687058453758,0.02777370469642793
203,908,4.534705735885407,0,25,0.0,0.0,0.13319225276039096
203,2261,6.801678994715801,0,25,0.0,0.0,0.13319225276039096
203,2937,7.934327866090041,0,25,0.0,0.0,0.13319225276039096
203,3276,8.502327817859076,0,25,0.0,0.0,0.13319225276039096
203,3445,8.785490035702637,0,25,0.0,0.0,0.13319225276039096
203,3530,8.927908902665372,0,25,0.0,0.0,0.13319225276039096
203,3551,8.963094740385579,0,25,0.0,0.0,0.13319225276039096
203,3554,8.968121288631323,0,100,0.0,0.0,0.03699349876899627
203,3555,8.969796804713237,0,100,0.0,0.0,0.03699349876899627
203,3556,8.97147232079515,0,100,0.0,0.0,0.03699349876899627
203,3557,8.973147836877066,0,100,0.0,0.0,0.03699349876899627
203,3558,8.974823352958982,0,100,0.0,0.0,0.03699349876899627
203,3559,8.976498869040896,0,100,0.0,0.0,0.03699349876899627
203,3560,8.97817438512281,0,100,0.0,0.0,0.03699349876899627
203,3561,8.979849901204723,0,100,0.0,0.0,0.03699349876899627
203,3562,8.981525417286639,1,200,0.005,0.0008831687058453758,0.02777370469642793
203,3567,8.989902997696213,0,25,0.0,0.0,0.13319225276039096
203,3569,8.99325402986004,0,25,0.0,0.0,0.13319225276039096
203,3570,8.994929545941956,0,200,0.0,0.0,0.018845326668962936
203,3602,9.048546060563222,0,200,0.0,0.0,0.018845326668962936
203,3610,9.061950189218537,2,200,0.01,0.0027466581088489593,0.035721762026734716
203,3618,9.075354317873854,1,200,0.005,0.0008831687058453758,0.02777370469642793
204,899,4.5344701164363865,0,25,0.0,0.0,0.13319225276039096
204,2252,6.801443375266782,0,25,0.0,0.0,0.13319225276039096
204,2929,7.935767762722937,0,25,0.0,0.0,0.13319225276039096
204,3267,8.502092198410057,0,25,0.0,0.0,0.13319225276039096
204,3436,8.785254416253617,0,25,0.0,0.0,0.13319225276039096
204,3521,8.927673283216354,0,25,0.0,0.0,0.13319225276039096
204,3542,8.96285912093656,0,25,0.0,0.0,0.13319225276039096
204,3545,8.967885669182303,0,100,0.0,0.0,0.03699349876899627
204,3546,8.969561185264219,0,100,0.0,0.0,0.03699349876899627
204,3547,8.971236701346132,0,100,0.0,0.0,0.03699349876899627
204,3548,8.972912217428046,0,100,0.0,0.0,0.03699349876899627
204,3549,8.97458773350996,0,100,0.0,0.0,0.03699349876899627
204,3550,8.976263249591875,0,100,0.0,0.0,0.03699349876899627
204,3551,8.977938765673791,0,100,0.0,0.0,0.03699349876899627
204,3552,8.979614281755705,0,100,0.0,0.0,0.03699349876899627
204,3553,8.981289797837618,1,200,0.005,0.0008831687058453758,0.02777370469642793
204,3558,8.989667378247193,0,25,0.0,0.0,0.13319225276039096
204,3560,8.993018410411022,0,25,0.0,0.0,0.13319225276039096
204,3561,8.994693926492936,0,200,0.0,0.0,0.018845326668962936
204,3593,9.048310441114202,0,200,0.0,0.0,0.018845326668962936
204,3601,9.061714569769517,2,200,0.01,0.0027466581088489593,0.035721762026734716
204,3609,9.075118698424834,1,200,0.005,0.0008831687058453758,0.02777370469642793
205,890,4.534234496987368,0,25,0.0,0.0,0.13319225276039096
205,2243,6.801207755817763,0,25,0.0,0.0,0.13319225276039096
205,2920,7.935532143273917,0,25,0.0,0.0,0.13319225276039096
205,3258,8.501856578961037,0,25,0.0,0.0,0.13319225276039096
205,3427,8.785018796804597,0,25,0.0,0.0,0.13319225276039096
205,3512,8.927437663767334,0,25,0.0,0.0,0.13319225276039096
205,3533,8.96262350148754,0,25,0.0,0.0,0.13319225276039096
205,3536,8.967650049733283,0,100,0.0,0.0,0.03699349876899627
205,3537,8.969325565815199,0,100,0.0,0.0,0.03699349876899627
205,3538,8.971001081897112,0,100,0.0,0.0,0.03699349876899627
205,3539,8.972676597979028,0,100,0.0,0.0,0.03699349876899627
205,3540,8.974352114060942,0,100,0.0,0.0,0.03699349876899627
205,3541,8.976027630142857,0,100,0.0,0.0,0.03699349876899627
205,3542,8.977703146224771,0,100,0.0,0.0,0.03699349876899627
205,3543,8.979378662306686,0,100,0.0,0.0,0.03699349876899627
205,3544,8.9810541783886,2,200,0.01,0.0027466581088489593,0.035721762026734716
205,3549,8.989431758798172,0,25,0.0,0.0,0.13319225276039096
205,3551,8.992782790962002,0,25,0.0,0.0,0.13319225276039096
205,3552,8.994458307043917,0,200,0.0,0.0,0.018845326668962936
205,3584,9.048074821665182,0,200,0.0,0.0,0.018845326668962936
205,3592,9.061478950320499,2,200,0.01,0.0027466581088489593,0.035721762026734716
205,3600,9.074883078975816,1,200,0.005,0.0008831687058453758,0.02777370469642793
206,881,4.533998877538348,0,25,0.0,0.0,0.13319225276039096
206,2234,6.800972136368744,0,25,0.0,0.0,0.13319225276039096
206,2911,7.935296523824897,0,25,0.0,0.0,0.13319225276039096
206,3249,8.501620959512017,0,25,0.0,0.0,0.13319225276039096
206,3418,8.784783177355578,0,25,0.0,0.0,0.13319225276039096
206,3503,8.927202044318316,0,25,0.0,0.0,0.13319225276039096
206,3524,8.96238788203852,0,25,0.0,0.0,0.13319225276039096
206,3527,8.967414430284265,0,100,0.0,0.0,0.03699349876899627
206,3528,8.969089946366179,0,100,0.0,0.0,0.03699349876899627
206,3529,8.970765462448094,0,100,0.0,0.0,0.03699349876899627
206,3530,8.972440978530008,0,100,0.0,0.0,0.03699349876899627
206,3531,8.974116494611923,0,100,0.0,0.0,0.03699349876899627
206,3532,8.975792010693837,0,100,0.0,0.0,0.03699349876899627
206,3533,8.977467526775753,0,100,0.0,0.0,0.03699349876899627
206,3534,8.979143042857666,0,100,0.0,0.0,0.03699349876899627
206,3535,8.98081855893958,2,200,0.01,0.0027466581088489593,0.035721762026734716
206,3540,8.989196139349154,0,25,0.0,0.0,0.13319225276039096
206,3543,8.994222687594897,0,200,0.0,0.0,0.018845326668962936
206,3575,9.047839202216164,0,200,0.0,0.0,0.018845326668962936
206,3583,9.061243330871479,2,200,0.01,0.0027466581088489593,0.035721762026734716
206,3591,9.074647459526796,1,200,0.005,0.0008831687058453758,0.02777370469642793
207,872,4.53376325808933,0,25,0.0,0.0,0.13319225276039096
207,2225,6.8007365169197245,0,25,0.0,0.0,0.13319225276039096
207,2902,7.935060904375879,0,25,0.0,0.0,0.13319225276039096
207,3240,8.501385340062999,0,25,0.0,0.0,0.13319225276039096
207,3410,8.786223073988474,0,25,0.0,0.0,0.13319225276039096
207,3494,8.926966424869295,0,25,0.0,0.0,0.13319225276039096
207,3515,8.962152262589502,0,25,0.0,0.0,0.13319225276039096
207,3518,8.967178810835247,0,100,0.0,0.0,0.03699349876899627
207,3519,8.96885432691716,0,100,0.0,0.0,0.03699349876899627
207,3520,8.970529842999074,0,100,0.0,0.0,0.03699349876899627
207,3521,8.97220535908099,0,100,0.0,0.0,0.03699349876899627
207,3522,8.973880875162905,0,100,0.0,0.0,0.03699349876899627
207,3523,8.975556391244819,0,100,0.0,0.0,0.03699349876899627
207,3524,8.977231907326733,0,100,0.0,0.0,0.03699349876899627
207,3525,8.978907423408646,0,100,0.0,0.0,0.03699349876899627
207,3526,8.980582939490562,2,200,0.01,0.0027466581088489593,0.035721762026734716
207,3531,8.988960519900136,0,25,0.0,0.0,0.13319225276039096
207,3534,8.993987068145879,0,200,0.0,0.0,0.018845326668962936
207,3566,9.047603582767145,0,200,0.0,0.0,0.018845326668962936
207,3574,9.06100771142246,2,200,0.01,0.0027466581088489593,0.035721762026734716
207,3582,9.074411840077778,1,200,0.005,0.0008831687058453758,0.02777370469642793
208,863,4.53352763864031,0,25,0.0,0.0,0.13319225276039096
208,2217,6.802176413552619,0,25,0.0,0.0,0.13319225276039096
208,2893,7.93482528492686,0,25,0.0,0.0,0.13319225276039096
208,3232,8.502825236695895,0,25,0.0,0.0,0.13319225276039096
208,3401,8.785987454539455,1,25,0.04,0.007096233423382075,0.1954406391161776
208,3485,8.926730805420277,0,25,0.0,0.0,0.13319225276039096
208,3506,8.961916643140484,0,25,0.0,0.0,0.13319225276039096
208,3510,8.96861870746814,0,100,0.0,0.0,0.03699349876899627
208,3511,8.970294223550056,0,100,0.0,0.0,0.03699349876899627
208,3512,8.97196973963197,0,100,0.0,0.0,0.03699349876899627
208,3513,8.973645255713883,0,100,0.0,0.0,0.03699349876899627
208,3514,8.975320771795799,0,100,0.0,0.0,0.03699349876899627
208,3515,8.976996287877714,0,100,0.0,0.0,0.03699349876899627
208,3516,8.978671803959628,0,100,0.0,0.0,0.03699349876899627
208,3517,8.980347320041542,1,100,0.01,0.001767432044609646,0.0544861967490067
208,3518,8.982022836123457,1,200,0.005,0.0008831687058453758,0.02777370469642793
208,3522,8.988724900451116,0,25,0.0,0.0,0.13319225276039096
208,3525,8.993751448696859,0,25,0.0,0.0,0.13319225276039096
208,3526,8.995426964778773,0,200,0.0,0.0,0.018845326668962936
208,3558,9.04904347940004,0,200,0.0,0.0,0.018845326668962936
208,3566,9.062447608055356,2,200,0.01,0.0027466581088489593,0.035721762026734716
208,3574,9.075851736710671,1,200,0.005,0.0008831687058453758,0.02777370469642793
209,854,4.533292019191291,0,25,0.0,0.0,0.13319225276039096
209,2208,6.801940794103601,0,25,0.0,0.0,0.13319225276039096
209,2884,7.93458966547784,0,25,0.0,0.0,0.13319225276039096
209,3223,8.502589617246874,0,25,0.0,0.0,0.13319225276039096
209,3392,8.785751835090434,1,25,0.04,0.007096233423382075,0.1954406391161776
209,3476,8.926495185971257,0,25,0.0,0.0,0.13319225276039096
209,3498,8.963356539773377,0,25,0.0,0.0,0.13319225276039096
209,3501,8.96838308801912,0,100,0.0,0.0,0.03699349876899627
209,3502,8.970058604101036,0,100,0.0,0.0,0.03699349876899627
209,3503,8.971734120182951,0,100,0.0,0.0,0.03699349876899627
209,3504,8.973409636264865,0,100,0.0,0.0,0.03699349876899627
209,3505,8.975085152346779,0,100,0.0,0.0,0.03699349876899627
209,3506,8.976760668428694,0,100,0.0,0.0,0.03699349876899627
209,3507,8.97843618451061,0,100,0.0,0.0,0.03699349876899627
209,3508,8.980111700592524,1,100,0.01,0.001767432044609646,0.0544861967490067
209,3509,8.981787216674437,1,200,0.005,0.0008831687058453758,0.02777370469642793
209,3513,8.988489281002096,0,25,0.0,0.0,0.13319225276039096
209,3516,8.99351582924784,0,25,0.0,0.0,0.13319225276039096
209,3517,8.995191345329754,0,200,0.0,0.0,0.018845326668962936
209,3549,9.048807859951019,0,200,0.0,0.0,0.018845326668962936
209,3557,9.062211988606336,2,200,0.01,0.0027466581088489593,0.035721762026734716
209,3565,9.075616117261653,1,200,0.005,0.0008831687058453758,0.02777370469642793
210,846,4.534731915824187,0,25,0.0,0.0,0.13319225276039096
210,2199,6.801705174654581,0,25,0.0,0.0,0.13319225276039096
210,2875,7.934354046028821,0,25,0.0,0.0,0.13319225276039096
210,3214,8.502353997797856,0,25,0.0,0.0,0.13319225276039096
210,3383,8.785516215641415,1,25,0.04,0.007096233423382075,0.1954406391161776
210,3468,8.927935082604153,0,25,0.0,0.0,0.13319225276039096
210,3489,8.963120920324359,0,25,0.0,0.0,0.13319225276039096
210,3492,8.968147468570102,0,100,0.0,0.0,0.03699349876899627
210,3493,8.969822984652017,0,100,0.0,0.0,0.03699349876899627
210,3494,8.971498500733931,0,100,0.0,0.0,0.03699349876899627
210,3495,8.973174016815847,0,100,0.0,0.0,0.03699349876899627
210,3496,8.97484953289776,0,100,0.0,0.0,0.03699349876899627
210,3497,8.976525048979676,0,100,0.0,0.0,0.03699349876899627
210,3498,8.97820056506159,0,100,0.0,0.0,0.03699349876899627
210,3499,8.979876081143503,1,100,0.01,0.001767432044609646,0.0544861967490067
210,3500,8.981551597225419,1,200,0.005,0.0008831687058453758,0.02777370469642793
210,3505,8.989929177634991,0,25,0.0,0.0,0.13319225276039096
210,3507,8.99328020979882,0,25,0.0,0.0,0.13319225276039096
210,3508,8.994955725880736,0,200,0.0,0.0,0.018845326668962936
210,3540,9.048572240502,0,200,0.0,0.0,0.018845326668962936
210,3548,9.061976369157318,2,200,0.01,0.0027466581088489593,0.035721762026734716
210,3556,9.075380497812635,1,200,0.005,0.0008831687058453758,0.02777370469642793
211,837,4.534496296375167,0,25,0.0,0.0,0.13319225276039096
211,2190,6.8014695552055615,0,25,0.0,0.0,0.13319225276039096
211,2867,7.935793942661716,0,25,0.0,0.0,0.13319225276039096
211,3205,8.502118378348836,0,25,0.0,0.0,0.13319225276039096
211,3374,8.785280596192397,1,25,0.04,0.007096233423382075,0.1954406391161776
211,3459,8.927699463155134,0,25,0.0,0.0,0.13319225276039096
211,3480,8.962885300875339,0,25,0.0,0.0,0.13319225276039096
211,3483,8.967911849121084,0,100,0.0,0.0,0.03699349876899627
211,3484,8.969587365202997,0,100,0.0,0.0,0.03699349876899627
211,3485,8.971262881284913,0,100,0.0,0.0,0.03699349876899627
211,3486,8.972938397366827,0,100,0.0,0.0,0.03699349876899627
211,3487,8.97461391344874,0,100,0.0,0.0,0.03699349876899627
211,3488,8.976289429530656,0,100,0.0,0.0,0.03699349876899627
211,3489,8.97796494561257,0,100,0.0,0.0,0.03699349876899627
211,3490,8.979640461694485,1,100,0.01,0.001767432044609646,0.0544861967490067
211,3491,8.981315977776399,1,200,0.005,0.0008831687058453758,0.02777370469642793
211,3496,8.989693558185973,0,25,0.0,0.0,0.13319225276039096
211,3498,8.9930445903498,0,25,0.0,0.0,0.13319225276039096
211,3499,8.994720106431716,0,200,0.0,0.0,0.018845326668962936
211,3531,9.048336621052982,0,200,0.0,0.0,0.018845326668962936
211,3539,9.061740749708298,2,200,0.01,0.0027466581088489593,0.035721762026734716
211,3547,9.075144878363615,1,200,0.005,0.0008831687058453758,0.02777370469642793
212,828,4.534260676926149,0,25,0.0,0.0,0.13319225276039096
212,2181,6.801233935756542,0,25,0.0,0.0,0.13319225276039096
212,2858,7.935558323212697,0,25,0.0,0.0,0.13319225276039096
212,3196,8.501882758899818,0,25,0.0,0.0,0.13319225276039096
212,3365,8.785044976743379,1,25,0.04,0.007096233423382075,0.1954406391161776
212,3450,8.927463843706114,0,25,0.0,0.0,0.13319225276039096
212,3471,8.96264968142632,0,25,0.0,0.0,0.13319225276039096
212,3474,8.967676229672064,0,100,0.0,0.0,0.03699349876899627
212,3475,8.969351745753979,0,100,0.0,0.0,0.03699349876899627
212,3476,8.971027261835893,0,100,0.0,0.0,0.03699349876899627
212,3477,8.972702777917807,0,100,0.0,0.0,0.03699349876899627
212,3478,8.974378293999722,0,100,0.0,0.0,0.03699349876899627
212,3479,8.976053810081638,0,100,0.0,0.0,0.03699349876899627
212,3480,8.977729326163551,0,100,0.0,0.0,0.03699349876899627
212,3481,8.979404842245465,0,100,0.0,0.0,0.03699349876899627
212,3482,8.98108035832738,2,200,0.01,0.0027466581088489593,0.035721762026734716
212,3487,8.989457938736953,0,25,0.0,0.0,0.13319225276039096
212,3489,8.992808970900782,0,25,0.0,0.0,0.13319225276039096
212,3490,8.994484486982696,0,200,0.0,0.0,0.018845326668962936
212,3522,9.048101001603964,0,200,0.0,0.0,0.018845326668962936
212,3530,9.06150513025928,2,200,0.01,0.0027466581088489593,0.035721762026734716
212,3538,9.074909258914595,1,200,0.005,0.0008831687058453758,0.02777370469642793
213,819,4.534025057477129,0,25,0.0,0.0,0.13319225276039096
213,2172,6.800998316307523,0,25,0.0,0.0,0.13319225276039096
213,2849,7.935322703763678,0,25,0.0,0.0,0.13319225276039096
213,3187,8.501647139450798,0,25,0.0,0.0,0.13319225276039096
213,3356,8.784809357294357,1,25,0.04,0.007096233423382075,0.1954406391161776
213,3441,8.927228224257096,0,25,0.0,0.0,0.13319225276039096
213,3462,8.9624140619773,0,25,0.0,0.0,0.13319225276039096
213,3465,8.967440610223044,0,100,0.0,0.0,0.03699349876899627
213,3466,8.969116126304959,0,100,0.0,0.0,0.03699349876899627
213,3467,8.970791642386875,0,100,0.0,0.0,0.03699349876899627
213,3468,8.972467158468788,0,100,0.0,0.0,0.03699349876899627
213,3469,8.974142674550702,0,100,0.0,0.0,0.03699349876899627
213,3470,8.975818190632618,0,100,0.0,0.0,0.03699349876899627
213,3471,8.977493706714533,0,100,0.0,0.0,0.03699349876899627
213,3472,8.979169222796447,0,100,0.0,0.0,0.03699349876899627
213,3473,8.98084473887836,2,200,0.01,0.0027466581088489593,0.035721762026734716
213,3478,8.989222319287933,0,25,0.0,0.0,0.13319225276039096
213,3481,8.994248867533678,0,200,0.0,0.0,0.018845326668962936
213,3513,9.047865382154942,0,200,0.0,0.0,0.018845326668962936
213,3521,9.06126951081026,2,200,0.01,0.0027466581088489593,0.035721762026734716
213,3529,9.074673639465576,1,200,0.005,0.0008831687058453758,0.02777370469642793
214,810,4.533789438028109,0,25,0.0,0.0,0.13319225276039096
214,2163,6.800762696858504,0,25,0.0,0.0,0.13319225276039096
214,2840,7.935087084314659,0,25,0.0,0.0,0.13319225276039096
214,3178,8.501411520001778,0,25,0.0,0.0,0.13319225276039096
214,3348,8.786249253927252,1,25,0.04,0.007096233423382075,0.1954406391161776
214,3432,8.926992604808076,0,25,0.0,0.0,0.13319225276039096
214,3453,8.96217844252828,0,25,0.0,0.0,0.13319225276039096
214,3456,8.967204990774025,0,100,0.0,0.0,0.03699349876899627
214,3457,8.968880506855939,0,100,0.0,0.0,0.03699349876899627
214,3458,8.970556022937854,0,100,0.0,0.0,0.03699349876899627
214,3459,8.97223153901977,0,100,0.0,0.0,0.03699349876899627
214,3460,8.973907055101684,0,100,0.0,0.0,0.03699349876899627
214,3461,8.975582571183597,0,100,0.0,0.0,0.03699349876899627
214,3462,8.977258087265511,0,100,0.0,0.0,0.03699349876899627
214,3463,8.978933603347427,0,100,0.0,0.0,0.03699349876899627
214,3464,8.980609119429342,2,200,0.01,0.0027466581088489593,0.035721762026734716
214,3469,8.988986699838915,0,25,0.0,0.0,0.13319225276039096
214,3472,8.99401324808466,0,200,0.0,0.0,0.018845326668962936
214,3504,9.047629762705924,0,200,0.0,0.0,0.018845326668962936
214,3512,9.061033891361241,2,200,0.01,0.0027466581088489593,0.035721762026734716
214,3520,9.074438020016558,1,200,0.005,0.0008831687058453758,0.02777370469642793
215,801,4.53355381857909,0,25,0.0,0.0,0.13319225276039096
215,2155,6.802202593491399,0,25,0.0,0.0,0.13319225276039096
215,2831,7.934851464865639,0,25,0.0,0.0,0.13319225276039096
215,3169,8.50117590055276,0,25,0.0,0.0,0.13319225276039096
215,3339,8.786013634478234,1,25,0.04,0.007096233423382075,0.1954406391161776
215,3423,8.926756985359058,0,25,0.0,0.0,0.13319225276039096
215,3444,8.961942823079262,0,25,0.0,0.0,0.13319225276039096
215,3448,8.96864488740692,0,100,0.0,0.0,0.03699349876899627
215,3449,8.970320403488836,0,100,0.0,0.0,0.03699349876899627
215,3450,8.97199591957075,0,100,0.0,0.0,0.03699349876899627
215,3451,8.973671435652664,0,100,0.0,0.0,0.03699349876899627
215,3452,8.97534695173458,0,100,0.0,0.0,0.03699349876899627
215,3453,8.977022467816493,0,100,0.0,0.0,0.03699349876899627
215,3454,8.978697983898408,0,100,0.0,0.0,0.03699349876899627
215,3455,8.980373499980322,1,100,0.01,0.001767432044609646,0.0544861967490067
215,3456,8.982049016062238,1,200,0.005,0.0008831687058453758,0.02777370469642793
215,3460,8.988751080389896,0,25,0.0,0.0,0.13319225276039096
215,3463,8.99377762863564,0,25,0.0,0.0,0.13319225276039096
215,3464,8.995453144717553,0,200,0.0,0.0,0.018845326668962936
215,3496,9.04906965933882,0,200,0.0,0.0,0.018845326668962936
215,3504,9.062473787994136,2,200,0.01,0.0027466581088489593,0.035721762026734716
215,3512,9.075877916649452,1,200,0.005,0.0008831687058453758,0.02777370469642793
216,792,4.533318199130071,0,25,0.0,0.0,0.13319225276039096
216,2146,6.80196697404238,0,25,0.0,0.0,0.13319225276039096
216,2822,7.934615845416619,0,25,0.0,0.0,0.13319225276039096
216,3161,8.502615797185655,0,25,0.0,0.0,0.13319225276039096
216,3330,8.785778015029214,1,25,0.04,0.007096233423382075,0.1954406391161776
216,3414,8.926521365910038,0,25,0.0,0.0,0.13319225276039096
216,3436,8.963382719712158,0,25,0.0,0.0,0.13319225276039096
216,3439,8.9684092679579,0,100,0.0,0.0,0.03699349876899627
216,3440,8.970084784039816,0,100,0.0,0.0,0.03699349876899627
216,3441,8.97176030012173,0,100,0.0,0.0,0.03699349876899627
216,3442,8.973435816203645,0,100,0.0,0.0,0.03699349876899627
216,3443,8.97511133228556,0,100,0.0,0.0,0.03699349876899627
216,3444,8.976786848367475,0,100,0.0,0.0,0.03699349876899627
216,3445,8.978462364449388,0,100,0.0,0.0,0.03699349876899627
216,3446,8.980137880531304,1,100,0.01,0.001767432044609646,0.0544861967490067
216,3447,8.981813396613218,2,200,0.01,0.0027466581088489593,0.035721762026734716
216,3451,8.988515460940876,0,25,0.0,0.0,0.13319225276039096
216,3454,8.99354200918662,0,25,0.0,0.0,0.13319225276039096
216,3455,8.995217525268535,0,200,0.0,0.0,0.018845326668962936
216,3487,9.0488340398898,0,200,0.0,0.0,0.018845326668962936
216,3495,9.062238168545116,2,200,0.01,0.0027466581088489593,0.035721762026734716
216,3503,9.075642297200433,1,200,0.005,0.0008831687058453758,0.02777370469642793
217,784,4.534758095762966,0,25,0.0,0.0,0.13319225276039096
217,2137,6.801731354593361,0,25,0.0,0.0,0.13319225276039096
217,2813,7.934380225967601,0,25,0.0,0.0,0.13319225276039096
217,3152,8.502380177736635,0,25,0.0,0.0,0.13319225276039096
217,3321,8.785542395580196,1,25,0.04,0.007096233423382075,0.1954406391161776
217,3406,8.927961262542933,0,25,0.0,0.0,0.13319225276039096
217,3427,8.963147100263138,0,25,0.0,0.0,0.13319225276039096
217,3430,8.968173648508882,0,100,0.0,0.0,0.03699349876899627
217,3431,8.969849164590796,0,100,0.0,0.0,0.03699349876899627
217,3432,8.971524680672712,0,100,0.0,0.0,0.03699349876899627
217,3433,8.973200196754625,0,100,0.0,0.0,0.03699349876899627
217,3434,8.97487571283654,0,100,0.0,0.0,0.03699349876899627
217,3435,8.976551228918455,0,100,0.0,0.0,0.03699349876899627
217,3436,8.97822674500037,0,100,0.0,0.0,0.03699349876899627
217,3437,8.979902261082284,1,100,0.01,0.001767432044609646,0.0544861967490067
217,3438,8.981577777164198,2,200,0.01,0.0027466581088489593,0.035721762026734716
217,3443,8.989955357573772,0,25,0.0,0.0,0.13319225276039096
217,3445,8.9933063897376,0,25,0.0,0.0,0.13319225276039096
217,3446,8.994981905819515,0,200,0.0,0.0,0.018845326668962936
217,3478,9.048598420440781,0,200,0.0,0.0,0.018845326668962936
217,3486,9.062002549096096,2,200,0.01,0.0027466581088489593,0.035721762026734716
217,3494,9.075406677751413,1,200,0.005,0.0008831687058453758,0.02777370469642793
218,775,4.534522476313947,0,25,0.0,0.0,0.13319225276039096
218,2128,6.801495735144342,0,25,0.0,0.0,0.13319225276039096
218,2805,7.9358201226004965,0,25,0.0,0.0,0.13319225276039096
218,3143,8.502144558287617,0,25,0.0,0.0,0.13319225276039096
218,3312,8.785306776131176,1,25,0.04,0.007096233423382075,0.1954406391161776
218,3397,8.927725643093915,1,25,0.04,0.007096233423382075,0.1954406391161776
218,3418,8.96291148081412,0,25,0.0,0.0,0.13319225276039096
218,3421,8.967938029059862,0,100,0.0,0.0,0.03699349876899627
218,3422,8.969613545141778,0,100,0.0,0.0,0.03699349876899627
218,3423,8.971289061223693,0,100,0.0,0.0,0.03699349876899627
218,3424,8.972964577305607,0,100,0.0,0.0,0.03699349876899627
218,3425,8.97464009338752,0,100,0.0,0.0,0.03699349876899627
218,3426,8.976315609469435,0,100,0.0,0.0,0.03699349876899627
218,3427,8.97799112555135,0,100,0.0,0.0,0.03699349876899627
218,3428,8.979666641633266,1,100,0.01,0.001767432044609646,0.0544861967490067
218,3429,8.98134215771518,2,200,0.01,0.0027466581088489593,0.035721762026734716
218,3434,8.989719738124752,0,25,0.0,0.0,0.13319225276039096
218,3436,8.993070770288583,0,25,0.0,0.0,0.13319225276039096
218,3437,8.994746286370496,0,200,0.0,0.0,0.018845326668962936
218,3469,9.048362800991761,0,200,0.0,0.0,0.018845326668962936
218,3477,9.061766929647078,2,200,0.01,0.0027466581088489593,0.035721762026734716
218,3485,9.075171058302395,1,200,0.005,0.0008831687058453758,0.02777370469642793
219,766,4.534286856864927,0,25,0.0,0.0,0.13319225276039096
219,2119,6.801260115695323,0,25,0.0,0.0,0.13319225276039096
219,2796,7.935584503151477,0,25,0.0,0.0,0.13319225276039096
219,3134,8.501908938838596,0,25,0.0,0.0,0.13319225276039096
219,3303,8.785071156682157,1,25,0.04,0.007096233423382075,0.1954406391161776
219,3388,8.927490023644895,1,25,0.04,0.007096233423382075,0.1954406391161776
219,3409,8.9626758613651,0,25,0.0,0.0,0.13319225276039096
219,3412,8.967702409610844,0,100,0.0,0.0,0.03699349876899627
219,3413,8.969377925692758,0,100,0.0,0.0,0.03699349876899627
219,3414,8.971053441774671,0,100,0.0,0.0,0.03699349876899627
219,3415,8.972728957856587,0,100,0.0,0.0,0.03699349876899627
219,3416,8.974404473938502,0,100,0.0,0.0,0.03699349876899627
219,3417,8.976079990020416,0,100,0.0,0.0,0.03699349876899627
219,3418,8.97775550610233,0,100,0.0,0.0,0.03699349876899627
219,3419,8.979431022184245,0,100,0.0,0.0,0.03699349876899627
219,3420,8.981106538266161,2,200,0.01,0.0027466581088489593,0.035721762026734716
219,3425,8.989484118675733,0,25,0.0,0.0,0.13319225276039096
219,3427,8.99283515083956,0,25,0.0,0.0,0.13319225276039096
219,3428,8.994510666921476,0,200,0.0,0.0,0.018845326668962936
219,3460,9.048127181542743,0,200,0.0,0.0,0.018845326668962936
219,3468,9.06153131019806,2,200,0.01,0.0027466581088489593,0.035721762026734716
219,3476,9.074935438853375,1,200,0.005,0.0008831687058453758,0.02777370469642793
220,757,4.534051237415908,0,25,0.0,0.0,0.13319225276039096
220,2110,6.801024496246303,0,25,0.0,0.0,0.13319225276039096
220,2787,7.935348883702457,0,25,0.0,0.0,0.13319225276039096
220,3125,8.501673319389578,0,25,0.0,0.0,0.13319225276039096
220,3294,8.784835537233137,1,25,0.04,0.007096233423382075,0.1954406391161776
220,3379,8.927254404195875,1,25,0.04,0.007096233423382075,0.1954406391161776
220,3400,8.962440241916081,0,25,0.0,0.0,0.13319225276039096
220,3403,8.967466790161824,0,100,0.0,0.0,0.03699349876899627
220,3404,8.96914230624374,0,100,0.0,0.0,0.03699349876899627
220,3405,8.970817822325653,0,100,0.0,0.0,0.03699349876899627
220,3406,8.972493338407567,0,100,0.0,0.0,0.03699349876899627
220,3407,8.974168854489482,0,100,0.0,0.0,0.03699349876899627
220,3408,8.975844370571398,0,100,0.0,0.0,0.03699349876899627
220,3409,8.977519886653312,0,100,0.0,0.0,0.03699349876899627
220,3410,8.979195402735225,0,100,0.0,0.0,0.03699349876899627
220,3411,8.980870918817141,2,200,0.01,0.0027466581088489593,0.035721762026734716
220,3416,8.989248499226713,0,25,0.0,0.0,0.13319225276039096
220,3419,8.994275047472456,1,200,0.005,0.0008831687058453758,0.02777370469642793
220,3451,9.047891562093723,0,200,0.0,0.0,0.018845326668962936
220,3459,9.06129569074904,2,200,0.01,0.0027466581088489593,0.035721762026734716
220,3467,9.074699819404355,1,200,0.005,0.0008831687058453758,0.02777370469642793
221,748,4.533815617966889,0,25,0.0,0.0,0.13319225276039096
221,2101,6.800788876797284,0,25,0.0,0.0,0.13319225276039096
221,2778,7.935113264253438,0,25,0.0,0.0,0.13319225276039096
221,3116,8.501437699940558,0,25,0.0,0.0,0.13319225276039096
221,3285,8.784599917784119,1,25,0.04,0.007096233423382075,0.1954406391161776
221,3370,8.927018784746856,1,25,0.04,0.007096233423382075,0.1954406391161776
221,3391,8.96220462246706,0,25,0.0,0.0,0.13319225276039096
221,3394,8.967231170712806,0,100,0.0,0.0,0.03699349876899627
221,3395,8.96890668679472,0,100,0.0,0.0,0.03699349876899627
221,3396,8.970582202876635,0,100,0.0,0.0,0.03699349876899627
221,3397,8.972257718958549,0,100,0.0,0.0,0.03699349876899627
221,3398,8.973933235040464,0,100,0.0,0.0,0.03699349876899627
221,3399,8.975608751122378,0,100,0.0,0.0,0.03699349876899627
221,3400,8.977284267204293,0,100,0.0,0.0,0.03699349876899627
221,3401,8.978959783286207,1,100,0.01,0.001767432044609646,0.0544861967490067
221,3402,8.98063529936812,2,200,0.01,0.0027466581088489593,0.035721762026734716
221,3407,8.989012879777695,0,25,0.0,0.0,0.13319225276039096
221,3410,8.994039428023438,1,200,0.005,0.0008831687058453758,0.02777370469642793
221,3442,9.047655942644704,0,200,0.0,0.0,0.018845326668962936
221,3450,9.06106007130002,3,200,0.015,0.005114237753504754,0.043165729115389295
221,3458,9.074464199955337,1,200,0.005,0.0008831687058453758,0.02777370469642793
222,739,4.53357999851787,0,25,0.0,0.0,0.13319225276039096
222,2093,6.80222877343018,0,25,0.0,0.0,0.13319225276039096
222,2769,7.93487764480442,0,25,0.0,0.0,0.13319225276039096
222,3107,8.50120208049154,0,25,0.0,0.0,0.13319225276039096
222,3277,8.786039814417014,1,25,0.04,0.007096233423382075,0.1954406391161776
222,3361,8.926783165297836,1,25,0.04,0.007096233423382075,0.1954406391161776
222,3382,8.961969003018043,0,25,0.0,0.0,0.13319225276039096
222,3386,8.968671067345701,0,100,0.0,0.0,0.03699349876899627
222,3387,8.970346583427615,0,100,0.0,0.0,0.03699349876899627
222,3388,8.97202209950953,0,100,0.0,0.0,0.03699349876899627
222,3389,8.973697615591444,0,100,0.0,0.0,0.03699349876899627
222,3390,8.975373131673358,0,100,0.0,0.0,0.03699349876899627
222,3391,8.977048647755273,0,100,0.0,0.0,0.03699349876899627
222,3392,8.978724163837187,0,100,0.0,0.0,0.03699349876899627
222,3393,8.980399679919103,0,100,0.0,0.0,0.03699349876899627
222,3394,8.982075196001016,2,200,0.01,0.0027466581088489593,0.035721762026734716
222,3398,8.988777260328675,0,25,0.0,0.0,0.13319225276039096
222,3401,8.99380380857442,0,25,0.0,0.0,0.13319225276039096
222,3402,8.995479324656333,0,200,0.0,0.0,0.018845326668962936
222,3434,9.0490958392776,0,200,0.0,0.0,0.018845326668962936
222,3442,9.062499967932915,3,200,0.015,0.005114237753504754,0.043165729115389295
222,3450,9.075904096588232,1,200,0.005,0.0008831687058453758,0.02777370469642793
223,730,4.533344379068851,0,25,0.0,0.0,0.13319225276039096
223,2084,6.80199315398116,0,25,0.0,0.0,0.13319225276039096
223,2760,7.934642025355401,0,25,0.0,0.0,0.13319225276039096
223,3099,8.502641977124435,0,25,0.0,0.0,0.13319225276039096
223,3268,8.785804194967994,1,25,0.04,0.007096233423382075,0.1954406391161776
223,3352,8.926547545848818,1,25,0.04,0.007096233423382075,0.1954406391161776
223,3374,8.963408899650938,0,25,0.0,0.0,0.13319225276039096
223,3377,8.968435447896681,0,100,0.0,0.0,0.03699349876899627
223,3378,8.970110963978595,0,100,0.0,0.0,0.03699349876899627
223,3379,8.97178648006051,0,100,0.0,0.0,0.03699349876899627
223,3380,8.973461996142426,0,100,0.0,0.0,0.03699349876899627
223,3381,8.97513751222434,0,100,0.0,0.0,0.03699349876899627
223,3382,8.976813028306253,0,100,0.0,0.0,0.03699349876899627
223,3383,8.978488544388169,0,100,0.0,0.0,0.03699349876899627
223,3384,8.980164060470084,0,100,0.0,0.0,0.03699349876899627
223,3385,8.981839576551998,2,200,0.01,0.0027466581088489593,0.035721762026734716
223,3389,8.988541640879657,0,25,0.0,0.0,0.13319225276039096
223,3392,8.9935681891254,0,25,0.0,0.0,0.13319225276039096
223,3393,8.995243705207315,0,200,0.0,0.0,0.018845326668962936
223,3425,9.04886021982858,0,200,0.0,0.0,0.018845326668962936
223,3433,9.062264348483897,3,200,0.015,0.005114237753504754,0.043165729115389295
223,3441,9.075668477139214,1,200,0.005,0.0008831687058453758,0.02777370469642793
224,722,4.534784275701746,0,25,0.0,0.0,0.13319225276039096
224,2075,6.8017575345321415,0,25,0.0,0.0,0.13319225276039096
224,2751,7.934406405906381,0,25,0.0,0.0,0.13319225276039096
224,3090,8.502406357675415,0,25,0.0,0.0,0.13319225276039096
224,3259,8.785568575518976,1,25,0.04,0.007096233423382075,0.1954406391161776
224,3343,8.926311926399798,1,25,0.04,0.007096233423382075,0.1954406391161776
224,3365,8.963173280201918,0,25,0.0,0.0,0.13319225276039096
224,3368,8.968199828447663,0,100,0.0,0.0,0.03699349876899627
224,3369,8.969875344529576,0,100,0.0,0.0,0.03699349876899627
224,3370,8.97155086061149,0,100,0.0,0.0,0.03699349876899627
224,3371,8.973226376693406,0,100,0.0,0.0,0.03699349876899627
224,3372,8.974901892775321,0,100,0.0,0.0,0.03699349876899627
224,3373,8.976577408857235,0,100,0.0,0.0,0.03699349876899627
224,3374,8.978252924939149,0,100,0.0,0.0,0.03699349876899627
224,3375,8.979928441021064,0,100,0.0,0.0,0.03699349876899627
224,3376,8.98160395710298,2,200,0.01,0.0027466581088489593,0.035721762026734716
224,3381,8.989981537512552,0,25,0.0,0.0,0.13319225276039096
224,3383,8.99333256967638,0,25,0.0,0.0,0.13319225276039096
224,3384,8.995008085758295,0,200,0.0,0.0,0.018845326668962936
224,3416,9.048624600379561,0,200,0.0,0.0,0.018845326668962936
224,3424,9.062028729034878,4,200,0.02,0.007804426362159347,0.05028708724004506
224,3432,9.075432857690194,1,200,0.005,0.0008831687058453758,0.02777370469642793
225,713,4.534548656252727,0,25,0.0,0.0,0.13319225276039096
225,2066,6.801521915083121,0,25,0.0,0.0,0.13319225276039096
225,2743,7.935846302539276,0,25,0.0,0.0,0.13319225276039096
225,3081,8.502170738226397,0,25,0.0,0.0,0.13319225276039096
225,3250,8.785332956069956,1,25,0.04,0.007096233423382075,0.1954406391161776
225,3335,8.927751823032693,1,25,0.04,0.007096233423382075,0.1954406391161776
225,3356,8.9629376607529,0,25,0.0,0.0,0.13319225276039096
225,3359,8.967964208998643,0,100,0.0,0.0,0.03699349876899627
225,3360,8.969639725080558,0,100,0.0,0.0,0.03699349876899627
225,3361,8.971315241162472,0,100,0.0,0.0,0.03699349876899627
225,3362,8.972990757244386,0,100,0.0,0.0,0.03699349876899627
225,3363,8.974666273326301,0,100,0.0,0.0,0.03699349876899627
225,3364,8.976341789408217,0,100,0.0,0.0,0.03699349876899627
225,3365,8.97801730549013,0,100,0.0,0.0,0.03699349876899627
225,3366,8.979692821572044,0,100,0.0,0.0,0.03699349876899627
225,3367,8.981368337653958,2,200,0.01,0.0027466581088489593,0.035721762026734716
225,3372,8.989745918063532,0,25,0.0,0.0,0.13319225276039096
225,3374,8.993096950227361,0,25,0.0,0.0,0.13319225276039096
225,3375,8.994772466309275,0,200,0.0,0.0,0.018845326668962936
225,3407,9.048388980930541,0,200,0.0,0.0,0.018845326668962936
225,3415,9.061793109585857,4,200,0.02,0.007804426362159347,0.05028708724004506
225,3423,9.075197238241174,1,200,0.005,0.0008831687058453758,0.02777370469642793
226,704,4.534313036803708,0,25,0.0,0.0,0.13319225276039096
226,2057,6.801286295634103,0,25,0.0,0.0,0.13319225276039096
226,2734,7.935610683090257,0,25,0.0,0.0,0.13319225276039096
226,3072,8.501935118777377,0,25,0.0,0.0,0.13319225276039096
226,3241,8.785097336620938,1,25,0.04,0.007096233423382075,0.1954406391161776
226,3326,8.927516203583675,1,25,0.04,0.007096233423382075,0.1954406391161776
226,3347,8.96270204130388,0,25,0.0,0.0,0.13319225276039096
226,3350,8.967728589549624,0,100,0.0,0.0,0.03699349876899627
226,3351,8.969404105631538,0,100,0.0,0.0,0.03699349876899627
226,3352,8.971079621713454,0,100,0.0,0.0,0.03699349876899627
226,3353,8.972755137795367,0,100,0.0,0.0,0.03699349876899627
226,3354,8.974430653877281,0,100,0.0,0.0,0.03699349876899627
226,3355,8.976106169959197,0,100,0.0,0.0,0.03699349876899627
226,3356,8.97778168604111,0,100,0.0,0.0,0.03699349876899627
226,3357,8.979457202123026,0,100,0.0,0.0,0.03699349876899627
226,3358,8.98113271820494,2,200,0.01,0.0027466581088489593,0.035721762026734716
226,3363,8.989510298614514,0,25,0.0,0.0,0.13319225276039096
226,3365,8.992861330778343,0,25,0.0,0.0,0.13319225276039096
226,3366,8.994536846860257,0,200,0.0,0.0,0.018845326668962936
226,3398,9.048153361481523,0,200,0.0,0.0,0.018845326668962936
226,3406,9.061557490136838,4,200,0.02,0.007804426362159347,0.05028708724004506
226,3414,9.074961618792155,1,200,0.005,0.0008831687058453758,0.02777370469642793
227,695,4.5340774173546885,0,25,0.0,0.0,0.13319225276039096
227,2048,6.801050676185083,0,25,0.0,0.0,0.13319225276039096
227,2725,7.935375063641237,0,25,0.0,0.0,0.13319225276039096
227,3063,8.501699499328357,0,25,0.0,0.0,0.13319225276039096
227,3232,8.784861717171918,1,25,0.04,0.007096233423382075,0.1954406391161776
227,3317,8.927280584134655,1,25,0.04,0.007096233423382075,0.1954406391161776
227,3338,8.962466421854861,0,25,0.0,0.0,0.13319225276039096
227,3341,8.967492970100604,0,100,0.0,0.0,0.03699349876899627
227,3342,8.969168486182518,0,100,0.0,0.0,0.03699349876899627
227,3343,8.970844002264434,0,100,0.0,0.0,0.03699349876899627
227,3344,8.972519518346347,0,100,0.0,0.0,0.03699349876899627
227,3345,8.974195034428263,0,100,0.0,0.0,0.03699349876899627
227,3346,8.975870550510177,0,100,0.0,0.0,0.03699349876899627
227,3347,8.977546066592092,0,100,0.0,0.0,0.03699349876899627
227,3348,8.979221582674006,1,100,0.01,0.001767432044609646,0.0544861967490067
227,3349,8.980897098755921,2,200,0.01,0.0027466581088489593,0.035721762026734716
227,3354,8.989274679165494,0,25,0.0,0.0,0.13319225276039096
227,3357,8.994301227411237,1,200,0.005,0.0008831687058453758,0.02777370469642793
227,3389,9.047917742032503,0,200,0.0,0.0,0.018845326668962936
227,3397,9.06132187068782,4,200,0.02,0.007804426362159347,0.05028708724004506
227,3405,9.074725999343135,1,200,0.005,0.0008831687058453758,0.02777370469642793
228,686,4.533841797905669,0,25,0.0,0.0,0.13319225276039096
228,2039,6.800815056736064,0,25,0.0,0.0,0.13319225276039096
228,2716,7.9351394441922185,0,25,0.0,0.0,0.13319225276039096
228,3054,8.501463879879338,0,25,0.0,0.0,0.13319225276039096
228,3223,8.7846260977229,1,25,0.04,0.007096233423382075,0.1954406391161776
228,3308,8.927044964685635,1,25,0.04,0.007096233423382075,0.1954406391161776
228,3329,8.962230802405841,0,25,0.0,0.0,0.13319225276039096
228,3332,8.967257350651586,0,100,0.0,0.0,0.03699349876899627
228,3333,8.9689328667335,0,100,0.0,0.0,0.03699349876899627
228,3334,8.970608382815414,0,100,0.0,0.0,0.03699349876899627
228,3335,8.972283898897329,0,100,0.0,0.0,0.03699349876899627
228,3336,8.973959414979245,0,100,0.0,0.0,0.03699349876899627
228,3337,8.975634931061158,0,100,0.0,0.0,0.03699349876899627
228,3338,8.977310447143072,0,100,0.0,0.0,0.03699349876899627
228,3339,8.978985963224988,1,100,0.01,0.001767432044609646,0.0544861967490067
228,3340,8.980661479306903,2,200,0.01,0.0027466581088489593,0.035721762026734716
228,3345,8.989039059716475,0,25,0.0,0.0,0.13319225276039096
228,3348,8.994065607962218,1,200,0.005,0.0008831687058453758,0.02777370469642793
228,3380,9.047682122583485,0,200,0.0,0.0,0.018845326668962936
228,3388,9.061086251238802,4,200,0.02,0.007804426362159347,0.05028708724004506
228,3396,9.074490379894117,1,200,0.005,0.0008831687058453758,0.02777370469642793
229,677,4.53360617845665,0,25,0.0,0.0,0.13319225276039096
229,2031,6.802254953368959,0,25,0.0,0.0,0.13319225276039096
229,2707,7.934903824743199,0,25,0.0,0.0,0.13319225276039096
229,3045,8.50122826043032,0,25,0.0,0.0,0.13319225276039096
229,3215,8.786065994355795,1,25,0.04,0.007096233423382075,0.1954406391161776
229,3299,8.926809345236617,1,25,0.04,0.007096233423382075,0.1954406391161776
229,3320,8.961995182956823,0,25,0.0,0.0,0.13319225276039096
229,3324,8.968697247284481,0,100,0.0,0.0,0.03699349876899627
229,3325,8.970372763366395,0,100,0.0,0.0,0.03699349876899627
229,3326,8.972048279448309,0,100,0.0,0.0,0.03699349876899627
229,3327,8.973723795530224,0,100,0.0,0.0,0.03699349876899627
229,3328,8.97539931161214,0,100,0.0,0.0,0.03699349876899627
229,3329,8.977074827694054,0,100,0.0,0.0,0.03699349876899627
229,3330,8.978750343775967,0,100,0.0,0.0,0.03699349876899627
229,3331,8.980425859857881,0,100,0.0,0.0,0.03699349876899627
229,3332,8.982101375939797,2,200,0.01,0.0027466581088489593,0.035721762026734716
229,3336,8.988803440267455,0,25,0.0,0.0,0.13319225276039096
229,3339,8.993829988513198,0,25,0.0,0.0,0.13319225276039096
229,3340,8.995505504595114,0,200,0.0,0.0,0.018845326668962936
229,3372,9.04912201921638,0,200,0.0,0.0,0.018845326668962936
229,3380,9.062526147871695,4,200,0.02,0.007804426362159347,0.05028708724004506
229,3388,9.075930276527012,1,200,0.005,0.0008831687058453758,0.02777370469642793
230,668,4.533370559007631,0,25,0.0,0.0,0.13319225276039096
230,2022,6.80201933391994,0,25,0.0,0.0,0.13319225276039096
230,2698,7.93466820529418,0,25,0.0,0.0,0.13319225276039096
230,3037,8.502668157063216,0,25,0.0,0.0,0.13319225276039096
230,3206,8.785830374906775,1,25,0.04,0.007096233423382075,0.1954406391161776
230,3290,8.926573725787598,1,25,0.04,0.007096233423382075,0.1954406391161776
230,3311,8.961759563507803,0,25,0.0,0.0,0.13319225276039096
230,3315,8.968461627835461,0,100,0.0,0.0,0.03699349876899627
230,3316,8.970137143917377,0,100,0.0,0.0,0.03699349876899627
230,3317,8.97181265999929,0,100,0.0,0.0,0.03699349876899627
230,3318,8.973488176081204,0,100,0.0,0.0,0.03699349876899627
230,3319,8.975163692163118,0,100,0.0,0.0,0.03699349876899627
230,3320,8.976839208245034,0,100,0.0,0.0,0.03699349876899627
230,3321,8.97851472432695,0,100,0.0,0.0,0.03699349876899627
230,3322,8.980190240408863,0,100,0.0,0.0,0.03699349876899627
230,3323,8.981865756490777,2,200,0.01,0.0027466581088489593,0.035721762026734716
230,3327,8.988567820818435,0,25,0.0,0.0,0.13319225276039096
230,3330,8.99359436906418,0,25,0.0,0.0,0.13319225276039096
230,3331,8.995269885146094,0,200,0.0,0.0,0.018845326668962936
230,3363,9.04888639976736,0,200,0.0,0.0,0.018845326668962936
230,3371,9.062290528422675,4,200,0.02,0.007804426362159347,0.05028708724004506
230,3379,9.075694657077992,1,200,0.005,0.0008831687058453758,0.02777370469642793
231,660,4.534810455640526,0,25,0.0,0.0,0.13319225276039096
231,2013,6.801783714470921,0,25,0.0,0.0,0.13319225276039096
231,2689,7.93443258584516,0,25,0.0,0.0,0.13319225276039096
231,3028,8.502432537614196,0,25,0.0,0.0,0.13319225276039096
231,3197,8.785594755457755,1,25,0.04,0.007096233423382075,0.1954406391161776
231,3281,8.926338106338578,1,25,0.04,0.007096233423382075,0.1954406391161776
231,3303,8.963199460140698,0,25,0.0,0.0,0.13319225276039096
231,3306,8.968226008386441,0,100,0.0,0.0,0.03699349876899627
231,3307,8.969901524468357,0,100,0.0,0.0,0.03699349876899627
231,3308,8.97157704055027,0,100,0.0,0.0,0.03699349876899627
231,3309,8.973252556632186,0,100,0.0,0.0,0.03699349876899627
231,3310,8.9749280727141,0,100,0.0,0.0,0.03699349876899627
231,3311,8.976603588796015,0,100,0.0,0.0,0.03699349876899627
231,3312,8.97827910487793,0,100,0.0,0.0,0.03699349876899627
231,3313,8.979954620959845,0,100,0.0,0.0,0.03699349876899627
231,3314,8.981630137041758,2,200,0.01,0.0027466581088489593,0.035721762026734716
231,3318,8.988332201369417,0,25,0.0,0.0,0.13319225276039096
231,3321,8.99335874961516,0,25,0.0,0.0,0.13319225276039096
231,3322,8.995034265697075,0,200,0.0,0.0,0.018845326668962936
231,3354,9.04865078031834,0,200,0.0,0.0,0.018845326668962936
231,3362,9.062054908973657,4,200,0.02,0.007804426362159347,0.05028708724004506
231,3370,9.075459037628974,1,200,0.005,0.0008831687058453758,0.02777370469642793
232,651,4.534574836191506,0,25,0.0,0.0,0.13319225276039096
232,2004,6.801548095021902,0,25,0.0,0.0,0.13319225276039096
232,2681,7.9358724824780555,0,25,0.0,0.0,0.13319225276039096
232,3019,8.502196918165176,0,25,0.0,0.0,0.13319225276039096
232,3188,8.785359136008736,1,25,0.04,0.007096233423382075,0.1954406391161776
232,3273,8.927778002971474,1,25,0.04,0.007096233423382075,0.1954406391161776
232,3294,8.962963840691678,0,25,0.0,0.0,0.13319225276039096
232,3297,8.967990388937423,0,100,0.0,0.0,0.03699349876899627
232,3298,8.969665905019337,0,100,0.0,0.0,0.03699349876899627
232,3299,8.971341421101252,0,100,0.0,0.0,0.03699349876899627
232,3300,8.973016937183166,0,100,0.0,0.0,0.03699349876899627
232,3301,8.974692453265082,0,100,0.0,0.0,0.03699349876899627
232,3302,8.976367969346995,0,100,0.0,0.0,0.03699349876899627
232,3303,8.97804348542891,0,100,0.0,0.0,0.03699349876899627
232,3304,8.979719001510825,0,100,0.0,0.0,0.03699349876899627
232,3305,8.981394517592738,3,200,0.015,0.005114237753504754,0.043165729115389295
232,3310,8.989772098002312,0,25,0.0,0.0,0.13319225276039096
232,3312,8.993123130166142,0,25,0.0,0.0,0.13319225276039096
232,3313,8.994798646248055,0,200,0.0,0.0,0.018845326668962936
232,3345,9.048415160869322,0,200,0.0,0.0,0.018845326668962936
232,3353,9.061819289524637,4,200,0.02,0.007804426362159347,0.05028708724004506
232,3361,9.075223418179954,1,200,0.005,0.0008831687058453758,0.02777370469642793
233,642,4.534339216742487,0,25,0.0,0.0,0.13319225276039096
233,1995,6.801312475572882,0,25,0.0,0.0,0.13319225276039096
233,2672,7.935636863029037,0,25,0.0,0.0,0.13319225276039096
233,3010,8.501961298716157,0,25,0.0,0.0,0.13319225276039096
233,3179,8.785123516559716,1,25,0.04,0.007096233423382075,0.1954406391161776
233,3264,8.927542383522454,1,25,0.04,0.007096233423382075,0.1954406391161776
233,3285,8.96272822124266,0,25,0.0,0.0,0.13319225276039096
233,3288,8.967754769488403,0,100,0.0,0.0,0.03699349876899627
233,3289,8.969430285570319,0,100,0.0,0.0,0.03699349876899627
233,3290,8.971105801652232,0,100,0.0,0.0,0.03699349876899627
233,3291,8.972781317734148,0,100,0.0,0.0,0.03699349876899627
233,3292,8.974456833816062,0,100,0.0,0.0,0.03699349876899627
233,3293,8.976132349897975,0,100,0.0,0.0,0.03699349876899627
233,3294,8.97780786597989,0,100,0.0,0.0,0.03699349876899627
233,3295,8.979483382061805,0,100,0.0,0.0,0.03699349876899627
233,3296,8.98115889814372,3,200,0.015,0.005114237753504754,0.043165729115389295
233,3301,8.989536478553292,0,25,0.0,0.0,0.13319225276039096
233,3303,8.992887510717122,0,25,0.0,0.0,0.13319225276039096
233,3304,8.994563026799037,0,200,0.0,0.0,0.018845326668962936
233,3336,9.048179541420302,0,200,0.0,0.0,0.018845326668962936
233,3344,9.061583670075619,4,200,0.02,0.007804426362159347,0.05028708724004506
233,3352,9.074987798730936,1,200,0.005,0.0008831687058453758,0.02777370469642793
234,633,4.534103597293468,0,25,0.0,0.0,0.13319225276039096
234,1986,6.8010768561238635,0,25,0.0,0.0,0.13319225276039096
234,2663,7.935401243580018,0,25,0.0,0.0,0.13319225276039096
234,3001,8.501725679267139,0,25,0.0,0.0,0.13319225276039096
234,3170,8.784887897110698,1,25,0.04,0.007096233423382075,0.1954406391161776
234,3255,8.927306764073435,1,25,0.04,0.007096233423382075,0.1954406391161776
234,3276,8.962492601793642,0,25,0.0,0.0,0.13319225276039096
234,3279,8.967519150039385,0,100,0.0,0.0,0.03699349876899627
234,3280,8.9691946661213,0,100,0.0,0.0,0.03699349876899627
234,3281,8.970870182203214,0,100,0.0,0.0,0.03699349876899627
234,3282,8.972545698285128,0,100,0.0,0.0,0.03699349876899627
234,3283,8.974221214367041,0,100,0.0,0.0,0.03699349876899627
234,3284,8.975896730448957,0,100,0.0,0.0,0.03699349876899627
234,3285,8.977572246530872,0,100,0.0,0.0,0.03699349876899627
234,3286,8.979247762612786,1,100,0.01,0.001767432044609646,0.0544861967490067
234,3287,8.9809232786947,2,200,0.01,0.0027466581088489593,0.035721762026734716
234,3292,8.989300859104274,0,25,0.0,0.0,0.13319225276039096
234,3295,8.994327407350017,1,200,0.005,0.0008831687058453758,0.02777370469642793
234,3327,9.047943921971283,1,200,0.005,0.0008831687058453758,0.02777370469642793
234,3335,9.061348050626599,4,200,0.02,0.007804426362159347,0.05028708724004506
234,3343,9.074752179281916,1,200,0.005,0.0008831687058453758,0.02777370469642793
235,624,4.533867977844449,0,25,0.0,0.0,0.13319225276039096
235,1977,6.800841236674843,0,25,0.0,0.0,0.13319225276039096
235,2654,7.935165624130998,0,25,0.0,0.0,0.13319225276039096
235,2992,8.501490059818117,0,25,0.0,0.0,0.13319225276039096
235,3161,8.784652277661678,1,25,0.04,0.007096233423382075,0.1954406391161776
235,3246,8.927071144624415,1,25,0.04,0.007096233423382075,0.1954406391161776
235,3267,8.962256982344622,0,25,0.0,0.0,0.13319225276039096
235,3270,8.967283530590365,0,100,0.0,0.0,0.03699349876899627
235,3271,8.968959046672278,0,100,0.0,0.0,0.03699349876899627
235,3272,8.970634562754194,0,100,0.0,0.0,0.03699349876899627
235,3273,8.97231007883611,0,100,0.0,0.0,0.03699349876899627
235,3274,8.973985594918023,0,100,0.0,0.0,0.03699349876899627
235,3275,8.975661110999937,0,100,0.0,0.0,0.03699349876899627
235,3276,8.977336627081852,0,100,0.0,0.0,0.03699349876899627
235,3277,8.979012143163768,1,100,0.01,0.001767432044609646,0.0544861967490067
235,3278,8.980687659245682,2,200,0.01,0.0027466581088489593,0.035721762026734716
235,3283,8.989065239655254,0,25,0.0,0.0,0.13319225276039096
235,3286,8.994091787900999,1,200,0.005,0.0008831687058453758,0.02777370469642793
235,3318,9.047708302522263,1,200,0.005,0.0008831687058453758,0.02777370469642793
235,3326,9.06111243117758,4,200,0.02,0.007804426362159347,0.05028708724004506
235,3334,9.074516559832897,1,200,0.005,0.0008831687058453758,0.02777370469642793
236,615,4.53363235839543,0,25,0.0,0.0,0.13319225276039096
236,1968,6.800605617225824,0,25,0.0,0.0,0.13319225276039096
236,2645,7.934930004681979,0,25,0.0,0.0,0.13319225276039096
236,2983,8.501254440369099,0,25,0.0,0.0,0.13319225276039096
236,3153,8.786092174294573,1,25,0.04,0.007096233423382075,0.1954406391161776
236,3237,8.926835525175395,1,25,0.04,0.007096233423382075,0.1954406391161776
236,3258,8.962021362895602,0,25,0.0,0.0,0.13319225276039096
236,3261,8.967047911141346,0,100,0.0,0.0,0.03699349876899627
236,3262,8.96872342722326,0,100,0.0,0.0,0.03699349876899627
236,3263,8.970398943305174,0,100,0.0,0.0,0.03699349876899627
236,3264,8.97207445938709,0,100,0.0,0.0,0.03699349876899627
236,3265,8.973749975469005,0,100,0.0,0.0,0.03699349876899627
236,3266,8.975425491550919,0,100,0.0,0.0,0.03699349876899627
236,3267,8.977101007632832,0,100,0.0,0.0,0.03699349876899627
236,3268,8.978776523714748,1,100,0.01,0.001767432044609646,0.0544861967490067
236,3269,8.980452039796662,2,200,0.01,0.0027466581088489593,0.035721762026734716
236,3274,8.988829620206236,0,25,0.0,0.0,0.13319225276039096
236,3277,8.993856168451979,1,200,0.005,0.0008831687058453758,0.02777370469642793
236,3309,9.047472683073245,1,200,0.005,0.0008831687058453758,0.02777370469642793
236,3317,9.06087681172856,4,200,0.02,0.007804426362159347,0.05028708724004506
236,3325,9.074280940383877,1,200,0.005,0.0008831687058453758,0.02777370469642793
237,606,4.5333967389464105,0,25,0.0,0.0,0.13319225276039096
237,1960,6.802045513858721,0,25,0.0,0.0,0.13319225276039096
237,2636,7.934694385232961,0,25,0.0,0.0,0.13319225276039096
237,2975,8.502694337001994,0,25,0.0,0.0,0.13319225276039096
237,3144,8.785856554845555,1,25,0.04,0.007096233423382075,0.1954406391161776
237,3228,8.926599905726377,1,25,0.04,0.007096233423382075,0.1954406391161776
237,3249,8.961785743446583,0,25,0.0,0.0,0.13319225276039096
237,3253,8.968487807774242,0,100,0.0,0.0,0.03699349876899627
237,3254,8.970163323856156,0,100,0.0,0.0,0.03699349876899627
237,3255,8.971838839938071,0,100,0.0,0.0,0.03699349876899627
237,3256,8.973514356019985,0,100,0.0,0.0,0.03699349876899627
237,3257,8.975189872101899,0,100,0.0,0.0,0.03699349876899627
237,3258,8.976865388183814,0,100,0.0,0.0,0.03699349876899627
237,3259,8.978540904265728,0,100,0.0,0.0,0.03699349876899627
237,3260,8.980216420347643,0,100,0.0,0.0,0.03699349876899627
237,3261,8.981891936429557,3,200,0.015,0.005114237753504754,0.043165729115389295
237,3265,8.988594000757216,0,25,0.0,0.0,0.13319225276039096
237,3268,8.99362054900296,0,25,0.0,0.0,0.13319225276039096
237,3269,8.995296065084874,0,200,0.0,0.0,0.018845326668962936
237,3301,9.04891257970614,1,200,0.005,0.0008831687058453758,0.02777370469642793
237,3309,9.062316708361456,4,200,0.02,0.007804426362159347,0.05028708724004506
237,3317,9.075720837016773,1,200,0.005,0.0008831687058453758,0.02777370469642793
238,598,4.534836635579306,0,25,0.0,0.0,0.13319225276039096
238,1951,6.8018098944097005,0,25,0.0,0.0,0.13319225276039096
238,2627,7.9344587657839405,0,25,0.0,0.0,0.13319225276039096
238,2966,8.502458717552976,1,25,0.04,0.007096233423382075,0.1954406391161776
238,3135,8.785620935396535,1,25,0.04,0.007096233423382075,0.1954406391161776
238,3219,8.926364286277359,1,25,0.04,0.007096233423382075,0.1954406391161776
238,3241,8.963225640079479,0,25,0.0,0.0,0.13319225276039096
238,3244,8.968252188325222,0,100,0.0,0.0,0.03699349876899627
238,3245,8.969927704407135,0,100,0.0,0.0,0.03699349876899627
238,3246,8.971603220489051,0,100,0.0,0.0,0.03699349876899627
238,3247,8.973278736570965,0,100,0.0,0.0,0.03699349876899627
238,3248,8.97495425265288,0,100,0.0,0.0,0.03699349876899627
238,3249,8.976629768734794,0,100,0.0,0.0,0.03699349876899627
238,3250,8.97830528481671,0,100,0.0,0.0,0.03699349876899627
238,3251,8.979980800898623,0,100,0.0,0.0,0.03699349876899627
238,3252,8.981656316980539,3,200,0.015,0.005114237753504754,0.043165729115389295
238,3256,8.988358381308197,0,25,0.0,0.0,0.13319225276039096
238,3259,8.99338492955394,0,25,0.0,0.0,0.13319225276039096
238,3260,8.995060445635854,0,200,0.0,0.0,0.018845326668962936
238,3292,9.04867696025712,1,200,0.005,0.0008831687058453758,0.02777370469642793
238,3300,9.062081088912437,4,200,0.02,0.007804426362159347,0.05028708724004506
238,3308,9.075485217567753,1,200,0.005,0.0008831687058453758,0.02777370469642793
239,589,4.534601016130287,0,25,0.0,0.0,0.13319225276039096
239,1942,6.801574274960682,0,25,0.0,0.0,0.13319225276039096
239,2619,7.935898662416836,0,25,0.0,0.0,0.13319225276039096
239,2957,8.502223098103956,1,25,0.04,0.007096233423382075,0.1954406391161776
239,3126,8.785385315947515,1,25,0.04,0.007096233423382075,0.1954406391161776
239,3211,8.927804182910254,1,25,0.04,0.007096233423382075,0.1954406391161776
239,3232,8.96299002063046,0,25,0.0,0.0,0.13319225276039096
239,3235,8.968016568876202,0,100,0.0,0.0,0.03699349876899627
239,3236,8.969692084958117,0,100,0.0,0.0,0.03699349876899627
239,3237,8.971367601040033,0,100,0.0,0.0,0.03699349876899627
239,3238,8.973043117121946,0,100,0.0,0.0,0.03699349876899627
239,3239,8.97471863320386,0,100,0.0,0.0,0.03699349876899627
239,3240,8.976394149285776,0,100,0.0,0.0,0.03699349876899627
239,3241,8.978069665367691,0,100,0.0,0.0,0.03699349876899627
239,3242,8.979745181449605,1,100,0.01,0.001767432044609646,0.0544861967490067
239,3243,8.981420697531519,3,200,0.015,0.005114237753504754,0.043165729115389295
239,3248,8.989798277941091,1,25,0.04,0.007096233423382075,0.1954406391161776
239,3250,8.993149310104922,1,25,0.04,0.007096233423382075,0.1954406391161776
239,3251,8.994824826186836,0,200,0.0,0.0,0.018845326668962936
239,3283,9.0484413408081,1,200,0.005,0.0008831687058453758,0.02777370469642793
239,3291,9.061845469463417,4,200,0.02,0.007804426362159347,0.05028708724004506
239,3299,9.075249598118734,1,200,0.005,0.0008831687058453758,0.02777370469642793
240,580,4.534365396681268,0,25,0.0,0.0,0.13319225276039096
240,1933,6.801338655511662,0,25,0.0,0.0,0.13319225276039096
240,2610,7.935663042967817,0,25,0.0,0.0,0.13319225276039096
240,2948,8.501987478654936,1,25,0.04,0.007096233423382075,0.1954406391161776
240,3117,8.785149696498497,1,25,0.04,0.007096233423382075,0.1954406391161776
240,3202,8.927568563461234,1,25,0.04,0.007096233423382075,0.1954406391161776
240,3223,8.962754401181439,0,25,0.0,0.0,0.13319225276039096
240,3226,8.967780949427183,0,100,0.0,0.0,0.03699349876899627
240,3227,8.969456465509097,0,100,0.0,0.0,0.03699349876899627
240,3228,8.971131981591013,0,100,0.0,0.0,0.03699349876899627
240,3229,8.972807497672928,0,100,0.0,0.0,0.03699349876899627
240,3230,8.974483013754842,0,100,0.0,0.0,0.03699349876899627
240,3231,8.976158529836756,0,100,0.0,0.0,0.03699349876899627
240,3232,8.977834045918671,0,100,0.0,0.0,0.03699349876899627
240,3233,8.979509562000585,1,100,0.01,0.001767432044609646,0.0544861967490067
240,3234,8.9811850780825,3,200,0.015,0.005114237753504754,0.043165729115389295
240,3239,8.989562658492073,1,25,0.04,0.007096233423382075,0.1954406391161776
240,3241,8.992913690655902,1,25,0.04,0.007096233423382075,0.1954406391161776
240,3242,8.994589206737817,0,200,0.0,0.0,0.018845326668962936
240,3274,9.048205721359082,2,200,0.01,0.0027466581088489593,0.035721762026734716
240,3282,9.0616098500144,4,200,0.02,0.007804426362159347,0.05028708724004506
240,3290,9.075013978669716,1,200,0.005,0.0008831687058453758,0.02777370469642793
241,571,4.534129777232248,0,25,0.0,0.0,0.13319225276039096
241,1924,6.801103036062643,0,25,0.0,0.0,0.13319225276039096
241,2601,7.935427423518798,0,25,0.0,0.0,0.13319225276039096
241,2939,8.501751859205918,1,25,0.04,0.007096233423382075,0.1954406391161776
241,3108,8.784914077049478,1,25,0.04,0.007096233423382075,0.1954406391161776
241,3193,8.927332944012214,1,25,0.04,0.007096233423382075,0.1954406391161776
241,3214,8.96251878173242,0,25,0.0,0.0,0.13319225276039096
241,3217,8.967545329978165,0,100,0.0,0.0,0.03699349876899627
241,3218,8.969220846060079,0,100,0.0,0.0,0.03699349876899627
241,3219,8.970896362141993,0,100,0.0,0.0,0.03699349876899627
241,3220,8.972571878223908,0,100,0.0,0.0,0.03699349876899627
241,3221,8.974247394305822,0,100,0.0,0.0,0.03699349876899627
241,3222,8.975922910387737,0,100,0.0,0.0,0.03699349876899627
241,3223,8.977598426469651,0,100,0.0,0.0,0.03699349876899627
241,3224,8.979273942551565,2,100,0.02,0.005501967500661645,0.07001179131757478
241,3225,8.98094945863348,3,200,0.015,0.005114237753504754,0.043165729115389295
241,3230,8.989327039043054,1,25,0.04,0.007096233423382075,0.1954406391161776
241,3233,8.994353587288796,2,200,0.01,0.0027466581088489593,0.035721762026734716
241,3265,9.047970101910064,2,200,0.01,0.0027466581088489593,0.035721762026734716
241,3273,9.061374230565379,5,200,0.025,0.010724719583860124,0.05717834075165468
241,3281,9.074778359220694,1,200,0.005,0.0008831687058453758,0.02777370469642793
242,562,4.533894157783229,0,25,0.0,0.0,0.13319225276039096
242,1915,6.800867416613624,0,25,0.0,0.0,0.13319225276039096
242,2592,7.9351918040697775,0,25,0.0,0.0,0.13319225276039096
242,2930,8.5015162397569,1,25,0.04,0.007096233423382075,0.1954406391161776
242,3099,8.784678457600458,1,25,0.04,0.007096233423382075,0.1954406391161776
242,3184,8.927097324563196,1,25,0.04,0.007096233423382075,0.1954406391161776
242,3205,8.962283162283402,0,25,0.0,0.0,0.13319225276039096
242,3208,8.967309710529145,0,100,0.0,0.0,0.03699349876899627
242,3209,8.968985226611059,0,100,0.0,0.0,0.03699349876899627
242,3210,8.970660742692974,0,100,0.0,0.0,0.03699349876899627
242,3211,8.972336258774888,0,100,0.0,0.0,0.03699349876899627
242,3212,8.974011774856804,0,100,0.0,0.0,0.03699349876899627
242,3213,8.975687290938717,0,100,0.0,0.0,0.03699349876899627
242,3214,8.977362807020633,0,100,0.0,0.0,0.03699349876899627
242,3215,8.979038323102547,2,100,0.02,0.005501967500661645,0.07001179131757478
242,3216,8.980713839184462,4,200,0.02,0.007804426362159347,0.05028708724004506
242,3221,8.989091419594034,1,25,0.04,0.007096233423382075,0.1954406391161776
242,3224,8.994117967839777,2,200,0.01,0.0027466581088489593,0.035721762026734716
242,3256,9.047734482461044,2,200,0.01,0.0027466581088489593,0.035721762026734716
242,3264,9.06113861111636,6,200,0.03,0.013820314259191425,0.06389429280963374
242,3272,9.074542739771676,1,200,0.005,0.0008831687058453758,0.02777370469642793
243,553,4.53365853833421,0,25,0.0,0.0,0.13319225276039096
243,1906,6.800631797164605,0,25,0.0,0.0,0.13319225276039096
243,2583,7.934956184620759,0,25,0.0,0.0,0.13319225276039096
243,2921,8.50128062030788,1,25,0.04,0.007096233423382075,0.1954406391161776
243,3091,8.786118354233354,1,25,0.04,0.007096233423382075,0.1954406391161776
243,3175,8.926861705114176,1,25,0.04,0.007096233423382075,0.1954406391161776
243,3196,8.962047542834382,0,25,0.0,0.0,0.13319225276039096
243,3199,8.967074091080125,0,100,0.0,0.0,0.03699349876899627
243,3200,8.96874960716204,0,100,0.0,0.0,0.03699349876899627
243,3201,8.970425123243954,0,100,0.0,0.0,0.03699349876899627
243,3202,8.97210063932587,0,100,0.0,0.0,0.03699349876899627
243,3203,8.973776155407784,0,100,0.0,0.0,0.03699349876899627
243,3204,8.975451671489699,0,100,0.0,0.0,0.03699349876899627
243,3205,8.977127187571613,0,100,0.0,0.0,0.03699349876899627
243,3206,8.978802703653528,2,100,0.02,0.005501967500661645,0.07001179131757478
243,3207,8.980478219735442,4,200,0.02,0.007804426362159347,0.05028708724004506
243,3212,8.988855800145014,1,25,0.04,0.007096233423382075,0.1954406391161776
243,3215,8.993882348390759,2,200,0.01,0.0027466581088489593,0.035721762026734716
243,3247,9.047498863012024,2,200,0.01,0.0027466581088489593,0.035721762026734716
243,3255,9.06090299166734,6,200,0.03,0.013820314259191425,0.06389429280963374
243,3263,9.074307120322658,1,200,0.005,0.0008831687058453758,0.02777370469642793
244,544,4.533422918885191,0,25,0.0,0.0,0.13319225276039096
244,1898,6.8020716937975,0,25,0.0,0.0,0.13319225276039096
244,2574,7.93472056517174,0,25,0.0,0.0,0.13319225276039096
244,2913,8.502720516940775,1,25,0.04,0.007096233423382075,0.1954406391161776
244,3082,8.785882734784334,1,25,0.04,0.007096233423382075,0.1954406391161776
244,3166,8.926626085665157,1,25,0.04,0.007096233423382075,0.1954406391161776
244,3187,8.961811923385362,0,25,0.0,0.0,0.13319225276039096
244,3191,8.96851398771302,0,100,0.0,0.0,0.03699349876899627
244,3192,8.970189503794936,0,100,0.0,0.0,0.03699349876899627
244,3193,8.971865019876851,0,100,0.0,0.0,0.03699349876899627
244,3194,8.973540535958765,0,100,0.0,0.0,0.03699349876899627
244,3195,8.975216052040679,0,100,0.0,0.0,0.03699349876899627
244,3196,8.976891568122593,0,100,0.0,0.0,0.03699349876899627
244,3197,8.978567084204508,0,100,0.0,0.0,0.03699349876899627
244,3198,8.980242600286424,1,100,0.01,0.001767432044609646,0.0544861967490067
244,3199,8.981918116368337,4,200,0.02,0.007804426362159347,0.05028708724004506
244,3203,8.988620180695996,1,25,0.04,0.007096233423382075,0.1954406391161776
244,3206,8.99364672894174,1,25,0.04,0.007096233423382075,0.1954406391161776
244,3207,8.995322245023655,0,200,0.0,0.0,0.018845326668962936
244,3239,9.04893875964492,3,200,0.015,0.005114237753504754,0.043165729115389295
244,3247,9.062342888300236,6,200,0.03,0.013820314259191425,0.06389429280963374
244,3255,9.075747016955553,1,200,0.005,0.0008831687058453758,0.02777370469642793
245,535,4.533187299436172,0,25,0.0,0.0,0.13319225276039096
245,1889,6.801836074348481,0,25,0.0,0.0,0.13319225276039096
245,2565,7.934484945722721,0,25,0.0,0.0,0.13319225276039096
245,2904,8.502484897491755,1,25,0.04,0.007096233423382075,0.1954406391161776
245,3073,8.785647115335316,1,25,0.04,0.007096233423382075,0.1954406391161776
245,3157,8.926390466216137,1,25,0.04,0.007096233423382075,0.1954406391161776
245,3179,8.963251820018257,0,25,0.0,0.0,0.13319225276039096
245,3182,8.968278368264002,0,100,0.0,0.0,0.03699349876899627
245,3183,8.969953884345916,0,100,0.0,0.0,0.03699349876899627
245,3184,8.97162940042783,0,100,0.0,0.0,0.03699349876899627
245,3185,8.973304916509745,0,100,0.0,0.0,0.03699349876899627
245,3186,8.97498043259166,0,100,0.0,0.0,0.03699349876899627
245,3187,8.976655948673574,0,100,0.0,0.0,0.03699349876899627
245,3188,8.978331464755488,0,100,0.0,0.0,0.03699349876899627
245,3189,8.980006980837404,1,100,0.01,0.001767432044609646,0.0544861967490067
245,3190,8.98168249691932,4,200,0.02,0.007804426362159347,0.05028708724004506
245,3194,8.988384561246978,1,25,0.04,0.007096233423382075,0.1954406391161776
245,3197,8.993411109492719,1,25,0.04,0.007096233423382075,0.1954406391161776
245,3198,8.995086625574634,0,200,0.0,0.0,0.018845326668962936
245,3230,9.0487031401959,3,200,0.015,0.005114237753504754,0.043165729115389295
245,3238,9.062107268851218,6,200,0.03,0.013820314259191425,0.06389429280963374
245,3246,9.075511397506533,1,200,0.005,0.0008831687058453758,0.02777370469642793
246,527,4.534627196069066,0,25,0.0,0.0,0.13319225276039096
246,1880,6.801600454899461,0,25,0.0,0.0,0.13319225276039096
246,2557,7.9359248423556155,0,25,0.0,0.0,0.13319225276039096
246,2895,8.502249278042736,1,25,0.04,0.007096233423382075,0.1954406391161776
246,3064,8.785411495886295,1,25,0.04,0.007096233423382075,0.1954406391161776
246,3149,8.927830362849033,1,25,0.04,0.007096233423382075,0.1954406391161776
246,3170,8.963016200569239,0,25,0.0,0.0,0.13319225276039096
246,3173,8.968042748814982,1,100,0.01,0.001767432044609646,0.0544861967490067
246,3174,8.969718264896898,1,100,0.01,0.001767432044609646,0.0544861967490067
246,3175,8.971393780978811,1,100,0.01,0.001767432044609646,0.0544861967490067
246,3176,8.973069297060725,1,100,0.01,0.001767432044609646,0.0544861967490067
246,3177,8.97474481314264,1,100,0.01,0.001767432044609646,0.0544861967490067
246,3178,8.976420329224556,1,100,0.01,0.001767432044609646,0.0544861967490067
246,3179,8.97809584530647,1,100,0.01,0.001767432044609646,0.0544861967490067
246,3180,8.979771361388384,2,100,0.02,0.005501967500661645,0.07001179131757478
246,3181,8.9814468774703,4,200,0.02,0.007804426362159347,0.05028708724004506
246,3186,8.989824457879871,1,25,0.04,0.007096233423382075,0.1954406391161776
246,3188,8.9931754900437,1,25,0.04,0.007096233423382075,0.1954406391161776
246,3189,8.994851006125614,0,200,0.0,0.0,0.018845326668962936
246,3221,9.04846752074688,3,200,0.015,0.005114237753504754,0.043165729115389295
246,3229,9.061871649402198,6,200,0.03,0.013820314259191425,0.06389429280963374
246,3237,9.075275778057513,1,200,0.005,0.0008831687058453758,0.02777370469642793
247,518,4.534391576620048,0,25,0.0,0.0,0.13319225276039096
247,1871,6.801364835450443,0,25,0.0,0.0,0.13319225276039096
247,2548,7.935689222906596,0,25,0.0,0.0,0.13319225276039096
247,2886,8.502013658593716,1,25,0.04,0.007096233423382075,0.1954406391161776
247,3055,8.785175876437277,1,25,0.04,0.007096233423382075,0.1954406391161776
247,3140,8.927594743400014,1,25,0.04,0.007096233423382075,0.1954406391161776
247,3161,8.962780581120219,0,25,0.0,0.0,0.13319225276039096
247,3164,8.967807129365964,1,100,0.01,0.001767432044609646,0.0544861967490067
247,3165,8.969482645447878,1,100,0.01,0.001767432044609646,0.0544861967490067
247,3166,8.971158161529793,1,100,0.01,0.001767432044609646,0.0544861967490067
247,3167,8.972833677611707,1,100,0.01,0.001767432044609646,0.0544861967490067
247,3168,8.974509193693622,1,100,0.01,0.001767432044609646,0.0544861967490067
247,3169,8.976184709775536,1,100,0.01,0.001767432044609646,0.0544861967490067
247,3170,8.977860225857452,1,100,0.01,0.001767432044609646,0.0544861967490067
247,3171,8.979535741939365,2,100,0.02,0.005501967500661645,0.07001179131757478
247,3172,8.981211258021279,4,200,0.02,0.007804426362159347,0.05028708724004506
247,3177,8.989588838430853,1,25,0.04,0.007096233423382075,0.1954406391161776
247,3179,8.992939870594682,1,25,0.04,0.007096233423382075,0.1954406391161776
247,3180,8.994615386676596,0,200,0.0,0.0,0.018845326668962936
247,3212,9.048231901297862,3,200,0.015,0.005114237753504754,0.043165729115389295
247,3220,9.06163602995318,6,200,0.03,0.013820314259191425,0.06389429280963374
247,3228,9.075040158608495,1,200,0.005,0.0008831687058453758,0.02777370469642793
248,509,4.534155957171028,0,25,0.0,0.0,0.13319225276039096
248,1862,6.8011292160014225,0,25,0.0,0.0,0.13319225276039096
248,2539,7.935453603457578,0,25,0.0,0.0,0.13319225276039096
248,2877,8.501778039144698,1,25,0.04,0.007096233423382075,0.1954406391161776
248,3046,8.784940256988257,1,25,0.04,0.007096233423382075,0.1954406391161776
248,3131,8.927359123950994,1,25,0.04,0.007096233423382075,0.1954406391161776
248,3152,8.9625449616712,0,25,0.0,0.0,0.13319225276039096
248,3155,8.967571509916944,1,100,0.01,0.001767432044609646,0.0544861967490067
248,3156,8.96924702599886,1,100,0.01,0.001767432044609646,0.0544861967490067
248,3157,8.970922542080773,1,100,0.01,0.001767432044609646,0.0544861967490067
248,3158,8.972598058162689,1,100,0.01,0.001767432044609646,0.0544861967490067
248,3159,8.974273574244602,1,100,0.01,0.001767432044609646,0.0544861967490067
248,3160,8.975949090326516,1,100,0.01,0.001767432044609646,0.0544861967490067
248,3161,8.977624606408432,1,100,0.01,0.001767432044609646,0.0544861967490067
248,3162,8.979300122490345,2,100,0.02,0.005501967500661645,0.07001179131757478
248,3163,8.98097563857226,4,200,0.02,0.007804426362159347,0.05028708724004506
248,3168,8.989353218981833,1,25,0.04,0.007096233423382075,0.1954406391161776
248,3171,8.994379767227578,3,200,0.015,0.005114237753504754,0.043165729115389295
248,3203,9.047996281848842,3,200,0.015,0.005114237753504754,0.043165729115389295
248,3211,9.06140041050416,6,200,0.03,0.013820314259191425,0.06389429280963374
248,3219,9.074804539159476,1,200,0.005,0.0008831687058453758,0.02777370469642793
249,500,4.533920337722009,0,25,0.0,0.0,0.13319225276039096
249,1853,6.800893596552403,0,25,0.0,0.0,0.13319225276039096
249,2530,7.935217984008558,0,25,0.0,0.0,0.13319225276039096
249,2868,8.501542419695678,1,25,0.04,0.007096233423382075,0.1954406391161776
249,3037,8.784704637539239,1,25,0.04,0.007096233423382075,0.1954406391161776
249,3122,8.927123504501976,1,25,0.04,0.007096233423382075,0.1954406391161776
249,3143,8.96230934222218,0,25,0.0,0.0,0.13319225276039096
249,3146,8.967335890467925,2,100,0.02,0.005501967500661645,0.07001179131757478
249,3147,8.96901140654984,2,100,0.02,0.005501967500661645,0.07001179131757478
249,3148,8.970686922631753,2,100,0.02,0.005501967500661645,0.07001179131757478
249,3149,8.972362438713668,2,100,0.02,0.005501967500661645,0.07001179131757478
249,3150,8.974037954795582,2,100,0.02,0.005501967500661645,0.07001179131757478
249,3151,8.975713470877498,2,100,0.02,0.005501967500661645,0.07001179131757478
249,3152,8.977388986959411,2,100,0.02,0.005501967500661645,0.07001179131757478
249,3153,8.979064503041327,2,100,0.02,0.005501967500661645,0.07001179131757478
249,3154,8.98074001912324,4,200,0.02,0.007804426362159347,0.05028708724004506
249,3159,8.989117599532815,1,25,0.04,0.007096233423382075,0.1954406391161776
249,3162,8.994144147778558,3,200,0.015,0.005114237753504754,0.043165729115389295
249,3194,9.047760662399824,3,200,0.015,0.005114237753504754,0.043165729115389295
249,3202,9.06116479105514,6,200,0.03,0.013820314259191425,0.06389429280963374
249,3210,9.074568919710456,1,200,0.005,0.0008831687058453758,0.02777370469642793
250,491,4.53368471827299,0,25,0.0,0.0,0.13319225276039096
250,1844,6.800657977103384,0,25,0.0,0.0,0.13319225276039096
250,2521,7.934982364559539,0,25,0.0,0.0,0.13319225276039096
250,2859,8.50130680024666,1,25,0.04,0.007096233423382075,0.1954406391161776
250,3029,8.786144534172134,1,25,0.04,0.007096233423382075,0.1954406391161776
250,3113,8.926887885052956,1,25,0.04,0.007096233423382075,0.1954406391161776
250,3134,8.962073722773162,0,25,0.0,0.0,0.13319225276039096
250,3137,8.967100271018905,2,100,0.02,0.005501967500661645,0.07001179131757478
250,3138,8.968775787100821,2,100,0.02,0.005501967500661645,0.07001179131757478
250,3139,8.970451303182735,2,100,0.02,0.005501967500661645,0.07001179131757478
250,3140,8.972126819264648,2,100,0.02,0.005501967500661645,0.07001179131757478
250,3141,8.973802335346564,2,100,0.02,0.005501967500661645,0.07001179131757478
250,3142,8.97547785142848,2,100,0.02,0.005501967500661645,0.07001179131757478
250,3143,8.977153367510393,2,100,0.02,0.005501967500661645,0.07001179131757478
250,3144,8.978828883592307,2,100,0.02,0.005501967500661645,0.07001179131757478
250,3145,8.980504399674222,4,200,0.02,0.007804426362159347,0.05028708724004506
250,3150,8.988881980083795,1,25,0.04,0.007096233423382075,0.1954406391161776
250,3153,8.993908528329538,3,200,0.015,0.005114237753504754,0.043165729115389295
250,3185,9.047525042950804,3,200,0.015,0.005114237753504754,0.043165729115389295
250,3193,9.060929171606121,6,200,0.03,0.013820314259191425,0.06389429280963374
250,3201,9.074333300261436,1,200,0.005,0.0008831687058453758,0.02777370469642793
251,482,4.53344909882397,0,25,0.0,0.0,0.13319225276039096
251,1836,6.80209787373628,0,25,0.0,0.0,0.13319225276039096
251,2512,7.93474674511052,0,25,0.0,0.0,0.13319225276039096
251,2851,8.502746696879555,1,25,0.04,0.007096233423382075,0.1954406391161776
251,3020,8.785908914723114,1,25,0.04,0.007096233423382075,0.1954406391161776
251,3104,8.926652265603938,1,25,0.04,0.007096233423382075,0.1954406391161776
251,3125,8.961838103324142,0,25,0.0,0.0,0.13319225276039096
251,3129,8.9685401676518,2,100,0.02,0.005501967500661645,0.07001179131757478
251,3130,8.970215683733716,2,100,0.02,0.005501967500661645,0.07001179131757478
251,3131,8.97189119981563,2,100,0.02,0.005501967500661645,0.07001179131757478
251,3132,8.973566715897544,2,100,0.02,0.005501967500661645,0.07001179131757478
251,3133,8.97524223197946,2,100,0.02,0.005501967500661645,0.07001179131757478
251,3134,8.976917748061375,2,100,0.02,0.005501967500661645,0.07001179131757478
251,3135,8.978593264143289,2,100,0.02,0.005501967500661645,0.07001179131757478
251,3136,8.980268780225202,3,100,0.03,0.010254523944281514,0.08451936489857498
251,3137,8.981944296307116,4,200,0.02,0.007804426362159347,0.05028708724004506
251,3141,8.988646360634775,1,25,0.04,0.007096233423382075,0.1954406391161776
251,3144,8.99367290888052,1,25,0.04,0.007096233423382075,0.1954406391161776
251,3145,8.995348424962433,1,200,0.005,0.0008831687058453758,0.02777370469642793
251,3177,9.0489649395837,3,200,0.015,0.005114237753504754,0.043165729115389295
251,3185,9.062369068239015,6,200,0.03,0.013820314259191425,0.06389429280963374
251,3193,9.075773196894332,1,200,0.005,0.0008831687058453758,0.02777370469642793
252,473,4.533213479374951,0,25,0.0,0.0,0.13319225276039096
252,1827,6.80186225428726,0,25,0.0,0.0,0.13319225276039096
252,2503,7.9345111256615,0,25,0.0,0.0,0.13319225276039096
252,2842,8.502511077430535,1,25,0.04,0.007096233423382075,0.1954406391161776
252,3011,8.785673295274094,1,25,0.04,0.007096233423382075,0.1954406391161776
252,3095,8.926416646154918,1,25,0.04,0.007096233423382075,0.1954406391161776
252,3117,8.963277999957038,0,25,0.0,0.0,0.13319225276039096
252,3120,8.96830454820278,2,100,0.02,0.005501967500661645,0.07001179131757478
252,3121,8.969980064284696,2,100,0.02,0.005501967500661645,0.07001179131757478
252,3122,8.971655580366612,2,100,0.02,0.005501967500661645,0.07001179131757478
252,3123,8.973331096448526,2,100,0.02,0.005501967500661645,0.07001179131757478
252,3124,8.97500661253044,2,100,0.02,0.005501967500661645,0.07001179131757478
252,3125,8.976682128612353,2,100,0.02,0.005501967500661645,0.07001179131757478
252,3126,8.978357644694269,2,100,0.02,0.005501967500661645,0.07001179131757478
252,3127,8.980033160776184,3,100,0.03,0.010254523944281514,0.08451936489857498
252,3128,8.981708676858098,4,200,0.02,0.007804426362159347,0.05028708724004506
252,3132,8.988410741185756,1,25,0.04,0.007096233423382075,0.1954406391161776
252,3135,8.993437289431501,1,25,0.04,0.007096233423382075,0.1954406391161776
252,3136,8.995112805513415,1,200,0.005,0.0008831687058453758,0.02777370469642793
252,3168,9.04872932013468,3,200,0.015,0.005114237753504754,0.043165729115389295
252,3176,9.062133448789996,6,200,0.03,0.013820314259191425,0.06389429280963374
252,3184,9.075537577445314,1,200,0.005,0.0008831687058453758,0.02777370469642793
253,465,4.534653376007847,0,25,0.0,0.0,0.13319225276039096
253,1818,6.801626634838241,0,25,0.0,0.0,0.13319225276039096
253,2495,7.935951022294397,0,25,0.0,0.0,0.13319225276039096
253,2833,8.502275457981517,1,25,0.04,0.007096233423382075,0.1954406391161776
253,3002,8.785437675825076,1,25,0.04,0.007096233423382075,0.1954406391161776
253,3087,8.927856542787813,1,25,0.04,0.007096233423382075,0.1954406391161776
253,3108,8.96304238050802,0,25,0.0,0.0,0.13319225276039096
253,3111,8.968068928753762,3,100,0.03,0.010254523944281514,0.08451936489857498
253,3112,8.969744444835676,3,100,0.03,0.010254523944281514,0.08451936489857498
253,3113,8.971419960917592,3,100,0.03,0.010254523944281514,0.08451936489857498
253,3114,8.973095476999505,3,100,0.03,0.010254523944281514,0.08451936489857498
253,3115,8.974770993081421,3,100,0.03,0.010254523944281514,0.08451936489857498
253,3116,8.976446509163335,3,100,0.03,0.010254523944281514,0.08451936489857498
253,3117,8.97812202524525,3,100,0.03,0.010254523944281514,0.08451936489857498
253,3118,8.979797541327164,4,100,0.04,0.01566330388275538,0.09837071498472119
253,3119,8.98147305740908,4,200,0.02,0.007804426362159347,0.05028708724004506
253,3124,8.989850637818652,1,25,0.04,0.007096233423382075,0.1954406391161776
253,3126,8.993201669982481,1,25,0.04,0.007096233423382075,0.1954406391161776
253,3127,8.994877186064395,1,200,0.005,0.0008831687058453758,0.02777370469642793
253,3159,9.048493700685661,3,200,0.015,0.005114237753504754,0.043165729115389295
253,3167,9.061897829340978,6,200,0.03,0.013820314259191425,0.06389429280963374
253,3175,9.075301957996293,1,200,0.005,0.0008831687058453758,0.02777370469642793
254,456,4.5344177565588275,0,25,0.0,0.0,0.13319225276039096
254,1809,6.801391015389222,0,25,0.0,0.0,0.13319225276039096
254,2486,7.935715402845377,0,25,0.0,0.0,0.13319225276039096
254,2824,8.502039838532497,1,25,0.04,0.007096233423382075,0.1954406391161776
254,2993,8.785202056376056,1,25,0.04,0.007096233423382075,0.1954406391161776
254,3078,8.927620923338793,1,25,0.04,0.007096233423382075,0.1954406391161776
254,3099,8.962806761059,0,25,0.0,0.0,0.13319225276039096
254,3102,8.967833309304742,3,100,0.03,0.010254523944281514,0.08451936489857498
254,3103,8.969508825386658,3,100,0.03,0.010254523944281514,0.08451936489857498
254,3104,8.971184341468572,3,100,0.03,0.010254523944281514,0.08451936489857498
254,3105,8.972859857550487,3,100,0.03,0.010254523944281514,0.08451936489857498
254,3106,8.974535373632401,3,100,0.03,0.010254523944281514,0.08451936489857498
254,3107,8.976210889714316,3,100,0.03,0.010254523944281514,0.08451936489857498
254,3108,8.97788640579623,3,100,0.03,0.010254523944281514,0.08451936489857498
254,3109,8.979561921878146,4,100,0.04,0.01566330388275538,0.09837071498472119
254,3110,8.98123743796006,4,200,0.02,0.007804426362159347,0.05028708724004506
254,3115,8.989615018369632,1,25,0.04,0.007096233423382075,0.1954406391161776
254,3117,8.992966050533461,1,25,0.04,0.007096233423382075,0.1954406391161776
254,3118,8.994641566615377,1,200,0.005,0.0008831687058453758,0.02777370469642793
254,3150,9.048258081236641,3,200,0.015,0.005114237753504754,0.043165729115389295
254,3158,9.061662209891958,6,200,0.03,0.013820314259191425,0.06389429280963374
254,3166,9.075066338547275,1,200,0.005,0.0008831687058453758,0.02777370469642793
255,447,4.534182137109808,0,25,0.0,0.0,0.13319225276039096
255,1800,6.801155395940203,0,25,0.0,0.0,0.13319225276039096
255,2477,7.9354797833963575,0,25,0.0,0.0,0.13319225276039096
255,2815,8.501804219083478,1,25,0.04,0.007096233423382075,0.1954406391161776
255,2984,8.784966436927037,1,25,0.04,0.007096233423382075,0.1954406391161776
255,3069,8.927385303889775,1,25,0.04,0.007096233423382075,0.1954406391161776
255,3090,8.962571141609981,0,25,0.0,0.0,0.13319225276039096
255,3093,8.967597689855724,3,100,0.03,0.010254523944281514,0.08451936489857498
255,3094,8.96927320593764,3,100,0.03,0.010254523944281514,0.08451936489857498
255,3095,8.970948722019553,3,100,0.03,0.010254523944281514,0.08451936489857498
255,3096,8.972624238101467,3,100,0.03,0.010254523944281514,0.08451936489857498
255,3097,8.974299754183383,3,100,0.03,0.010254523944281514,0.08451936489857498
255,3098,8.975975270265298,3,100,0.03,0.010254523944281514,0.08451936489857498
255,3099,8.977650786347212,3,100,0.03,0.010254523944281514,0.08451936489857498
255,3100,8.979326302429126,4,100,0.04,0.01566330388275538,0.09837071498472119
255,3101,8.98100181851104,4,200,0.02,0.007804426362159347,0.05028708724004506
255,3106,8.989379398920613,1,25,0.04,0.007096233423382075,0.1954406391161776
255,3109,8.994405947166356,3,200,0.015,0.005114237753504754,0.043165729115389295
255,3141,9.048022461787623,3,200,0.015,0.005114237753504754,0.043165729115389295
255,3149,9.061426590442938,7,200,0.035,0.01705554191525804,0.0704706118868775
255,3157,9.074830719098255,1,200,0.005,0.0008831687058453758,0.02777370469642793
256,438,4.533946517660789,0,25,0.0,0.0,0.13319225276039096
256,1791,6.800919776491184,0,25,0.0,0.0,0.13319225276039096
256,2468,7.935244163947338,0,25,0.0,0.0,0.13319225276039096
256,2806,8.501568599634458,1,25,0.04,0.007096233423382075,0.1954406391161776
256,2975,8.784730817478017,0,25,0.0,0.0,0.13319225276039096
256,3060,8.927149684440757,1,25,0.04,0.007096233423382075,0.1954406391161776
256,3081,8.962335522160961,0,25,0.0,0.0,0.13319225276039096
256,3084,8.967362070406704,3,100,0.03,0.010254523944281514,0.08451936489857498
256,3085,8.96903758648862,3,100,0.03,0.010254523944281514,0.08451936489857498
256,3086,8.970713102570535,3,100,0.03,0.010254523944281514,0.08451936489857498
256,3087,8.972388618652449,3,100,0.03,0.010254523944281514,0.08451936489857498
256,3088,8.974064134734363,3,100,0.03,0.010254523944281514,0.08451936489857498
256,3089,8.975739650816276,3,100,0.03,0.010254523944281514,0.08451936489857498
256,3090,8.977415166898192,3,100,0.03,0.010254523944281514,0.08451936489857498
256,3091,8.979090682980107,4,100,0.04,0.01566330388275538,0.09837071498472119
256,3092,8.980766199062021,4,200,0.02,0.007804426362159347,0.05028708724004506
256,3097,8.989143779471593,1,25,0.04,0.007096233423382075,0.1954406391161776
256,3100,8.994170327717338,3,200,0.015,0.005114237753504754,0.043165729115389295
256,3132,9.047786842338603,3,200,0.015,0.005114237753504754,0.043165729115389295
256,3140,9.06119097099392,7,200,0.035,0.01705554191525804,0.0704706118868775
256,3148,9.074595099649237,1,200,0.005,0.0008831687058453758,0.02777370469642793
257,429,4.533710898211769,0,25,0.0,0.0,0.13319225276039096
257,1782,6.800684157042165,0,25,0.0,0.0,0.13319225276039096
257,2459,7.935008544498318,0,25,0.0,0.0,0.13319225276039096
257,2797,8.501332980185438,1,25,0.04,0.007096233423382075,0.1954406391161776
257,2967,8.786170714110913,0,25,0.0,0.0,0.13319225276039096
257,3051,8.926914064991735,1,25,0.04,0.007096233423382075,0.1954406391161776
257,3072,8.962099902711941,0,25,0.0,0.0,0.13319225276039096
257,3075,8.967126450957686,3,100,0.03,0.010254523944281514,0.08451936489857498
257,3076,8.9688019670396,3,100,0.03,0.010254523944281514,0.08451936489857498
257,3077,8.970477483121513,3,100,0.03,0.010254523944281514,0.08451936489857498
257,3078,8.972152999203429,3,100,0.03,0.010254523944281514,0.08451936489857498
257,3079,8.973828515285344,3,100,0.03,0.010254523944281514,0.08451936489857498
257,3080,8.975504031367258,3,100,0.03,0.010254523944281514,0.08451936489857498
257,3081,8.977179547449172,3,100,0.03,0.010254523944281514,0.08451936489857498
257,3082,8.978855063531087,4,100,0.04,0.01566330388275538,0.09837071498472119
257,3083,8.980530579613003,4,200,0.02,0.007804426362159347,0.05028708724004506
257,3088,8.988908160022575,1,25,0.04,0.007096233423382075,0.1954406391161776
257,3091,8.993934708268318,3,200,0.015,0.005114237753504754,0.043165729115389295
257,3123,9.047551222889584,3,200,0.015,0.005114237753504754,0.043165729115389295
257,3131,9.060955351544902,7,200,0.035,0.01705554191525804,0.0704706118868775
257,3139,9.074359480200217,1,200,0.005,0.0008831687058453758,0.02777370469642793
258,420,4.533475278762751,1,25,0.04,0.007096233423382075,0.1954406391161776
258,1774,6.80212405367506,0,25,0.0,0.0,0.13319225276039096
258,2450,7.9347729250493,0,25,0.0,0.0,0.13319225276039096
258,2789,8.502772876818334,1,25,0.04,0.007096233423382075,0.1954406391161776
258,2958,8.785935094661895,0,25,0.0,0.0,0.13319225276039096
258,3042,8.926678445542716,1,25,0.04,0.007096233423382075,0.1954406391161776
258,3063,8.961864283262923,0,25,0.0,0.0,0.13319225276039096
258,3067,8.968566347590581,3,100,0.03,0.010254523944281514,0.08451936489857498
258,3068,8.970241863672495,3,100,0.03,0.010254523944281514,0.08451936489857498
258,3069,8.97191737975441,3,100,0.03,0.010254523944281514,0.08451936489857498
258,3070,8.973592895836324,3,100,0.03,0.010254523944281514,0.08451936489857498
258,3071,8.97526841191824,3,100,0.03,0.010254523944281514,0.08451936489857498
258,3072,8.976943928000154,3,100,0.03,0.010254523944281514,0.08451936489857498
258,3073,8.978619444082069,3,100,0.03,0.010254523944281514,0.08451936489857498
258,3074,8.980294960163983,4,100,0.04,0.01566330388275538,0.09837071498472119
258,3075,8.981970476245898,4,200,0.02,0.007804426362159347,0.05028708724004506
258,3079,8.988672540573555,1,25,0.04,0.007096233423382075,0.1954406391161776
258,3082,8.9936990888193,1,25,0.04,0.007096233423382075,0.1954406391161776
258,3083,8.995374604901214,1,200,0.005,0.0008831687058453758,0.02777370469642793
258,3115,9.04899111952248,3,200,0.015,0.005114237753504754,0.043165729115389295
258,3123,9.062395248177797,7,200,0.035,0.01705554191525804,0.0704706118868775
258,3131,9.075799376833112,2,200,0.01,0.0027466581088489593,0.035721762026734716
259,411,4.533239659313731,1,25,0.04,0.007096233423382075,0.1954406391161776
259,1765,6.80188843422604,0,25,0.0,0.0,0.13319225276039096
259,2441,7.93453730560028,0,25,0.0,0.0,0.13319225276039096
259,2780,8.502537257369315,1,25,0.04,0.007096233423382075,0.1954406391161776
259,2949,8.785699475212875,0,25,0.0,0.0,0.13319225276039096
259,3033,8.926442826093698,1,25,0.04,0.007096233423382075,0.1954406391161776
259,3055,8.963304179895818,0,25,0.0,0.0,0.13319225276039096
259,3058,8.968330728141561,3,100,0.03,0.010254523944281514,0.08451936489857498
259,3059,8.970006244223477,3,100,0.03,0.010254523944281514,0.08451936489857498
259,3060,8.97168176030539,3,100,0.03,0.010254523944281514,0.08451936489857498
259,3061,8.973357276387306,3,100,0.03,0.010254523944281514,0.08451936489857498
259,3062,8.97503279246922,3,100,0.03,0.010254523944281514,0.08451936489857498
259,3063,8.976708308551133,3,100,0.03,0.010254523944281514,0.08451936489857498
259,3064,8.978383824633049,3,100,0.03,0.010254523944281514,0.08451936489857498
259,3065,8.980059340714963,4,100,0.04,0.01566330388275538,0.09837071498472119
259,3066,8.981734856796878,5,200,0.025,0.010724719583860124,0.05717834075165468
259,3070,8.988436921124537,1,25,0.04,0.007096233423382075,0.1954406391161776
259,3073,8.99346346937028,1,25,0.04,0.007096233423382075,0.1954406391161776
259,3074,8.995138985452195,1,200,0.005,0.0008831687058453758,0.02777370469642793
259,3106,9.04875550007346,3,200,0.015,0.005114237753504754,0.043165729115389295
259,3114,9.062159628728777,7,200,0.035,0.01705554191525804,0.0704706118868775
259,3122,9.075563757384094,2,200,0.01,0.0027466581088489593,0.035721762026734716
260,403,4.534679555946627,1,25,0.04,0.007096233423382075,0.1954406391161776
260,1756,6.801652814777022,0,25,0.0,0.0,0.13319225276039096
260,2433,7.935977202233176,0,25,0.0,0.0,0.13319225276039096
260,2771,8.502301637920297,1,25,0.04,0.007096233423382075,0.1954406391161776
260,2940,8.785463855763856,0,25,0.0,0.0,0.13319225276039096
260,3025,8.927882722726594,1,25,0.04,0.007096233423382075,0.1954406391161776
260,3046,8.9630685604468,0,25,0.0,0.0,0.13319225276039096
260,3049,8.968095108692543,3,100,0.03,0.010254523944281514,0.08451936489857498
260,3050,8.969770624774458,3,100,0.03,0.010254523944281514,0.08451936489857498
260,3051,8.971446140856372,3,100,0.03,0.010254523944281514,0.08451936489857498
260,3052,8.973121656938286,3,100,0.03,0.010254523944281514,0.08451936489857498
260,3053,8.9747971730202,3,100,0.03,0.010254523944281514,0.08451936489857498
260,3054,8.976472689102115,3,100,0.03,0.010254523944281514,0.08451936489857498
260,3055,8.97814820518403,3,100,0.03,0.010254523944281514,0.08451936489857498
260,3056,8.979823721265944,4,100,0.04,0.01566330388275538,0.09837071498472119
260,3057,8.981499237347858,5,200,0.025,0.010724719583860124,0.05717834075165468
260,3062,8.989876817757432,1,25,0.04,0.007096233423382075,0.1954406391161776
260,3064,8.993227849921261,1,25,0.04,0.007096233423382075,0.1954406391161776
260,3065,8.994903366003175,1,200,0.005,0.0008831687058453758,0.02777370469642793
260,3097,9.048519880624442,3,200,0.015,0.005114237753504754,0.043165729115389295
260,3105,9.061924009279757,7,200,0.035,0.01705554191525804,0.0704706118868775
260,3113,9.075328137935074,3,200,0.015,0.005114237753504754,0.043165729115389295
261,394,4.534443936497607,1,25,0.04,0.007096233423382075,0.1954406391161776
261,1747,6.801417195328002,0,25,0.0,0.0,0.13319225276039096
261,2424,7.935741582784156,0,25,0.0,0.0,0.13319225276039096
261,2762,8.502066018471275,1,25,0.04,0.007096233423382075,0.1954406391161776
261,2931,8.785228236314836,0,25,0.0,0.0,0.13319225276039096
261,3016,8.927647103277573,1,25,0.04,0.007096233423382075,0.1954406391161776
261,3037,8.96283294099778,0,25,0.0,0.0,0.13319225276039096
261,3040,8.967859489243523,3,100,0.03,0.010254523944281514,0.08451936489857498
261,3041,8.969535005325437,3,100,0.03,0.010254523944281514,0.08451936489857498
261,3042,8.971210521407352,3,100,0.03,0.010254523944281514,0.08451936489857498
261,3043,8.972886037489268,3,100,0.03,0.010254523944281514,0.08451936489857498
261,3044,8.974561553571181,3,100,0.03,0.010254523944281514,0.08451936489857498
261,3045,8.976237069653095,3,100,0.03,0.010254523944281514,0.08451936489857498
261,3046,8.97791258573501,3,100,0.03,0.010254523944281514,0.08451936489857498
261,3047,8.979588101816926,4,100,0.04,0.01566330388275538,0.09837071498472119
261,3048,8.98126361789884,5,200,0.025,0.010724719583860124,0.05717834075165468
261,3053,8.989641198308412,1,25,0.04,0.007096233423382075,0.1954406391161776
261,3055,8.992992230472241,1,25,0.04,0.007096233423382075,0.1954406391161776
261,3056,8.994667746554157,1,200,0.005,0.0008831687058453758,0.02777370469642793
261,3088,9.048284261175422,3,200,0.015,0.005114237753504754,0.043165729115389295
261,3096,9.061688389830739,7,200,0.035,0.01705554191525804,0.0704706118868775
261,3104,9.075092518486056,3,200,0.015,0.005114237753504754,0.043165729115389295
262,385,4.534208317048588,1,25,0.04,0.007096233423382075,0.1954406391161776
262,1738,6.801181575878982,0,25,0.0,0.0,0.13319225276039096
262,2415,7.935505963335137,0,25,0.0,0.0,0.13319225276039096
262,2753,8.501830399022257,2,25,0.08,0.022220401084126245,0.24966109123460217
262,2922,8.784992616865818,0,25,0.0,0.0,0.13319225276039096
262,3007,8.927411483828553,1,25,0.04,0.007096233423382075,0.1954406391161776
262,3028,8.96259732154876,0,25,0.0,0.0,0.13319225276039096
262,3031,8.967623869794505,3,100,0.03,0.010254523944281514,0.08451936489857498
262,3032,8.969299385876418,3,100,0.03,0.010254523944281514,0.08451936489857498
262,3033,8.970974901958332,3,100,0.03,0.010254523944281514,0.08451936489857498
262,3034,8.972650418040248,3,100,0.03,0.010254523944281514,0.08451936489857498
262,3035,8.974325934122163,3,100,0.03,0.010254523944281514,0.08451936489857498
262,3036,8.976001450204077,3,100,0.03,0.010254523944281514,0.08451936489857498
262,3037,8.97767696628599,3,100,0.03,0.010254523944281514,0.08451936489857498
262,3038,8.979352482367906,4,100,0.04,0.01566330388275538,0.09837071498472119
262,3039,8.98102799844982,5,200,0.025,0.010724719583860124,0.05717834075165468
262,3044,8.989405578859394,1,25,0.04,0.007096233423382075,0.1954406391161776
262,3046,8.992756611023221,1,25,0.04,0.007096233423382075,0.1954406391161776
262,3047,8.994432127105137,1,200,0.005,0.0008831687058453758,0.02777370469642793
262,3079,9.048048641726403,3,200,0.015,0.005114237753504754,0.043165729115389295
262,3087,9.06145277038172,7,200,0.035,0.01705554191525804,0.0704706118868775
262,3095,9.074856899037036,3,200,0.015,0.005114237753504754,0.043165729115389295
263,376,4.533972697599569,1,25,0.04,0.007096233423382075,0.1954406391161776
263,1729,6.800945956429963,0,25,0.0,0.0,0.13319225276039096
263,2406,7.935270343886119,0,25,0.0,0.0,0.13319225276039096
263,2744,8.501594779573239,2,25,0.08,0.022220401084126245,0.24966109123460217
263,2913,8.784756997416798,0,25,0.0,0.0,0.13319225276039096
263,2998,8.927175864379535,1,25,0.04,0.007096233423382075,0.1954406391161776
263,3019,8.962361702099741,0,25,0.0,0.0,0.13319225276039096
263,3022,8.967388250345484,3,100,0.03,0.010254523944281514,0.08451936489857498
263,3023,8.9690637664274,3,100,0.03,0.010254523944281514,0.08451936489857498
263,3024,8.970739282509314,3,100,0.03,0.010254523944281514,0.08451936489857498
263,3025,8.97241479859123,3,100,0.03,0.010254523944281514,0.08451936489857498
263,3026,8.974090314673143,3,100,0.03,0.010254523944281514,0.08451936489857498
263,3027,8.975765830755057,3,100,0.03,0.010254523944281514,0.08451936489857498
263,3028,8.977441346836972,3,100,0.03,0.010254523944281514,0.08451936489857498
263,3029,8.979116862918886,4,100,0.04,0.01566330388275538,0.09837071498472119
263,3030,8.980792379000802,7,200,0.035,0.01705554191525804,0.0704706118868775
263,3035,8.989169959410374,1,25,0.04,0.007096233423382075,0.1954406391161776
263,3038,8.994196507656119,3,200,0.015,0.005114237753504754,0.043165729115389295
263,3070,9.047813022277383,3,200,0.015,0.005114237753504754,0.043165729115389295
263,3078,9.0612171509327,7,200,0.035,0.01705554191525804,0.0704706118868775
263,3086,9.074621279588017,3,200,0.015,0.005114237753504754,0.043165729115389295
264,367,4.5337370781505495,1,25,0.04,0.007096233423382075,0.1954406391161776
264,1720,6.800710336980944,0,25,0.0,0.0,0.13319225276039096
264,2397,7.935034724437099,0,25,0.0,0.0,0.13319225276039096
264,2735,8.501359160124219,2,25,0.08,0.022220401084126245,0.24966109123460217
264,2905,8.786196894049693,0,25,0.0,0.0,0.13319225276039096
264,2989,8.926940244930517,1,25,0.04,0.007096233423382075,0.1954406391161776
264,3010,8.962126082650721,0,25,0.0,0.0,0.13319225276039096
264,3013,8.967152630896466,3,100,0.03,0.010254523944281514,0.08451936489857498
264,3014,8.96882814697838,3,100,0.03,0.010254523944281514,0.08451936489857498
264,3015,8.970503663060294,3,100,0.03,0.010254523944281514,0.08451936489857498
264,3016,8.97217917914221,3,100,0.03,0.010254523944281514,0.08451936489857498
264,3017,8.973854695224123,3,100,0.03,0.010254523944281514,0.08451936489857498
264,3018,8.975530211306038,3,100,0.03,0.010254523944281514,0.08451936489857498
264,3019,8.977205727387952,3,100,0.03,0.010254523944281514,0.08451936489857498
264,3020,8.978881243469868,4,100,0.04,0.01566330388275538,0.09837071498472119
264,3021,8.980556759551781,7,200,0.035,0.01705554191525804,0.0704706118868775
264,3026,8.988934339961355,1,25,0.04,0.007096233423382075,0.1954406391161776
264,3029,8.993960888207098,3,200,0.015,0.005114237753504754,0.043165729115389295
264,3061,9.047577402828365,3,200,0.015,0.005114237753504754,0.043165729115389295
264,3069,9.06098153148368,7,200,0.035,0.01705554191525804,0.0704706118868775
264,3077,9.074385660138997,3,200,0.015,0.005114237753504754,0.043165729115389295
265,358,4.53350145870153,1,25,0.04,0.007096233423382075,0.1954406391161776
265,1712,6.8021502336138395,0,25,0.0,0.0,0.13319225276039096
265,2388,7.934799104988079,0,25,0.0,0.0,0.13319225276039096
265,2727,8.502799056757114,2,25,0.08,0.022220401084126245,0.24966109123460217
265,2896,8.785961274600673,0,25,0.0,0.0,0.13319225276039096
265,2980,8.926704625481497,1,25,0.04,0.007096233423382075,0.1954406391161776
265,3001,8.961890463201703,0,25,0.0,0.0,0.13319225276039096
265,3005,8.96859252752936,3,100,0.03,0.010254523944281514,0.08451936489857498
265,3006,8.970268043611275,3,100,0.03,0.010254523944281514,0.08451936489857498
265,3007,8.97194355969319,3,100,0.03,0.010254523944281514,0.08451936489857498
265,3008,8.973619075775105,3,100,0.03,0.010254523944281514,0.08451936489857498
265,3009,8.975294591857018,3,100,0.03,0.010254523944281514,0.08451936489857498
265,3010,8.976970107938934,3,100,0.03,0.010254523944281514,0.08451936489857498
265,3011,8.978645624020848,3,100,0.03,0.010254523944281514,0.08451936489857498
265,3012,8.980321140102763,4,100,0.04,0.01566330388275538,0.09837071498472119
265,3013,8.981996656184677,6,200,0.03,0.013820314259191425,0.06389429280963374
265,3017,8.988698720512335,1,25,0.04,0.007096233423382075,0.1954406391161776
265,3020,8.993725268758078,1,25,0.04,0.007096233423382075,0.1954406391161776
265,3021,8.995400784839994,1,200,0.005,0.0008831687058453758,0.02777370469642793
265,3053,9.049017299461259,3,200,0.015,0.005114237753504754,0.043165729115389295
265,3061,9.062421428116576,7,200,0.035,0.01705554191525804,0.0704706118868775
265,3069,9.075825556771893,3,200,0.015,0.005114237753504754,0.043165729115389295
266,349,4.533265839252511,1,25,0.04,0.007096233423382075,0.1954406391161776
266,1703,6.80191461416482,0,25,0.0,0.0,0.13319225276039096
266,2379,7.93456348553906,0,25,0.0,0.0,0.13319225276039096
266,2718,8.502563437308094,2,25,0.08,0.022220401084126245,0.24966109123460217
266,2887,8.785725655151655,0,25,0.0,0.0,0.13319225276039096
266,2971,8.926469006032477,0,25,0.0,0.0,0.13319225276039096
266,2993,8.963330359834597,0,25,0.0,0.0,0.13319225276039096
266,2996,8.968356908080342,3,100,0.03,0.010254523944281514,0.08451936489857498
266,2997,8.970032424162255,3,100,0.03,0.010254523944281514,0.08451936489857498
266,2998,8.97170794024417,3,100,0.03,0.010254523944281514,0.08451936489857498
266,2999,8.973383456326086,3,100,0.03,0.010254523944281514,0.08451936489857498
266,3000,8.975058972408,3,100,0.03,0.010254523944281514,0.08451936489857498
266,3001,8.976734488489914,3,100,0.03,0.010254523944281514,0.08451936489857498
266,3002,8.97841000457183,3,100,0.03,0.010254523944281514,0.08451936489857498
266,3003,8.980085520653743,4,100,0.04,0.01566330388275538,0.09837071498472119
266,3004,8.981761036735659,6,200,0.03,0.013820314259191425,0.06389429280963374
266,3008,8.988463101063317,1,25,0.04,0.007096233423382075,0.1954406391161776
266,3011,8.99348964930906,1,25,0.04,0.007096233423382075,0.1954406391161776
266,3012,8.995165165390976,2,200,0.01,0.0027466581088489593,0.035721762026734716
266,3044,9.04878168001224,3,200,0.015,0.005114237753504754,0.043165729115389295
266,3052,9.062185808667557,7,200,0.035,0.01705554191525804,0.0704706118868775
266,3060,9.075589937322874,3,200,0.015,0.005114237753504754,0.043165729115389295
267,341,4.534705735885407,1,25,0.04,0.007096233423382075,0.1954406391161776
267,1694,6.801678994715801,0,25,0.0,0.0,0.13319225276039096
267,2370,7.934327866090041,0,25,0.0,0.0,0.13319225276039096
267,2709,8.502327817859076,2,25,0.08,0.022220401084126245,0.24966109123460217
267,2878,8.785490035702637,0,25,0.0,0.0,0.13319225276039096
267,2963,8.927908902665372,0,25,0.0,0.0,0.13319225276039096
267,2984,8.963094740385579,0,25,0.0,0.0,0.13319225276039096
267,2987,8.968121288631323,3,100,0.03,0.010254523944281514,0.08451936489857498
267,2988,8.969796804713237,3,100,0.03,0.010254523944281514,0.08451936489857498
267,2989,8.97147232079515,3,100,0.03,0.010254523944281514,0.08451936489857498
267,2990,8.973147836877066,3,100,0.03,0.010254523944281514,0.08451936489857498
267,2991,8.97482335295898,3,100,0.03,0.010254523944281514,0.08451936489857498
267,2992,8.976498869040896,3,100,0.03,0.010254523944281514,0.08451936489857498
267,2993,8.97817438512281,3,100,0.03,0.010254523944281514,0.08451936489857498
267,2994,8.979849901204723,4,100,0.04,0.01566330388275538,0.09837071498472119
267,2995,8.981525417286639,6,200,0.03,0.013820314259191425,0.06389429280963374
267,3000,8.989902997696213,1,25,0.04,0.007096233423382075,0.1954406391161776
267,3002,8.99325402986004,1,25,0.04,0.007096233423382075,0.1954406391161776
267,3003,8.994929545941954,2,200,0.01,0.0027466581088489593,0.035721762026734716
267,3035,9.048546060563222,3,200,0.015,0.005114237753504754,0.043165729115389295
267,3043,9.061950189218537,7,200,0.035,0.01705554191525804,0.0704706118868775
267,3051,9.075354317873852,3,200,0.015,0.005114237753504754,0.043165729115389295
268,332,4.5344701164363865,1,25,0.04,0.007096233423382075,0.1954406391161776
268,1685,6.801443375266782,0,25,0.0,0.0,0.13319225276039096
268,2362,7.935767762722936,0,25,0.0,0.0,0.13319225276039096
268,2700,8.502092198410057,2,25,0.08,0.022220401084126245,0.24966109123460217
268,2869,8.785254416253617,0,25,0.0,0.0,0.13319225276039096
268,2954,8.927673283216354,0,25,0.0,0.0,0.13319225276039096
268,2975,8.96285912093656,1,25,0.04,0.007096233423382075,0.1954406391161776
268,2978,8.967885669182303,3,100,0.03,0.010254523944281514,0.08451936489857498
268,2979,8.969561185264217,3,100,0.03,0.010254523944281514,0.08451936489857498
268,2980,8.971236701346132,3,100,0.03,0.010254523944281514,0.08451936489857498
268,2981,8.972912217428046,3,100,0.03,0.010254523944281514,0.08451936489857498
268,2982,8.97458773350996,3,100,0.03,0.010254523944281514,0.08451936489857498
268,2983,8.976263249591875,3,100,0.03,0.010254523944281514,0.08451936489857498
268,2984,8.977938765673791,3,100,0.03,0.010254523944281514,0.08451936489857498
268,2985,8.979614281755705,4,100,0.04,0.01566330388275538,0.09837071498472119
268,2986,8.981289797837618,6,200,0.03,0.013820314259191425,0.06389429280963374
268,2991,8.98966737824719,1,25,0.04,0.007096233423382075,0.1954406391161776
268,2993,8.993018410411022,1,25,0.04,0.007096233423382075,0.1954406391161776
268,2994,8.994693926492936,2,200,0.01,0.0027466581088489593,0.035721762026734716
268,3026,9.048310441114202,3,200,0.015,0.005114237753504754,0.043165729115389295
268,3034,9.061714569769517,7,200,0.035,0.01705554191525804,0.0704706118868775
268,3042,9.075118698424834,3,200,0.015,0.005114237753504754,0.043165729115389295
269,323,4.534234496987368,1,25,0.04,0.007096233423382075,0.1954406391161776
269,1676,6.801207755817763,0,25,0.0,0.0,0.13319225276039096
269,2353,7.935532143273917,0,25,0.0,0.0,0.13319225276039096
269,2691,8.501856578961037,2,25,0.08,0.022220401084126245,0.24966109123460217
269,2860,8.785018796804597,0,25,0.0,0.0,0.13319225276039096
269,2945,8.927437663767334,0,25,0.0,0.0,0.13319225276039096
269,2966,8.96262350148754,1,25,0.04,0.007096233423382075,0.1954406391161776
269,2969,8.967650049733283,1,100,0.01,0.001767432044609646,0.0544861967490067
269,2970,8.969325565815199,1,100,0.01,0.001767432044609646,0.0544861967490067
269,2971,8.971001081897112,1,100,0.01,0.001767432044609646,0.0544861967490067
269,2972,8.972676597979028,1,100,0.01,0.001767432044609646,0.0544861967490067
269,2973,8.974352114060942,1,100,0.01,0.001767432044609646,0.0544861967490067
269,2974,8.976027630142857,1,100,0.01,0.001767432044609646,0.0544861967490067
269,2975,8.977703146224771,1,100,0.01,0.001767432044609646,0.0544861967490067
269,2976,8.979378662306686,1,100,0.01,0.001767432044609646,0.0544861967490067
269,2977,8.9810541783886,7,200,0.035,0.01705554191525804,0.0704706118868775
269,2982,8.989431758798172,1,25,0.04,0.007096233423382075,0.1954406391161776
269,2984,8.992782790962002,1,25,0.04,0.007096233423382075,0.1954406391161776
269,2985,8.994458307043917,2,200,0.01,0.0027466581088489593,0.035721762026734716
269,3017,9.048074821665182,3,200,0.015,0.005114237753504754,0.043165729115389295
269,3025,9.061478950320499,7,200,0.035,0.01705554191525804,0.0704706118868775
269,3033,9.074883078975816,3,200,0.015,0.005114237753504754,0.043165729115389295
270,314,4.533998877538349,1,25,0.04,0.007096233423382075,0.1954406391161776
270,1667,6.800972136368744,0,25,0.0,0.0,0.13319225276039096
270,2344,7.935296523824898,0,25,0.0,0.0,0.13319225276039096
270,2682,8.501620959512017,2,25,0.08,0.022220401084126245,0.24966109123460217
270,2851,8.784783177355578,0,25,0.0,0.0,0.13319225276039096
270,2936,8.927202044318316,0,25,0.0,0.0,0.13319225276039096
270,2957,8.96238788203852,1,25,0.04,0.007096233423382075,0.1954406391161776
270,2960,8.967414430284265,1,100,0.01,0.001767432044609646,0.0544861967490067
270,2961,8.969089946366179,1,100,0.01,0.001767432044609646,0.0544861967490067
270,2962,8.970765462448094,1,100,0.01,0.001767432044609646,0.0544861967490067
270,2963,8.97244097853001,1,100,0.01,0.001767432044609646,0.0544861967490067
270,2964,8.974116494611923,1,100,0.01,0.001767432044609646,0.0544861967490067
270,2965,8.975792010693837,1,100,0.01,0.001767432044609646,0.0544861967490067
270,2966,8.977467526775753,1,100,0.01,0.001767432044609646,0.0544861967490067
270,2967,8.979143042857666,1,100,0.01,0.001767432044609646,0.0544861967490067
270,2968,8.980818558939582,6,200,0.03,0.013820314259191425,0.06389429280963374
270,2973,8.989196139349154,0,25,0.0,0.0,0.13319225276039096
270,2976,8.994222687594899,3,200,0.015,0.005114237753504754,0.043165729115389295
270,3008,9.047839202216164,3,200,0.015,0.005114237753504754,0.043165729115389295
270,3016,9.06124333087148,7,200,0.035,0.01705554191525804,0.0704706118868775
270,3024,9.074647459526798,3,200,0.015,0.005114237753504754,0.043165729115389295
271,305,4.53376325808933,1,25,0.04,0.007096233423382075,0.1954406391161776
271,1658,6.8007365169197245,0,25,0.0,0.0,0.13319225276039096
271,2335,7.935060904375879,0,25,0.0,0.0,0.13319225276039096
271,2673,8.501385340062999,2,25,0.08,0.022220401084126245,0.24966109123460217
271,2843,8.786223073988474,0,25,0.0,0.0,0.13319225276039096
271,2927,8.926966424869295,0,25,0.0,0.0,0.13319225276039096
271,2948,8.962152262589502,1,25,0.04,0.007096233423382075,0.1954406391161776
271,2951,8.967178810835247,1,100,0.01,0.001767432044609646,0.0544861967490067
271,2952,8.96885432691716,1,100,0.01,0.001767432044609646,0.0544861967490067
271,2953,8.970529842999074,1,100,0.01,0.001767432044609646,0.0544861967490067
271,2954,8.97220535908099,1,100,0.01,0.001767432044609646,0.0544861967490067
271,2955,8.973880875162903,1,100,0.01,0.001767432044609646,0.0544861967490067
271,2956,8.975556391244819,1,100,0.01,0.001767432044609646,0.0544861967490067
271,2957,8.977231907326733,1,100,0.01,0.001767432044609646,0.0544861967490067
271,2958,8.978907423408646,1,100,0.01,0.001767432044609646,0.0544861967490067
271,2959,8.980582939490562,6,200,0.03,0.013820314259191425,0.06389429280963374
271,2964,8.988960519900136,0,25,0.0,0.0,0.13319225276039096
271,2967,8.993987068145877,3,200,0.015,0.005114237753504754,0.043165729115389295
271,2999,9.047603582767145,3,200,0.015,0.005114237753504754,0.043165729115389295
271,3007,9.06100771142246,7,200,0.035,0.01705554191525804,0.0704706118868775
271,3015,9.074411840077776,3,200,0.015,0.005114237753504754,0.043165729115389295
272,296,4.53352763864031,1,25,0.04,0.007096233423382075,0.1954406391161776
272,1650,6.802176413552619,0,25,0.0,0.0,0.13319225276039096
272,2326,7.934825284926859,0,25,0.0,0.0,0.13319225276039096
272,2665,8.502825236695895,2,25,0.08,0.022220401084126245,0.24966109123460217
272,2834,8.785987454539454,0,25,0.0,0.0,0.13319225276039096
272,2918,8.926730805420277,0,25,0.0,0.0,0.13319225276039096
272,2939,8.961916643140484,1,25,0.04,0.007096233423382075,0.1954406391161776
272,2943,8.96861870746814,1,100,0.01,0.001767432044609646,0.0544861967490067
272,2944,8.970294223550056,1,100,0.01,0.001767432044609646,0.0544861967490067
272,2945,8.97196973963197,1,100,0.01,0.001767432044609646,0.0544861967490067
272,2946,8.973645255713883,1,100,0.01,0.001767432044609646,0.0544861967490067
272,2947,8.975320771795799,1,100,0.01,0.001767432044609646,0.0544861967490067
272,2948,8.976996287877714,1,100,0.01,0.001767432044609646,0.0544861967490067
272,2949,8.978671803959628,1,100,0.01,0.001767432044609646,0.0544861967490067
272,2950,8.980347320041542,0,100,0.0,0.0,0.03699349876899627
272,2951,8.982022836123457,6,200,0.03,0.013820314259191425,0.06389429280963374
272,2955,8.988724900451114,0,25,0.0,0.0,0.13319225276039096
272,2958,8.993751448696859,0,25,0.0,0.0,0.13319225276039096
272,2959,8.995426964778773,3,200,0.015,0.005114237753504754,0.043165729115389295
272,2991,9.049043479400039,3,200,0.015,0.005114237753504754,0.043165729115389295
272,2999,9.062447608055356,7,200,0.035,0.01705554191525804,0.0704706118868775
272,3007,9.075851736710671,3,200,0.015,0.005114237753504754,0.043165729115389295
273,287,4.533292019191291,1,25,0.04,0.007096233423382075,0.1954406391161776
273,1641,6.8019407941036,0,25,0.0,0.0,0.13319225276039096
273,2317,7.93458966547784,0,25,0.0,0.0,0.13319225276039096
273,2656,8.502589617246874,2,25,0.08,0.022220401084126245,0.24966109123460217
273,2825,8.785751835090434,0,25,0.0,0.0,0.13319225276039096
273,2909,8.926495185971257,0,25,0.0,0.0,0.13319225276039096
273,2931,8.963356539773377,1,25,0.04,0.007096233423382075,0.1954406391161776
273,2934,8.96838308801912,1,100,0.01,0.001767432044609646,0.0544861967490067
273,2935,8.970058604101036,1,100,0.01,0.001767432044609646,0.0544861967490067
273,2936,8.971734120182951,1,100,0.01,0.001767432044609646,0.0544861967490067
273,2937,8.973409636264865,1,100,0.01,0.001767432044609646,0.0544861967490067
273,2938,8.975085152346779,1,100,0.01,0.001767432044609646,0.0544861967490067
273,2939,8.976760668428694,1,100,0.01,0.001767432044609646,0.0544861967490067
273,2940,8.97843618451061,1,100,0.01,0.001767432044609646,0.0544861967490067
273,2941,8.980111700592524,0,100,0.0,0.0,0.03699349876899627
273,2942,8.981787216674437,6,200,0.03,0.013820314259191425,0.06389429280963374
273,2946,8.988489281002096,0,25,0.0,0.0,0.13319225276039096
273,2949,8.99351582924784,0,25,0.0,0.0,0.13319225276039096
273,2950,8.995191345329754,3,200,0.015,0.005114237753504754,0.043165729115389295
273,2982,9.048807859951019,3,200,0.015,0.005114237753504754,0.043165729115389295
273,2990,9.062211988606336,7,200,0.035,0.01705554191525804,0.0704706118868775
273,2998,9.075616117261653,3,200,0.015,0.005114237753504754,0.043165729115389295
274,279,4.534731915824186,1,25,0.04,0.007096233423382075,0.1954406391161776
274,1632,6.801705174654581,0,25,0.0,0.0,0.13319225276039096
274,2308,7.934354046028821,0,25,0.0,0.0,0.13319225276039096
274,2647,8.502353997797854,2,25,0.08,0.022220401084126245,0.24966109123460217
274,2816,8.785516215641415,0,25,0.0,0.0,0.13319225276039096
274,2901,8.927935082604153,0,25,0.0,0.0,0.13319225276039096
274,2922,8.963120920324357,1,25,0.04,0.007096233423382075,0.1954406391161776
274,2925,8.968147468570102,1,100,0.01,0.001767432044609646,0.0544861967490067
274,2926,8.969822984652016,1,100,0.01,0.001767432044609646,0.0544861967490067
274,2927,8.971498500733931,1,100,0.01,0.001767432044609646,0.0544861967490067
274,2928,8.973174016815847,1,100,0.01,0.001767432044609646,0.0544861967490067
274,2929,8.97484953289776,1,100,0.01,0.001767432044609646,0.0544861967490067
274,2930,8.976525048979674,1,100,0.01,0.001767432044609646,0.0544861967490067
274,2931,8.978200565061588,1,100,0.01,0.001767432044609646,0.0544861967490067
274,2932,8.979876081143503,0,100,0.0,0.0,0.03699349876899627
274,2933,8.981551597225419,6,200,0.03,0.013820314259191425,0.06389429280963374
274,2938,8.989929177634991,0,25,0.0,0.0,0.13319225276039096
274,2940,8.99328020979882,0,25,0.0,0.0,0.13319225276039096
274,2941,8.994955725880736,3,200,0.015,0.005114237753504754,0.043165729115389295
274,2973,9.048572240502,3,200,0.015,0.005114237753504754,0.043165729115389295
274,2981,9.061976369157318,7,200,0.035,0.01705554191525804,0.0704706118868775
274,2989,9.075380497812635,3,200,0.015,0.005114237753504754,0.043165729115389295
275,270,4.534496296375168,1,25,0.04,0.007096233423382075,0.1954406391161776
275,1623,6.801469555205562,0,25,0.0,0.0,0.13319225276039096
275,2300,7.935793942661716,0,25,0.0,0.0,0.13319225276039096
275,2638,8.502118378348836,2,25,0.08,0.022220401084126245,0.24966109123460217
275,2807,8.785280596192397,0,25,0.0,0.0,0.13319225276039096
275,2892,8.927699463155134,0,25,0.0,0.0,0.13319225276039096
275,2913,8.962885300875339,1,25,0.04,0.007096233423382075,0.1954406391161776
275,2916,8.967911849121084,1,100,0.01,0.001767432044609646,0.0544861967490067
275,2917,8.969587365202997,1,100,0.01,0.001767432044609646,0.0544861967490067
275,2918,8.971262881284911,1,100,0.01,0.001767432044609646,0.0544861967490067
275,2919,8.972938397366827,1,100,0.01,0.001767432044609646,0.0544861967490067
275,2920,8.974613913448742,1,100,0.01,0.001767432044609646,0.0544861967490067
275,2921,8.976289429530656,1,100,0.01,0.001767432044609646,0.0544861967490067
275,2922,8.97796494561257,1,100,0.01,0.001767432044609646,0.0544861967490067
275,2923,8.979640461694485,0,100,0.0,0.0,0.03699349876899627
275,2924,8.9813159777764,6,200,0.03,0.013820314259191425,0.06389429280963374
275,2929,8.989693558185973,0,25,0.0,0.0,0.13319225276039096
275,2931,8.9930445903498,0,25,0.0,0.0,0.13319225276039096
275,2932,8.994720106431716,3,200,0.015,0.005114237753504754,0.043165729115389295
275,2964,9.048336621052982,3,200,0.015,0.005114237753504754,0.043165729115389295
275,2972,9.0617407497083,7,200,0.035,0.01705554191525804,0.0704706118868775
275,2980,9.075144878363615,3,200,0.015,0.005114237753504754,0.043165729115389295
276,261,4.534260676926148,1,25,0.04,0.007096233423382075,0.1954406391161776
276,1614,6.801233935756542,0,25,0.0,0.0,0.13319225276039096
276,2291,7.935558323212698,0,25,0.0,0.0,0.13319225276039096
276,2629,8.501882758899818,2,25,0.08,0.022220401084126245,0.24966109123460217
276,2798,8.785044976743377,0,25,0.0,0.0,0.13319225276039096
276,2883,8.927463843706114,0,25,0.0,0.0,0.13319225276039096
276,2904,8.96264968142632,1,25,0.04,0.007096233423382075,0.1954406391161776
276,2907,8.967676229672064,1,100,0.01,0.001767432044609646,0.0544861967490067
276,2908,8.969351745753979,1,100,0.01,0.001767432044609646,0.0544861967490067
276,2909,8.971027261835893,1,100,0.01,0.001767432044609646,0.0544861967490067
276,2910,8.972702777917807,1,100,0.01,0.001767432044609646,0.0544861967490067
276,2911,8.974378293999722,1,100,0.01,0.001767432044609646,0.0544861967490067
276,2912,8.976053810081638,1,100,0.01,0.001767432044609646,0.0544861967490067
276,2913,8.977729326163551,1,100,0.01,0.001767432044609646,0.0544861967490067
276,2914,8.979404842245465,1,100,0.01,0.001767432044609646,0.0544861967490067
276,2915,8.98108035832738,6,200,0.03,0.013820314259191425,0.06389429280963374
276,2920,8.989457938736953,0,25,0.0,0.0,0.13319225276039096
276,2922,8.992808970900782,0,25,0.0,0.0,0.13319225276039096
276,2923,8.994484486982696,4,200,0.02,0.007804426362159347,0.05028708724004506
276,2955,9.048101001603962,3,200,0.015,0.005114237753504754,0.043165729115389295
276,2963,9.06150513025928,7,200,0.035,0.01705554191525804,0.0704706118868775
276,2971,9.074909258914595,4,200,0.02,0.007804426362159347,0.05028708724004506
277,252,4.534025057477129,1,25,0.04,0.007096233423382075,0.1954406391161776
277,1605,6.800998316307523,0,25,0.0,0.0,0.13319225276039096
277,2282,7.935322703763678,0,25,0.0,0.0,0.13319225276039096
277,2620,8.501647139450798,2,25,0.08,0.022220401084126245,0.24966109123460217
277,2789,8.784809357294357,0,25,0.0,0.0,0.13319225276039096
277,2874,8.927228224257096,0,25,0.0,0.0,0.13319225276039096
277,2895,8.9624140619773,1,25,0.04,0.007096233423382075,0.1954406391161776
277,2898,8.967440610223044,1,100,0.01,0.001767432044609646,0.0544861967490067
277,2899,8.969116126304959,1,100,0.01,0.001767432044609646,0.0544861967490067
277,2900,8.970791642386875,1,100,0.01,0.001767432044609646,0.0544861967490067
277,2901,8.972467158468788,1,100,0.01,0.001767432044609646,0.0544861967490067
277,2902,8.974142674550702,1,100,0.01,0.001767432044609646,0.0544861967490067
277,2903,8.975818190632618,1,100,0.01,0.001767432044609646,0.0544861967490067
277,2904,8.977493706714533,1,100,0.01,0.001767432044609646,0.0544861967490067
277,2905,8.979169222796447,1,100,0.01,0.001767432044609646,0.0544861967490067
277,2906,8.98084473887836,6,200,0.03,0.013820314259191425,0.06389429280963374
277,2911,8.989222319287933,0,25,0.0,0.0,0.13319225276039096
277,2914,8.994248867533678,3,200,0.015,0.005114237753504754,0.043165729115389295
277,2946,9.047865382154942,3,200,0.015,0.005114237753504754,0.043165729115389295
277,2954,9.06126951081026,7,200,0.035,0.01705554191525804,0.0704706118868775
277,2962,9.074673639465576,4,200,0.02,0.007804426362159347,0.05028708724004506
278,243,4.533789438028109,1,25,0.04,0.007096233423382075,0.1954406391161776
278,1596,6.800762696858504,0,25,0.0,0.0,0.13319225276039096
278,2273,7.935087084314659,0,25,0.0,0.0,0.13319225276039096
278,2611,8.501411520001778,2,25,0.08,0.022220401084126245,0.24966109123460217
278,2781,8.786249253927252,0,25,0.0,0.0,0.13319225276039096
278,2865,8.926992604808076,0,25,0.0,0.0,0.13319225276039096
278,2886,8.96217844252828,1,25,0.04,0.007096233423382075,0.1954406391161776
278,2889,8.967204990774025,1,100,0.01,0.001767432044609646,0.0544861967490067
278,2890,8.968880506855939,1,100,0.01,0.001767432044609646,0.0544861967490067
278,2891,8.970556022937854,1,100,0.01,0.001767432044609646,0.0544861967490067
278,2892,8.97223153901977,1,100,0.01,0.001767432044609646,0.0544861967490067
278,2893,8.973907055101684,1,100,0.01,0.001767432044609646,0.0544861967490067
278,2894,8.975582571183597,1,100,0.01,0.001767432044609646,0.0544861967490067
278,2895,8.977258087265511,1,100,0.01,0.001767432044609646,0.0544861967490067
278,2896,8.978933603347427,1,100,0.01,0.001767432044609646,0.0544861967490067
278,2897,8.980609119429342,7,200,0.035,0.01705554191525804,0.0704706118868775
278,2902,8.988986699838915,0,25,0.0,0.0,0.13319225276039096
278,2905,8.99401324808466,3,200,0.015,0.005114237753504754,0.043165729115389295
278,2937,9.047629762705924,3,200,0.015,0.005114237753504754,0.043165729115389295
278,2945,9.061033891361241,7,200,0.035,0.01705554191525804,0.0704706118868775
278,2953,9.074438020016558,4,200,0.02,0.007804426362159347,0.05028708724004506
279,234,4.53355381857909,1,25,0.04,0.007096233423382075,0.1954406391161776
279,1588,6.802202593491399,0,25,0.0,0.0,0.13319225276039096
279,2264,7.934851464865639,0,25,0.0,0.0,0.13319225276039096
279,2602,8.50117590055276,2,25,0.08,0.022220401084126245,0.24966109123460217
279,2772,8.786013634478234,0,25,0.0,0.0,0.13319225276039096
279,2856,8.926756985359056,0,25,0.0,0.0,0.13319225276039096
279,2877,8.961942823079262,1,25,0.04,0.007096233423382075,0.1954406391161776
279,2881,8.96864488740692,1,100,0.01,0.001767432044609646,0.0544861967490067
279,2882,8.970320403488834,1,100,0.01,0.001767432044609646,0.0544861967490067
279,2883,8.971995919570748,1,100,0.01,0.001767432044609646,0.0544861967490067
279,2884,8.973671435652664,1,100,0.01,0.001767432044609646,0.0544861967490067
279,2885,8.97534695173458,1,100,0.01,0.001767432044609646,0.0544861967490067
279,2886,8.977022467816493,1,100,0.01,0.001767432044609646,0.0544861967490067
279,2887,8.978697983898407,1,100,0.01,0.001767432044609646,0.0544861967490067
279,2888,8.980373499980322,0,100,0.0,0.0,0.03699349876899627
279,2889,8.982049016062238,6,200,0.03,0.013820314259191425,0.06389429280963374
279,2893,8.988751080389896,0,25,0.0,0.0,0.13319225276039096
279,2896,8.993777628635637,0,25,0.0,0.0,0.13319225276039096
279,2897,8.995453144717553,4,200,0.02,0.007804426362159347,0.05028708724004506
279,2929,9.04906965933882,3,200,0.015,0.005114237753504754,0.043165729115389295
279,2937,9.062473787994136,7,200,0.035,0.01705554191525804,0.0704706118868775
279,2945,9.075877916649452,4,200,0.02,0.007804426362159347,0.05028708724004506
280,225,4.53331819913007,1,25,0.04,0.007096233423382075,0.1954406391161776
280,1579,6.801966974042379,0,25,0.0,0.0,0.13319225276039096
280,2255,7.934615845416619,0,25,0.0,0.0,0.13319225276039096
280,2594,8.502615797185655,2,25,0.08,0.022220401084126245,0.24966109123460217
280,2763,8.785778015029214,0,25,0.0,0.0,0.13319225276039096
280,2847,8.926521365910038,0,25,0.0,0.0,0.13319225276039096
280,2869,8.963382719712158,1,25,0.04,0.007096233423382075,0.1954406391161776
280,2872,8.9684092679579,1,100,0.01,0.001767432044609646,0.0544861967490067
280,2873,8.970084784039816,1,100,0.01,0.001767432044609646,0.0544861967490067
280,2874,8.97176030012173,1,100,0.01,0.001767432044609646,0.0544861967490067
280,2875,8.973435816203644,1,100,0.01,0.001767432044609646,0.0544861967490067
280,2876,8.97511133228556,1,100,0.01,0.001767432044609646,0.0544861967490067
280,2877,8.976786848367475,1,100,0.01,0.001767432044609646,0.0544861967490067
280,2878,8.978462364449388,1,100,0.01,0.001767432044609646,0.0544861967490067
280,2879,8.980137880531302,0,100,0.0,0.0,0.03699349876899627
280,2880,8.981813396613218,6,200,0.03,0.013820314259191425,0.06389429280963374
280,2884,8.988515460940874,0,25,0.0,0.0,0.13319225276039096
280,2887,8.99354200918662,0,25,0.0,0.0,0.13319225276039096
280,2888,8.995217525268533,4,200,0.02,0.007804426362159347,0.05028708724004506
280,2920,9.0488340398898,3,200,0.015,0.005114237753504754,0.043165729115389295
280,2928,9.062238168545116,7,200,0.035,0.01705554191525804,0.0704706118868775
280,2936,9.075642297200432,4,200,0.02,0.007804426362159347,0.05028708724004506
281,217,4.5347580957629665,1,25,0.04,0.007096233423382075,0.1954406391161776
281,1570,6.801731354593361,0,25,0.0,0.0,0.13319225276039096
281,2246,7.934380225967601,0,25,0.0,0.0,0.13319225276039096
281,2585,8.502380177736637,3,25,0.12,0.04166817117905038,0.29955794091884674
281,2754,8.785542395580196,0,25,0.0,0.0,0.13319225276039096
281,2839,8.927961262542933,0,25,0.0,0.0,0.13319225276039096
281,2860,8.96314710026314,1,25,0.04,0.007096233423382075,0.1954406391161776
281,2863,8.968173648508882,1,100,0.01,0.001767432044609646,0.0544861967490067
281,2864,8.969849164590798,1,100,0.01,0.001767432044609646,0.0544861967490067
281,2865,8.971524680672712,1,100,0.01,0.001767432044609646,0.0544861967490067
281,2866,8.973200196754625,1,100,0.01,0.001767432044609646,0.0544861967490067
281,2867,8.97487571283654,1,100,0.01,0.001767432044609646,0.0544861967490067
281,2868,8.976551228918456,1,100,0.01,0.001767432044609646,0.0544861967490067
281,2869,8.97822674500037,1,100,0.01,0.001767432044609646,0.0544861967490067
281,2870,8.979902261082284,0,100,0.0,0.0,0.03699349876899627
281,2871,8.981577777164198,6,200,0.03,0.013820314259191425,0.06389429280963374
281,2876,8.989955357573772,0,25,0.0,0.0,0.13319225276039096
281,2878,8.9933063897376,0,25,0.0,0.0,0.13319225276039096
281,2879,8.994981905819515,4,200,0.02,0.007804426362159347,0.05028708724004506
281,2911,9.048598420440781,3,200,0.015,0.005114237753504754,0.043165729115389295
281,2919,9.062002549096096,7,200,0.035,0.01705554191525804,0.0704706118868775
281,2927,9.075406677751413,5,200,0.025,0.010724719583860124,0.05717834075165468
282,208,4.534522476313947,1,25,0.04,0.007096233423382075,0.1954406391161776
282,1561,6.801495735144342,0,25,0.0,0.0,0.13319225276039096
282,2238,7.9358201226004965,0,25,0.0,0.0,0.13319225276039096
282,2576,8.502144558287617,3,25,0.12,0.04166817117905038,0.29955794091884674
282,2745,8.785306776131176,0,25,0.0,0.0,0.13319225276039096
282,2830,8.927725643093915,0,25,0.0,0.0,0.13319225276039096
282,2851,8.96291148081412,1,25,0.04,0.007096233423382075,0.1954406391161776
282,2854,8.967938029059862,1,100,0.01,0.001767432044609646,0.0544861967490067
282,2855,8.969613545141778,1,100,0.01,0.001767432044609646,0.0544861967490067
282,2856,8.971289061223693,1,100,0.01,0.001767432044609646,0.0544861967490067
282,2857,8.972964577305607,1,100,0.01,0.001767432044609646,0.0544861967490067
282,2858,8.97464009338752,1,100,0.01,0.001767432044609646,0.0544861967490067
282,2859,8.976315609469435,1,100,0.01,0.001767432044609646,0.0544861967490067
282,2860,8.97799112555135,1,100,0.01,0.001767432044609646,0.0544861967490067
282,2861,8.979666641633266,0,100,0.0,0.0,0.03699349876899627
282,2862,8.98134215771518,6,200,0.03,0.013820314259191425,0.06389429280963374
282,2867,8.989719738124752,0,25,0.0,0.0,0.13319225276039096
282,2869,8.993070770288583,0,25,0.0,0.0,0.13319225276039096
282,2870,8.994746286370496,4,200,0.02,0.007804426362159347,0.05028708724004506
282,2902,9.048362800991761,3,200,0.015,0.005114237753504754,0.043165729115389295
282,2910,9.061766929647078,7,200,0.035,0.01705554191525804,0.0704706118868775
282,2918,9.075171058302395,5,200,0.025,0.010724719583860124,0.05717834075165468
283,199,4.534286856864927,1,25,0.04,0.007096233423382075,0.1954406391161776
283,1552,6.801260115695323,0,25,0.0,0.0,0.13319225276039096
283,2229,7.9355845031514765,0,25,0.0,0.0,0.13319225276039096
283,2567,8.501908938838596,3,25,0.12,0.04166817117905038,0.29955794091884674
283,2736,8.785071156682157,0,25,0.0,0.0,0.13319225276039096
283,2821,8.927490023644895,0,25,0.0,0.0,0.13319225276039096
283,2842,8.9626758613651,1,25,0.04,0.007096233423382075,0.1954406391161776
283,2845,8.967702409610844,1,100,0.01,0.001767432044609646,0.0544861967490067
283,2846,8.969377925692758,1,100,0.01,0.001767432044609646,0.0544861967490067
283,2847,8.971053441774671,1,100,0.01,0.001767432044609646,0.0544861967490067
283,2848,8.972728957856587,1,100,0.01,0.001767432044609646,0.0544861967490067
283,2849,8.974404473938502,1,100,0.01,0.001767432044609646,0.0544861967490067
283,2850,8.976079990020416,1,100,0.01,0.001767432044609646,0.0544861967490067
283,2851,8.97775550610233,1,100,0.01,0.001767432044609646,0.0544861967490067
283,2852,8.979431022184245,1,100,0.01,0.001767432044609646,0.0544861967490067
283,2853,8.981106538266161,7,200,0.035,0.01705554191525804,0.0704706118868775
283,2858,8.989484118675733,0,25,0.0,0.0,0.13319225276039096
283,2860,8.99283515083956,0,25,0.0,0.0,0.13319225276039096
283,2861,8.994510666921476,4,200,0.02,0.007804426362159347,0.05028708724004506
283,2893,9.048127181542743,3,200,0.015,0.005114237753504754,0.043165729115389295
283,2901,9.06153131019806,7,200,0.035,0.01705554191525804,0.0704706118868775
283,2909,9.074935438853375,5,200,0.025,0.010724719583860124,0.05717834075165468
284,190,4.534051237415908,1,25,0.04,0.007096233423382075,0.1954406391161776
284,1543,6.801024496246303,0,25,0.0,0.0,0.13319225276039096
284,2220,7.935348883702458,0,25,0.0,0.0,0.13319225276039096
284,2558,8.501673319389578,3,25,0.12,0.04166817117905038,0.29955794091884674
284,2727,8.784835537233137,0,25,0.0,0.0,0.13319225276039096
284,2812,8.927254404195875,0,25,0.0,0.0,0.13319225276039096
284,2833,8.962440241916081,1,25,0.04,0.007096233423382075,0.1954406391161776
284,2836,8.967466790161824,1,100,0.01,0.001767432044609646,0.0544861967490067
284,2837,8.96914230624374,1,100,0.01,0.001767432044609646,0.0544861967490067
284,2838,8.970817822325653,1,100,0.01,0.001767432044609646,0.0544861967490067
284,2839,8.972493338407567,1,100,0.01,0.001767432044609646,0.0544861967490067
284,2840,8.974168854489482,1,100,0.01,0.001767432044609646,0.0544861967490067
284,2841,8.975844370571398,1,100,0.01,0.001767432044609646,0.0544861967490067
284,2842,8.977519886653312,1,100,0.01,0.001767432044609646,0.0544861967490067
284,2843,8.979195402735225,1,100,0.01,0.001767432044609646,0.0544861967490067
284,2844,8.980870918817141,7,200,0.035,0.01705554191525804,0.0704706118868775
284,2849,8.989248499226713,0,25,0.0,0.0,0.13319225276039096
284,2852,8.994275047472456,3,200,0.015,0.005114237753504754,0.043165729115389295
284,2884,9.047891562093723,3,200,0.015,0.005114237753504754,0.043165729115389295
284,2892,9.06129569074904,7,200,0.035,0.01705554191525804,0.0704706118868775
284,2900,9.074699819404355,5,200,0.025,0.010724719583860124,0.05717834075165468
285,181,4.533815617966889,1,25,0.04,0.007096233423382075,0.1954406391161776
285,1534,6.8007888767972835,0,25,0.0,0.0,0.13319225276039096
285,2211,7.935113264253438,0,25,0.0,0.0,0.13319225276039096
285,2549,8.501437699940558,0,25,0.0,0.0,0.13319225276039096
285,2718,8.784599917784117,0,25,0.0,0.0,0.13319225276039096
285,2803,8.927018784746856,0,25,0.0,0.0,0.13319225276039096
285,2824,8.96220462246706,1,25,0.04,0.007096233423382075,0.1954406391161776
285,2827,8.967231170712804,1,100,0.01,0.001767432044609646,0.0544861967490067
285,2828,8.96890668679472,1,100,0.01,0.001767432044609646,0.0544861967490067
285,2829,8.970582202876635,1,100,0.01,0.001767432044609646,0.0544861967490067
285,2830,8.972257718958549,1,100,0.01,0.001767432044609646,0.0544861967490067
285,2831,8.973933235040462,1,100,0.01,0.001767432044609646,0.0544861967490067
285,2832,8.975608751122378,1,100,0.01,0.001767432044609646,0.0544861967490067
285,2833,8.977284267204293,1,100,0.01,0.001767432044609646,0.0544861967490067
285,2834,8.978959783286207,1,100,0.01,0.001767432044609646,0.0544861967490067
285,2835,8.98063529936812,7,200,0.035,0.01705554191525804,0.0704706118868775
285,2840,8.989012879777693,0,25,0.0,0.0,0.13319225276039096
285,2843,8.994039428023438,3,200,0.015,0.005114237753504754,0.043165729115389295
285,2875,9.047655942644703,3,200,0.015,0.005114237753504754,0.043165729115389295
285,2883,9.06106007130002,7,200,0.035,0.01705554191525804,0.0704706118868775
285,2891,9.074464199955337,5,200,0.025,0.010724719583860124,0.05717834075165468
286,172,4.533579998517871,1,25,0.04,0.007096233423382075,0.1954406391161776
286,1526,6.80222877343018,0,25,0.0,0.0,0.13319225276039096
286,2202,7.93487764480442,0,25,0.0,0.0,0.13319225276039096
286,2540,8.50120208049154,0,25,0.0,0.0,0.13319225276039096
286,2710,8.786039814417014,0,25,0.0,0.0,0.13319225276039096
286,2794,8.926783165297838,0,25,0.0,0.0,0.13319225276039096
286,2815,8.961969003018043,1,25,0.04,0.007096233423382075,0.1954406391161776
286,2819,8.968671067345701,1,100,0.01,0.001767432044609646,0.0544861967490067
286,2820,8.970346583427617,1,100,0.01,0.001767432044609646,0.0544861967490067
286,2821,8.97202209950953,1,100,0.01,0.001767432044609646,0.0544861967490067
286,2822,8.973697615591444,1,100,0.01,0.001767432044609646,0.0544861967490067
286,2823,8.975373131673358,1,100,0.01,0.001767432044609646,0.0544861967490067
286,2824,8.977048647755273,1,100,0.01,0.001767432044609646,0.0544861967490067
286,2825,8.978724163837189,1,100,0.01,0.001767432044609646,0.0544861967490067
286,2826,8.980399679919103,0,100,0.0,0.0,0.03699349876899627
286,2827,8.982075196001016,6,200,0.03,0.013820314259191425,0.06389429280963374
286,2831,8.988777260328675,0,25,0.0,0.0,0.13319225276039096
286,2834,8.99380380857442,0,25,0.0,0.0,0.13319225276039096
286,2835,8.995479324656333,4,200,0.02,0.007804426362159347,0.05028708724004506
286,2867,9.0490958392776,3,200,0.015,0.005114237753504754,0.043165729115389295
286,2875,9.062499967932915,7,200,0.035,0.01705554191525804,0.0704706118868775
286,2883,9.075904096588232,5,200,0.025,0.010724719583860124,0.05717834075165468
287,163,4.533344379068851,1,25,0.04,0.007096233423382075,0.1954406391161776
287,1517,6.80199315398116,1,25,0.04,0.007096233423382075,0.1954406391161776
287,2193,7.9346420253554,0,25,0.0,0.0,0.13319225276039096
287,2532,8.502641977124433,0,25,0.0,0.0,0.13319225276039096
287,2701,8.785804194967994,0,25,0.0,0.0,0.13319225276039096
287,2785,8.926547545848818,0,25,0.0,0.0,0.13319225276039096
287,2807,8.963408899650938,1,25,0.04,0.007096233423382075,0.1954406391161776
287,2810,8.968435447896681,1,100,0.01,0.001767432044609646,0.0544861967490067
287,2811,8.970110963978595,1,100,0.01,0.001767432044609646,0.0544861967490067
287,2812,8.97178648006051,1,100,0.01,0.001767432044609646,0.0544861967490067
287,2813,8.973461996142426,1,100,0.01,0.001767432044609646,0.0544861967490067
287,2814,8.97513751222434,1,100,0.01,0.001767432044609646,0.0544861967490067
287,2815,8.976813028306253,1,100,0.01,0.001767432044609646,0.0544861967490067
287,2816,8.978488544388169,1,100,0.01,0.001767432044609646,0.0544861967490067
287,2817,8.980164060470084,1,100,0.01,0.001767432044609646,0.0544861967490067
287,2818,8.981839576551998,6,200,0.03,0.013820314259191425,0.06389429280963374
287,2822,8.988541640879657,1,25,0.04,0.007096233423382075,0.1954406391161776
287,2825,8.9935681891254,1,25,0.04,0.007096233423382075,0.1954406391161776
287,2826,8.995243705207315,4,200,0.02,0.007804426362159347,0.05028708724004506
287,2858,9.04886021982858,3,200,0.015,0.005114237753504754,0.043165729115389295
287,2866,9.062264348483897,7,200,0.035,0.01705554191525804,0.0704706118868775
287,2874,9.075668477139214,5,200,0.025,0.010724719583860124,0.05717834075165468
288,155,4.534784275701746,1,25,0.04,0.007096233423382075,0.1954406391161776
288,1508,6.801757534532141,1,25,0.04,0.007096233423382075,0.1954406391161776
288,2184,7.934406405906381,0,25,0.0,0.0,0.13319225276039096
288,2523,8.502406357675415,0,25,0.0,0.0,0.13319225276039096
288,2692,8.785568575518976,0,25,0.0,0.0,0.13319225276039096
288,2776,8.926311926399798,0,25,0.0,0.0,0.13319225276039096
288,2798,8.963173280201918,1,25,0.04,0.007096233423382075,0.1954406391161776
288,2801,8.968199828447663,1,100,0.01,0.001767432044609646,0.0544861967490067
288,2802,8.969875344529576,1,100,0.01,0.001767432044609646,0.0544861967490067
288,2803,8.97155086061149,1,100,0.01,0.001767432044609646,0.0544861967490067
288,2804,8.973226376693406,1,100,0.01,0.001767432044609646,0.0544861967490067
288,2805,8.974901892775321,1,100,0.01,0.001767432044609646,0.0544861967490067
288,2806,8.976577408857235,1,100,0.01,0.001767432044609646,0.0544861967490067
288,2807,8.978252924939149,1,100,0.01,0.001767432044609646,0.0544861967490067
288,2808,8.979928441021064,1,100,0.01,0.001767432044609646,0.0544861967490067
288,2809,8.98160395710298,6,200,0.03,0.013820314259191425,0.06389429280963374
288,2814,8.989981537512552,1,25,0.04,0.007096233423382075,0.1954406391161776
288,2816,8.99333256967638,1,25,0.04,0.007096233423382075,0.1954406391161776
288,2817,8.995008085758295,4,200,0.02,0.007804426362159347,0.05028708724004506
288,2849,9.048624600379561,4,200,0.02,0.007804426362159347,0.05028708724004506
288,2857,9.062028729034878,7,200,0.035,0.01705554191525804,0.0704706118868775
288,2865,9.075432857690194,5,200,0.025,0.010724719583860124,0.05717834075165468
289,146,4.534548656252727,1,25,0.04,0.007096233423382075,0.1954406391161776
289,1499,6.801521915083121,1,25,0.04,0.007096233423382075,0.1954406391161776
289,2176,7.935846302539276,0,25,0.0,0.0,0.13319225276039096
289,2514,8.502170738226397,0,25,0.0,0.0,0.13319225276039096
289,2683,8.785332956069956,0,25,0.0,0.0,0.13319225276039096
289,2768,8.927751823032693,0,25,0.0,0.0,0.13319225276039096
289,2789,8.9629376607529,1,25,0.04,0.007096233423382075,0.1954406391161776
289,2792,8.967964208998643,1,100,0.01,0.001767432044609646,0.0544861967490067
289,2793,8.969639725080558,1,100,0.01,0.001767432044609646,0.0544861967490067
289,2794,8.971315241162472,1,100,0.01,0.001767432044609646,0.0544861967490067
289,2795,8.972990757244386,1,100,0.01,0.001767432044609646,0.0544861967490067
289,2796,8.974666273326301,1,100,0.01,0.001767432044609646,0.0544861967490067
289,2797,8.976341789408217,1,100,0.01,0.001767432044609646,0.0544861967490067
289,2798,8.97801730549013,1,100,0.01,0.001767432044609646,0.0544861967490067
289,2799,8.979692821572044,1,100,0.01,0.001767432044609646,0.0544861967490067
289,2800,8.981368337653958,6,200,0.03,0.013820314259191425,0.06389429280963374
289,2805,8.989745918063532,1,25,0.04,0.007096233423382075,0.1954406391161776
289,2807,8.993096950227361,1,25,0.04,0.007096233423382075,0.1954406391161776
289,2808,8.994772466309275,4,200,0.02,0.007804426362159347,0.05028708724004506
289,2840,9.048388980930541,5,200,0.025,0.010724719583860124,0.05717834075165468
289,2848,9.061793109585857,7,200,0.035,0.01705554191525804,0.0704706118868775
289,2856,9.075197238241174,5,200,0.025,0.010724719583860124,0.05717834075165468
290,137,4.534313036803708,1,25,0.04,0.007096233423382075,0.1954406391161776
290,1490,6.801286295634101,1,25,0.04,0.007096233423382075,0.1954406391161776
290,2167,7.935610683090257,0,25,0.0,0.0,0.13319225276039096
290,2505,8.501935118777377,0,25,0.0,0.0,0.13319225276039096
290,2674,8.785097336620936,0,25,0.0,0.0,0.13319225276039096
290,2759,8.927516203583675,0,25,0.0,0.0,0.13319225276039096
290,2780,8.96270204130388,1,25,0.04,0.007096233423382075,0.1954406391161776
290,2783,8.967728589549623,1,100,0.01,0.001767432044609646,0.0544861967490067
290,2784,8.969404105631538,1,100,0.01,0.001767432044609646,0.0544861967490067
290,2785,8.971079621713454,1,100,0.01,0.001767432044609646,0.0544861967490067
290,2786,8.972755137795367,1,100,0.01,0.001767432044609646,0.0544861967490067
290,2787,8.974430653877281,1,100,0.01,0.001767432044609646,0.0544861967490067
290,2788,8.976106169959195,1,100,0.01,0.001767432044609646,0.0544861967490067
290,2789,8.97778168604111,1,100,0.01,0.001767432044609646,0.0544861967490067
290,2790,8.979457202123026,1,100,0.01,0.001767432044609646,0.0544861967490067
290,2791,8.98113271820494,6,200,0.03,0.013820314259191425,0.06389429280963374
290,2796,8.989510298614512,1,25,0.04,0.007096233423382075,0.1954406391161776
290,2798,8.992861330778341,1,25,0.04,0.007096233423382075,0.1954406391161776
290,2799,8.994536846860257,5,200,0.025,0.010724719583860124,0.05717834075165468
290,2831,9.048153361481521,5,200,0.025,0.010724719583860124,0.05717834075165468
290,2839,9.061557490136838,8,200,0.04,0.0204056319610195,0.0769320685744264
290,2847,9.074961618792155,5,200,0.025,0.010724719583860124,0.05717834075165468
291,128,4.5340774173546885,1,25,0.04,0.007096233423382075,0.1954406391161776
291,1481,6.801050676185083,1,25,0.04,0.007096233423382075,0.1954406391161776
291,2158,7.935375063641239,0,25,0.0,0.0,0.13319225276039096
291,2496,8.501699499328357,0,25,0.0,0.0,0.13319225276039096
291,2665,8.784861717171918,0,25,0.0,0.0,0.13319225276039096
291,2750,8.927280584134655,0,25,0.0,0.0,0.13319225276039096
291,2771,8.962466421854861,1,25,0.04,0.007096233423382075,0.1954406391161776
291,2774,8.967492970100604,1,100,0.01,0.001767432044609646,0.0544861967490067
291,2775,8.969168486182518,1,100,0.01,0.001767432044609646,0.0544861967490067
291,2776,8.970844002264434,1,100,0.01,0.001767432044609646,0.0544861967490067
291,2777,8.972519518346349,1,100,0.01,0.001767432044609646,0.0544861967490067
291,2778,8.974195034428263,1,100,0.01,0.001767432044609646,0.0544861967490067
291,2779,8.975870550510177,1,100,0.01,0.001767432044609646,0.0544861967490067
291,2780,8.977546066592092,1,100,0.01,0.001767432044609646,0.0544861967490067
291,2781,8.979221582674008,2,100,0.02,0.005501967500661645,0.07001179131757478
291,2782,8.980897098755921,10,200,0.05,0.027382645473457017,0.08957814852860962
291,2787,8.989274679165494,1,25,0.04,0.007096233423382075,0.1954406391161776
291,2790,8.994301227411238,4,200,0.02,0.007804426362159347,0.05028708724004506
291,2822,9.047917742032503,5,200,0.025,0.010724719583860124,0.05717834075165468
291,2830,9.06132187068782,8,200,0.04,0.0204056319610195,0.0769320685744264
291,2838,9.074725999343137,5,200,0.025,0.010724719583860124,0.05717834075165468
292,119,4.533841797905669,1,25,0.04,0.007096233423382075,0.1954406391161776
292,1472,6.800815056736064,1,25,0.04,0.007096233423382075,0.1954406391161776
292,2149,7.9351394441922185,0,25,0.0,0.0,0.13319225276039096
292,2487,8.501463879879338,0,25,0.0,0.0,0.13319225276039096
292,2656,8.7846260977229,0,25,0.0,0.0,0.13319225276039096
292,2741,8.927044964685635,0,25,0.0,0.0,0.13319225276039096
292,2762,8.962230802405841,1,25,0.04,0.007096233423382075,0.1954406391161776
292,2765,8.967257350651586,1,100,0.01,0.001767432044609646,0.0544861967490067
292,2766,8.9689328667335,1,100,0.01,0.001767432044609646,0.0544861967490067
292,2767,8.970608382815414,1,100,0.01,0.001767432044609646,0.0544861967490067
292,2768,8.972283898897329,1,100,0.01,0.001767432044609646,0.0544861967490067
292,2769,8.973959414979245,1,100,0.01,0.001767432044609646,0.0544861967490067
292,2770,8.975634931061158,1,100,0.01,0.001767432044609646,0.0544861967490067
292,2771,8.977310447143072,1,100,0.01,0.001767432044609646,0.0544861967490067
292,2772,8.978985963224988,2,100,0.02,0.005501967500661645,0.07001179131757478
292,2773,8.980661479306901,10,200,0.05,0.027382645473457017,0.08957814852860962
292,2778,8.989039059716475,1,25,0.04,0.007096233423382075,0.1954406391161776
292,2781,8.994065607962218,4,200,0.02,0.007804426362159347,0.05028708724004506
292,2813,9.047682122583485,5,200,0.025,0.010724719583860124,0.05717834075165468
292,2821,9.061086251238802,8,200,0.04,0.0204056319610195,0.0769320685744264
292,2829,9.074490379894117,5,200,0.025,0.010724719583860124,0.05717834075165468
293,110,4.53360617845665,1,25,0.04,0.007096233423382075,0.1954406391161776
293,1464,6.802254953368959,1,25,0.04,0.007096233423382075,0.1954406391161776
293,2140,7.934903824743199,0,25,0.0,0.0,0.13319225276039096
293,2478,8.50122826043032,0,25,0.0,0.0,0.13319225276039096
293,2648,8.786065994355795,0,25,0.0,0.0,0.13319225276039096
293,2732,8.926809345236617,0,25,0.0,0.0,0.13319225276039096
293,2753,8.961995182956823,1,25,0.04,0.007096233423382075,0.1954406391161776
293,2757,8.968697247284481,1,100,0.01,0.001767432044609646,0.0544861967490067
293,2758,8.970372763366395,1,100,0.01,0.001767432044609646,0.0544861967490067
293,2759,8.972048279448309,1,100,0.01,0.001767432044609646,0.0544861967490067
293,2760,8.973723795530224,1,100,0.01,0.001767432044609646,0.0544861967490067
293,2761,8.975399311612138,1,100,0.01,0.001767432044609646,0.0544861967490067
293,2762,8.977074827694054,1,100,0.01,0.001767432044609646,0.0544861967490067
293,2763,8.978750343775967,1,100,0.01,0.001767432044609646,0.0544861967490067
293,2764,8.980425859857881,1,100,0.01,0.001767432044609646,0.0544861967490067
293,2765,8.982101375939797,6,200,0.03,0.013820314259191425,0.06389429280963374
293,2769,8.988803440267455,1,25,0.04,0.007096233423382075,0.1954406391161776
293,2772,8.993829988513198,1,25,0.04,0.007096233423382075,0.1954406391161776
293,2773,8.995505504595112,5,200,0.025,0.010724719583860124,0.05717834075165468
293,2805,9.04912201921638,5,200,0.025,0.010724719583860124,0.05717834075165468
293,2813,9.062526147871695,8,200,0.04,0.0204056319610195,0.0769320685744264
293,2821,9.075930276527012,5,200,0.025,0.010724719583860124,0.05717834075165468
294,101,4.533370559007631,1,25,0.04,0.007096233423382075,0.1954406391161776
294,1455,6.80201933391994,1,25,0.04,0.007096233423382075,0.1954406391161776
294,2131,7.93466820529418,1,25,0.04,0.007096233423382075,0.1954406391161776
294,2470,8.502668157063216,0,25,0.0,0.0,0.13319225276039096
294,2639,8.785830374906775,0,25,0.0,0.0,0.13319225276039096
294,2723,8.926573725787598,0,25,0.0,0.0,0.13319225276039096
294,2744,8.961759563507803,1,25,0.04,0.007096233423382075,0.1954406391161776
294,2748,8.968461627835461,1,100,0.01,0.001767432044609646,0.0544861967490067
294,2749,8.970137143917375,1,100,0.01,0.001767432044609646,0.0544861967490067
294,2750,8.97181265999929,1,100,0.01,0.001767432044609646,0.0544861967490067
294,2751,8.973488176081204,1,100,0.01,0.001767432044609646,0.0544861967490067
294,2752,8.975163692163118,1,100,0.01,0.001767432044609646,0.0544861967490067
294,2753,8.976839208245034,1,100,0.01,0.001767432044609646,0.0544861967490067
294,2754,8.97851472432695,1,100,0.01,0.001767432044609646,0.0544861967490067
294,2755,8.980190240408863,1,100,0.01,0.001767432044609646,0.0544861967490067
294,2756,8.981865756490777,6,200,0.03,0.013820314259191425,0.06389429280963374
294,2760,8.988567820818435,1,25,0.04,0.007096233423382075,0.1954406391161776
294,2763,8.99359436906418,1,25,0.04,0.007096233423382075,0.1954406391161776
294,2764,8.995269885146094,5,200,0.025,0.010724719583860124,0.05717834075165468
294,2796,9.04888639976736,5,200,0.025,0.010724719583860124,0.05717834075165468
294,2804,9.062290528422675,8,200,0.04,0.0204056319610195,0.0769320685744264
294,2812,9.075694657077992,5,200,0.025,0.010724719583860124,0.05717834075165468
295,93,4.5348104556405255,1,25,0.04,0.007096233423382075,0.1954406391161776
295,1446,6.80178371447092,1,25,0.04,0.007096233423382075,0.1954406391161776
295,2122,7.93443258584516,1,25,0.04,0.007096233423382075,0.1954406391161776
295,2461,8.502432537614194,0,25,0.0,0.0,0.13319225276039096
295,2630,8.785594755457755,0,25,0.0,0.0,0.13319225276039096
295,2714,8.926338106338576,0,25,0.0,0.0,0.13319225276039096
295,2736,8.963199460140698,1,25,0.04,0.007096233423382075,0.1954406391161776
295,2739,8.968226008386441,1,100,0.01,0.001767432044609646,0.0544861967490067
295,2740,8.969901524468355,1,100,0.01,0.001767432044609646,0.0544861967490067
295,2741,8.97157704055027,1,100,0.01,0.001767432044609646,0.0544861967490067
295,2742,8.973252556632186,1,100,0.01,0.001767432044609646,0.0544861967490067
295,2743,8.9749280727141,1,100,0.01,0.001767432044609646,0.0544861967490067
295,2744,8.976603588796014,1,100,0.01,0.001767432044609646,0.0544861967490067
295,2745,8.97827910487793,1,100,0.01,0.001767432044609646,0.0544861967490067
295,2746,8.979954620959845,1,100,0.01,0.001767432044609646,0.0544861967490067
295,2747,8.981630137041758,6,200,0.03,0.013820314259191425,0.06389429280963374
295,2751,8.988332201369417,1,25,0.04,0.007096233423382075,0.1954406391161776
295,2754,8.99335874961516,1,25,0.04,0.007096233423382075,0.1954406391161776
295,2755,8.995034265697075,5,200,0.025,0.010724719583860124,0.05717834075165468
295,2787,9.04865078031834,5,200,0.025,0.010724719583860124,0.05717834075165468
295,2795,9.062054908973657,8,200,0.04,0.0204056319610195,0.0769320685744264
295,2803,9.075459037628974,5,200,0.025,0.010724719583860124,0.05717834075165468
296,84,4.534574836191507,1,25,0.04,0.007096233423382075,0.1954406391161776
296,1437,6.801548095021902,1,25,0.04,0.007096233423382075,0.1954406391161776
296,2114,7.935872482478056,1,25,0.04,0.007096233423382075,0.1954406391161776
296,2452,8.502196918165176,0,25,0.0,0.0,0.13319225276039096
296,2621,8.785359136008736,0,25,0.0,0.0,0.13319225276039096
296,2706,8.927778002971474,0,25,0.0,0.0,0.13319225276039096
296,2727,8.962963840691678,1,25,0.04,0.007096233423382075,0.1954406391161776
296,2730,8.967990388937423,1,100,0.01,0.001767432044609646,0.0544861967490067
296,2731,8.969665905019337,1,100,0.01,0.001767432044609646,0.0544861967490067
296,2732,8.971341421101252,1,100,0.01,0.001767432044609646,0.0544861967490067
296,2733,8.973016937183168,1,100,0.01,0.001767432044609646,0.0544861967490067
296,2734,8.974692453265082,1,100,0.01,0.001767432044609646,0.0544861967490067
296,2735,8.976367969346995,1,100,0.01,0.001767432044609646,0.0544861967490067
296,2736,8.97804348542891,1,100,0.01,0.001767432044609646,0.0544861967490067
296,2737,8.979719001510825,1,100,0.01,0.001767432044609646,0.0544861967490067
296,2738,8.98139451759274,6,200,0.03,0.013820314259191425,0.06389429280963374
296,2743,8.989772098002312,1,25,0.04,0.007096233423382075,0.1954406391161776
296,2745,8.993123130166142,1,25,0.04,0.007096233423382075,0.1954406391161776
296,2746,8.994798646248057,5,200,0.025,0.010724719583860124,0.05717834075165468
296,2778,9.048415160869322,5,200,0.025,0.010724719583860124,0.05717834075165468
296,2786,9.061819289524639,8,200,0.04,0.0204056319610195,0.0769320685744264
296,2794,9.075223418179956,5,200,0.025,0.010724719583860124,0.05717834075165468
297,75,4.534339216742488,1,25,0.04,0.007096233423382075,0.1954406391161776
297,1428,6.801312475572883,1,25,0.04,0.007096233423382075,0.1954406391161776
297,2105,7.935636863029037,1,25,0.04,0.007096233423382075,0.1954406391161776
297,2443,8.501961298716157,0,25,0.0,0.0,0.13319225276039096
297,2612,8.785123516559718,0,25,0.0,0.0,0.13319225276039096
297,2697,8.927542383522454,0,25,0.0,0.0,0.13319225276039096
297,2718,8.96272822124266,1,25,0.04,0.007096233423382075,0.1954406391161776
297,2721,8.967754769488405,1,100,0.01,0.001767432044609646,0.0544861967490067
297,2722,8.969430285570319,1,100,0.01,0.001767432044609646,0.0544861967490067
297,2723,8.971105801652232,1,100,0.01,0.001767432044609646,0.0544861967490067
297,2724,8.972781317734148,1,100,0.01,0.001767432044609646,0.0544861967490067
297,2725,8.974456833816062,1,100,0.01,0.001767432044609646,0.0544861967490067
297,2726,8.976132349897977,1,100,0.01,0.001767432044609646,0.0544861967490067
297,2727,8.97780786597989,1,100,0.01,0.001767432044609646,0.0544861967490067
297,2728,8.979483382061805,1,100,0.01,0.001767432044609646,0.0544861967490067
297,2729,8.98115889814372,6,200,0.03,0.013820314259191425,0.06389429280963374
297,2734,8.989536478553294,1,25,0.04,0.007096233423382075,0.1954406391161776
297,2736,8.992887510717122,1,25,0.04,0.007096233423382075,0.1954406391161776
297,2737,8.994563026799035,5,200,0.025,0.010724719583860124,0.05717834075165468
297,2769,9.048179541420303,5,200,0.025,0.010724719583860124,0.05717834075165468
297,2777,9.061583670075619,8,200,0.04,0.0204056319610195,0.0769320685744264
297,2785,9.074987798730936,5,200,0.025,0.010724719583860124,0.05717834075165468
298,66,4.534103597293469,1,25,0.04,0.007096233423382075,0.1954406391161776
298,1419,6.8010768561238635,1,25,0.04,0.007096233423382075,0.1954406391161776
298,2096,7.935401243580017,1,25,0.04,0.007096233423382075,0.1954406391161776
298,2434,8.501725679267139,0,25,0.0,0.0,0.13319225276039096
298,2603,8.784887897110698,0,25,0.0,0.0,0.13319225276039096
298,2688,8.927306764073435,0,25,0.0,0.0,0.13319225276039096
298,2709,8.962492601793642,1,25,0.04,0.007096233423382075,0.1954406391161776
298,2712,8.967519150039385,2,100,0.02,0.005501967500661645,0.07001179131757478
298,2713,8.969194666121298,2,100,0.02,0.005501967500661645,0.07001179131757478
298,2714,8.970870182203214,2,100,0.02,0.005501967500661645,0.07001179131757478
298,2715,8.972545698285128,2,100,0.02,0.005501967500661645,0.07001179131757478
298,2716,8.974221214367041,2,100,0.02,0.005501967500661645,0.07001179131757478
298,2717,8.975896730448957,2,100,0.02,0.005501967500661645,0.07001179131757478
298,2718,8.977572246530872,2,100,0.02,0.005501967500661645,0.07001179131757478
298,2719,8.979247762612786,2,100,0.02,0.005501967500661645,0.07001179131757478
298,2720,8.9809232786947,10,200,0.05,0.027382645473457017,0.08957814852860962
298,2725,8.989300859104272,1,25,0.04,0.007096233423382075,0.1954406391161776
298,2728,8.994327407350017,4,200,0.02,0.007804426362159347,0.05028708724004506
298,2760,9.047943921971283,5,200,0.025,0.010724719583860124,0.05717834075165468
298,2768,9.061348050626599,8,200,0.04,0.0204056319610195,0.0769320685744264
298,2776,9.074752179281916,5,200,0.025,0.010724719583860124,0.05717834075165468
299,57,4.533867977844449,1,25,0.04,0.007096233423382075,0.1954406391161776
299,1410,6.800841236674843,1,25,0.04,0.007096233423382075,0.1954406391161776
299,2087,7.935165624130999,1,25,0.04,0.007096233423382075,0.1954406391161776
299,2425,8.501490059818117,0,25,0.0,0.0,0.13319225276039096
299,2594,8.784652277661678,0,25,0.0,0.0,0.13319225276039096
299,2679,8.927071144624415,0,25,0.0,0.0,0.13319225276039096
299,2700,8.962256982344622,1,25,0.04,0.007096233423382075,0.1954406391161776
299,2703,8.967283530590365,2,100,0.02,0.005501967500661645,0.07001179131757478
299,2704,8.968959046672278,2,100,0.02,0.005501967500661645,0.07001179131757478
299,2705,8.970634562754194,2,100,0.02,0.005501967500661645,0.07001179131757478
299,2706,8.97231007883611,2,100,0.02,0.005501967500661645,0.07001179131757478
299,2707,8.973985594918023,2,100,0.02,0.005501967500661645,0.07001179131757478
299,2708,8.975661110999937,2,100,0.02,0.005501967500661645,0.07001179131757478
299,2709,8.977336627081852,2,100,0.02,0.005501967500661645,0.07001179131757478
299,2710,8.979012143163768,2,100,0.02,0.005501967500661645,0.07001179131757478
299,2711,8.980687659245682,11,200,0.055,0.03098534156570805,0.09578699916966896
299,2716,8.989065239655254,2,25,0.08,0.022220401084126245,0.24966109123460217
299,2719,8.994091787900999,5,200,0.025,0.010724719583860124,0.05717834075165468
299,2751,9.047708302522263,5,200,0.025,0.010724719583860124,0.05717834075165468
299,2759,9.06111243117758,8,200,0.04,0.0204056319610195,0.0769320685744264
299,2767,9.074516559832897,5,200,0.025,0.010724719583860124,0.05717834075165468
300,48,4.53363235839543,1,25,0.04,0.007096233423382075,0.1954406391161776
300,1401,6.800605617225824,1,25,0.04,0.007096233423382075,0.1954406391161776
300,2078,7.934930004681979,1,25,0.04,0.007096233423382075,0.1954406391161776
300,2416,8.501254440369099,0,25,0.0,0.0,0.13319225276039096
300,2586,8.786092174294573,0,25,0.0,0.0,0.13319225276039096
300,2670,8.926835525175395,0,25,0.0,0.0,0.13319225276039096
300,2691,8.962021362895602,1,25,0.04,0.007096233423382075,0.1954406391161776
300,2694,8.967047911141346,2,100,0.02,0.005501967500661645,0.07001179131757478
300,2695,8.96872342722326,2,100,0.02,0.005501967500661645,0.07001179131757478
300,2696,8.970398943305174,2,100,0.02,0.005501967500661645,0.07001179131757478
300,2697,8.97207445938709,2,100,0.02,0.005501967500661645,0.07001179131757478
300,2698,8.973749975469005,2,100,0.02,0.005501967500661645,0.07001179131757478
300,2699,8.975425491550919,2,100,0.02,0.005501967500661645,0.07001179131757478
300,2700,8.977101007632832,2,100,0.02,0.005501967500661645,0.07001179131757478
300,2701,8.978776523714746,2,100,0.02,0.005501967500661645,0.07001179131757478
300,2702,8.980452039796662,12,200,0.06,0.03465219410651454,0.10193169336217282
300,2707,8.988829620206236,3,25,0.12,0.04166817117905038,0.29955794091884674
300,2710,8.993856168451979,6,200,0.03,0.013820314259191425,0.06389429280963374
300,2742,9.047472683073245,5,200,0.025,0.010724719583860124,0.05717834075165468
300,2750,9.06087681172856,8,200,0.04,0.0204056319610195,0.0769320685744264
300,2758,9.074280940383877,6,200,0.03,0.013820314259191425,0.06389429280963374
301,39,4.5333967389464105,1,25,0.04,0.007096233423382075,0.1954406391161776
301,1393,6.802045513858719,1,25,0.04,0.007096233423382075,0.1954406391161776
301,2069,7.93469438523296,1,25,0.04,0.007096233423382075,0.1954406391161776
301,2408,8.502694337001994,0,25,0.0,0.0,0.13319225276039096
301,2577,8.785856554845555,0,25,0.0,0.0,0.13319225276039096
301,2661,8.926599905726377,0,25,0.0,0.0,0.13319225276039096
301,2682,8.961785743446583,1,25,0.04,0.007096233423382075,0.1954406391161776
301,2686,8.968487807774242,2,100,0.02,0.005501967500661645,0.07001179131757478
301,2687,8.970163323856156,2,100,0.02,0.005501967500661645,0.07001179131757478
301,2688,8.97183883993807,2,100,0.02,0.005501967500661645,0.07001179131757478
301,2689,8.973514356019983,2,100,0.02,0.005501967500661645,0.07001179131757478
301,2690,8.975189872101899,2,100,0.02,0.005501967500661645,0.07001179131757478
301,2691,8.976865388183814,2,100,0.02,0.005501967500661645,0.07001179131757478
301,2692,8.978540904265728,2,100,0.02,0.005501967500661645,0.07001179131757478
301,2693,8.980216420347642,4,100,0.04,0.01566330388275538,0.09837071498472119
301,2694,8.981891936429557,7,200,0.035,0.01705554191525804,0.0704706118868775
301,2698,8.988594000757216,3,25,0.12,0.04166817117905038,0.29955794091884674
301,2701,8.993620549002959,3,25,0.12,0.04166817117905038,0.29955794091884674
301,2702,8.995296065084872,5,200,0.025,0.010724719583860124,0.05717834075165468
301,2734,9.04891257970614,6,200,0.03,0.013820314259191425,0.06389429280963374
301,2742,9.062316708361456,8,200,0.04,0.0204056319610195,0.0769320685744264
301,2750,9.075720837016771,6,200,0.03,0.013820314259191425,0.06389429280963374
302,31,4.534836635579306,1,25,0.04,0.007096233423382075,0.1954406391161776
302,1384,6.8018098944097005,1,25,0.04,0.007096233423382075,0.1954406391161776
302,2060,7.9344587657839405,1,25,0.04,0.007096233423382075,0.1954406391161776
302,2399,8.502458717552976,0,25,0.0,0.0,0.13319225276039096
302,2568,8.785620935396535,0,25,0.0,0.0,0.13319225276039096
302,2652,8.926364286277359,0,25,0.0,0.0,0.13319225276039096
302,2674,8.963225640079479,1,25,0.04,0.007096233423382075,0.1954406391161776
302,2677,8.968252188325222,3,100,0.03,0.010254523944281514,0.08451936489857498
302,2678,8.969927704407137,3,100,0.03,0.010254523944281514,0.08451936489857498
302,2679,8.971603220489051,3,100,0.03,0.010254523944281514,0.08451936489857498
302,2680,8.973278736570965,3,100,0.03,0.010254523944281514,0.08451936489857498
302,2681,8.97495425265288,3,100,0.03,0.010254523944281514,0.08451936489857498
302,2682,8.976629768734796,3,100,0.03,0.010254523944281514,0.08451936489857498
302,2683,8.97830528481671,3,100,0.03,0.010254523944281514,0.08451936489857498
302,2684,8.979980800898623,4,100,0.04,0.01566330388275538,0.09837071498472119
302,2685,8.981656316980539,7,200,0.035,0.01705554191525804,0.0704706118868775
302,2689,8.988358381308196,3,25,0.12,0.04166817117905038,0.29955794091884674
302,2692,8.99338492955394,3,25,0.12,0.04166817117905038,0.29955794091884674
302,2693,8.995060445635854,5,200,0.025,0.010724719583860124,0.05717834075165468
302,2725,9.04867696025712,6,200,0.03,0.013820314259191425,0.06389429280963374
302,2733,9.062081088912437,8,200,0.04,0.0204056319610195,0.0769320685744264
302,2741,9.075485217567753,7,200,0.035,0.01705554191525804,0.0704706118868775
303,22,4.534601016130287,1,25,0.04,0.007096233423382075,0.1954406391161776
303,1375,6.801574274960681,1,25,0.04,0.007096233423382075,0.1954406391161776
303,2052,7.935898662416836,1,25,0.04,0.007096233423382075,0.1954406391161776
303,2390,8.502223098103956,0,25,0.0,0.0,0.13319225276039096
303,2559,8.785385315947515,0,25,0.0,0.0,0.13319225276039096
303,2644,8.927804182910254,0,25,0.0,0.0,0.13319225276039096
303,2665,8.962990020630459,1,25,0.04,0.007096233423382075,0.1954406391161776
303,2668,8.968016568876202,3,100,0.03,0.010254523944281514,0.08451936489857498
303,2669,8.969692084958117,3,100,0.03,0.010254523944281514,0.08451936489857498
303,2670,8.971367601040033,3,100,0.03,0.010254523944281514,0.08451936489857498
303,2671,8.973043117121946,3,100,0.03,0.010254523944281514,0.08451936489857498
303,2672,8.97471863320386,3,100,0.03,0.010254523944281514,0.08451936489857498
303,2673,8.976394149285776,3,100,0.03,0.010254523944281514,0.08451936489857498
303,2674,8.978069665367691,3,100,0.03,0.010254523944281514,0.08451936489857498
303,2675,8.979745181449605,4,100,0.04,0.01566330388275538,0.09837071498472119
303,2676,8.981420697531519,8,200,0.04,0.0204056319610195,0.0769320685744264
303,2681,8.989798277941091,3,25,0.12,0.04166817117905038,0.29955794091884674
303,2683,8.993149310104922,3,25,0.12,0.04166817117905038,0.29955794091884674
303,2684,8.994824826186836,6,200,0.03,0.013820314259191425,0.06389429280963374
303,2716,9.0484413408081,6,200,0.03,0.013820314259191425,0.06389429280963374
303,2724,9.061845469463417,8,200,0.04,0.0204056319610195,0.0769320685744264
303,2732,9.075249598118734,7,200,0.035,0.01705554191525804,0.0704706118868775
304,13,4.534365396681268,1,25,0.04,0.007096233423382075,0.1954406391161776
304,1366,6.801338655511662,1,25,0.04,0.007096233423382075,0.1954406391161776
304,2043,7.935663042967817,1,25,0.04,0.007096233423382075,0.1954406391161776
304,2381,8.501987478654936,0,25,0.0,0.0,0.13319225276039096
304,2550,8.785149696498497,2,25,0.08,0.022220401084126245,0.24966109123460217
304,2635,8.927568563461234,0,25,0.0,0.0,0.13319225276039096
304,2656,8.962754401181439,1,25,0.04,0.007096233423382075,0.1954406391161776
304,2659,8.967780949427183,3,100,0.03,0.010254523944281514,0.08451936489857498
304,2660,8.969456465509097,3,100,0.03,0.010254523944281514,0.08451936489857498
304,2661,8.971131981591013,3,100,0.03,0.010254523944281514,0.08451936489857498
304,2662,8.972807497672928,3,100,0.03,0.010254523944281514,0.08451936489857498
304,2663,8.974483013754842,3,100,0.03,0.010254523944281514,0.08451936489857498
304,2664,8.976158529836756,3,100,0.03,0.010254523944281514,0.08451936489857498
304,2665,8.97783404591867,3,100,0.03,0.010254523944281514,0.08451936489857498
304,2666,8.979509562000585,4,100,0.04,0.01566330388275538,0.09837071498472119
304,2667,8.9811850780825,8,200,0.04,0.0204056319610195,0.0769320685744264
304,2672,8.989562658492073,3,25,0.12,0.04166817117905038,0.29955794091884674
304,2674,8.992913690655902,3,25,0.12,0.04166817117905038,0.29955794091884674
304,2675,8.994589206737817,6,200,0.03,0.013820314259191425,0.06389429280963374
304,2707,9.048205721359082,6,200,0.03,0.013820314259191425,0.06389429280963374
304,2715,9.0616098500144,8,200,0.04,0.0204056319610195,0.0769320685744264
304,2723,9.075013978669716,7,200,0.035,0.01705554191525804,0.0704706118868775
305,4,4.534129777232248,1,25,0.04,0.007096233423382075,0.1954406391161776
305,1357,6.801103036062642,1,25,0.04,0.007096233423382075,0.1954406391161776
305,2034,7.935427423518798,1,25,0.04,0.007096233423382075,0.1954406391161776
305,2372,8.501751859205918,0,25,0.0,0.0,0.13319225276039096
305,2541,8.784914077049478,2,25,0.08,0.022220401084126245,0.24966109123460217
305,2626,8.927332944012214,0,25,0.0,0.0,0.13319225276039096
305,2647,8.96251878173242,1,25,0.04,0.007096233423382075,0.1954406391161776
305,2650,8.967545329978165,3,100,0.03,0.010254523944281514,0.08451936489857498
305,2651,8.969220846060079,3,100,0.03,0.010254523944281514,0.08451936489857498
305,2652,8.970896362141993,3,100,0.03,0.010254523944281514,0.08451936489857498
305,2653,8.972571878223906,3,100,0.03,0.010254523944281514,0.08451936489857498
305,2654,8.974247394305822,3,100,0.03,0.010254523944281514,0.08451936489857498
305,2655,8.975922910387737,3,100,0.03,0.010254523944281514,0.08451936489857498
305,2656,8.977598426469651,3,100,0.03,0.010254523944281514,0.08451936489857498
305,2657,8.979273942551565,2,100,0.02,0.005501967500661645,0.07001179131757478
305,2658,8.98094945863348,13,200,0.065,0.03837635449161451,0.10801907971038324
305,2663,8.989327039043054,3,25,0.12,0.04166817117905038,0.29955794091884674
305,2666,8.994353587288796,6,200,0.03,0.013820314259191425,0.06389429280963374
305,2698,9.047970101910064,6,200,0.03,0.013820314259191425,0.06389429280963374
305,2706,9.061374230565379,8,200,0.04,0.0204056319610195,0.0769320685744264
305,2714,9.074778359220694,7,200,0.035,0.01705554191525804,0.0704706118868775
306,1348,6.800867416613624,1,25,0.04,0.007096233423382075,0.1954406391161776
306,2025,7.9351918040697775,1,25,0.04,0.007096233423382075,0.1954406391161776
306,2363,8.501516239756898,0,25,0.0,0.0,0.13319225276039096
306,2532,8.784678457600457,2,25,0.08,0.022220401084126245,0.24966109123460217
306,2617,8.927097324563196,0,25,0.0,0.0,0.13319225276039096
306,2638,8.962283162283402,1,25,0.04,0.007096233423382075,0.1954406391161776
306,2641,8.967309710529143,3,100,0.03,0.010254523944281514,0.08451936489857498
306,2642,8.968985226611059,3,100,0.03,0.010254523944281514,0.08451936489857498
306,2643,8.970660742692974,3,100,0.03,0.010254523944281514,0.08451936489857498
306,2644,8.972336258774888,3,100,0.03,0.010254523944281514,0.08451936489857498
306,2645,8.974011774856802,3,100,0.03,0.010254523944281514,0.08451936489857498
306,2646,8.975687290938717,3,100,0.03,0.010254523944281514,0.08451936489857498
306,2647,8.977362807020633,3,100,0.03,0.010254523944281514,0.08451936489857498
306,2648,8.979038323102547,2,100,0.02,0.005501967500661645,0.07001179131757478
306,2649,8.98071383918446,13,200,0.065,0.03837635449161451,0.10801907971038324
306,2654,8.989091419594033,3,25,0.12,0.04166817117905038,0.29955794091884674
306,2657,8.994117967839777,6,200,0.03,0.013820314259191425,0.06389429280963374
306,2689,9.047734482461042,7,200,0.035,0.01705554191525804,0.0704706118868775
306,2697,9.061138611116359,8,200,0.04,0.0204056319610195,0.0769320685744264
306,2705,9.074542739771676,7,200,0.035,0.01705554191525804,0.0704706118868775
307,1339,6.800631797164605,1,25,0.04,0.007096233423382075,0.1954406391161776
307,2016,7.934956184620759,1,25,0.04,0.007096233423382075,0.1954406391161776
307,2354,8.50128062030788,0,25,0.0,0.0,0.13319225276039096
307,2524,8.786118354233354,2,25,0.08,0.022220401084126245,0.24966109123460217
307,2608,8.926861705114177,0,25,0.0,0.0,0.13319225276039096
307,2629,8.962047542834382,1,25,0.04,0.007096233423382075,0.1954406391161776
307,2632,8.967074091080125,3,100,0.03,0.010254523944281514,0.08451936489857498
307,2633,8.96874960716204,3,100,0.03,0.010254523944281514,0.08451936489857498
307,2634,8.970425123243956,3,100,0.03,0.010254523944281514,0.08451936489857498
307,2635,8.97210063932587,3,100,0.03,0.010254523944281514,0.08451936489857498
307,2636,8.973776155407784,3,100,0.03,0.010254523944281514,0.08451936489857498
307,2637,8.975451671489699,3,100,0.03,0.010254523944281514,0.08451936489857498
307,2638,8.977127187571615,3,100,0.03,0.010254523944281514,0.08451936489857498
307,2639,8.978802703653528,2,100,0.02,0.005501967500661645,0.07001179131757478
307,2640,8.980478219735442,14,200,0.07,0.04215217166140097,0.11405480927390717
307,2645,8.988855800145014,3,25,0.12,0.04166817117905038,0.29955794091884674
307,2648,8.993882348390759,6,200,0.03,0.013820314259191425,0.06389429280963374
307,2680,9.047498863012024,7,200,0.035,0.01705554191525804,0.0704706118868775
307,2688,9.06090299166734,8,200,0.04,0.0204056319610195,0.0769320685744264
307,2696,9.074307120322658,7,200,0.035,0.01705554191525804,0.0704706118868775
308,1331,6.8020716937975,1,25,0.04,0.007096233423382075,0.1954406391161776
308,2007,7.93472056517174,1,25,0.04,0.007096233423382075,0.1954406391161776
308,2346,8.502720516940775,0,25,0.0,0.0,0.13319225276039096
308,2515,8.785882734784334,3,25,0.12,0.04166817117905038,0.29955794091884674
308,2599,8.926626085665157,0,25,0.0,0.0,0.13319225276039096
308,2620,8.961811923385362,1,25,0.04,0.007096233423382075,0.1954406391161776
308,2624,8.96851398771302,3,100,0.03,0.010254523944281514,0.08451936489857498
308,2625,8.970189503794936,3,100,0.03,0.010254523944281514,0.08451936489857498
308,2626,8.971865019876851,3,100,0.03,0.010254523944281514,0.08451936489857498
308,2627,8.973540535958765,3,100,0.03,0.010254523944281514,0.08451936489857498
308,2628,8.975216052040679,3,100,0.03,0.010254523944281514,0.08451936489857498
308,2629,8.976891568122593,3,100,0.03,0.010254523944281514,0.08451936489857498
308,2630,8.978567084204508,3,100,0.03,0.010254523944281514,0.08451936489857498
308,2631,8.980242600286424,4,100,0.04,0.01566330388275538,0.09837071498472119
308,2632,8.981918116368337,8,200,0.04,0.0204056319610195,0.0769320685744264
308,2636,8.988620180695996,3,25,0.12,0.04166817117905038,0.29955794091884674
308,2639,8.99364672894174,3,25,0.12,0.04166817117905038,0.29955794091884674
308,2640,8.995322245023655,7,200,0.035,0.01705554191525804,0.0704706118868775
308,2672,9.04893875964492,7,200,0.035,0.01705554191525804,0.0704706118868775
308,2680,9.062342888300236,8,200,0.04,0.0204056319610195,0.0769320685744264
308,2688,9.075747016955553,7,200,0.035,0.01705554191525804,0.0704706118868775
309,1322,6.801836074348481,1,25,0.04,0.007096233423382075,0.1954406391161776
309,1998,7.934484945722721,1,25,0.04,0.007096233423382075,0.1954406391161776
309,2337,8.502484897491755,0,25,0.0,0.0,0.13319225276039096
309,2506,8.785647115335316,3,25,0.12,0.04166817117905038,0.29955794091884674
309,2590,8.926390466216137,0,25,0.0,0.0,0.13319225276039096
309,2612,8.963251820018257,1,25,0.04,0.007096233423382075,0.1954406391161776
309,2615,8.968278368264002,3,100,0.03,0.010254523944281514,0.08451936489857498
309,2616,8.969953884345916,3,100,0.03,0.010254523944281514,0.08451936489857498
309,2617,8.97162940042783,3,100,0.03,0.010254523944281514,0.08451936489857498
309,2618,8.973304916509745,3,100,0.03,0.010254523944281514,0.08451936489857498
309,2619,8.97498043259166,3,100,0.03,0.010254523944281514,0.08451936489857498
309,2620,8.976655948673574,3,100,0.03,0.010254523944281514,0.08451936489857498
309,2621,8.978331464755488,3,100,0.03,0.010254523944281514,0.08451936489857498
309,2622,8.980006980837404,4,100,0.04,0.01566330388275538,0.09837071498472119
309,2623,8.98168249691932,8,200,0.04,0.0204056319610195,0.0769320685744264
309,2627,8.988384561246978,3,25,0.12,0.04166817117905038,0.29955794091884674
309,2630,8.993411109492719,3,25,0.12,0.04166817117905038,0.29955794091884674
309,2631,8.995086625574634,7,200,0.035,0.01705554191525804,0.0704706118868775
309,2663,9.0487031401959,7,200,0.035,0.01705554191525804,0.0704706118868775
309,2671,9.062107268851218,8,200,0.04,0.0204056319610195,0.0769320685744264
309,2679,9.075511397506533,7,200,0.035,0.01705554191525804,0.0704706118868775
310,1313,6.801600454899461,1,25,0.04,0.007096233423382075,0.1954406391161776
310,1990,7.935924842355616,1,25,0.04,0.007096233423382075,0.1954406391161776
310,2328,8.502249278042736,0,25,0.0,0.0,0.13319225276039096
310,2497,8.785411495886295,3,25,0.12,0.04166817117905038,0.29955794091884674
310,2582,8.927830362849033,0,25,0.0,0.0,0.13319225276039096
310,2603,8.963016200569239,1,25,0.04,0.007096233423382075,0.1954406391161776
310,2606,8.968042748814982,3,100,0.03,0.010254523944281514,0.08451936489857498
310,2607,8.969718264896898,3,100,0.03,0.010254523944281514,0.08451936489857498
310,2608,8.971393780978811,3,100,0.03,0.010254523944281514,0.08451936489857498
310,2609,8.973069297060725,3,100,0.03,0.010254523944281514,0.08451936489857498
310,2610,8.97474481314264,3,100,0.03,0.010254523944281514,0.08451936489857498
310,2611,8.976420329224556,3,100,0.03,0.010254523944281514,0.08451936489857498
310,2612,8.97809584530647,3,100,0.03,0.010254523944281514,0.08451936489857498
310,2613,8.979771361388384,4,100,0.04,0.01566330388275538,0.09837071498472119
310,2614,8.9814468774703,8,200,0.04,0.0204056319610195,0.0769320685744264
310,2619,8.989824457879871,3,25,0.12,0.04166817117905038,0.29955794091884674
310,2621,8.9931754900437,3,25,0.12,0.04166817117905038,0.29955794091884674
310,2622,8.994851006125614,7,200,0.035,0.01705554191525804,0.0704706118868775
310,2654,9.04846752074688,7,200,0.035,0.01705554191525804,0.0704706118868775
310,2662,9.061871649402198,8,200,0.04,0.0204056319610195,0.0769320685744264
310,2670,9.075275778057513,7,200,0.035,0.01705554191525804,0.0704706118868775
311,1304,6.801364835450442,1,25,0.04,0.007096233423382075,0.1954406391161776
311,1981,7.935689222906596,1,25,0.04,0.007096233423382075,0.1954406391161776
311,2319,8.502013658593716,0,25,0.0,0.0,0.13319225276039096
311,2488,8.785175876437275,3,25,0.12,0.04166817117905038,0.29955794091884674
311,2573,8.927594743400014,0,25,0.0,0.0,0.13319225276039096
311,2594,8.962780581120219,1,25,0.04,0.007096233423382075,0.1954406391161776
311,2597,8.967807129365962,3,100,0.03,0.010254523944281514,0.08451936489857498
311,2598,8.969482645447878,3,100,0.03,0.010254523944281514,0.08451936489857498
311,2599,8.971158161529793,3,100,0.03,0.010254523944281514,0.08451936489857498
311,2600,8.972833677611707,3,100,0.03,0.010254523944281514,0.08451936489857498
311,2601,8.97450919369362,3,100,0.03,0.010254523944281514,0.08451936489857498
311,2602,8.976184709775536,3,100,0.03,0.010254523944281514,0.08451936489857498
311,2603,8.977860225857452,3,100,0.03,0.010254523944281514,0.08451936489857498
311,2604,8.979535741939365,4,100,0.04,0.01566330388275538,0.09837071498472119
311,2605,8.981211258021279,8,200,0.04,0.0204056319610195,0.0769320685744264
311,2610,8.989588838430851,3,25,0.12,0.04166817117905038,0.29955794091884674
311,2612,8.992939870594682,3,25,0.12,0.04166817117905038,0.29955794091884674
311,2613,8.994615386676596,7,200,0.035,0.01705554191525804,0.0704706118868775
311,2645,9.04823190129786,7,200,0.035,0.01705554191525804,0.0704706118868775
311,2653,9.061636029953178,8,200,0.04,0.0204056319610195,0.0769320685744264
311,2661,9.075040158608495,7,200,0.035,0.01705554191525804,0.0704706118868775
312,1295,6.8011292160014225,1,25,0.04,0.007096233423382075,0.1954406391161776
312,1972,7.935453603457577,1,25,0.04,0.007096233423382075,0.1954406391161776
312,2310,8.501778039144696,0,25,0.0,0.0,0.13319225276039096
312,2479,8.784940256988257,3,25,0.12,0.04166817117905038,0.29955794091884674
312,2564,8.927359123950994,0,25,0.0,0.0,0.13319225276039096
312,2585,8.962544961671199,1,25,0.04,0.007096233423382075,0.1954406391161776
312,2588,8.967571509916944,3,100,0.03,0.010254523944281514,0.08451936489857498
312,2589,8.969247025998857,3,100,0.03,0.010254523944281514,0.08451936489857498
312,2590,8.970922542080773,3,100,0.03,0.010254523944281514,0.08451936489857498
312,2591,8.972598058162689,3,100,0.03,0.010254523944281514,0.08451936489857498
312,2592,8.974273574244602,3,100,0.03,0.010254523944281514,0.08451936489857498
312,2593,8.975949090326516,3,100,0.03,0.010254523944281514,0.08451936489857498
312,2594,8.97762460640843,3,100,0.03,0.010254523944281514,0.08451936489857498
312,2595,8.979300122490345,2,100,0.02,0.005501967500661645,0.07001179131757478
312,2596,8.98097563857226,14,200,0.07,0.04215217166140097,0.11405480927390717
312,2601,8.989353218981833,3,25,0.12,0.04166817117905038,0.29955794091884674
312,2604,8.994379767227576,6,200,0.03,0.013820314259191425,0.06389429280963374
312,2636,9.047996281848842,7,200,0.035,0.01705554191525804,0.0704706118868775
312,2644,9.06140041050416,8,200,0.04,0.0204056319610195,0.0769320685744264
312,2652,9.074804539159476,7,200,0.035,0.01705554191525804,0.0704706118868775
313,1286,6.800893596552404,1,25,0.04,0.007096233423382075,0.1954406391161776
313,1963,7.935217984008558,1,25,0.04,0.007096233423382075,0.1954406391161776
313,2301,8.501542419695678,0,25,0.0,0.0,0.13319225276039096
313,2470,8.784704637539239,4,25,0.16,0.06403451412098321,0.3465362177560826
313,2555,8.927123504501976,0,25,0.0,0.0,0.13319225276039096
313,2576,8.96230934222218,1,25,0.04,0.007096233423382075,0.1954406391161776
313,2579,8.967335890467925,3,100,0.03,0.010254523944281514,0.08451936489857498
313,2580,8.96901140654984,3,100,0.03,0.010254523944281514,0.08451936489857498
313,2581,8.970686922631753,3,100,0.03,0.010254523944281514,0.08451936489857498
313,2582,8.972362438713668,3,100,0.03,0.010254523944281514,0.08451936489857498
313,2583,8.974037954795584,3,100,0.03,0.010254523944281514,0.08451936489857498
313,2584,8.975713470877498,3,100,0.03,0.010254523944281514,0.08451936489857498
313,2585,8.977388986959411,3,100,0.03,0.010254523944281514,0.08451936489857498
313,2586,8.979064503041327,2,100,0.02,0.005501967500661645,0.07001179131757478
313,2587,8.980740019123242,14,200,0.07,0.04215217166140097,0.11405480927390717
313,2592,8.989117599532815,3,25,0.12,0.04166817117905038,0.29955794091884674
313,2595,8.994144147778558,6,200,0.03,0.013820314259191425,0.06389429280963374
313,2627,9.047760662399824,8,200,0.04,0.0204056319610195,0.0769320685744264
313,2635,9.061164791055141,8,200,0.04,0.0204056319610195,0.0769320685744264
313,2643,9.074568919710456,7,200,0.035,0.01705554191525804,0.0704706118868775
314,1277,6.800657977103384,1,25,0.04,0.007096233423382075,0.1954406391161776
314,1954,7.93498236455954,1,25,0.04,0.007096233423382075,0.1954406391161776
314,2292,8.50130680024666,0,25,0.0,0.0,0.13319225276039096
314,2462,8.786144534172134,4,25,0.16,0.06403451412098321,0.3465362177560826
314,2546,8.926887885052956,0,25,0.0,0.0,0.13319225276039096
314,2567,8.962073722773162,1,25,0.04,0.007096233423382075,0.1954406391161776
314,2570,8.967100271018905,3,100,0.03,0.010254523944281514,0.08451936489857498
314,2571,8.968775787100821,3,100,0.03,0.010254523944281514,0.08451936489857498
314,2572,8.970451303182735,3,100,0.03,0.010254523944281514,0.08451936489857498
314,2573,8.972126819264648,3,100,0.03,0.010254523944281514,0.08451936489857498
314,2574,8.973802335346564,3,100,0.03,0.010254523944281514,0.08451936489857498
314,2575,8.97547785142848,3,100,0.03,0.010254523944281514,0.08451936489857498
314,2576,8.977153367510393,3,100,0.03,0.010254523944281514,0.08451936489857498
314,2577,8.978828883592307,2,100,0.02,0.005501967500661645,0.07001179131757478
314,2578,8.980504399674222,14,200,0.07,0.04215217166140097,0.11405480927390717
314,2583,8.988881980083795,3,25,0.12,0.04166817117905038,0.29955794091884674
314,2586,8.993908528329538,6,200,0.03,0.013820314259191425,0.06389429280963374
314,2618,9.047525042950804,8,200,0.04,0.0204056319610195,0.0769320685744264
314,2626,9.060929171606121,8,200,0.04,0.0204056319610195,0.0769320685744264
314,2634,9.074333300261436,7,200,0.035,0.01705554191525804,0.0704706118868775
315,1269,6.80209787373628,1,25,0.04,0.007096233423382075,0.1954406391161776
315,1945,7.93474674511052,1,25,0.04,0.007096233423382075,0.1954406391161776
315,2284,8.502746696879555,0,25,0.0,0.0,0.13319225276039096
315,2453,8.785908914723114,4,25,0.16,0.06403451412098321,0.3465362177560826
315,2537,8.926652265603938,0,25,0.0,0.0,0.13319225276039096
315,2558,8.961838103324142,1,25,0.04,0.007096233423382075,0.1954406391161776
315,2562,8.9685401676518,3,100,0.03,0.010254523944281514,0.08451936489857498
315,2563,8.970215683733716,3,100,0.03,0.010254523944281514,0.08451936489857498
315,2564,8.97189119981563,3,100,0.03,0.010254523944281514,0.08451936489857498
315,2565,8.973566715897544,3,100,0.03,0.010254523944281514,0.08451936489857498
315,2566,8.97524223197946,3,100,0.03,0.010254523944281514,0.08451936489857498
315,2567,8.976917748061375,3,100,0.03,0.010254523944281514,0.08451936489857498
315,2568,8.978593264143289,3,100,0.03,0.010254523944281514,0.08451936489857498
315,2569,8.980268780225202,4,100,0.04,0.01566330388275538,0.09837071498472119
315,2570,8.981944296307116,8,200,0.04,0.0204056319610195,0.0769320685744264
315,2574,8.988646360634775,3,25,0.12,0.04166817117905038,0.29955794091884674
315,2577,8.99367290888052,3,25,0.12,0.04166817117905038,0.29955794091884674
315,2578,8.995348424962433,7,200,0.035,0.01705554191525804,0.0704706118868775
315,2610,9.0489649395837,8,200,0.04,0.0204056319610195,0.0769320685744264
315,2618,9.062369068239015,8,200,0.04,0.0204056319610195,0.0769320685744264
315,2626,9.075773196894332,7,200,0.035,0.01705554191525804,0.0704706118868775
316,1260,6.8018622542872595,1,25,0.04,0.007096233423382075,0.1954406391161776
316,1936,7.9345111256615,1,25,0.04,0.007096233423382075,0.1954406391161776
316,2275,8.502511077430535,0,25,0.0,0.0,0.13319225276039096
316,2444,8.785673295274094,4,25,0.16,0.06403451412098321,0.3465362177560826
316,2528,8.926416646154918,0,25,0.0,0.0,0.13319225276039096
316,2550,8.963277999957038,0,25,0.0,0.0,0.13319225276039096
316,2553,8.96830454820278,3,100,0.03,0.010254523944281514,0.08451936489857498
316,2554,8.969980064284696,3,100,0.03,0.010254523944281514,0.08451936489857498
316,2555,8.971655580366612,3,100,0.03,0.010254523944281514,0.08451936489857498
316,2556,8.973331096448526,3,100,0.03,0.010254523944281514,0.08451936489857498
316,2557,8.97500661253044,3,100,0.03,0.010254523944281514,0.08451936489857498
316,2558,8.976682128612353,3,100,0.03,0.010254523944281514,0.08451936489857498
316,2559,8.978357644694269,3,100,0.03,0.010254523944281514,0.08451936489857498
316,2560,8.980033160776184,4,100,0.04,0.01566330388275538,0.09837071498472119
316,2561,8.981708676858098,8,200,0.04,0.0204056319610195,0.0769320685744264
316,2565,8.988410741185756,3,25,0.12,0.04166817117905038,0.29955794091884674
316,2568,8.9934372894315,3,25,0.12,0.04166817117905038,0.29955794091884674
316,2569,8.995112805513415,7,200,0.035,0.01705554191525804,0.0704706118868775
316,2601,9.04872932013468,8,200,0.04,0.0204056319610195,0.0769320685744264
316,2609,9.062133448789996,8,200,0.04,0.0204056319610195,0.0769320685744264
316,2617,9.075537577445314,7,200,0.035,0.01705554191525804,0.0704706118868775
317,1251,6.801626634838241,1,25,0.04,0.007096233423382075,0.1954406391161776
317,1928,7.935951022294395,1,25,0.04,0.007096233423382075,0.1954406391161776
317,2266,8.502275457981515,0,25,0.0,0.0,0.13319225276039096
317,2435,8.785437675825076,4,25,0.16,0.06403451412098321,0.3465362177560826
317,2520,8.927856542787811,0,25,0.0,0.0,0.13319225276039096
317,2541,8.963042380508018,1,25,0.04,0.007096233423382075,0.1954406391161776
317,2544,8.968068928753762,2,100,0.02,0.005501967500661645,0.07001179131757478
317,2545,8.969744444835676,2,100,0.02,0.005501967500661645,0.07001179131757478
317,2546,8.97141996091759,2,100,0.02,0.005501967500661645,0.07001179131757478
317,2547,8.973095476999505,2,100,0.02,0.005501967500661645,0.07001179131757478
317,2548,8.974770993081421,2,100,0.02,0.005501967500661645,0.07001179131757478
317,2549,8.976446509163335,2,100,0.02,0.005501967500661645,0.07001179131757478
317,2550,8.978122025245248,2,100,0.02,0.005501967500661645,0.07001179131757478
317,2551,8.979797541327164,6,100,0.06,0.027786123800628153,0.12476815511608857
317,2552,8.98147305740908,8,200,0.04,0.0204056319610195,0.0769320685744264
317,2557,8.989850637818652,3,25,0.12,0.04166817117905038,0.29955794091884674
317,2559,8.99320166998248,3,25,0.12,0.04166817117905038,0.29955794091884674
317,2560,8.994877186064395,7,200,0.035,0.01705554191525804,0.0704706118868775
317,2592,9.048493700685661,8,200,0.04,0.0204056319610195,0.0769320685744264
317,2600,9.061897829340978,8,200,0.04,0.0204056319610195,0.0769320685744264
317,2608,9.075301957996293,8,200,0.04,0.0204056319610195,0.0769320685744264
318,1242,6.801391015389222,1,25,0.04,0.007096233423382075,0.1954406391161776
318,1919,7.935715402845377,1,25,0.04,0.007096233423382075,0.1954406391161776
318,2257,8.502039838532497,0,25,0.0,0.0,0.13319225276039096
318,2426,8.785202056376058,4,25,0.16,0.06403451412098321,0.3465362177560826
318,2511,8.927620923338793,0,25,0.0,0.0,0.13319225276039096
318,2532,8.962806761059,1,25,0.04,0.007096233423382075,0.1954406391161776
318,2535,8.967833309304744,2,100,0.02,0.005501967500661645,0.07001179131757478
318,2536,8.969508825386658,2,100,0.02,0.005501967500661645,0.07001179131757478
318,2537,8.971184341468572,2,100,0.02,0.005501967500661645,0.07001179131757478
318,2538,8.972859857550487,2,100,0.02,0.005501967500661645,0.07001179131757478
318,2539,8.974535373632403,2,100,0.02,0.005501967500661645,0.07001179131757478
318,2540,8.976210889714316,2,100,0.02,0.005501967500661645,0.07001179131757478
318,2541,8.97788640579623,2,100,0.02,0.005501967500661645,0.07001179131757478
318,2542,8.979561921878146,6,100,0.06,0.027786123800628153,0.12476815511608857
318,2543,8.981237437960061,8,200,0.04,0.0204056319610195,0.0769320685744264
318,2548,8.989615018369634,3,25,0.12,0.04166817117905038,0.29955794091884674
318,2550,8.992966050533461,3,25,0.12,0.04166817117905038,0.29955794091884674
318,2551,8.994641566615377,7,200,0.035,0.01705554191525804,0.0704706118868775
318,2583,9.048258081236643,8,200,0.04,0.0204056319610195,0.0769320685744264
318,2591,9.06166220989196,8,200,0.04,0.0204056319610195,0.0769320685744264
318,2599,9.075066338547275,8,200,0.04,0.0204056319610195,0.0769320685744264
319,1233,6.801155395940203,1,25,0.04,0.007096233423382075,0.1954406391161776
319,1910,7.9354797833963575,1,25,0.04,0.007096233423382075,0.1954406391161776
319,2248,8.501804219083478,0,25,0.0,0.0,0.13319225276039096
319,2417,8.784966436927037,4,25,0.16,0.06403451412098321,0.3465362177560826
319,2502,8.927385303889775,0,25,0.0,0.0,0.13319225276039096
319,2523,8.962571141609981,1,25,0.04,0.007096233423382075,0.1954406391161776
319,2526,8.967597689855724,2,100,0.02,0.005501967500661645,0.07001179131757478
319,2527,8.96927320593764,2,100,0.02,0.005501967500661645,0.07001179131757478
319,2528,8.970948722019553,2,100,0.02,0.005501967500661645,0.07001179131757478
319,2529,8.972624238101467,2,100,0.02,0.005501967500661645,0.07001179131757478
319,2530,8.974299754183383,2,100,0.02,0.005501967500661645,0.07001179131757478
319,2531,8.975975270265298,2,100,0.02,0.005501967500661645,0.07001179131757478
319,2532,8.977650786347212,2,100,0.02,0.005501967500661645,0.07001179131757478
319,2533,8.979326302429126,2,100,0.02,0.005501967500661645,0.07001179131757478
319,2534,8.98100181851104,14,200,0.07,0.04215217166140097,0.11405480927390717
319,2539,8.989379398920613,3,25,0.12,0.04166817117905038,0.29955794091884674
319,2542,8.994405947166356,7,200,0.035,0.01705554191525804,0.0704706118868775
319,2574,9.048022461787623,8,200,0.04,0.0204056319610195,0.0769320685744264
319,2582,9.061426590442938,8,200,0.04,0.0204056319610195,0.0769320685744264
319,2590,9.074830719098255,8,200,0.04,0.0204056319610195,0.0769320685744264
320,1224,6.800919776491183,1,25,0.04,0.007096233423382075,0.1954406391161776
320,1901,7.935244163947338,1,25,0.04,0.007096233423382075,0.1954406391161776
320,2239,8.501568599634458,0,25,0.0,0.0,0.13319225276039096
320,2408,8.784730817478017,4,25,0.16,0.06403451412098321,0.3465362177560826
320,2493,8.927149684440757,0,25,0.0,0.0,0.13319225276039096
320,2514,8.962335522160961,1,25,0.04,0.007096233423382075,0.1954406391161776
320,2517,8.967362070406704,2,100,0.02,0.005501967500661645,0.07001179131757478
320,2518,8.96903758648862,2,100,0.02,0.005501967500661645,0.07001179131757478
320,2519,8.970713102570535,2,100,0.02,0.005501967500661645,0.07001179131757478
320,2520,8.972388618652449,2,100,0.02,0.005501967500661645,0.07001179131757478
320,2521,8.974064134734363,2,100,0.02,0.005501967500661645,0.07001179131757478
320,2522,8.975739650816276,2,100,0.02,0.005501967500661645,0.07001179131757478
320,2523,8.977415166898192,2,100,0.02,0.005501967500661645,0.07001179131757478
320,2524,8.979090682980107,2,100,0.02,0.005501967500661645,0.07001179131757478
320,2525,8.980766199062021,14,200,0.07,0.04215217166140097,0.11405480927390717
320,2530,8.989143779471593,3,25,0.12,0.04166817117905038,0.29955794091884674
320,2533,8.994170327717338,7,200,0.035,0.01705554191525804,0.0704706118868775
320,2565,9.047786842338603,8,200,0.04,0.0204056319610195,0.0769320685744264
320,2573,9.06119097099392,8,200,0.04,0.0204056319610195,0.0769320685744264
320,2581,9.074595099649237,8,200,0.04,0.0204056319610195,0.0769320685744264
321,1215,6.800684157042165,1,25,0.04,0.007096233423382075,0.1954406391161776
321,1892,7.935008544498318,1,25,0.04,0.007096233423382075,0.1954406391161776
321,2230,8.501332980185438,0,25,0.0,0.0,0.13319225276039096
321,2400,8.786170714110913,4,25,0.16,0.06403451412098321,0.3465362177560826
321,2484,8.926914064991735,0,25,0.0,0.0,0.13319225276039096
321,2505,8.962099902711941,1,25,0.04,0.007096233423382075,0.1954406391161776
321,2508,8.967126450957686,2,100,0.02,0.005501967500661645,0.07001179131757478
321,2509,8.9688019670396,2,100,0.02,0.005501967500661645,0.07001179131757478
321,2510,8.970477483121513,2,100,0.02,0.005501967500661645,0.07001179131757478
321,2511,8.972152999203429,2,100,0.02,0.005501967500661645,0.07001179131757478
321,2512,8.973828515285344,2,100,0.02,0.005501967500661645,0.07001179131757478
321,2513,8.975504031367258,2,100,0.02,0.005501967500661645,0.07001179131757478
321,2514,8.977179547449172,2,100,0.02,0.005501967500661645,0.07001179131757478
321,2515,8.978855063531087,2,100,0.02,0.005501967500661645,0.07001179131757478
321,2516,8.980530579613003,14,200,0.07,0.04215217166140097,0.11405480927390717
321,2521,8.988908160022575,3,25,0.12,0.04166817117905038,0.29955794091884674
321,2524,8.993934708268318,7,200,0.035,0.01705554191525804,0.0704706118868775
321,2556,9.047551222889584,8,200,0.04,0.0204056319610195,0.0769320685744264
321,2564,9.060955351544902,8,200,0.04,0.0204056319610195,0.0769320685744264
321,2572,9.074359480200217,8,200,0.04,0.0204056319610195,0.0769320685744264
322,1207,6.802124053675059,1,25,0.04,0.007096233423382075,0.1954406391161776
322,1883,7.934772925049299,1,25,0.04,0.007096233423382075,0.1954406391161776
322,2222,8.502772876818334,0,25,0.0,0.0,0.13319225276039096
322,2391,8.785935094661895,4,25,0.16,0.06403451412098321,0.3465362177560826
322,2475,8.926678445542716,1,25,0.04,0.007096233423382075,0.1954406391161776
322,2496,8.961864283262923,1,25,0.04,0.007096233423382075,0.1954406391161776
322,2500,8.968566347590581,2,100,0.02,0.005501967500661645,0.07001179131757478
322,2501,8.970241863672495,2,100,0.02,0.005501967500661645,0.07001179131757478
322,2502,8.971917379754409,2,100,0.02,0.005501967500661645,0.07001179131757478
322,2503,8.973592895836324,2,100,0.02,0.005501967500661645,0.07001179131757478
322,2504,8.97526841191824,2,100,0.02,0.005501967500661645,0.07001179131757478
322,2505,8.976943928000154,2,100,0.02,0.005501967500661645,0.07001179131757478
322,2506,8.978619444082067,2,100,0.02,0.005501967500661645,0.07001179131757478
322,2507,8.980294960163983,6,100,0.06,0.027786123800628153,0.12476815511608857
322,2508,8.981970476245897,8,200,0.04,0.0204056319610195,0.0769320685744264
322,2512,8.988672540573555,3,25,0.12,0.04166817117905038,0.29955794091884674
322,2515,8.993699088819298,3,25,0.12,0.04166817117905038,0.29955794091884674
322,2516,8.995374604901214,8,200,0.04,0.0204056319610195,0.0769320685744264
322,2548,9.04899111952248,8,200,0.04,0.0204056319610195,0.0769320685744264
322,2556,9.062395248177795,9,200,0.045,0.02385254288504434,0.08329670438371192
322,2564,9.075799376833112,8,200,0.04,0.0204056319610195,0.0769320685744264
323,1198,6.801888434226041,1,25,0.04,0.007096233423382075,0.1954406391161776
323,1874,7.934537305600281,1,25,0.04,0.007096233423382075,0.1954406391161776
323,2213,8.502537257369315,0,25,0.0,0.0,0.13319225276039096
323,2382,8.785699475212876,4,25,0.16,0.06403451412098321,0.3465362177560826
323,2466,8.926442826093698,1,25,0.04,0.007096233423382075,0.1954406391161776
323,2488,8.963304179895818,1,25,0.04,0.007096233423382075,0.1954406391161776
323,2491,8.968330728141563,2,100,0.02,0.005501967500661645,0.07001179131757478
323,2492,8.970006244223477,2,100,0.02,0.005501967500661645,0.07001179131757478
323,2493,8.97168176030539,2,100,0.02,0.005501967500661645,0.07001179131757478
323,2494,8.973357276387306,2,100,0.02,0.005501967500661645,0.07001179131757478
323,2495,8.975032792469221,2,100,0.02,0.005501967500661645,0.07001179131757478
323,2496,8.976708308551135,2,100,0.02,0.005501967500661645,0.07001179131757478
323,2497,8.978383824633049,2,100,0.02,0.005501967500661645,0.07001179131757478
323,2498,8.980059340714963,6,100,0.06,0.027786123800628153,0.12476815511608857
323,2499,8.981734856796878,8,200,0.04,0.0204056319610195,0.0769320685744264
323,2503,8.988436921124537,3,25,0.12,0.04166817117905038,0.29955794091884674
323,2506,8.99346346937028,3,25,0.12,0.04166817117905038,0.29955794091884674
323,2507,8.995138985452195,8,200,0.04,0.0204056319610195,0.0769320685744264
323,2539,9.048755500073462,8,200,0.04,0.0204056319610195,0.0769320685744264
323,2547,9.062159628728777,9,200,0.045,0.02385254288504434,0.08329670438371192
323,2555,9.075563757384094,8,200,0.04,0.0204056319610195,0.0769320685744264
324,1189,6.801652814777022,1,25,0.04,0.007096233423382075,0.1954406391161776
324,1866,7.935977202233175,1,25,0.04,0.007096233423382075,0.1954406391161776
324,2204,8.502301637920295,0,25,0.0,0.0,0.13319225276039096
324,2373,8.785463855763856,4,25,0.16,0.06403451412098321,0.3465362177560826
324,2458,8.927882722726594,1,25,0.04,0.007096233423382075,0.1954406391161776
324,2479,8.9630685604468,1,25,0.04,0.007096233423382075,0.1954406391161776
324,2482,8.968095108692543,2,100,0.02,0.005501967500661645,0.07001179131757478
324,2483,8.969770624774457,2,100,0.02,0.005501967500661645,0.07001179131757478
324,2484,8.971446140856372,2,100,0.02,0.005501967500661645,0.07001179131757478
324,2485,8.973121656938286,2,100,0.02,0.005501967500661645,0.07001179131757478
324,2486,8.9747971730202,2,100,0.02,0.005501967500661645,0.07001179131757478
324,2487,8.976472689102115,2,100,0.02,0.005501967500661645,0.07001179131757478
324,2488,8.97814820518403,2,100,0.02,0.005501967500661645,0.07001179131757478
324,2489,8.979823721265944,6,100,0.06,0.027786123800628153,0.12476815511608857
324,2490,8.981499237347858,8,200,0.04,0.0204056319610195,0.0769320685744264
324,2495,8.989876817757432,3,25,0.12,0.04166817117905038,0.29955794091884674
324,2497,8.993227849921261,3,25,0.12,0.04166817117905038,0.29955794091884674
324,2498,8.994903366003175,9,200,0.045,0.02385254288504434,0.08329670438371192
324,2530,9.048519880624442,8,200,0.04,0.0204056319610195,0.0769320685744264
324,2538,9.061924009279757,9,200,0.045,0.02385254288504434,0.08329670438371192
324,2546,9.075328137935074,8,200,0.04,0.0204056319610195,0.0769320685744264
325,1180,6.801417195328002,1,25,0.04,0.007096233423382075,0.1954406391161776
325,1857,7.935741582784157,1,25,0.04,0.007096233423382075,0.1954406391161776
325,2195,8.502066018471277,0,25,0.0,0.0,0.13319225276039096
325,2364,8.785228236314836,4,25,0.16,0.06403451412098321,0.3465362177560826
325,2449,8.927647103277573,1,25,0.04,0.007096233423382075,0.1954406391161776
325,2470,8.96283294099778,1,25,0.04,0.007096233423382075,0.1954406391161776
325,2473,8.967859489243523,2,100,0.02,0.005501967500661645,0.07001179131757478
325,2474,8.969535005325437,2,100,0.02,0.005501967500661645,0.07001179131757478
325,2475,8.971210521407352,2,100,0.02,0.005501967500661645,0.07001179131757478
325,2476,8.972886037489268,2,100,0.02,0.005501967500661645,0.07001179131757478
325,2477,8.974561553571181,2,100,0.02,0.005501967500661645,0.07001179131757478
325,2478,8.976237069653095,2,100,0.02,0.005501967500661645,0.07001179131757478
325,2479,8.97791258573501,2,100,0.02,0.005501967500661645,0.07001179131757478
325,2480,8.979588101816926,6,100,0.06,0.027786123800628153,0.12476815511608857
325,2481,8.98126361789884,8,200,0.04,0.0204056319610195,0.0769320685744264
325,2486,8.989641198308412,3,25,0.12,0.04166817117905038,0.29955794091884674
325,2488,8.992992230472241,3,25,0.12,0.04166817117905038,0.29955794091884674
325,2489,8.994667746554157,9,200,0.045,0.02385254288504434,0.08329670438371192
325,2521,9.048284261175422,8,200,0.04,0.0204056319610195,0.0769320685744264
325,2529,9.061688389830739,9,200,0.045,0.02385254288504434,0.08329670438371192
325,2537,9.075092518486056,8,200,0.04,0.0204056319610195,0.0769320685744264
326,1171,6.801181575878982,1,25,0.04,0.007096233423382075,0.1954406391161776
326,1848,7.935505963335137,1,25,0.04,0.007096233423382075,0.1954406391161776
326,2186,8.501830399022257,0,25,0.0,0.0,0.13319225276039096
326,2355,8.784992616865818,4,25,0.16,0.06403451412098321,0.3465362177560826
326,2440,8.927411483828553,2,25,0.08,0.022220401084126245,0.24966109123460217
326,2461,8.96259732154876,1,25,0.04,0.007096233423382075,0.1954406391161776
326,2464,8.967623869794505,2,100,0.02,0.005501967500661645,0.07001179131757478
326,2465,8.969299385876418,2,100,0.02,0.005501967500661645,0.07001179131757478
326,2466,8.970974901958332,2,100,0.02,0.005501967500661645,0.07001179131757478
326,2467,8.972650418040248,2,100,0.02,0.005501967500661645,0.07001179131757478
326,2468,8.974325934122163,2,100,0.02,0.005501967500661645,0.07001179131757478
326,2469,8.976001450204077,2,100,0.02,0.005501967500661645,0.07001179131757478
326,2470,8.97767696628599,2,100,0.02,0.005501967500661645,0.07001179131757478
326,2471,8.979352482367904,2,100,0.02,0.005501967500661645,0.07001179131757478
326,2472,8.98102799844982,14,200,0.07,0.04215217166140097,0.11405480927390717
326,2477,8.989405578859394,3,25,0.12,0.04166817117905038,0.29955794091884674
326,2479,8.992756611023221,3,25,0.12,0.04166817117905038,0.29955794091884674
326,2480,8.994432127105137,10,200,0.05,0.027382645473457017,0.08957814852860962
326,2512,9.048048641726403,9,200,0.045,0.02385254288504434,0.08329670438371192
326,2520,9.061452770381718,10,200,0.05,0.027382645473457017,0.08957814852860962
326,2528,9.074856899037036,8,200,0.04,0.0204056319610195,0.0769320685744264
327,1162,6.800945956429963,1,25,0.04,0.007096233423382075,0.1954406391161776
327,1839,7.935270343886118,1,25,0.04,0.007096233423382075,0.1954406391161776
327,2177,8.501594779573239,0,25,0.0,0.0,0.13319225276039096
327,2346,8.784756997416798,4,25,0.16,0.06403451412098321,0.3465362177560826
327,2431,8.927175864379535,2,25,0.08,0.022220401084126245,0.24966109123460217
327,2452,8.962361702099741,1,25,0.04,0.007096233423382075,0.1954406391161776
327,2455,8.967388250345484,2,100,0.02,0.005501967500661645,0.07001179131757478
327,2456,8.9690637664274,2,100,0.02,0.005501967500661645,0.07001179131757478
327,2457,8.970739282509314,2,100,0.02,0.005501967500661645,0.07001179131757478
327,2458,8.972414798591227,2,100,0.02,0.005501967500661645,0.07001179131757478
327,2459,8.974090314673141,2,100,0.02,0.005501967500661645,0.07001179131757478
327,2460,8.975765830755057,2,100,0.02,0.005501967500661645,0.07001179131757478
327,2461,8.977441346836972,2,100,0.02,0.005501967500661645,0.07001179131757478
327,2462,8.979116862918886,2,100,0.02,0.005501967500661645,0.07001179131757478
327,2463,8.9807923790008,14,200,0.07,0.04215217166140097,0.11405480927390717
327,2468,8.989169959410374,3,25,0.12,0.04166817117905038,0.29955794091884674
327,2471,8.994196507656117,8,200,0.04,0.0204056319610195,0.0769320685744264
327,2503,9.047813022277383,9,200,0.045,0.02385254288504434,0.08329670438371192
327,2511,9.061217150932698,10,200,0.05,0.027382645473457017,0.08957814852860962
327,2519,9.074621279588015,9,200,0.045,0.02385254288504434,0.08329670438371192
328,1153,6.800710336980945,1,25,0.04,0.007096233423382075,0.1954406391161776
328,1830,7.935034724437099,1,25,0.04,0.007096233423382075,0.1954406391161776
328,2168,8.501359160124219,0,25,0.0,0.0,0.13319225276039096
328,2338,8.786196894049693,4,25,0.16,0.06403451412098321,0.3465362177560826
328,2422,8.926940244930517,2,25,0.08,0.022220401084126245,0.24966109123460217
328,2443,8.962126082650723,1,25,0.04,0.007096233423382075,0.1954406391161776
328,2446,8.967152630896466,2,100,0.02,0.005501967500661645,0.07001179131757478
328,2447,8.96882814697838,2,100,0.02,0.005501967500661645,0.07001179131757478
328,2448,8.970503663060295,2,100,0.02,0.005501967500661645,0.07001179131757478
328,2449,8.97217917914221,2,100,0.02,0.005501967500661645,0.07001179131757478
328,2450,8.973854695224123,2,100,0.02,0.005501967500661645,0.07001179131757478
328,2451,8.975530211306038,2,100,0.02,0.005501967500661645,0.07001179131757478
328,2452,8.977205727387954,2,100,0.02,0.005501967500661645,0.07001179131757478
328,2453,8.978881243469868,2,100,0.02,0.005501967500661645,0.07001179131757478
328,2454,8.980556759551781,14,200,0.07,0.04215217166140097,0.11405480927390717
328,2459,8.988934339961354,3,25,0.12,0.04166817117905038,0.29955794091884674
328,2462,8.993960888207098,8,200,0.04,0.0204056319610195,0.0769320685744264
328,2494,9.047577402828365,9,200,0.045,0.02385254288504434,0.08329670438371192
328,2502,9.06098153148368,11,200,0.055,0.03098534156570805,0.09578699916966896
328,2510,9.074385660138997,9,200,0.045,0.02385254288504434,0.08329670438371192
329,1145,6.8021502336138395,1,25,0.04,0.007096233423382075,0.1954406391161776
329,1821,7.93479910498808,1,25,0.04,0.007096233423382075,0.1954406391161776
329,2160,8.502799056757114,0,25,0.0,0.0,0.13319225276039096
329,2329,8.785961274600673,4,25,0.16,0.06403451412098321,0.3465362177560826
329,2413,8.926704625481497,2,25,0.08,0.022220401084126245,0.24966109123460217
329,2434,8.961890463201703,1,25,0.04,0.007096233423382075,0.1954406391161776
329,2438,8.96859252752936,2,100,0.02,0.005501967500661645,0.07001179131757478
329,2439,8.970268043611275,2,100,0.02,0.005501967500661645,0.07001179131757478
329,2440,8.971943559693191,2,100,0.02,0.005501967500661645,0.07001179131757478
329,2441,8.973619075775105,2,100,0.02,0.005501967500661645,0.07001179131757478
329,2442,8.975294591857018,2,100,0.02,0.005501967500661645,0.07001179131757478
329,2443,8.976970107938934,2,100,0.02,0.005501967500661645,0.07001179131757478
329,2444,8.97864562402085,2,100,0.02,0.005501967500661645,0.07001179131757478
329,2445,8.980321140102763,6,100,0.06,0.027786123800628153,0.12476815511608857
329,2446,8.981996656184677,8,200,0.04,0.0204056319610195,0.0769320685744264
329,2450,8.988698720512335,3,25,0.12,0.04166817117905038,0.29955794091884674
329,2453,8.99372526875808,3,25,0.12,0.04166817117905038,0.29955794091884674
329,2454,8.995400784839994,11,200,0.055,0.03098534156570805,0.09578699916966896
329,2486,9.049017299461259,9,200,0.045,0.02385254288504434,0.08329670438371192
329,2494,9.062421428116576,11,200,0.055,0.03098534156570805,0.09578699916966896
329,2502,9.075825556771893,9,200,0.045,0.02385254288504434,0.08329670438371192
330,1136,6.80191461416482,1,25,0.04,0.007096233423382075,0.1954406391161776
330,1812,7.93456348553906,1,25,0.04,0.007096233423382075,0.1954406391161776
330,2151,8.502563437308094,0,25,0.0,0.0,0.13319225276039096
330,2320,8.785725655151655,4,25,0.16,0.06403451412098321,0.3465362177560826
330,2404,8.926469006032477,2,25,0.08,0.022220401084126245,0.24966109123460217
330,2426,8.963330359834597,2,25,0.08,0.022220401084126245,0.24966109123460217
330,2429,8.968356908080342,2,100,0.02,0.005501967500661645,0.07001179131757478
330,2430,8.970032424162255,2,100,0.02,0.005501967500661645,0.07001179131757478
330,2431,8.97170794024417,2,100,0.02,0.005501967500661645,0.07001179131757478
330,2432,8.973383456326086,2,100,0.02,0.005501967500661645,0.07001179131757478
330,2433,8.975058972408,2,100,0.02,0.005501967500661645,0.07001179131757478
330,2434,8.976734488489914,2,100,0.02,0.005501967500661645,0.07001179131757478
330,2435,8.978410004571828,2,100,0.02,0.005501967500661645,0.07001179131757478
330,2436,8.980085520653743,6,100,0.06,0.027786123800628153,0.12476815511608857
330,2437,8.981761036735659,8,200,0.04,0.0204056319610195,0.0769320685744264
330,2441,8.988463101063317,3,25,0.12,0.04166817117905038,0.29955794091884674
330,2444,8.99348964930906,3,25,0.12,0.04166817117905038,0.29955794091884674
330,2445,8.995165165390976,11,200,0.055,0.03098534156570805,0.09578699916966896
330,2477,9.04878168001224,10,200,0.05,0.027382645473457017,0.08957814852860962
330,2485,9.062185808667557,11,200,0.055,0.03098534156570805,0.09578699916966896
330,2493,9.075589937322874,10,200,0.05,0.027382645473457017,0.08957814852860962
331,1127,6.801678994715801,1,25,0.04,0.007096233423382075,0.1954406391161776
331,1803,7.934327866090041,1,25,0.04,0.007096233423382075,0.1954406391161776
331,2142,8.502327817859076,0,25,0.0,0.0,0.13319225276039096
331,2311,8.785490035702635,4,25,0.16,0.06403451412098321,0.3465362177560826
331,2396,8.927908902665372,2,25,0.08,0.022220401084126245,0.24966109123460217
331,2417,8.963094740385579,2,25,0.08,0.022220401084126245,0.24966109123460217
331,2420,8.968121288631323,2,100,0.02,0.005501967500661645,0.07001179131757478
331,2421,8.969796804713237,2,100,0.02,0.005501967500661645,0.07001179131757478
331,2422,8.97147232079515,2,100,0.02,0.005501967500661645,0.07001179131757478
331,2423,8.973147836877065,2,100,0.02,0.005501967500661645,0.07001179131757478
331,2424,8.97482335295898,2,100,0.02,0.005501967500661645,0.07001179131757478
331,2425,8.976498869040896,2,100,0.02,0.005501967500661645,0.07001179131757478
331,2426,8.97817438512281,2,100,0.02,0.005501967500661645,0.07001179131757478
331,2427,8.979849901204723,6,100,0.06,0.027786123800628153,0.12476815511608857
331,2428,8.981525417286639,8,200,0.04,0.0204056319610195,0.0769320685744264
331,2433,8.989902997696213,3,25,0.12,0.04166817117905038,0.29955794091884674
331,2435,8.99325402986004,3,25,0.12,0.04166817117905038,0.29955794091884674
331,2436,8.994929545941954,13,200,0.065,0.03837635449161451,0.10801907971038324
331,2468,9.048546060563222,10,200,0.05,0.027382645473457017,0.08957814852860962
331,2476,9.061950189218537,11,200,0.055,0.03098534156570805,0.09578699916966896
331,2484,9.075354317873852,10,200,0.05,0.027382645473457017,0.08957814852860962
332,1118,6.801443375266782,1,25,0.04,0.007096233423382075,0.1954406391161776
332,1795,7.935767762722936,1,25,0.04,0.007096233423382075,0.1954406391161776
332,2133,8.502092198410056,0,25,0.0,0.0,0.13319225276039096
332,2302,8.785254416253617,4,25,0.16,0.06403451412098321,0.3465362177560826
332,2387,8.927673283216354,2,25,0.08,0.022220401084126245,0.24966109123460217
332,2408,8.96285912093656,2,25,0.08,0.022220401084126245,0.24966109123460217
332,2411,8.967885669182301,2,100,0.02,0.005501967500661645,0.07001179131757478
332,2412,8.969561185264217,2,100,0.02,0.005501967500661645,0.07001179131757478
332,2413,8.971236701346132,2,100,0.02,0.005501967500661645,0.07001179131757478
332,2414,8.972912217428046,2,100,0.02,0.005501967500661645,0.07001179131757478
332,2415,8.97458773350996,2,100,0.02,0.005501967500661645,0.07001179131757478
332,2416,8.976263249591875,2,100,0.02,0.005501967500661645,0.07001179131757478
332,2417,8.977938765673791,2,100,0.02,0.005501967500661645,0.07001179131757478
332,2418,8.979614281755705,6,100,0.06,0.027786123800628153,0.12476815511608857
332,2419,8.981289797837618,8,200,0.04,0.0204056319610195,0.0769320685744264
332,2424,8.98966737824719,3,25,0.12,0.04166817117905038,0.29955794091884674
332,2426,8.993018410411022,3,25,0.12,0.04166817117905038,0.29955794091884674
332,2427,8.994693926492936,13,200,0.065,0.03837635449161451,0.10801907971038324
332,2459,9.0483104411142,10,200,0.05,0.027382645473457017,0.08957814852860962
332,2467,9.061714569769517,11,200,0.055,0.03098534156570805,0.09578699916966896
332,2475,9.075118698424834,10,200,0.05,0.027382645473457017,0.08957814852860962
333,1109,6.801207755817762,1,25,0.04,0.007096233423382075,0.1954406391161776
333,1786,7.9355321432739165,1,25,0.04,0.007096233423382075,0.1954406391161776
333,2124,8.501856578961036,1,25,0.04,0.007096233423382075,0.1954406391161776
333,2293,8.785018796804597,4,25,0.16,0.06403451412098321,0.3465362177560826
333,2378,8.927437663767334,3,25,0.12,0.04166817117905038,0.29955794091884674
333,2399,8.962623501487538,2,25,0.08,0.022220401084126245,0.24966109123460217
333,2402,8.967650049733283,3,100,0.03,0.010254523944281514,0.08451936489857498
333,2403,8.969325565815197,3,100,0.03,0.010254523944281514,0.08451936489857498
333,2404,8.971001081897112,3,100,0.03,0.010254523944281514,0.08451936489857498
333,2405,8.972676597979028,3,100,0.03,0.010254523944281514,0.08451936489857498
333,2406,8.974352114060942,3,100,0.03,0.010254523944281514,0.08451936489857498
333,2407,8.976027630142855,3,100,0.03,0.010254523944281514,0.08451936489857498
333,2408,8.977703146224771,3,100,0.03,0.010254523944281514,0.08451936489857498
333,2409,8.979378662306686,3,100,0.03,0.010254523944281514,0.08451936489857498
333,2410,8.9810541783886,16,200,0.08,0.04984058570487163,0.12598948869705726
333,2415,8.989431758798172,3,25,0.12,0.04166817117905038,0.29955794091884674
333,2417,8.992782790962002,3,25,0.12,0.04166817117905038,0.29955794091884674
333,2418,8.994458307043917,13,200,0.065,0.03837635449161451,0.10801907971038324
333,2450,9.048074821665182,11,200,0.055,0.03098534156570805,0.09578699916966896
333,2458,9.061478950320499,12,200,0.06,0.03465219410651454,0.10193169336217282
333,2466,9.074883078975816,13,200,0.065,0.03837635449161451,0.10801907971038324
334,1100,6.800972136368744,1,25,0.04,0.007096233423382075,0.1954406391161776
334,1777,7.935296523824898,1,25,0.04,0.007096233423382075,0.1954406391161776
334,2115,8.501620959512017,1,25,0.04,0.007096233423382075,0.1954406391161776
334,2284,8.784783177355578,4,25,0.16,0.06403451412098321,0.3465362177560826
334,2369,8.927202044318316,3,25,0.12,0.04166817117905038,0.29955794091884674
334,2390,8.96238788203852,2,25,0.08,0.022220401084126245,0.24966109123460217
334,2393,8.967414430284265,4,100,0.04,0.01566330388275538,0.09837071498472119
334,2394,8.969089946366179,4,100,0.04,0.01566330388275538,0.09837071498472119
334,2395,8.970765462448094,4,100,0.04,0.01566330388275538,0.09837071498472119
334,2396,8.97244097853001,4,100,0.04,0.01566330388275538,0.09837071498472119
334,2397,8.974116494611923,4,100,0.04,0.01566330388275538,0.09837071498472119
334,2398,8.975792010693837,4,100,0.04,0.01566330388275538,0.09837071498472119
334,2399,8.97746752677575,4,100,0.04,0.01566330388275538,0.09837071498472119
334,2400,8.979143042857666,4,100,0.04,0.01566330388275538,0.09837071498472119
334,2401,8.980818558939582,16,200,0.08,0.04984058570487163,0.12598948869705726
334,2406,8.989196139349154,3,25,0.12,0.04166817117905038,0.29955794091884674
334,2409,8.994222687594899,13,200,0.065,0.03837635449161451,0.10801907971038324
334,2441,9.047839202216164,11,200,0.055,0.03098534156570805,0.09578699916966896
334,2449,9.06124333087148,12,200,0.06,0.03465219410651454,0.10193169336217282
334,2457,9.074647459526798,13,200,0.065,0.03837635449161451,0.10801907971038324
335,1091,6.8007365169197245,1,25,0.04,0.007096233423382075,0.1954406391161776
335,1768,7.935060904375879,1,25,0.04,0.007096233423382075,0.1954406391161776
335,2106,8.501385340062999,1,25,0.04,0.007096233423382075,0.1954406391161776
335,2276,8.786223073988474,4,25,0.16,0.06403451412098321,0.3465362177560826
335,2360,8.926966424869295,3,25,0.12,0.04166817117905038,0.29955794091884674
335,2381,8.962152262589502,2,25,0.08,0.022220401084126245,0.24966109123460217
335,2384,8.967178810835245,5,100,0.05,0.021543679017992166,0.1117504698741045
335,2385,8.96885432691716,5,100,0.05,0.021543679017992166,0.1117504698741045
335,2386,8.970529842999074,5,100,0.05,0.021543679017992166,0.1117504698741045
335,2387,8.97220535908099,5,100,0.05,0.021543679017992166,0.1117504698741045
335,2388,8.973880875162903,5,100,0.05,0.021543679017992166,0.1117504698741045
335,2389,8.975556391244819,5,100,0.05,0.021543679017992166,0.1117504698741045
335,2390,8.977231907326733,5,100,0.05,0.021543679017992166,0.1117504698741045
335,2391,8.978907423408646,5,100,0.05,0.021543679017992166,0.1117504698741045
335,2392,8.980582939490562,16,200,0.08,0.04984058570487163,0.12598948869705726
335,2397,8.988960519900136,3,25,0.12,0.04166817117905038,0.29955794091884674
335,2400,8.993987068145877,13,200,0.065,0.03837635449161451,0.10801907971038324
335,2432,9.047603582767145,12,200,0.06,0.03465219410651454,0.10193169336217282
335,2440,9.06100771142246,13,200,0.065,0.03837635449161451,0.10801907971038324
335,2448,9.074411840077776,13,200,0.065,0.03837635449161451,0.10801907971038324
336,1083,6.802176413552619,1,25,0.04,0.007096233423382075,0.1954406391161776
336,1759,7.934825284926859,1,25,0.04,0.007096233423382075,0.1954406391161776
336,2098,8.502825236695895,1,25,0.04,0.007096233423382075,0.1954406391161776
336,2267,8.785987454539454,4,25,0.16,0.06403451412098321,0.3465362177560826
336,2351,8.926730805420277,3,25,0.12,0.04166817117905038,0.29955794091884674
336,2372,8.961916643140482,2,25,0.08,0.022220401084126245,0.24966109123460217
336,2376,8.96861870746814,5,100,0.05,0.021543679017992166,0.1117504698741045
336,2377,8.970294223550056,5,100,0.05,0.021543679017992166,0.1117504698741045
336,2378,8.97196973963197,5,100,0.05,0.021543679017992166,0.1117504698741045
336,2379,8.973645255713883,5,100,0.05,0.021543679017992166,0.1117504698741045
336,2380,8.975320771795799,5,100,0.05,0.021543679017992166,0.1117504698741045
336,2381,8.976996287877714,5,100,0.05,0.021543679017992166,0.1117504698741045
336,2382,8.978671803959628,5,100,0.05,0.021543679017992166,0.1117504698741045
336,2383,8.980347320041542,6,100,0.06,0.027786123800628153,0.12476815511608857
336,2384,8.982022836123457,8,200,0.04,0.0204056319610195,0.0769320685744264
336,2388,8.988724900451114,3,25,0.12,0.04166817117905038,0.29955794091884674
336,2391,8.993751448696859,3,25,0.12,0.04166817117905038,0.29955794091884674
336,2392,8.995426964778773,13,200,0.065,0.03837635449161451,0.10801907971038324
336,2424,9.049043479400039,13,200,0.065,0.03837635449161451,0.10801907971038324
336,2432,9.062447608055356,13,200,0.065,0.03837635449161451,0.10801907971038324
336,2440,9.075851736710671,15,200,0.075,0.04597491700833055,0.12004361066028794
337,1074,6.8019407941036,1,25,0.04,0.007096233423382075,0.1954406391161776
337,1750,7.93458966547784,1,25,0.04,0.007096233423382075,0.1954406391161776
337,2089,8.502589617246874,1,25,0.04,0.007096233423382075,0.1954406391161776
337,2258,8.785751835090434,4,25,0.16,0.06403451412098321,0.3465362177560826
337,2342,8.926495185971257,3,25,0.12,0.04166817117905038,0.29955794091884674
337,2364,8.963356539773377,2,25,0.08,0.022220401084126245,0.24966109123460217
337,2367,8.96838308801912,5,100,0.05,0.021543679017992166,0.1117504698741045
337,2368,8.970058604101036,5,100,0.05,0.021543679017992166,0.1117504698741045
337,2369,8.971734120182951,5,100,0.05,0.021543679017992166,0.1117504698741045
337,2370,8.973409636264865,5,100,0.05,0.021543679017992166,0.1117504698741045
337,2371,8.975085152346779,5,100,0.05,0.021543679017992166,0.1117504698741045
337,2372,8.976760668428694,5,100,0.05,0.021543679017992166,0.1117504698741045
337,2373,8.978436184510608,5,100,0.05,0.021543679017992166,0.1117504698741045
337,2374,8.980111700592524,6,100,0.06,0.027786123800628153,0.12476815511608857
337,2375,8.981787216674437,8,200,0.04,0.0204056319610195,0.0769320685744264
337,2379,8.988489281002096,3,25,0.12,0.04166817117905038,0.29955794091884674
337,2382,8.99351582924784,3,25,0.12,0.04166817117905038,0.29955794091884674
337,2383,8.995191345329754,14,200,0.07,0.04215217166140097,0.11405480927390717
337,2415,9.048807859951019,14,200,0.07,0.04215217166140097,0.11405480927390717
337,2423,9.062211988606336,13,200,0.065,0.03837635449161451,0.10801907971038324
337,2431,9.075616117261653,15,200,0.075,0.04597491700833055,0.12004361066028794
338,1065,6.801705174654581,1,25,0.04,0.007096233423382075,0.1954406391161776
338,1741,7.934354046028821,1,25,0.04,0.007096233423382075,0.1954406391161776
338,2080,8.502353997797854,2,25,0.08,0.022220401084126245,0.24966109123460217
338,2249,8.785516215641415,4,25,0.16,0.06403451412098321,0.3465362177560826
338,2334,8.927935082604153,3,25,0.12,0.04166817117905038,0.29955794091884674
338,2355,8.963120920324357,2,25,0.08,0.022220401084126245,0.24966109123460217
338,2358,8.968147468570102,5,100,0.05,0.021543679017992166,0.1117504698741045
338,2359,8.969822984652016,5,100,0.05,0.021543679017992166,0.1117504698741045
338,2360,8.971498500733931,5,100,0.05,0.021543679017992166,0.1117504698741045
338,2361,8.973174016815845,5,100,0.05,0.021543679017992166,0.1117504698741045
338,2362,8.97484953289776,5,100,0.05,0.021543679017992166,0.1117504698741045
338,2363,8.976525048979674,5,100,0.05,0.021543679017992166,0.1117504698741045
338,2364,8.97820056506159,5,100,0.05,0.021543679017992166,0.1117504698741045
338,2365,8.979876081143503,6,100,0.06,0.027786123800628153,0.12476815511608857
338,2366,8.981551597225419,9,200,0.045,0.02385254288504434,0.08329670438371192
338,2371,8.989929177634991,3,25,0.12,0.04166817117905038,0.29955794091884674
338,2373,8.99328020979882,3,25,0.12,0.04166817117905038,0.29955794091884674
338,2374,8.994955725880734,14,200,0.07,0.04215217166140097,0.11405480927390717
338,2406,9.048572240502,15,200,0.075,0.04597491700833055,0.12004361066028794
338,2414,9.061976369157318,15,200,0.075,0.04597491700833055,0.12004361066028794
338,2422,9.075380497812635,15,200,0.075,0.04597491700833055,0.12004361066028794
339,1056,6.801469555205562,1,25,0.04,0.007096233423382075,0.1954406391161776
339,1733,7.935793942661716,1,25,0.04,0.007096233423382075,0.1954406391161776
339,2071,8.502118378348836,2,25,0.08,0.022220401084126245,0.24966109123460217
339,2240,8.785280596192397,4,25,0.16,0.06403451412098321,0.3465362177560826
339,2325,8.927699463155134,3,25,0.12,0.04166817117905038,0.29955794091884674
339,2346,8.962885300875339,2,25,0.08,0.022220401084126245,0.24966109123460217
339,2349,8.967911849121084,5,100,0.05,0.021543679017992166,0.1117504698741045
339,2350,8.969587365202997,5,100,0.05,0.021543679017992166,0.1117504698741045
339,2351,8.971262881284913,5,100,0.05,0.021543679017992166,0.1117504698741045
339,2352,8.972938397366827,5,100,0.05,0.021543679017992166,0.1117504698741045
339,2353,8.974613913448742,5,100,0.05,0.021543679017992166,0.1117504698741045
339,2354,8.976289429530656,5,100,0.05,0.021543679017992166,0.1117504698741045
339,2355,8.97796494561257,5,100,0.05,0.021543679017992166,0.1117504698741045
339,2356,8.979640461694485,7,100,0.07,0.0343192608798127,0.13749514806152413
339,2357,8.9813159777764,9,200,0.045,0.02385254288504434,0.08329670438371192
339,2362,8.989693558185973,4,25,0.16,0.06403451412098321,0.3465362177560826
339,2364,8.993044590349802,4,25,0.16,0.06403451412098321,0.3465362177560826
339,2365,8.994720106431716,16,200,0.08,0.04984058570487163,0.12598948869705726
339,2397,9.048336621052982,15,200,0.075,0.04597491700833055,0.12004361066028794
339,2405,9.0617407497083,16,200,0.08,0.04984058570487163,0.12598948869705726
339,2413,9.075144878363615,16,200,0.08,0.04984058570487163,0.12598948869705726
340,1047,6.801233935756542,1,25,0.04,0.007096233423382075,0.1954406391161776
340,1724,7.935558323212698,1,25,0.04,0.007096233423382075,0.1954406391161776
340,2062,8.501882758899818,2,25,0.08,0.022220401084126245,0.24966109123460217
340,2231,8.785044976743377,4,25,0.16,0.06403451412098321,0.3465362177560826
340,2316,8.927463843706114,3,25,0.12,0.04166817117905038,0.29955794091884674
340,2337,8.96264968142632,2,25,0.08,0.022220401084126245,0.24966109123460217
340,2340,8.967676229672064,5,100,0.05,0.021543679017992166,0.1117504698741045
340,2341,8.969351745753979,5,100,0.05,0.021543679017992166,0.1117504698741045
340,2342,8.971027261835893,5,100,0.05,0.021543679017992166,0.1117504698741045
340,2343,8.972702777917807,5,100,0.05,0.021543679017992166,0.1117504698741045
340,2344,8.974378293999722,5,100,0.05,0.021543679017992166,0.1117504698741045
340,2345,8.976053810081638,5,100,0.05,0.021543679017992166,0.1117504698741045
340,2346,8.977729326163551,5,100,0.05,0.021543679017992166,0.1117504698741045
340,2347,8.979404842245465,5,100,0.05,0.021543679017992166,0.1117504698741045
340,2348,8.98108035832738,19,200,0.095,0.061663102507449205,0.14360161209441077
340,2353,8.989457938736953,4,25,0.16,0.06403451412098321,0.3465362177560826
340,2355,8.992808970900782,4,25,0.16,0.06403451412098321,0.3465362177560826
340,2356,8.994484486982696,16,200,0.08,0.04984058570487163,0.12598948869705726
340,2388,9.048101001603962,15,200,0.075,0.04597491700833055,0.12004361066028794
340,2396,9.06150513025928,16,200,0.08,0.04984058570487163,0.12598948869705726
340,2404,9.074909258914595,16,200,0.08,0.04984058570487163,0.12598948869705726
341,1038,6.800998316307523,1,25,0.04,0.007096233423382075,0.1954406391161776
341,1715,7.935322703763678,1,25,0.04,0.007096233423382075,0.1954406391161776
341,2053,8.501647139450798,2,25,0.08,0.022220401084126245,0.24966109123460217
341,2222,8.784809357294357,4,25,0.16,0.06403451412098321,0.3465362177560826
341,2307,8.927228224257096,3,25,0.12,0.04166817117905038,0.29955794091884674
341,2328,8.9624140619773,2,25,0.08,0.022220401084126245,0.24966109123460217
341,2331,8.967440610223044,5,100,0.05,0.021543679017992166,0.1117504698741045
341,2332,8.969116126304959,5,100,0.05,0.021543679017992166,0.1117504698741045
341,2333,8.970791642386875,5,100,0.05,0.021543679017992166,0.1117504698741045
341,2334,8.972467158468788,5,100,0.05,0.021543679017992166,0.1117504698741045
341,2335,8.974142674550702,5,100,0.05,0.021543679017992166,0.1117504698741045
341,2336,8.975818190632618,5,100,0.05,0.021543679017992166,0.1117504698741045
341,2337,8.977493706714531,5,100,0.05,0.021543679017992166,0.1117504698741045
341,2338,8.979169222796447,5,100,0.05,0.021543679017992166,0.1117504698741045
341,2339,8.98084473887836,19,200,0.095,0.061663102507449205,0.14360161209441077
341,2344,8.989222319287933,4,25,0.16,0.06403451412098321,0.3465362177560826
341,2347,8.994248867533678,16,200,0.08,0.04984058570487163,0.12598948869705726
341,2379,9.047865382154942,15,200,0.075,0.04597491700833055,0.12004361066028794
341,2387,9.06126951081026,16,200,0.08,0.04984058570487163,0.12598948869705726
341,2395,9.074673639465576,16,200,0.08,0.04984058570487163,0.12598948869705726
342,1029,6.800762696858504,2,25,0.08,0.022220401084126245,0.24966109123460217
342,1706,7.935087084314659,1,25,0.04,0.007096233423382075,0.1954406391161776
342,2044,8.501411520001778,2,25,0.08,0.022220401084126245,0.24966109123460217
342,2214,8.786249253927252,4,25,0.16,0.06403451412098321,0.3465362177560826
342,2298,8.926992604808076,3,25,0.12,0.04166817117905038,0.29955794091884674
342,2319,8.96217844252828,2,25,0.08,0.022220401084126245,0.24966109123460217
342,2322,8.967204990774025,5,100,0.05,0.021543679017992166,0.1117504698741045
342,2323,8.968880506855939,5,100,0.05,0.021543679017992166,0.1117504698741045
342,2324,8.970556022937854,5,100,0.05,0.021543679017992166,0.1117504698741045
342,2325,8.972231539019768,5,100,0.05,0.021543679017992166,0.1117504698741045
342,2326,8.973907055101684,5,100,0.05,0.021543679017992166,0.1117504698741045
342,2327,8.975582571183597,5,100,0.05,0.021543679017992166,0.1117504698741045
342,2328,8.977258087265513,5,100,0.05,0.021543679017992166,0.1117504698741045
342,2329,8.978933603347427,5,100,0.05,0.021543679017992166,0.1117504698741045
342,2330,8.980609119429342,19,200,0.095,0.061663102507449205,0.14360161209441077
342,2335,8.988986699838915,4,25,0.16,0.06403451412098321,0.3465362177560826
342,2338,8.994013248084658,16,200,0.08,0.04984058570487163,0.12598948869705726
342,2370,9.047629762705924,15,200,0.075,0.04597491700833055,0.12004361066028794
342,2378,9.061033891361241,16,200,0.08,0.04984058570487163,0.12598948869705726
342,2386,9.074438020016556,17,200,0.085,0.05374574998400461,0.13189587115123463
343,1021,6.802202593491399,2,25,0.08,0.022220401084126245,0.24966109123460217
343,1697,7.934851464865639,2,25,0.08,0.022220401084126245,0.24966109123460217
343,2035,8.50117590055276,2,25,0.08,0.022220401084126245,0.24966109123460217
343,2205,8.786013634478234,4,25,0.16,0.06403451412098321,0.3465362177560826
343,2289,8.926756985359056,3,25,0.12,0.04166817117905038,0.29955794091884674
343,2310,8.961942823079262,2,25,0.08,0.022220401084126245,0.24966109123460217
343,2314,8.96864488740692,5,100,0.05,0.021543679017992166,0.1117504698741045
343,2315,8.970320403488834,5,100,0.05,0.021543679017992166,0.1117504698741045
343,2316,8.97199591957075,5,100,0.05,0.021543679017992166,0.1117504698741045
343,2317,8.973671435652664,5,100,0.05,0.021543679017992166,0.1117504698741045
343,2318,8.97534695173458,5,100,0.05,0.021543679017992166,0.1117504698741045
343,2319,8.977022467816493,5,100,0.05,0.021543679017992166,0.1117504698741045
343,2320,8.978697983898407,5,100,0.05,0.021543679017992166,0.1117504698741045
343,2321,8.980373499980322,7,100,0.07,0.0343192608798127,0.13749514806152413
343,2322,8.982049016062238,9,200,0.045,0.02385254288504434,0.08329670438371192
343,2326,8.988751080389894,4,25,0.16,0.06403451412098321,0.3465362177560826
343,2329,8.993777628635637,4,25,0.16,0.06403451412098321,0.3465362177560826
343,2330,8.995453144717553,20,200,0.1,0.06567044845124732,0.14940581288392302
343,2362,9.04906965933882,15,200,0.075,0.04597491700833055,0.12004361066028794
343,2370,9.062473787994136,17,200,0.085,0.05374574998400461,0.13189587115123463
343,2378,9.075877916649452,17,200,0.085,0.05374574998400461,0.13189587115123463
344,1012,6.801966974042379,2,25,0.08,0.022220401084126245,0.24966109123460217
344,1688,7.934615845416619,2,25,0.08,0.022220401084126245,0.24966109123460217
344,2027,8.502615797185655,2,25,0.08,0.022220401084126245,0.24966109123460217
344,2196,8.785778015029214,4,25,0.16,0.06403451412098321,0.3465362177560826
344,2280,8.926521365910038,3,25,0.12,0.04166817117905038,0.29955794091884674
344,2302,8.963382719712158,2,25,0.08,0.022220401084126245,0.24966109123460217
344,2305,8.9684092679579,5,100,0.05,0.021543679017992166,0.1117504698741045
344,2306,8.970084784039816,5,100,0.05,0.021543679017992166,0.1117504698741045
344,2307,8.97176030012173,5,100,0.05,0.021543679017992166,0.1117504698741045
344,2308,8.973435816203644,5,100,0.05,0.021543679017992166,0.1117504698741045
344,2309,8.97511133228556,5,100,0.05,0.021543679017992166,0.1117504698741045
344,2310,8.976786848367475,5,100,0.05,0.021543679017992166,0.1117504698741045
344,2311,8.978462364449388,5,100,0.05,0.021543679017992166,0.1117504698741045
344,2312,8.980137880531302,7,100,0.07,0.0343192608798127,0.13749514806152413
344,2313,8.981813396613218,10,200,0.05,0.027382645473457017,0.08957814852860962
344,2317,8.988515460940874,4,25,0.16,0.06403451412098321,0.3465362177560826
344,2320,8.99354200918662,4,25,0.16,0.06403451412098321,0.3465362177560826
344,2321,8.995217525268533,20,200,0.1,0.06567044845124732,0.14940581288392302
344,2353,9.0488340398898,15,200,0.075,0.04597491700833055,0.12004361066028794
344,2361,9.062238168545116,17,200,0.085,0.05374574998400461,0.13189587115123463
344,2369,9.075642297200432,17,200,0.085,0.05374574998400461,0.13189587115123463
345,1003,6.801731354593361,2,25,0.08,0.022220401084126245,0.24966109123460217
345,1679,7.934380225967601,2,25,0.08,0.022220401084126245,0.24966109123460217
345,2018,8.502380177736637,2,25,0.08,0.022220401084126245,0.24966109123460217
345,2187,8.785542395580196,4,25,0.16,0.06403451412098321,0.3465362177560826
345,2272,8.927961262542933,3,25,0.12,0.04166817117905038,0.29955794091884674
345,2293,8.96314710026314,2,25,0.08,0.022220401084126245,0.24966109123460217
345,2296,8.968173648508882,6,100,0.06,0.027786123800628153,0.12476815511608857
345,2297,8.969849164590798,6,100,0.06,0.027786123800628153,0.12476815511608857
345,2298,8.971524680672712,6,100,0.06,0.027786123800628153,0.12476815511608857
345,2299,8.973200196754625,6,100,0.06,0.027786123800628153,0.12476815511608857
345,2300,8.97487571283654,6,100,0.06,0.027786123800628153,0.12476815511608857
345,2301,8.976551228918455,6,100,0.06,0.027786123800628153,0.12476815511608857
345,2302,8.97822674500037,6,100,0.06,0.027786123800628153,0.12476815511608857
345,2303,8.979902261082284,7,100,0.07,0.0343192608798127,0.13749514806152413
345,2304,8.9815777771642,10,200,0.05,0.027382645473457017,0.08957814852860962
345,2309,8.989955357573772,4,25,0.16,0.06403451412098321,0.3465362177560826
345,2311,8.9933063897376,4,25,0.16,0.06403451412098321,0.3465362177560826
345,2312,8.994981905819515,21,200,0.105,0.06970748770124899,0.15518032036723173
345,2344,9.048598420440781,15,200,0.075,0.04597491700833055,0.12004361066028794
345,2352,9.062002549096098,18,200,0.09,0.05768744866037736,0.13776571920817224
345,2360,9.075406677751413,17,200,0.085,0.05374574998400461,0.13189587115123463
346,994,6.801495735144342,2,25,0.08,0.022220401084126245,0.24966109123460217
346,1671,7.9358201226004965,2,25,0.08,0.022220401084126245,0.24966109123460217
346,2009,8.502144558287617,2,25,0.08,0.022220401084126245,0.24966109123460217
346,2178,8.785306776131176,4,25,0.16,0.06403451412098321,0.3465362177560826
346,2263,8.927725643093913,3,25,0.12,0.04166817117905038,0.29955794091884674
346,2284,8.96291148081412,2,25,0.08,0.022220401084126245,0.24966109123460217
346,2287,8.967938029059862,6,100,0.06,0.027786123800628153,0.12476815511608857
346,2288,8.969613545141778,6,100,0.06,0.027786123800628153,0.12476815511608857
346,2289,8.971289061223692,6,100,0.06,0.027786123800628153,0.12476815511608857
346,2290,8.972964577305607,6,100,0.06,0.027786123800628153,0.12476815511608857
346,2291,8.97464009338752,6,100,0.06,0.027786123800628153,0.12476815511608857
346,2292,8.976315609469436,6,100,0.06,0.027786123800628153,0.12476815511608857
346,2293,8.97799112555135,6,100,0.06,0.027786123800628153,0.12476815511608857
346,2294,8.979666641633266,7,100,0.07,0.0343192608798127,0.13749514806152413
346,2295,8.98134215771518,10,200,0.05,0.027382645473457017,0.08957814852860962
346,2300,8.989719738124752,4,25,0.16,0.06403451412098321,0.3465362177560826
346,2302,8.99307077028858,4,25,0.16,0.06403451412098321,0.3465362177560826
346,2303,8.994746286370496,23,200,0.115,0.07786373208518774,0.16664716944991373
346,2335,9.048362800991761,16,200,0.08,0.04984058570487163,0.12598948869705726
346,2343,9.061766929647078,18,200,0.09,0.05768744866037736,0.13776571920817224
346,2351,9.075171058302395,17,200,0.085,0.05374574998400461,0.13189587115123463
347,985,6.801260115695323,2,25,0.08,0.022220401084126245,0.24966109123460217
347,1662,7.9355845031514765,2,25,0.08,0.022220401084126245,0.24966109123460217
347,2000,8.501908938838596,2,25,0.08,0.022220401084126245,0.24966109123460217
347,2169,8.785071156682157,4,25,0.16,0.06403451412098321,0.3465362177560826
347,2254,8.927490023644895,3,25,0.12,0.04166817117905038,0.29955794091884674
347,2275,8.9626758613651,2,25,0.08,0.022220401084126245,0.24966109123460217
347,2278,8.967702409610844,6,100,0.06,0.027786123800628153,0.12476815511608857
347,2279,8.969377925692758,6,100,0.06,0.027786123800628153,0.12476815511608857
347,2280,8.971053441774673,6,100,0.06,0.027786123800628153,0.12476815511608857
347,2281,8.972728957856587,6,100,0.06,0.027786123800628153,0.12476815511608857
347,2282,8.974404473938502,6,100,0.06,0.027786123800628153,0.12476815511608857
347,2283,8.976079990020416,6,100,0.06,0.027786123800628153,0.12476815511608857
347,2284,8.97775550610233,6,100,0.06,0.027786123800628153,0.12476815511608857
347,2285,8.979431022184245,6,100,0.06,0.027786123800628153,0.12476815511608857
347,2286,8.981106538266161,19,200,0.095,0.061663102507449205,0.14360161209441077
347,2291,8.989484118675733,4,25,0.16,0.06403451412098321,0.3465362177560826
347,2293,8.99283515083956,4,25,0.16,0.06403451412098321,0.3465362177560826
347,2294,8.994510666921476,23,200,0.115,0.07786373208518774,0.16664716944991373
347,2326,9.048127181542743,17,200,0.085,0.05374574998400461,0.13189587115123463
347,2334,9.06153131019806,18,200,0.09,0.05768744866037736,0.13776571920817224
347,2342,9.074935438853375,17,200,0.085,0.05374574998400461,0.13189587115123463
348,976,6.801024496246303,2,25,0.08,0.022220401084126245,0.24966109123460217
348,1653,7.935348883702457,2,25,0.08,0.022220401084126245,0.24966109123460217
348,1991,8.501673319389578,2,25,0.08,0.022220401084126245,0.24966109123460217
348,2160,8.784835537233137,4,25,0.16,0.06403451412098321,0.3465362177560826
348,2245,8.927254404195875,3,25,0.12,0.04166817117905038,0.29955794091884674
348,2266,8.962440241916081,2,25,0.08,0.022220401084126245,0.24966109123460217
348,2269,8.967466790161824,6,100,0.06,0.027786123800628153,0.12476815511608857
348,2270,8.96914230624374,6,100,0.06,0.027786123800628153,0.12476815511608857
348,2271,8.970817822325653,6,100,0.06,0.027786123800628153,0.12476815511608857
348,2272,8.972493338407567,6,100,0.06,0.027786123800628153,0.12476815511608857
348,2273,8.974168854489482,6,100,0.06,0.027786123800628153,0.12476815511608857
348,2274,8.975844370571398,6,100,0.06,0.027786123800628153,0.12476815511608857
348,2275,8.977519886653312,6,100,0.06,0.027786123800628153,0.12476815511608857
348,2276,8.979195402735225,6,100,0.06,0.027786123800628153,0.12476815511608857
348,2277,8.980870918817141,19,200,0.095,0.061663102507449205,0.14360161209441077
348,2282,8.989248499226713,4,25,0.16,0.06403451412098321,0.3465362177560826
348,2285,8.994275047472456,18,200,0.09,0.05768744866037736,0.13776571920817224
348,2317,9.047891562093723,17,200,0.085,0.05374574998400461,0.13189587115123463
348,2325,9.06129569074904,18,200,0.09,0.05768744866037736,0.13776571920817224
348,2333,9.074699819404355,18,200,0.09,0.05768744866037736,0.13776571920817224
349,967,6.8007888767972835,2,25,0.08,0.022220401084126245,0.24966109123460217
349,1644,7.935113264253438,2,25,0.08,0.022220401084126245,0.24966109123460217
349,1982,8.501437699940558,2,25,0.08,0.022220401084126245,0.24966109123460217
349,2151,8.784599917784117,4,25,0.16,0.06403451412098321,0.3465362177560826
349,2236,8.927018784746856,3,25,0.12,0.04166817117905038,0.29955794091884674
349,2257,8.96220462246706,2,25,0.08,0.022220401084126245,0.24966109123460217
349,2260,8.967231170712804,6,100,0.06,0.027786123800628153,0.12476815511608857
349,2261,8.96890668679472,6,100,0.06,0.027786123800628153,0.12476815511608857
349,2262,8.970582202876635,6,100,0.06,0.027786123800628153,0.12476815511608857
349,2263,8.972257718958549,6,100,0.06,0.027786123800628153,0.12476815511608857
349,2264,8.973933235040462,6,100,0.06,0.027786123800628153,0.12476815511608857
349,2265,8.975608751122378,6,100,0.06,0.027786123800628153,0.12476815511608857
349,2266,8.977284267204292,6,100,0.06,0.027786123800628153,0.12476815511608857
349,2267,8.978959783286207,6,100,0.06,0.027786123800628153,0.12476815511608857
349,2268,8.98063529936812,19,200,0.095,0.061663102507449205,0.14360161209441077
349,2273,8.989012879777693,4,25,0.16,0.06403451412098321,0.3465362177560826
349,2276,8.994039428023438,19,200,0.095,0.061663102507449205,0.14360161209441077
349,2308,9.047655942644703,17,200,0.085,0.05374574998400461,0.13189587115123463
349,2316,9.06106007130002,18,200,0.09,0.05768744866037736,0.13776571920817224
349,2324,9.074464199955337,18,200,0.09,0.05768744866037736,0.13776571920817224
350,959,6.80222877343018,2,25,0.08,0.022220401084126245,0.24966109123460217
350,1635,7.93487764480442,2,25,0.08,0.022220401084126245,0.24966109123460217
350,1973,8.50120208049154,2,25,0.08,0.022220401084126245,0.24966109123460217
350,2143,8.786039814417014,4,25,0.16,0.06403451412098321,0.3465362177560826
350,2227,8.926783165297836,3,25,0.12,0.04166817117905038,0.29955794091884674
350,2248,8.961969003018043,2,25,0.08,0.022220401084126245,0.24966109123460217
350,2252,8.968671067345701,6,100,0.06,0.027786123800628153,0.12476815511608857
350,2253,8.970346583427615,6,100,0.06,0.027786123800628153,0.12476815511608857
350,2254,8.97202209950953,6,100,0.06,0.027786123800628153,0.12476815511608857
350,2255,8.973697615591444,6,100,0.06,0.027786123800628153,0.12476815511608857
350,2256,8.97537313167336,6,100,0.06,0.027786123800628153,0.12476815511608857
350,2257,8.977048647755273,6,100,0.06,0.027786123800628153,0.12476815511608857
350,2258,8.978724163837189,6,100,0.06,0.027786123800628153,0.12476815511608857
350,2259,8.980399679919103,7,100,0.07,0.0343192608798127,0.13749514806152413
350,2260,8.982075196001016,12,200,0.06,0.03465219410651454,0.10193169336217282
350,2264,8.988777260328675,4,25,0.16,0.06403451412098321,0.3465362177560826
350,2267,8.99380380857442,4,25,0.16,0.06403451412098321,0.3465362177560826
350,2268,8.995479324656333,24,200,0.12,0.0819799268161472,0.17234252145226464
350,2300,9.0490958392776,17,200,0.085,0.05374574998400461,0.13189587115123463
350,2308,9.062499967932915,19,200,0.095,0.061663102507449205,0.14360161209441077
350,2316,9.075904096588232,18,200,0.09,0.05768744866037736,0.13776571920817224
351,950,6.80199315398116,2,25,0.08,0.022220401084126245,0.24966109123460217
351,1626,7.9346420253554,2,25,0.08,0.022220401084126245,0.24966109123460217
351,1965,8.502641977124435,2,25,0.08,0.022220401084126245,0.24966109123460217
351,2134,8.785804194967994,4,25,0.16,0.06403451412098321,0.3465362177560826
351,2218,8.926547545848818,3,25,0.12,0.04166817117905038,0.29955794091884674
351,2240,8.963408899650938,2,25,0.08,0.022220401084126245,0.24966109123460217
351,2243,8.968435447896681,7,100,0.07,0.0343192608798127,0.13749514806152413
351,2244,8.970110963978597,7,100,0.07,0.0343192608798127,0.13749514806152413
351,2245,8.97178648006051,7,100,0.07,0.0343192608798127,0.13749514806152413
351,2246,8.973461996142426,7,100,0.07,0.0343192608798127,0.13749514806152413
351,2247,8.97513751222434,7,100,0.07,0.0343192608798127,0.13749514806152413
351,2248,8.976813028306253,7,100,0.07,0.0343192608798127,0.13749514806152413
351,2249,8.978488544388169,7,100,0.07,0.0343192608798127,0.13749514806152413
351,2250,8.980164060470084,7,100,0.07,0.0343192608798127,0.13749514806152413
351,2251,8.981839576551998,13,200,0.065,0.03837635449161451,0.10801907971038324
351,2255,8.988541640879657,4,25,0.16,0.06403451412098321,0.3465362177560826
351,2258,8.9935681891254,4,25,0.16,0.06403451412098321,0.3465362177560826
351,2259,8.995243705207315,24,200,0.12,0.0819799268161472,0.17234252145226464
351,2291,9.04886021982858,17,200,0.085,0.05374574998400461,0.13189587115123463
351,2299,9.062264348483897,19,200,0.095,0.061663102507449205,0.14360161209441077
351,2307,9.075668477139214,18,200,0.09,0.05768744866037736,0.13776571920817224
352,941,6.801757534532141,2,25,0.08,0.022220401084126245,0.24966109123460217
352,1617,7.934406405906381,2,25,0.08,0.022220401084126245,0.24966109123460217
352,1956,8.502406357675415,3,25,0.12,0.04166817117905038,0.29955794091884674
352,2125,8.785568575518976,0,25,0.0,0.0,0.13319225276039096
352,2209,8.926311926399798,3,25,0.12,0.04166817117905038,0.29955794091884674
352,2231,8.963173280201918,2,25,0.08,0.022220401084126245,0.24966109123460217
352,2234,8.968199828447663,7,100,0.07,0.0343192608798127,0.13749514806152413
352,2235,8.969875344529576,7,100,0.07,0.0343192608798127,0.13749514806152413
352,2236,8.97155086061149,7,100,0.07,0.0343192608798127,0.13749514806152413
352,2237,8.973226376693406,7,100,0.07,0.0343192608798127,0.13749514806152413
352,2238,8.974901892775321,7,100,0.07,0.0343192608798127,0.13749514806152413
352,2239,8.976577408857235,7,100,0.07,0.0343192608798127,0.13749514806152413
352,2240,8.978252924939149,7,100,0.07,0.0343192608798127,0.13749514806152413
352,2241,8.979928441021064,7,100,0.07,0.0343192608798127,0.13749514806152413
352,2242,8.981603957102978,13,200,0.065,0.03837635449161451,0.10801907971038324
352,2247,8.989981537512552,4,25,0.16,0.06403451412098321,0.3465362177560826
352,2249,8.99333256967638,4,25,0.16,0.06403451412098321,0.3465362177560826
352,2250,8.995008085758295,24,200,0.12,0.0819799268161472,0.17234252145226464
352,2282,9.048624600379561,18,200,0.09,0.05768744866037736,0.13776571920817224
352,2290,9.062028729034877,19,200,0.095,0.061663102507449205,0.14360161209441077
352,2298,9.075432857690194,18,200,0.09,0.05768744866037736,0.13776571920817224
353,932,6.801521915083121,2,25,0.08,0.022220401084126245,0.24966109123460217
353,1609,7.935846302539276,2,25,0.08,0.022220401084126245,0.24966109123460217
353,1947,8.502170738226397,3,25,0.12,0.04166817117905038,0.29955794091884674
353,2116,8.785332956069956,0,25,0.0,0.0,0.13319225276039096
353,2201,8.927751823032693,3,25,0.12,0.04166817117905038,0.29955794091884674
353,2222,8.9629376607529,2,25,0.08,0.022220401084126245,0.24966109123460217
353,2225,8.967964208998643,8,100,0.08,0.04109346127318457,0.14998107769277233
353,2226,8.969639725080558,8,100,0.08,0.04109346127318457,0.14998107769277233
353,2227,8.971315241162472,8,100,0.08,0.04109346127318457,0.14998107769277233
353,2228,8.972990757244386,8,100,0.08,0.04109346127318457,0.14998107769277233
353,2229,8.974666273326301,8,100,0.08,0.04109346127318457,0.14998107769277233
353,2230,8.976341789408215,8,100,0.08,0.04109346127318457,0.14998107769277233
353,2231,8.97801730549013,8,100,0.08,0.04109346127318457,0.14998107769277233
353,2232,8.979692821572044,7,100,0.07,0.0343192608798127,0.13749514806152413
353,2233,8.981368337653958,15,200,0.075,0.04597491700833055,0.12004361066028794
353,2238,8.989745918063532,4,25,0.16,0.06403451412098321,0.3465362177560826
353,2240,8.993096950227361,4,25,0.16,0.06403451412098321,0.3465362177560826
353,2241,8.994772466309275,24,200,0.12,0.0819799268161472,0.17234252145226464
353,2273,9.048388980930541,18,200,0.09,0.05768744866037736,0.13776571920817224
353,2281,9.061793109585857,20,200,0.1,0.06567044845124732,0.14940581288392302
353,2289,9.075197238241174,18,200,0.09,0.05768744866037736,0.13776571920817224
354,923,6.801286295634101,2,25,0.08,0.022220401084126245,0.24966109123460217
354,1600,7.935610683090257,2,25,0.08,0.022220401084126245,0.24966109123460217
354,1938,8.501935118777377,3,25,0.12,0.04166817117905038,0.29955794091884674
354,2107,8.785097336620936,0,25,0.0,0.0,0.13319225276039096
354,2192,8.927516203583673,3,25,0.12,0.04166817117905038,0.29955794091884674
354,2213,8.96270204130388,2,25,0.08,0.022220401084126245,0.24966109123460217
354,2216,8.967728589549623,8,100,0.08,0.04109346127318457,0.14998107769277233
354,2217,8.969404105631538,8,100,0.08,0.04109346127318457,0.14998107769277233
354,2218,8.971079621713452,8,100,0.08,0.04109346127318457,0.14998107769277233
354,2219,8.972755137795367,8,100,0.08,0.04109346127318457,0.14998107769277233
354,2220,8.974430653877281,8,100,0.08,0.04109346127318457,0.14998107769277233
354,2221,8.976106169959195,8,100,0.08,0.04109346127318457,0.14998107769277233
354,2222,8.97778168604111,8,100,0.08,0.04109346127318457,0.14998107769277233
354,2223,8.979457202123026,7,100,0.07,0.0343192608798127,0.13749514806152413
354,2224,8.98113271820494,15,200,0.075,0.04597491700833055,0.12004361066028794
354,2229,8.989510298614512,4,25,0.16,0.06403451412098321,0.3465362177560826
354,2231,8.992861330778341,4,25,0.16,0.06403451412098321,0.3465362177560826
354,2232,8.994536846860257,24,200,0.12,0.0819799268161472,0.17234252145226464
354,2264,9.048153361481521,18,200,0.09,0.05768744866037736,0.13776571920817224
354,2272,9.061557490136838,21,200,0.105,0.06970748770124899,0.15518032036723173
354,2280,9.074961618792155,19,200,0.095,0.061663102507449205,0.14360161209441077
355,914,6.801050676185083,2,25,0.08,0.022220401084126245,0.24966109123460217
355,1591,7.935375063641239,2,25,0.08,0.022220401084126245,0.24966109123460217
355,1929,8.501699499328359,3,25,0.12,0.04166817117905038,0.29955794091884674
355,2098,8.784861717171918,0,25,0.0,0.0,0.13319225276039096
355,2183,8.927280584134655,3,25,0.12,0.04166817117905038,0.29955794091884674
355,2204,8.962466421854861,2,25,0.08,0.022220401084126245,0.24966109123460217
355,2207,8.967492970100604,8,100,0.08,0.04109346127318457,0.14998107769277233
355,2208,8.96916848618252,8,100,0.08,0.04109346127318457,0.14998107769277233
355,2209,8.970844002264434,8,100,0.08,0.04109346127318457,0.14998107769277233
355,2210,8.972519518346349,8,100,0.08,0.04109346127318457,0.14998107769277233
355,2211,8.974195034428263,8,100,0.08,0.04109346127318457,0.14998107769277233
355,2212,8.975870550510177,8,100,0.08,0.04109346127318457,0.14998107769277233
355,2213,8.977546066592092,8,100,0.08,0.04109346127318457,0.14998107769277233
355,2214,8.979221582674008,8,100,0.08,0.04109346127318457,0.14998107769277233
355,2215,8.980897098755921,23,200,0.115,0.07786373208518774,0.16664716944991373
355,2220,8.989274679165494,4,25,0.16,0.06403451412098321,0.3465362177560826
355,2223,8.994301227411238,24,200,0.12,0.0819799268161472,0.17234252145226464
355,2255,9.047917742032503,18,200,0.09,0.05768744866037736,0.13776571920817224
355,2263,9.06132187068782,21,200,0.105,0.06970748770124899,0.15518032036723173
355,2271,9.074725999343137,20,200,0.1,0.06567044845124732,0.14940581288392302
356,905,6.800815056736064,2,25,0.08,0.022220401084126245,0.24966109123460217
356,1582,7.9351394441922185,2,25,0.08,0.022220401084126245,0.24966109123460217
356,1920,8.501463879879338,3,25,0.12,0.04166817117905038,0.29955794091884674
356,2089,8.7846260977229,0,25,0.0,0.0,0.13319225276039096
356,2174,8.927044964685635,3,25,0.12,0.04166817117905038,0.29955794091884674
356,2195,8.962230802405841,2,25,0.08,0.022220401084126245,0.24966109123460217
356,2198,8.967257350651586,8,100,0.08,0.04109346127318457,0.14998107769277233
356,2199,8.9689328667335,8,100,0.08,0.04109346127318457,0.14998107769277233
356,2200,8.970608382815414,8,100,0.08,0.04109346127318457,0.14998107769277233
356,2201,8.972283898897329,8,100,0.08,0.04109346127318457,0.14998107769277233
356,2202,8.973959414979245,8,100,0.08,0.04109346127318457,0.14998107769277233
356,2203,8.975634931061158,8,100,0.08,0.04109346127318457,0.14998107769277233
356,2204,8.977310447143072,8,100,0.08,0.04109346127318457,0.14998107769277233
356,2205,8.978985963224988,8,100,0.08,0.04109346127318457,0.14998107769277233
356,2206,8.980661479306901,23,200,0.115,0.07786373208518774,0.16664716944991373
356,2211,8.989039059716475,4,25,0.16,0.06403451412098321,0.3465362177560826
356,2214,8.994065607962218,24,200,0.12,0.0819799268161472,0.17234252145226464
356,2246,9.047682122583485,18,200,0.09,0.05768744866037736,0.13776571920817224
356,2254,9.0610862512388,21,200,0.105,0.06970748770124899,0.15518032036723173
356,2262,9.074490379894117,20,200,0.1,0.06567044845124732,0.14940581288392302
357,897,6.802254953368959,2,25,0.08,0.022220401084126245,0.24966109123460217
357,1573,7.934903824743199,2,25,0.08,0.022220401084126245,0.24966109123460217
357,1911,8.50122826043032,3,25,0.12,0.04166817117905038,0.29955794091884674
357,2081,8.786065994355795,0,25,0.0,0.0,0.13319225276039096
357,2165,8.926809345236617,3,25,0.12,0.04166817117905038,0.29955794091884674
357,2186,8.961995182956823,2,25,0.08,0.022220401084126245,0.24966109123460217
357,2190,8.96869724728448,8,100,0.08,0.04109346127318457,0.14998107769277233
357,2191,8.970372763366395,8,100,0.08,0.04109346127318457,0.14998107769277233
357,2192,8.972048279448309,8,100,0.08,0.04109346127318457,0.14998107769277233
357,2193,8.973723795530224,8,100,0.08,0.04109346127318457,0.14998107769277233
357,2194,8.975399311612138,8,100,0.08,0.04109346127318457,0.14998107769277233
357,2195,8.977074827694054,8,100,0.08,0.04109346127318457,0.14998107769277233
357,2196,8.978750343775967,8,100,0.08,0.04109346127318457,0.14998107769277233
357,2197,8.980425859857881,8,100,0.08,0.04109346127318457,0.14998107769277233
357,2198,8.982101375939797,16,200,0.08,0.04984058570487163,0.12598948869705726
357,2202,8.988803440267455,4,25,0.16,0.06403451412098321,0.3465362177560826
357,2205,8.993829988513198,4,25,0.16,0.06403451412098321,0.3465362177560826
357,2206,8.995505504595114,24,200,0.12,0.0819799268161472,0.17234252145226464
357,2238,9.04912201921638,19,200,0.095,0.061663102507449205,0.14360161209441077
357,2246,9.062526147871695,21,200,0.105,0.06970748770124899,0.15518032036723173
357,2254,9.075930276527012,21,200,0.105,0.06970748770124899,0.15518032036723173
358,888,6.80201933391994,2,25,0.08,0.022220401084126245,0.24966109123460217
358,1564,7.93466820529418,2,25,0.08,0.022220401084126245,0.24966109123460217
358,1903,8.502668157063214,3,25,0.12,0.04166817117905038,0.29955794091884674
358,2072,8.785830374906775,0,25,0.0,0.0,0.13319225276039096
358,2156,8.926573725787597,3,25,0.12,0.04166817117905038,0.29955794091884674
358,2177,8.961759563507803,2,25,0.08,0.022220401084126245,0.24966109123460217
358,2181,8.968461627835461,8,100,0.08,0.04109346127318457,0.14998107769277233
358,2182,8.970137143917375,8,100,0.08,0.04109346127318457,0.14998107769277233
358,2183,8.97181265999929,8,100,0.08,0.04109346127318457,0.14998107769277233
358,2184,8.973488176081204,8,100,0.08,0.04109346127318457,0.14998107769277233
358,2185,8.975163692163118,8,100,0.08,0.04109346127318457,0.14998107769277233
358,2186,8.976839208245034,8,100,0.08,0.04109346127318457,0.14998107769277233
358,2187,8.97851472432695,8,100,0.08,0.04109346127318457,0.14998107769277233
358,2188,8.980190240408863,8,100,0.08,0.04109346127318457,0.14998107769277233
358,2189,8.981865756490777,16,200,0.08,0.04984058570487163,0.12598948869705726
358,2193,8.988567820818435,4,25,0.16,0.06403451412098321,0.3465362177560826
358,2196,8.99359436906418,4,25,0.16,0.06403451412098321,0.3465362177560826
358,2197,8.995269885146094,25,200,0.125,0.0861197445025044,0.1780142504992178
358,2229,9.04888639976736,19,200,0.095,0.061663102507449205,0.14360161209441077
358,2237,9.062290528422675,22,200,0.11,0.07377244436816725,0.16092691043362384
358,2245,9.075694657077992,21,200,0.105,0.06970748770124899,0.15518032036723173
359,879,6.80178371447092,2,25,0.08,0.022220401084126245,0.24966109123460217
359,1555,7.93443258584516,2,25,0.08,0.022220401084126245,0.24966109123460217
359,1894,8.502432537614194,3,25,0.12,0.04166817117905038,0.29955794091884674
359,2063,8.785594755457755,0,25,0.0,0.0,0.13319225276039096
359,2147,8.926338106338578,3,25,0.12,0.04166817117905038,0.29955794091884674
359,2169,8.963199460140698,2,25,0.08,0.022220401084126245,0.24966109123460217
359,2172,8.968226008386441,8,100,0.08,0.04109346127318457,0.14998107769277233
359,2173,8.969901524468355,8,100,0.08,0.04109346127318457,0.14998107769277233
359,2174,8.97157704055027,8,100,0.08,0.04109346127318457,0.14998107769277233
359,2175,8.973252556632186,8,100,0.08,0.04109346127318457,0.14998107769277233
359,2176,8.9749280727141,8,100,0.08,0.04109346127318457,0.14998107769277233
359,2177,8.976603588796014,8,100,0.08,0.04109346127318457,0.14998107769277233
359,2178,8.97827910487793,8,100,0.08,0.04109346127318457,0.14998107769277233
359,2179,8.979954620959843,8,100,0.08,0.04109346127318457,0.14998107769277233
359,2180,8.981630137041758,16,200,0.08,0.04984058570487163,0.12598948869705726
359,2184,8.988332201369417,4,25,0.16,0.06403451412098321,0.3465362177560826
359,2187,8.99335874961516,4,25,0.16,0.06403451412098321,0.3465362177560826
359,2188,8.995034265697075,25,200,0.125,0.0861197445025044,0.1780142504992178
359,2220,9.04865078031834,19,200,0.095,0.061663102507449205,0.14360161209441077
359,2228,9.062054908973657,22,200,0.11,0.07377244436816725,0.16092691043362384
359,2236,9.075459037628974,21,200,0.105,0.06970748770124899,0.15518032036723173
360,870,6.801548095021902,2,25,0.08,0.022220401084126245,0.24966109123460217
360,1547,7.935872482478056,2,25,0.08,0.022220401084126245,0.24966109123460217
360,1885,8.502196918165176,3,25,0.12,0.04166817117905038,0.29955794091884674
360,2054,8.785359136008736,0,25,0.0,0.0,0.13319225276039096
360,2139,8.927778002971474,3,25,0.12,0.04166817117905038,0.29955794091884674
360,2160,8.962963840691678,2,25,0.08,0.022220401084126245,0.24966109123460217
360,2163,8.967990388937423,8,100,0.08,0.04109346127318457,0.14998107769277233
360,2164,8.969665905019337,8,100,0.08,0.04109346127318457,0.14998107769277233
360,2165,8.971341421101252,8,100,0.08,0.04109346127318457,0.14998107769277233
360,2166,8.973016937183166,8,100,0.08,0.04109346127318457,0.14998107769277233
360,2167,8.974692453265082,8,100,0.08,0.04109346127318457,0.14998107769277233
360,2168,8.976367969346995,8,100,0.08,0.04109346127318457,0.14998107769277233
360,2169,8.97804348542891,8,100,0.08,0.04109346127318457,0.14998107769277233
360,2170,8.979719001510825,8,100,0.08,0.04109346127318457,0.14998107769277233
360,2171,8.98139451759274,16,200,0.08,0.04984058570487163,0.12598948869705726
360,2176,8.989772098002312,4,25,0.16,0.06403451412098321,0.3465362177560826
360,2178,8.993123130166142,4,25,0.16,0.06403451412098321,0.3465362177560826
360,2179,8.994798646248055,26,200,0.13,0.09028202253521182,0.18366351919982074
360,2211,9.048415160869322,19,200,0.095,0.061663102507449205,0.14360161209441077
360,2219,9.061819289524639,23,200,0.115,0.07786373208518774,0.16664716944991373
360,2227,9.075223418179954,21,200,0.105,0.06970748770124899,0.15518032036723173
361,861,6.801312475572883,2,25,0.08,0.022220401084126245,0.24966109123460217
361,1538,7.935636863029037,2,25,0.08,0.022220401084126245,0.24966109123460217
361,1876,8.501961298716157,3,25,0.12,0.04166817117905038,0.29955794091884674
361,2045,8.785123516559716,0,25,0.0,0.0,0.13319225276039096
361,2130,8.927542383522454,3,25,0.12,0.04166817117905038,0.29955794091884674
361,2151,8.96272822124266,2,25,0.08,0.022220401084126245,0.24966109123460217
361,2154,8.967754769488403,8,100,0.08,0.04109346127318457,0.14998107769277233
361,2155,8.969430285570319,8,100,0.08,0.04109346127318457,0.14998107769277233
361,2156,8.971105801652232,8,100,0.08,0.04109346127318457,0.14998107769277233
361,2157,8.972781317734148,8,100,0.08,0.04109346127318457,0.14998107769277233
361,2158,8.974456833816062,8,100,0.08,0.04109346127318457,0.14998107769277233
361,2159,8.976132349897977,8,100,0.08,0.04109346127318457,0.14998107769277233
361,2160,8.97780786597989,8,100,0.08,0.04109346127318457,0.14998107769277233
361,2161,8.979483382061805,8,100,0.08,0.04109346127318457,0.14998107769277233
361,2162,8.98115889814372,16,200,0.08,0.04984058570487163,0.12598948869705726
361,2167,8.989536478553292,4,25,0.16,0.06403451412098321,0.3465362177560826
361,2169,8.992887510717122,4,25,0.16,0.06403451412098321,0.3465362177560826
361,2170,8.994563026799037,26,200,0.13,0.09028202253521182,0.18366351919982074
361,2202,9.048179541420303,19,200,0.095,0.061663102507449205,0.14360161209441077
361,2210,9.061583670075619,23,200,0.115,0.07786373208518774,0.16664716944991373
361,2218,9.074987798730936,21,200,0.105,0.06970748770124899,0.15518032036723173
362,852,6.8010768561238635,2,25,0.08,0.022220401084126245,0.24966109123460217
362,1529,7.935401243580017,2,25,0.08,0.022220401084126245,0.24966109123460217
362,1867,8.501725679267137,3,25,0.12,0.04166817117905038,0.29955794091884674
362,2036,8.784887897110698,0,25,0.0,0.0,0.13319225276039096
362,2121,8.927306764073435,3,25,0.12,0.04166817117905038,0.29955794091884674
362,2142,8.96249260179364,2,25,0.08,0.022220401084126245,0.24966109123460217
362,2145,8.967519150039385,8,100,0.08,0.04109346127318457,0.14998107769277233
362,2146,8.969194666121298,8,100,0.08,0.04109346127318457,0.14998107769277233
362,2147,8.970870182203214,8,100,0.08,0.04109346127318457,0.14998107769277233
362,2148,8.972545698285128,8,100,0.08,0.04109346127318457,0.14998107769277233
362,2149,8.974221214367041,8,100,0.08,0.04109346127318457,0.14998107769277233
362,2150,8.975896730448957,8,100,0.08,0.04109346127318457,0.14998107769277233
362,2151,8.977572246530872,8,100,0.08,0.04109346127318457,0.14998107769277233
362,2152,8.979247762612786,8,100,0.08,0.04109346127318457,0.14998107769277233
362,2153,8.9809232786947,23,200,0.115,0.07786373208518774,0.16664716944991373
362,2158,8.989300859104274,4,25,0.16,0.06403451412098321,0.3465362177560826
362,2161,8.994327407350017,24,200,0.12,0.0819799268161472,0.17234252145226464
362,2193,9.047943921971283,20,200,0.1,0.06567044845124732,0.14940581288392302
362,2201,9.061348050626599,23,200,0.115,0.07786373208518774,0.16664716944991373
362,2209,9.074752179281916,21,200,0.105,0.06970748770124899,0.15518032036723173
363,843,6.800841236674843,2,25,0.08,0.022220401084126245,0.24966109123460217
363,1520,7.935165624130998,2,25,0.08,0.022220401084126245,0.24966109123460217
363,1858,8.501490059818117,3,25,0.12,0.04166817117905038,0.29955794091884674
363,2027,8.784652277661678,0,25,0.0,0.0,0.13319225276039096
363,2112,8.927071144624415,3,25,0.12,0.04166817117905038,0.29955794091884674
363,2133,8.962256982344622,2,25,0.08,0.022220401084126245,0.24966109123460217
363,2136,8.967283530590365,9,100,0.09,0.04807253976868698,0.16226212922188998
363,2137,8.968959046672278,9,100,0.09,0.04807253976868698,0.16226212922188998
363,2138,8.970634562754194,9,100,0.09,0.04807253976868698,0.16226212922188998
363,2139,8.97231007883611,9,100,0.09,0.04807253976868698,0.16226212922188998
363,2140,8.973985594918023,9,100,0.09,0.04807253976868698,0.16226212922188998
363,2141,8.975661110999937,9,100,0.09,0.04807253976868698,0.16226212922188998
363,2142,8.977336627081852,9,100,0.09,0.04807253976868698,0.16226212922188998
363,2143,8.979012143163766,9,100,0.09,0.04807253976868698,0.16226212922188998
363,2144,8.980687659245682,23,200,0.115,0.07786373208518774,0.16664716944991373
363,2149,8.989065239655254,4,25,0.16,0.06403451412098321,0.3465362177560826
363,2152,8.994091787900999,24,200,0.12,0.0819799268161472,0.17234252145226464
363,2184,9.047708302522263,20,200,0.1,0.06567044845124732,0.14940581288392302
363,2192,9.06111243117758,23,200,0.115,0.07786373208518774,0.16664716944991373
363,2200,9.074516559832897,22,200,0.11,0.07377244436816725,0.16092691043362384
364,834,6.800605617225824,2,25,0.08,0.022220401084126245,0.24966109123460217
364,1511,7.934930004681979,2,25,0.08,0.022220401084126245,0.24966109123460217
364,1849,8.501254440369099,3,25,0.12,0.04166817117905038,0.29955794091884674
364,2019,8.786092174294573,0,25,0.0,0.0,0.13319225276039096
364,2103,8.926835525175395,3,25,0.12,0.04166817117905038,0.29955794091884674
364,2124,8.962021362895602,1,25,0.04,0.007096233423382075,0.1954406391161776
364,2127,8.967047911141346,9,100,0.09,0.04807253976868698,0.16226212922188998
364,2128,8.96872342722326,9,100,0.09,0.04807253976868698,0.16226212922188998
364,2129,8.970398943305174,9,100,0.09,0.04807253976868698,0.16226212922188998
364,2130,8.97207445938709,9,100,0.09,0.04807253976868698,0.16226212922188998
364,2131,8.973749975469003,9,100,0.09,0.04807253976868698,0.16226212922188998
364,2132,8.975425491550919,9,100,0.09,0.04807253976868698,0.16226212922188998
364,2133,8.977101007632832,9,100,0.09,0.04807253976868698,0.16226212922188998
364,2134,8.978776523714748,9,100,0.09,0.04807253976868698,0.16226212922188998
364,2135,8.980452039796662,23,200,0.115,0.07786373208518774,0.16664716944991373
364,2140,8.988829620206236,4,25,0.16,0.06403451412098321,0.3465362177560826
364,2143,8.993856168451979,25,200,0.125,0.0861197445025044,0.1780142504992178
364,2175,9.047472683073245,20,200,0.1,0.06567044845124732,0.14940581288392302
364,2183,9.06087681172856,23,200,0.115,0.07786373208518774,0.16664716944991373
364,2191,9.074280940383877,22,200,0.11,0.07377244436816725,0.16092691043362384
365,826,6.80204551385872,2,25,0.08,0.022220401084126245,0.24966109123460217
365,1502,7.934694385232959,2,25,0.08,0.022220401084126245,0.24966109123460217
365,1841,8.502694337001994,3,25,0.12,0.04166817117905038,0.29955794091884674
365,2010,8.785856554845553,0,25,0.0,0.0,0.13319225276039096
365,2094,8.926599905726377,3,25,0.12,0.04166817117905038,0.29955794091884674
365,2115,8.961785743446583,1,25,0.04,0.007096233423382075,0.1954406391161776
365,2119,8.96848780777424,11,100,0.11,0.06254196329419368,0.18631296574562342
365,2120,8.970163323856156,11,100,0.11,0.06254196329419368,0.18631296574562342
365,2121,8.97183883993807,11,100,0.11,0.06254196329419368,0.18631296574562342
365,2122,8.973514356019985,11,100,0.11,0.06254196329419368,0.18631296574562342
365,2123,8.975189872101899,11,100,0.11,0.06254196329419368,0.18631296574562342
365,2124,8.976865388183814,11,100,0.11,0.06254196329419368,0.18631296574562342
365,2125,8.978540904265728,11,100,0.11,0.06254196329419368,0.18631296574562342
365,2126,8.980216420347642,12,100,0.12,0.06999406407369688,0.19812099499074032
365,2127,8.981891936429557,17,200,0.085,0.05374574998400461,0.13189587115123463
365,2131,8.988594000757216,4,25,0.16,0.06403451412098321,0.3465362177560826
365,2134,8.993620549002959,4,25,0.16,0.06403451412098321,0.3465362177560826
365,2135,8.995296065084874,26,200,0.13,0.09028202253521182,0.18366351919982074
365,2167,9.048912579706139,20,200,0.1,0.06567044845124732,0.14940581288392302
365,2175,9.062316708361456,24,200,0.12,0.0819799268161472,0.17234252145226464
365,2183,9.075720837016773,22,200,0.11,0.07377244436816725,0.16092691043362384
366,817,6.8018098944097005,2,25,0.08,0.022220401084126245,0.24966109123460217
366,1493,7.9344587657839405,2,25,0.08,0.022220401084126245,0.24966109123460217
366,1832,8.502458717552976,3,25,0.12,0.04166817117905038,0.29955794091884674
366,2001,8.785620935396535,0,25,0.0,0.0,0.13319225276039096
366,2085,8.926364286277359,3,25,0.12,0.04166817117905038,0.29955794091884674
366,2107,8.963225640079479,1,25,0.04,0.007096233423382075,0.1954406391161776
366,2110,8.968252188325222,11,100,0.11,0.06254196329419368,0.18631296574562342
366,2111,8.969927704407137,11,100,0.11,0.06254196329419368,0.18631296574562342
366,2112,8.971603220489051,11,100,0.11,0.06254196329419368,0.18631296574562342
366,2113,8.973278736570965,11,100,0.11,0.06254196329419368,0.18631296574562342
366,2114,8.97495425265288,11,100,0.11,0.06254196329419368,0.18631296574562342
366,2115,8.976629768734796,11,100,0.11,0.06254196329419368,0.18631296574562342
366,2116,8.97830528481671,11,100,0.11,0.06254196329419368,0.18631296574562342
366,2117,8.979980800898623,10,100,0.1,0.0552291368050726,0.17436566221012448
366,2118,8.981656316980539,17,200,0.085,0.05374574998400461,0.13189587115123463
366,2122,8.988358381308197,2,25,0.08,0.022220401084126245,0.24966109123460217
366,2125,8.99338492955394,2,25,0.08,0.022220401084126245,0.24966109123460217
366,2126,8.995060445635854,26,200,0.13,0.09028202253521182,0.18366351919982074
366,2158,9.04867696025712,21,200,0.105,0.06970748770124899,0.15518032036723173
366,2166,9.062081088912437,25,200,0.125,0.0861197445025044,0.1780142504992178
366,2174,9.075485217567753,22,200,0.11,0.07377244436816725,0.16092691043362384
367,808,6.801574274960681,2,25,0.08,0.022220401084126245,0.24966109123460217
367,1485,7.935898662416836,2,25,0.08,0.022220401084126245,0.24966109123460217
367,1823,8.502223098103956,3,25,0.12,0.04166817117905038,0.29955794091884674
367,1992,8.785385315947515,0,25,0.0,0.0,0.13319225276039096
367,2077,8.927804182910254,3,25,0.12,0.04166817117905038,0.29955794091884674
367,2098,8.962990020630459,1,25,0.04,0.007096233423382075,0.1954406391161776
367,2101,8.968016568876202,11,100,0.11,0.06254196329419368,0.18631296574562342
367,2102,8.969692084958117,11,100,0.11,0.06254196329419368,0.18631296574562342
367,2103,8.971367601040033,11,100,0.11,0.06254196329419368,0.18631296574562342
367,2104,8.973043117121946,11,100,0.11,0.06254196329419368,0.18631296574562342
367,2105,8.97471863320386,11,100,0.11,0.06254196329419368,0.18631296574562342
367,2106,8.976394149285776,11,100,0.11,0.06254196329419368,0.18631296574562342
367,2107,8.97806966536769,11,100,0.11,0.06254196329419368,0.18631296574562342
367,2108,8.979745181449605,10,100,0.1,0.0552291368050726,0.17436566221012448
367,2109,8.981420697531519,18,200,0.09,0.05768744866037736,0.13776571920817224
367,2114,8.989798277941091,2,25,0.08,0.022220401084126245,0.24966109123460217
367,2116,8.993149310104922,2,25,0.08,0.022220401084126245,0.24966109123460217
367,2117,8.994824826186836,26,200,0.13,0.09028202253521182,0.18366351919982074
367,2149,9.0484413408081,21,200,0.105,0.06970748770124899,0.15518032036723173
367,2157,9.061845469463417,25,200,0.125,0.0861197445025044,0.1780142504992178
367,2165,9.075249598118734,22,200,0.11,0.07377244436816725,0.16092691043362384
368,799,6.801338655511662,2,25,0.08,0.022220401084126245,0.24966109123460217
368,1476,7.935663042967817,2,25,0.08,0.022220401084126245,0.24966109123460217
368,1814,8.501987478654936,3,25,0.12,0.04166817117905038,0.29955794091884674
368,1983,8.785149696498497,0,25,0.0,0.0,0.13319225276039096
368,2068,8.927568563461234,3,25,0.12,0.04166817117905038,0.29955794091884674
368,2089,8.962754401181439,1,25,0.04,0.007096233423382075,0.1954406391161776
368,2092,8.967780949427183,11,100,0.11,0.06254196329419368,0.18631296574562342
368,2093,8.969456465509097,11,100,0.11,0.06254196329419368,0.18631296574562342
368,2094,8.971131981591013,11,100,0.11,0.06254196329419368,0.18631296574562342
368,2095,8.972807497672926,11,100,0.11,0.06254196329419368,0.18631296574562342
368,2096,8.974483013754842,11,100,0.11,0.06254196329419368,0.18631296574562342
368,2097,8.976158529836756,11,100,0.11,0.06254196329419368,0.18631296574562342
368,2098,8.977834045918671,11,100,0.11,0.06254196329419368,0.18631296574562342
368,2099,8.979509562000585,10,100,0.1,0.0552291368050726,0.17436566221012448
368,2100,8.9811850780825,18,200,0.09,0.05768744866037736,0.13776571920817224
368,2105,8.989562658492073,2,25,0.08,0.022220401084126245,0.24966109123460217
368,2107,8.992913690655902,2,25,0.08,0.022220401084126245,0.24966109123460217
368,2108,8.994589206737816,26,200,0.13,0.09028202253521182,0.18366351919982074
368,2140,9.048205721359082,23,200,0.115,0.07786373208518774,0.16664716944991373
368,2148,9.0616098500144,25,200,0.125,0.0861197445025044,0.1780142504992178
368,2156,9.075013978669714,22,200,0.11,0.07377244436816725,0.16092691043362384
369,790,6.801103036062642,2,25,0.08,0.022220401084126245,0.24966109123460217
369,1467,7.935427423518798,2,25,0.08,0.022220401084126245,0.24966109123460217
369,1805,8.501751859205918,3,25,0.12,0.04166817117905038,0.29955794091884674
369,1974,8.784914077049477,0,25,0.0,0.0,0.13319225276039096
369,2059,8.927332944012214,3,25,0.12,0.04166817117905038,0.29955794091884674
369,2080,8.96251878173242,1,25,0.04,0.007096233423382075,0.1954406391161776
369,2083,8.967545329978163,11,100,0.11,0.06254196329419368,0.18631296574562342
369,2084,8.969220846060079,11,100,0.11,0.06254196329419368,0.18631296574562342
369,2085,8.970896362141993,11,100,0.11,0.06254196329419368,0.18631296574562342
369,2086,8.972571878223908,11,100,0.11,0.06254196329419368,0.18631296574562342
369,2087,8.974247394305822,11,100,0.11,0.06254196329419368,0.18631296574562342
369,2088,8.975922910387737,11,100,0.11,0.06254196329419368,0.18631296574562342
369,2089,8.977598426469651,11,100,0.11,0.06254196329419368,0.18631296574562342
369,2090,8.979273942551565,11,100,0.11,0.06254196329419368,0.18631296574562342
369,2091,8.98094945863348,23,200,0.115,0.07786373208518774,0.16664716944991373
369,2096,8.989327039043053,2,25,0.08,0.022220401084126245,0.24966109123460217
369,2099,8.994353587288797,23,200,0.115,0.07786373208518774,0.16664716944991373
369,2131,9.047970101910062,23,200,0.115,0.07786373208518774,0.16664716944991373
369,2139,9.061374230565379,25,200,0.125,0.0861197445025044,0.1780142504992178
369,2147,9.074778359220696,22,200,0.11,0.07377244436816725,0.16092691043362384
370,781,6.800867416613623,2,25,0.08,0.022220401084126245,0.24966109123460217
370,1458,7.9351918040697775,2,25,0.08,0.022220401084126245,0.24966109123460217
370,1796,8.501516239756898,3,25,0.12,0.04166817117905038,0.29955794091884674
370,1965,8.784678457600458,0,25,0.0,0.0,0.13319225276039096
370,2050,8.927097324563196,3,25,0.12,0.04166817117905038,0.29955794091884674
370,2071,8.9622831622834,1,25,0.04,0.007096233423382075,0.1954406391161776
370,2074,8.967309710529145,11,100,0.11,0.06254196329419368,0.18631296574562342
370,2075,8.968985226611059,11,100,0.11,0.06254196329419368,0.18631296574562342
370,2076,8.970660742692974,11,100,0.11,0.06254196329419368,0.18631296574562342
370,2077,8.972336258774888,11,100,0.11,0.06254196329419368,0.18631296574562342
370,2078,8.974011774856802,11,100,0.11,0.06254196329419368,0.18631296574562342
370,2079,8.975687290938717,11,100,0.11,0.06254196329419368,0.18631296574562342
370,2080,8.977362807020633,11,100,0.11,0.06254196329419368,0.18631296574562342
370,2081,8.979038323102547,11,100,0.11,0.06254196329419368,0.18631296574562342
370,2082,8.98071383918446,24,200,0.12,0.0819799268161472,0.17234252145226464
370,2087,8.989091419594034,2,25,0.08,0.022220401084126245,0.24966109123460217
370,2090,8.994117967839777,23,200,0.115,0.07786373208518774,0.16664716944991373
370,2122,9.047734482461044,23,200,0.115,0.07786373208518774,0.16664716944991373
370,2130,9.061138611116359,25,200,0.125,0.0861197445025044,0.1780142504992178
370,2138,9.074542739771676,22,200,0.11,0.07377244436816725,0.16092691043362384
371,772,6.800631797164605,2,25,0.08,0.022220401084126245,0.24966109123460217
371,1449,7.934956184620759,2,25,0.08,0.022220401084126245,0.24966109123460217
371,1787,8.50128062030788,3,25,0.12,0.04166817117905038,0.29955794091884674
371,1957,8.786118354233354,0,25,0.0,0.0,0.13319225276039096
371,2041,8.926861705114177,3,25,0.12,0.04166817117905038,0.29955794091884674
371,2062,8.962047542834382,1,25,0.04,0.007096233423382075,0.1954406391161776
371,2065,8.967074091080125,11,100,0.11,0.06254196329419368,0.18631296574562342
371,2066,8.96874960716204,11,100,0.11,0.06254196329419368,0.18631296574562342
371,2067,8.970425123243956,11,100,0.11,0.06254196329419368,0.18631296574562342
371,2068,8.97210063932587,11,100,0.11,0.06254196329419368,0.18631296574562342
371,2069,8.973776155407784,11,100,0.11,0.06254196329419368,0.18631296574562342
371,2070,8.975451671489699,11,100,0.11,0.06254196329419368,0.18631296574562342
371,2071,8.977127187571613,11,100,0.11,0.06254196329419368,0.18631296574562342
371,2072,8.978802703653528,11,100,0.11,0.06254196329419368,0.18631296574562342
371,2073,8.980478219735442,24,200,0.12,0.0819799268161472,0.17234252145226464
371,2078,8.988855800145014,2,25,0.08,0.022220401084126245,0.24966109123460217
371,2081,8.993882348390759,24,200,0.12,0.0819799268161472,0.17234252145226464
371,2113,9.047498863012024,24,200,0.12,0.0819799268161472,0.17234252145226464
371,2121,9.06090299166734,25,200,0.125,0.0861197445025044,0.1780142504992178
371,2129,9.074307120322658,22,200,0.11,0.07377244436816725,0.16092691043362384
372,764,6.8020716937975,2,25,0.08,0.022220401084126245,0.24966109123460217
372,1440,7.93472056517174,2,25,0.08,0.022220401084126245,0.24966109123460217
372,1779,8.502720516940775,3,25,0.12,0.04166817117905038,0.29955794091884674
372,1948,8.785882734784334,0,25,0.0,0.0,0.13319225276039096
372,2032,8.926626085665157,3,25,0.12,0.04166817117905038,0.29955794091884674
372,2053,8.961811923385362,1,25,0.04,0.007096233423382075,0.1954406391161776
372,2057,8.96851398771302,11,100,0.11,0.06254196329419368,0.18631296574562342
372,2058,8.970189503794936,11,100,0.11,0.06254196329419368,0.18631296574562342
372,2059,8.97186501987685,11,100,0.11,0.06254196329419368,0.18631296574562342
372,2060,8.973540535958765,11,100,0.11,0.06254196329419368,0.18631296574562342
372,2061,8.975216052040679,11,100,0.11,0.06254196329419368,0.18631296574562342
372,2062,8.976891568122594,11,100,0.11,0.06254196329419368,0.18631296574562342
372,2063,8.978567084204508,11,100,0.11,0.06254196329419368,0.18631296574562342
372,2064,8.980242600286424,10,100,0.1,0.0552291368050726,0.17436566221012448
372,2065,8.981918116368337,20,200,0.1,0.06567044845124732,0.14940581288392302
372,2069,8.988620180695996,2,25,0.08,0.022220401084126245,0.24966109123460217
372,2072,8.993646728941739,2,25,0.08,0.022220401084126245,0.24966109123460217
372,2073,8.995322245023655,28,200,0.14,0.09866982605979482,0.1948988091418585
372,2105,9.04893875964492,24,200,0.12,0.0819799268161472,0.17234252145226464
372,2113,9.062342888300236,25,200,0.125,0.0861197445025044,0.1780142504992178
372,2121,9.075747016955553,23,200,0.115,0.07786373208518774,0.16664716944991373
373,755,6.801836074348481,2,25,0.08,0.022220401084126245,0.24966109123460217
373,1431,7.934484945722721,2,25,0.08,0.022220401084126245,0.24966109123460217
373,1770,8.502484897491755,3,25,0.12,0.04166817117905038,0.29955794091884674
373,1939,8.785647115335316,0,25,0.0,0.0,0.13319225276039096
373,2023,8.926390466216137,3,25,0.12,0.04166817117905038,0.29955794091884674
373,2045,8.963251820018257,1,25,0.04,0.007096233423382075,0.1954406391161776
373,2048,8.968278368264002,11,100,0.11,0.06254196329419368,0.18631296574562342
373,2049,8.969953884345916,11,100,0.11,0.06254196329419368,0.18631296574562342
373,2050,8.971629400427831,11,100,0.11,0.06254196329419368,0.18631296574562342
373,2051,8.973304916509745,11,100,0.11,0.06254196329419368,0.18631296574562342
373,2052,8.97498043259166,11,100,0.11,0.06254196329419368,0.18631296574562342
373,2053,8.976655948673574,11,100,0.11,0.06254196329419368,0.18631296574562342
373,2054,8.978331464755488,11,100,0.11,0.06254196329419368,0.18631296574562342
373,2055,8.980006980837404,10,100,0.1,0.0552291368050726,0.17436566221012448
373,2056,8.98168249691932,20,200,0.1,0.06567044845124732,0.14940581288392302
373,2060,8.988384561246976,2,25,0.08,0.022220401084126245,0.24966109123460217
373,2063,8.99341110949272,2,25,0.08,0.022220401084126245,0.24966109123460217
373,2064,8.995086625574634,29,200,0.145,0.10289350613885,0.20048667579611365
373,2096,9.0487031401959,24,200,0.12,0.0819799268161472,0.17234252145226464
373,2104,9.062107268851218,26,200,0.13,0.09028202253521182,0.18366351919982074
373,2112,9.075511397506533,24,200,0.12,0.0819799268161472,0.17234252145226464
374,746,6.801600454899461,2,25,0.08,0.022220401084126245,0.24966109123460217
374,1423,7.9359248423556155,2,25,0.08,0.022220401084126245,0.24966109123460217
374,1761,8.502249278042736,3,25,0.12,0.04166817117905038,0.29955794091884674
374,1930,8.785411495886295,0,25,0.0,0.0,0.13319225276039096
374,2015,8.927830362849033,3,25,0.12,0.04166817117905038,0.29955794091884674
374,2036,8.963016200569239,1,25,0.04,0.007096233423382075,0.1954406391161776
374,2039,8.968042748814982,11,100,0.11,0.06254196329419368,0.18631296574562342
374,2040,8.969718264896898,11,100,0.11,0.06254196329419368,0.18631296574562342
374,2041,8.971393780978811,11,100,0.11,0.06254196329419368,0.18631296574562342
374,2042,8.973069297060725,11,100,0.11,0.06254196329419368,0.18631296574562342
374,2043,8.97474481314264,11,100,0.11,0.06254196329419368,0.18631296574562342
374,2044,8.976420329224556,11,100,0.11,0.06254196329419368,0.18631296574562342
374,2045,8.97809584530647,11,100,0.11,0.06254196329419368,0.18631296574562342
374,2046,8.979771361388384,10,100,0.1,0.0552291368050726,0.17436566221012448
374,2047,8.9814468774703,20,200,0.1,0.06567044845124732,0.14940581288392302
374,2052,8.989824457879871,2,25,0.08,0.022220401084126245,0.24966109123460217
374,2054,8.9931754900437,2,25,0.08,0.022220401084126245,0.24966109123460217
374,2055,8.994851006125614,29,200,0.145,0.10289350613885,0.20048667579611365
374,2087,9.04846752074688,25,200,0.125,0.0861197445025044,0.1780142504992178
374,2095,9.061871649402198,26,200,0.13,0.09028202253521182,0.18366351919982074
374,2103,9.075275778057513,24,200,0.12,0.0819799268161472,0.17234252145226464
375,737,6.801364835450442,2,25,0.08,0.022220401084126245,0.24966109123460217
375,1414,7.935689222906596,2,25,0.08,0.022220401084126245,0.24966109123460217
375,1752,8.502013658593716,3,25,0.12,0.04166817117905038,0.29955794091884674
375,1921,8.785175876437275,0,25,0.0,0.0,0.13319225276039096
375,2006,8.927594743400014,3,25,0.12,0.04166817117905038,0.29955794091884674
375,2027,8.962780581120219,1,25,0.04,0.007096233423382075,0.1954406391161776
375,2030,8.967807129365962,11,100,0.11,0.06254196329419368,0.18631296574562342
375,2031,8.969482645447878,11,100,0.11,0.06254196329419368,0.18631296574562342
375,2032,8.971158161529793,11,100,0.11,0.06254196329419368,0.18631296574562342
375,2033,8.972833677611707,11,100,0.11,0.06254196329419368,0.18631296574562342
375,2034,8.97450919369362,11,100,0.11,0.06254196329419368,0.18631296574562342
375,2035,8.976184709775536,11,100,0.11,0.06254196329419368,0.18631296574562342
375,2036,8.97786022585745,11,100,0.11,0.06254196329419368,0.18631296574562342
375,2037,8.979535741939365,10,100,0.1,0.0552291368050726,0.17436566221012448
375,2038,8.981211258021279,20,200,0.1,0.06567044845124732,0.14940581288392302
375,2043,8.989588838430851,2,25,0.08,0.022220401084126245,0.24966109123460217
375,2045,8.99293987059468,2,25,0.08,0.022220401084126245,0.24966109123460217
375,2046,8.994615386676596,29,200,0.145,0.10289350613885,0.20048667579611365
375,2078,9.04823190129786,26,200,0.13,0.09028202253521182,0.18366351919982074
375,2086,9.061636029953178,27,200,0.135,0.09446570427968658,0.18929138418865638
375,2094,9.075040158608495,25,200,0.125,0.0861197445025044,0.1780142504992178
376,728,6.8011292160014225,2,25,0.08,0.022220401084126245,0.24966109123460217
376,1405,7.935453603457576,2,25,0.08,0.022220401084126245,0.24966109123460217
376,1743,8.501778039144696,3,25,0.12,0.04166817117905038,0.29955794091884674
376,1912,8.784940256988257,0,25,0.0,0.0,0.13319225276039096
376,1997,8.927359123950994,3,25,0.12,0.04166817117905038,0.29955794091884674
376,2018,8.962544961671199,1,25,0.04,0.007096233423382075,0.1954406391161776
376,2021,8.967571509916944,11,100,0.11,0.06254196329419368,0.18631296574562342
376,2022,8.969247025998857,11,100,0.11,0.06254196329419368,0.18631296574562342
376,2023,8.970922542080773,11,100,0.11,0.06254196329419368,0.18631296574562342
376,2024,8.972598058162687,11,100,0.11,0.06254196329419368,0.18631296574562342
376,2025,8.974273574244602,11,100,0.11,0.06254196329419368,0.18631296574562342
376,2026,8.975949090326516,11,100,0.11,0.06254196329419368,0.18631296574562342
376,2027,8.97762460640843,11,100,0.11,0.06254196329419368,0.18631296574562342
376,2028,8.979300122490345,11,100,0.11,0.06254196329419368,0.18631296574562342
376,2029,8.98097563857226,24,200,0.12,0.0819799268161472,0.17234252145226464
376,2034,8.989353218981833,2,25,0.08,0.022220401084126245,0.24966109123460217
376,2037,8.994379767227576,25,200,0.125,0.0861197445025044,0.1780142504992178
376,2069,9.047996281848842,26,200,0.13,0.09028202253521182,0.18366351919982074
376,2077,9.06140041050416,27,200,0.135,0.09446570427968658,0.18929138418865638
376,2085,9.074804539159475,25,200,0.125,0.0861197445025044,0.1780142504992178
377,719,6.800893596552404,2,25,0.08,0.022220401084126245,0.24966109123460217
377,1396,7.935217984008558,2,25,0.08,0.022220401084126245,0.24966109123460217
377,1734,8.501542419695678,3,25,0.12,0.04166817117905038,0.29955794091884674
377,1903,8.784704637539239,0,25,0.0,0.0,0.13319225276039096
377,1988,8.927123504501976,3,25,0.12,0.04166817117905038,0.29955794091884674
377,2009,8.96230934222218,1,25,0.04,0.007096233423382075,0.1954406391161776
377,2012,8.967335890467925,11,100,0.11,0.06254196329419368,0.18631296574562342
377,2013,8.96901140654984,11,100,0.11,0.06254196329419368,0.18631296574562342
377,2014,8.970686922631755,11,100,0.11,0.06254196329419368,0.18631296574562342
377,2015,8.972362438713668,11,100,0.11,0.06254196329419368,0.18631296574562342
377,2016,8.974037954795584,11,100,0.11,0.06254196329419368,0.18631296574562342
377,2017,8.975713470877498,11,100,0.11,0.06254196329419368,0.18631296574562342
377,2018,8.977388986959411,11,100,0.11,0.06254196329419368,0.18631296574562342
377,2019,8.979064503041327,11,100,0.11,0.06254196329419368,0.18631296574562342
377,2020,8.980740019123242,24,200,0.12,0.0819799268161472,0.17234252145226464
377,2025,8.989117599532815,2,25,0.08,0.022220401084126245,0.24966109123460217
377,2028,8.994144147778558,25,200,0.125,0.0861197445025044,0.1780142504992178
377,2060,9.047760662399824,27,200,0.135,0.09446570427968658,0.18929138418865638
377,2068,9.061164791055141,28,200,0.14,0.09866982605979482,0.1948988091418585
377,2076,9.074568919710456,25,200,0.125,0.0861197445025044,0.1780142504992178
378,710,6.800657977103384,2,25,0.08,0.022220401084126245,0.24966109123460217
378,1387,7.934982364559539,2,25,0.08,0.022220401084126245,0.24966109123460217
378,1725,8.50130680024666,3,25,0.12,0.04166817117905038,0.29955794091884674
378,1895,8.786144534172134,0,25,0.0,0.0,0.13319225276039096
378,1979,8.926887885052956,3,25,0.12,0.04166817117905038,0.29955794091884674
378,2000,8.962073722773162,1,25,0.04,0.007096233423382075,0.1954406391161776
378,2003,8.967100271018905,11,100,0.11,0.06254196329419368,0.18631296574562342
378,2004,8.968775787100821,11,100,0.11,0.06254196329419368,0.18631296574562342
378,2005,8.970451303182735,11,100,0.11,0.06254196329419368,0.18631296574562342
378,2006,8.972126819264648,11,100,0.11,0.06254196329419368,0.18631296574562342
378,2007,8.973802335346564,11,100,0.11,0.06254196329419368,0.18631296574562342
378,2008,8.97547785142848,11,100,0.11,0.06254196329419368,0.18631296574562342
378,2009,8.977153367510393,11,100,0.11,0.06254196329419368,0.18631296574562342
378,2010,8.978828883592307,11,100,0.11,0.06254196329419368,0.18631296574562342
378,2011,8.980504399674222,26,200,0.13,0.09028202253521182,0.18366351919982074
378,2016,8.988881980083795,2,25,0.08,0.022220401084126245,0.24966109123460217
378,2019,8.993908528329538,25,200,0.125,0.0861197445025044,0.1780142504992178
378,2051,9.047525042950804,27,200,0.135,0.09446570427968658,0.18929138418865638
378,2059,9.060929171606121,29,200,0.145,0.10289350613885,0.20048667579611365
378,2067,9.074333300261436,25,200,0.125,0.0861197445025044,0.1780142504992178
379,702,6.80209787373628,2,25,0.08,0.022220401084126245,0.24966109123460217
379,1378,7.93474674511052,2,25,0.08,0.022220401084126245,0.24966109123460217
379,1717,8.502746696879555,3,25,0.12,0.04166817117905038,0.29955794091884674
379,1886,8.785908914723114,0,25,0.0,0.0,0.13319225276039096
379,1970,8.926652265603938,3,25,0.12,0.04166817117905038,0.29955794091884674
379,1991,8.961838103324142,1,25,0.04,0.007096233423382075,0.1954406391161776
379,1995,8.9685401676518,11,100,0.11,0.06254196329419368,0.18631296574562342
379,1996,8.970215683733716,11,100,0.11,0.06254196329419368,0.18631296574562342
379,1997,8.97189119981563,11,100,0.11,0.06254196329419368,0.18631296574562342
379,1998,8.973566715897544,11,100,0.11,0.06254196329419368,0.18631296574562342
379,1999,8.97524223197946,11,100,0.11,0.06254196329419368,0.18631296574562342
379,2000,8.976917748061373,11,100,0.11,0.06254196329419368,0.18631296574562342
379,2001,8.978593264143289,11,100,0.11,0.06254196329419368,0.18631296574562342
379,2002,8.980268780225202,10,100,0.1,0.0552291368050726,0.17436566221012448
379,2003,8.981944296307116,22,200,0.11,0.07377244436816725,0.16092691043362384
379,2007,8.988646360634775,2,25,0.08,0.022220401084126245,0.24966109123460217
379,2010,8.99367290888052,2,25,0.08,0.022220401084126245,0.24966109123460217
379,2011,8.995348424962433,30,200,0.15,0.10713593533492477,0.20605579333334925
379,2043,9.0489649395837,28,200,0.14,0.09866982605979482,0.1948988091418585
379,2051,9.062369068239017,31,200,0.155,0.11139636898322336,0.21160690641836105
379,2059,9.075773196894332,25,200,0.125,0.0861197445025044,0.1780142504992178
380,693,6.80186225428726,3,25,0.12,0.04166817117905038,0.29955794091884674
380,1369,7.9345111256614995,2,25,0.08,0.022220401084126245,0.24966109123460217
380,1708,8.502511077430535,3,25,0.12,0.04166817117905038,0.29955794091884674
380,1877,8.785673295274094,0,25,0.0,0.0,0.13319225276039096
380,1961,8.926416646154918,3,25,0.12,0.04166817117905038,0.29955794091884674
380,1983,8.963277999957038,1,25,0.04,0.007096233423382075,0.1954406391161776
380,1986,8.96830454820278,11,100,0.11,0.06254196329419368,0.18631296574562342
380,1987,8.969980064284696,11,100,0.11,0.06254196329419368,0.18631296574562342
380,1988,8.97165558036661,11,100,0.11,0.06254196329419368,0.18631296574562342
380,1989,8.973331096448526,11,100,0.11,0.06254196329419368,0.18631296574562342
380,1990,8.97500661253044,11,100,0.11,0.06254196329419368,0.18631296574562342
380,1991,8.976682128612353,11,100,0.11,0.06254196329419368,0.18631296574562342
380,1992,8.978357644694269,11,100,0.11,0.06254196329419368,0.18631296574562342
380,1993,8.980033160776184,10,100,0.1,0.0552291368050726,0.17436566221012448
380,1994,8.981708676858098,22,200,0.11,0.07377244436816725,0.16092691043362384
380,1998,8.988410741185756,2,25,0.08,0.022220401084126245,0.24966109123460217
380,2001,8.9934372894315,2,25,0.08,0.022220401084126245,0.24966109123460217
380,2002,8.995112805513415,30,200,0.15,0.10713593533492477,0.20605579333334925
380,2034,9.04872932013468,28,200,0.14,0.09866982605979482,0.1948988091418585
380,2042,9.062133448789996,31,200,0.155,0.11139636898322336,0.21160690641836105
380,2050,9.075537577445314,25,200,0.125,0.0861197445025044,0.1780142504992178
381,684,6.801626634838241,3,25,0.12,0.04166817117905038,0.29955794091884674
381,1361,7.935951022294395,2,25,0.08,0.022220401084126245,0.24966109123460217
381,1699,8.502275457981515,1,25,0.04,0.007096233423382075,0.1954406391161776
381,1868,8.785437675825076,0,25,0.0,0.0,0.13319225276039096
381,1953,8.927856542787813,3,25,0.12,0.04166817117905038,0.29955794091884674
381,1974,8.963042380508018,1,25,0.04,0.007096233423382075,0.1954406391161776
381,1977,8.968068928753762,11,100,0.11,0.06254196329419368,0.18631296574562342
381,1978,8.969744444835676,11,100,0.11,0.06254196329419368,0.18631296574562342
381,1979,8.97141996091759,11,100,0.11,0.06254196329419368,0.18631296574562342
381,1980,8.973095476999505,11,100,0.11,0.06254196329419368,0.18631296574562342
381,1981,8.974770993081421,11,100,0.11,0.06254196329419368,0.18631296574562342
381,1982,8.976446509163335,11,100,0.11,0.06254196329419368,0.18631296574562342
381,1983,8.978122025245248,11,100,0.11,0.06254196329419368,0.18631296574562342
381,1984,8.979797541327164,10,100,0.1,0.0552291368050726,0.17436566221012448
381,1985,8.981473057409078,22,200,0.11,0.07377244436816725,0.16092691043362384
381,1990,8.989850637818652,2,25,0.08,0.022220401084126245,0.24966109123460217
381,1992,8.99320166998248,2,25,0.08,0.022220401084126245,0.24966109123460217
381,1993,8.994877186064395,30,200,0.15,0.10713593533492477,0.20605579333334925
381,2025,9.048493700685661,28,200,0.14,0.09866982605979482,0.1948988091418585
381,2033,9.061897829340976,31,200,0.155,0.11139636898322336,0.21160690641836105
381,2041,9.075301957996293,25,200,0.125,0.0861197445025044,0.1780142504992178
382,675,6.801391015389222,3,25,0.12,0.04166817117905038,0.29955794091884674
382,1352,7.935715402845377,2,25,0.08,0.022220401084126245,0.24966109123460217
382,1690,8.502039838532497,1,25,0.04,0.007096233423382075,0.1954406391161776
382,1859,8.785202056376058,0,25,0.0,0.0,0.13319225276039096
382,1944,8.927620923338793,3,25,0.12,0.04166817117905038,0.29955794091884674
382,1965,8.962806761059,1,25,0.04,0.007096233423382075,0.1954406391161776
382,1968,8.967833309304744,11,100,0.11,0.06254196329419368,0.18631296574562342
382,1969,8.969508825386658,11,100,0.11,0.06254196329419368,0.18631296574562342
382,1970,8.971184341468572,11,100,0.11,0.06254196329419368,0.18631296574562342
382,1971,8.972859857550487,11,100,0.11,0.06254196329419368,0.18631296574562342
382,1972,8.974535373632403,11,100,0.11,0.06254196329419368,0.18631296574562342
382,1973,8.976210889714316,11,100,0.11,0.06254196329419368,0.18631296574562342
382,1974,8.97788640579623,11,100,0.11,0.06254196329419368,0.18631296574562342
382,1975,8.979561921878146,10,100,0.1,0.0552291368050726,0.17436566221012448
382,1976,8.98123743796006,23,200,0.115,0.07786373208518774,0.16664716944991373
382,1981,8.989615018369634,2,25,0.08,0.022220401084126245,0.24966109123460217
382,1983,8.992966050533461,2,25,0.08,0.022220401084126245,0.24966109123460217
382,1984,8.994641566615377,30,200,0.15,0.10713593533492477,0.20605579333334925
382,2016,9.048258081236643,28,200,0.14,0.09866982605979482,0.1948988091418585
382,2024,9.061662209891958,31,200,0.155,0.11139636898322336,0.21160690641836105
382,2032,9.075066338547275,27,200,0.135,0.09446570427968658,0.18929138418865638
383,666,6.801155395940203,3,25,0.12,0.04166817117905038,0.29955794091884674
383,1343,7.9354797833963575,2,25,0.08,0.022220401084126245,0.24966109123460217
383,1681,8.501804219083478,1,25,0.04,0.007096233423382075,0.1954406391161776
383,1850,8.784966436927037,0,25,0.0,0.0,0.13319225276039096
383,1935,8.927385303889775,3,25,0.12,0.04166817117905038,0.29955794091884674
383,1956,8.962571141609981,1,25,0.04,0.007096233423382075,0.1954406391161776
383,1959,8.967597689855724,11,100,0.11,0.06254196329419368,0.18631296574562342
383,1960,8.96927320593764,11,100,0.11,0.06254196329419368,0.18631296574562342
383,1961,8.970948722019553,11,100,0.11,0.06254196329419368,0.18631296574562342
383,1962,8.972624238101467,11,100,0.11,0.06254196329419368,0.18631296574562342
383,1963,8.974299754183383,11,100,0.11,0.06254196329419368,0.18631296574562342
383,1964,8.975975270265296,11,100,0.11,0.06254196329419368,0.18631296574562342
383,1965,8.977650786347212,11,100,0.11,0.06254196329419368,0.18631296574562342
383,1966,8.979326302429126,11,100,0.11,0.06254196329419368,0.18631296574562342
383,1967,8.98100181851104,27,200,0.135,0.09446570427968658,0.18929138418865638
383,1972,8.989379398920613,2,25,0.08,0.022220401084126245,0.24966109123460217
383,1975,8.994405947166356,26,200,0.13,0.09028202253521182,0.18366351919982074
383,2007,9.048022461787623,28,200,0.14,0.09866982605979482,0.1948988091418585
383,2015,9.061426590442938,31,200,0.155,0.11139636898322336,0.21160690641836105
383,2023,9.074830719098255,28,200,0.14,0.09866982605979482,0.1948988091418585
384,657,6.800919776491183,3,25,0.12,0.04166817117905038,0.29955794091884674
384,1334,7.935244163947338,2,25,0.08,0.022220401084126245,0.24966109123460217
384,1672,8.501568599634458,1,25,0.04,0.007096233423382075,0.1954406391161776
384,1841,8.784730817478017,0,25,0.0,0.0,0.13319225276039096
384,1926,8.927149684440755,3,25,0.12,0.04166817117905038,0.29955794091884674
384,1947,8.962335522160961,1,25,0.04,0.007096233423382075,0.1954406391161776
384,1950,8.967362070406704,11,100,0.11,0.06254196329419368,0.18631296574562342
384,1951,8.96903758648862,11,100,0.11,0.06254196329419368,0.18631296574562342
384,1952,8.970713102570533,11,100,0.11,0.06254196329419368,0.18631296574562342
384,1953,8.972388618652449,11,100,0.11,0.06254196329419368,0.18631296574562342
384,1954,8.974064134734363,11,100,0.11,0.06254196329419368,0.18631296574562342
384,1955,8.975739650816276,11,100,0.11,0.06254196329419368,0.18631296574562342
384,1956,8.977415166898192,11,100,0.11,0.06254196329419368,0.18631296574562342
384,1957,8.979090682980107,11,100,0.11,0.06254196329419368,0.18631296574562342
384,1958,8.980766199062021,27,200,0.135,0.09446570427968658,0.18929138418865638
384,1963,8.989143779471593,2,25,0.08,0.022220401084126245,0.24966109123460217
384,1966,8.994170327717338,27,200,0.135,0.09446570427968658,0.18929138418865638
384,1998,9.047786842338603,29,200,0.145,0.10289350613885,0.20048667579611365
384,2006,9.06119097099392,32,200,0.16,0.11567412001614788,0.2171407021187469
384,2014,9.074595099649237,29,200,0.145,0.10289350613885,0.20048667579611365
385,648,6.800684157042164,3,25,0.12,0.04166817117905038,0.29955794091884674
385,1325,7.935008544498318,2,25,0.08,0.022220401084126245,0.24966109123460217
385,1663,8.501332980185438,1,25,0.04,0.007096233423382075,0.1954406391161776
385,1833,8.786170714110913,0,25,0.0,0.0,0.13319225276039096
385,1917,8.926914064991736,3,25,0.12,0.04166817117905038,0.29955794091884674
385,1938,8.962099902711941,1,25,0.04,0.007096233423382075,0.1954406391161776
385,1941,8.967126450957686,11,100,0.11,0.06254196329419368,0.18631296574562342
385,1942,8.9688019670396,11,100,0.11,0.06254196329419368,0.18631296574562342
385,1943,8.970477483121513,11,100,0.11,0.06254196329419368,0.18631296574562342
385,1944,8.972152999203429,11,100,0.11,0.06254196329419368,0.18631296574562342
385,1945,8.973828515285344,11,100,0.11,0.06254196329419368,0.18631296574562342
385,1946,8.975504031367258,11,100,0.11,0.06254196329419368,0.18631296574562342
385,1947,8.977179547449172,11,100,0.11,0.06254196329419368,0.18631296574562342
385,1948,8.978855063531087,11,100,0.11,0.06254196329419368,0.18631296574562342
385,1949,8.980530579613001,27,200,0.135,0.09446570427968658,0.18929138418865638
385,1954,8.988908160022575,2,25,0.08,0.022220401084126245,0.24966109123460217
385,1957,8.993934708268318,28,200,0.14,0.09866982605979482,0.1948988091418585
385,1989,9.047551222889584,29,200,0.145,0.10289350613885,0.20048667579611365
385,1997,9.0609553515449,33,200,0.165,0.11996855297651625,0.22265781589168893
385,2005,9.074359480200217,29,200,0.145,0.10289350613885,0.20048667579611365
386,640,6.802124053675059,3,25,0.12,0.04166817117905038,0.29955794091884674
386,1316,7.934772925049299,2,25,0.08,0.022220401084126245,0.24966109123460217
386,1655,8.502772876818334,1,25,0.04,0.007096233423382075,0.1954406391161776
386,1824,8.785935094661895,0,25,0.0,0.0,0.13319225276039096
386,1908,8.926678445542716,3,25,0.12,0.04166817117905038,0.29955794091884674
386,1929,8.961864283262923,1,25,0.04,0.007096233423382075,0.1954406391161776
386,1933,8.968566347590581,11,100,0.11,0.06254196329419368,0.18631296574562342
386,1934,8.970241863672495,11,100,0.11,0.06254196329419368,0.18631296574562342
386,1935,8.971917379754409,11,100,0.11,0.06254196329419368,0.18631296574562342
386,1936,8.973592895836324,11,100,0.11,0.06254196329419368,0.18631296574562342
386,1937,8.975268411918238,11,100,0.11,0.06254196329419368,0.18631296574562342
386,1938,8.976943928000154,11,100,0.11,0.06254196329419368,0.18631296574562342
386,1939,8.978619444082067,11,100,0.11,0.06254196329419368,0.18631296574562342
386,1940,8.980294960163983,10,100,0.1,0.0552291368050726,0.17436566221012448
386,1941,8.981970476245897,24,200,0.12,0.0819799268161472,0.17234252145226464
386,1945,8.988672540573555,2,25,0.08,0.022220401084126245,0.24966109123460217
386,1948,8.993699088819298,2,25,0.08,0.022220401084126245,0.24966109123460217
386,1949,8.995374604901214,29,200,0.145,0.10289350613885,0.20048667579611365
386,1981,9.04899111952248,29,200,0.145,0.10289350613885,0.20048667579611365
386,1989,9.062395248177795,33,200,0.165,0.11996855297651625,0.22265781589168893
386,1997,9.075799376833112,29,200,0.145,0.10289350613885,0.20048667579611365
387,631,6.801888434226041,3,25,0.12,0.04166817117905038,0.29955794091884674
387,1307,7.934537305600281,2,25,0.08,0.022220401084126245,0.24966109123460217
387,1646,8.502537257369315,1,25,0.04,0.007096233423382075,0.1954406391161776
387,1815,8.785699475212876,0,25,0.0,0.0,0.13319225276039096
387,1899,8.926442826093698,3,25,0.12,0.04166817117905038,0.29955794091884674
387,1921,8.963304179895818,1,25,0.04,0.007096233423382075,0.1954406391161776
387,1924,8.968330728141563,11,100,0.11,0.06254196329419368,0.18631296574562342
387,1925,8.970006244223477,11,100,0.11,0.06254196329419368,0.18631296574562342
387,1926,8.97168176030539,11,100,0.11,0.06254196329419368,0.18631296574562342
387,1927,8.973357276387306,11,100,0.11,0.06254196329419368,0.18631296574562342
387,1928,8.97503279246922,11,100,0.11,0.06254196329419368,0.18631296574562342
387,1929,8.976708308551135,11,100,0.11,0.06254196329419368,0.18631296574562342
387,1930,8.978383824633049,11,100,0.11,0.06254196329419368,0.18631296574562342
387,1931,8.980059340714963,10,100,0.1,0.0552291368050726,0.17436566221012448
387,1932,8.981734856796878,25,200,0.125,0.0861197445025044,0.1780142504992178
387,1936,8.988436921124537,2,25,0.08,0.022220401084126245,0.24966109123460217
387,1939,8.99346346937028,2,25,0.08,0.022220401084126245,0.24966109123460217
387,1940,8.995138985452195,30,200,0.15,0.10713593533492477,0.20605579333334925
387,1972,9.048755500073462,29,200,0.145,0.10289350613885,0.20048667579611365
387,1980,9.062159628728777,33,200,0.165,0.11996855297651625,0.22265781589168893
387,1988,9.075563757384094,29,200,0.145,0.10289350613885,0.20048667579611365
388,622,6.801652814777022,3,25,0.12,0.04166817117905038,0.29955794091884674
388,1299,7.935977202233175,2,25,0.08,0.022220401084126245,0.24966109123460217
388,1637,8.502301637920295,1,25,0.04,0.007096233423382075,0.1954406391161776
388,1806,8.785463855763856,0,25,0.0,0.0,0.13319225276039096
388,1891,8.927882722726594,3,25,0.12,0.04166817117905038,0.29955794091884674
388,1912,8.9630685604468,1,25,0.04,0.007096233423382075,0.1954406391161776
388,1915,8.968095108692543,11,100,0.11,0.06254196329419368,0.18631296574562342
388,1916,8.969770624774457,11,100,0.11,0.06254196329419368,0.18631296574562342
388,1917,8.971446140856372,11,100,0.11,0.06254196329419368,0.18631296574562342
388,1918,8.973121656938286,11,100,0.11,0.06254196329419368,0.18631296574562342
388,1919,8.9747971730202,11,100,0.11,0.06254196329419368,0.18631296574562342
388,1920,8.976472689102115,11,100,0.11,0.06254196329419368,0.18631296574562342
388,1921,8.97814820518403,11,100,0.11,0.06254196329419368,0.18631296574562342
388,1922,8.979823721265944,10,100,0.1,0.0552291368050726,0.17436566221012448
388,1923,8.981499237347858,26,200,0.13,0.09028202253521182,0.18366351919982074
388,1928,8.989876817757432,2,25,0.08,0.022220401084126245,0.24966109123460217
388,1930,8.993227849921261,2,25,0.08,0.022220401084126245,0.24966109123460217
388,1931,8.994903366003175,30,200,0.15,0.10713593533492477,0.20605579333334925
388,1963,9.048519880624442,30,200,0.15,0.10713593533492477,0.20605579333334925
388,1971,9.061924009279757,33,200,0.165,0.11996855297651625,0.22265781589168893
388,1979,9.075328137935074,29,200,0.145,0.10289350613885,0.20048667579611365
389,613,6.801417195328002,3,25,0.12,0.04166817117905038,0.29955794091884674
389,1290,7.935741582784156,2,25,0.08,0.022220401084126245,0.24966109123460217
389,1628,8.502066018471277,1,25,0.04,0.007096233423382075,0.1954406391161776
389,1797,8.785228236314836,0,25,0.0,0.0,0.13319225276039096
389,1882,8.927647103277573,3,25,0.12,0.04166817117905038,0.29955794091884674
389,1903,8.96283294099778,1,25,0.04,0.007096233423382075,0.1954406391161776
389,1906,8.967859489243523,11,100,0.11,0.06254196329419368,0.18631296574562342
389,1907,8.969535005325437,11,100,0.11,0.06254196329419368,0.18631296574562342
389,1908,8.971210521407352,11,100,0.11,0.06254196329419368,0.18631296574562342
389,1909,8.972886037489268,11,100,0.11,0.06254196329419368,0.18631296574562342
389,1910,8.974561553571181,11,100,0.11,0.06254196329419368,0.18631296574562342
389,1911,8.976237069653095,11,100,0.11,0.06254196329419368,0.18631296574562342
389,1912,8.97791258573501,11,100,0.11,0.06254196329419368,0.18631296574562342
389,1913,8.979588101816924,10,100,0.1,0.0552291368050726,0.17436566221012448
389,1914,8.98126361789884,26,200,0.13,0.09028202253521182,0.18366351919982074
389,1919,8.989641198308412,2,25,0.08,0.022220401084126245,0.24966109123460217
389,1921,8.992992230472241,2,25,0.08,0.022220401084126245,0.24966109123460217
389,1922,8.994667746554157,30,200,0.15,0.10713593533492477,0.20605579333334925
389,1954,9.048284261175422,31,200,0.155,0.11139636898322336,0.21160690641836105
389,1962,9.061688389830739,34,200,0.17,0.12427907881439243,0.22815883678712312
389,1970,9.075092518486056,30,200,0.15,0.10713593533492477,0.20605579333334925
390,604,6.801181575878982,3,25,0.12,0.04166817117905038,0.29955794091884674
390,1281,7.935505963335137,2,25,0.08,0.022220401084126245,0.24966109123460217
390,1619,8.501830399022257,1,25,0.04,0.007096233423382075,0.1954406391161776
390,1788,8.784992616865818,0,25,0.0,0.0,0.13319225276039096
390,1873,8.927411483828553,3,25,0.12,0.04166817117905038,0.29955794091884674
390,1894,8.96259732154876,1,25,0.04,0.007096233423382075,0.1954406391161776
390,1897,8.967623869794505,11,100,0.11,0.06254196329419368,0.18631296574562342
390,1898,8.969299385876418,11,100,0.11,0.06254196329419368,0.18631296574562342
390,1899,8.970974901958332,11,100,0.11,0.06254196329419368,0.18631296574562342
390,1900,8.972650418040248,11,100,0.11,0.06254196329419368,0.18631296574562342
390,1901,8.974325934122161,11,100,0.11,0.06254196329419368,0.18631296574562342
390,1902,8.976001450204077,11,100,0.11,0.06254196329419368,0.18631296574562342
390,1903,8.97767696628599,11,100,0.11,0.06254196329419368,0.18631296574562342
390,1904,8.979352482367906,11,100,0.11,0.06254196329419368,0.18631296574562342
390,1905,8.98102799844982,30,200,0.15,0.10713593533492477,0.20605579333334925
390,1910,8.989405578859394,2,25,0.08,0.022220401084126245,0.24966109123460217
390,1912,8.992756611023221,2,25,0.08,0.022220401084126245,0.24966109123460217
390,1913,8.994432127105137,30,200,0.15,0.10713593533492477,0.20605579333334925
390,1945,9.048048641726403,31,200,0.155,0.11139636898322336,0.21160690641836105
390,1953,9.061452770381718,34,200,0.17,0.12427907881439243,0.22815883678712312
390,1961,9.074856899037036,30,200,0.15,0.10713593533492477,0.20605579333334925
391,595,6.800945956429963,3,25,0.12,0.04166817117905038,0.29955794091884674
391,1272,7.935270343886117,4,25,0.16,0.06403451412098321,0.3465362177560826
391,1610,8.501594779573239,1,25,0.04,0.007096233423382075,0.1954406391161776
391,1779,8.784756997416798,0,25,0.0,0.0,0.13319225276039096
391,1864,8.927175864379535,3,25,0.12,0.04166817117905038,0.29955794091884674
391,1885,8.962361702099741,1,25,0.04,0.007096233423382075,0.1954406391161776
391,1888,8.967388250345484,11,100,0.11,0.06254196329419368,0.18631296574562342
391,1889,8.969063766427398,11,100,0.11,0.06254196329419368,0.18631296574562342
391,1890,8.970739282509314,11,100,0.11,0.06254196329419368,0.18631296574562342
391,1891,8.972414798591227,11,100,0.11,0.06254196329419368,0.18631296574562342
391,1892,8.974090314673143,11,100,0.11,0.06254196329419368,0.18631296574562342
391,1893,8.975765830755057,11,100,0.11,0.06254196329419368,0.18631296574562342
391,1894,8.977441346836972,11,100,0.11,0.06254196329419368,0.18631296574562342
391,1895,8.979116862918886,11,100,0.11,0.06254196329419368,0.18631296574562342
391,1896,8.9807923790008,31,200,0.155,0.11139636898322336,0.21160690641836105
391,1901,8.989169959410374,2,25,0.08,0.022220401084126245,0.24966109123460217
391,1904,8.994196507656117,35,200,0.175,0.1286051503455461,0.23364431198927976
391,1936,9.047813022277383,32,200,0.16,0.11567412001614788,0.2171407021187469
391,1944,9.061217150932698,34,200,0.17,0.12427907881439243,0.22815883678712312
391,1952,9.074621279588015,30,200,0.15,0.10713593533492477,0.20605579333334925
392,586,6.800710336980945,3,25,0.12,0.04166817117905038,0.29955794091884674
392,1263,7.935034724437099,4,25,0.16,0.06403451412098321,0.3465362177560826
392,1601,8.501359160124219,1,25,0.04,0.007096233423382075,0.1954406391161776
392,1771,8.786196894049693,0,25,0.0,0.0,0.13319225276039096
392,1855,8.926940244930517,3,25,0.12,0.04166817117905038,0.29955794091884674
392,1876,8.962126082650721,2,25,0.08,0.022220401084126245,0.24966109123460217
392,1879,8.967152630896466,12,100,0.12,0.06999406407369688,0.19812099499074032
392,1880,8.96882814697838,12,100,0.12,0.06999406407369688,0.19812099499074032
392,1881,8.970503663060295,12,100,0.12,0.06999406407369688,0.19812099499074032
392,1882,8.97217917914221,12,100,0.12,0.06999406407369688,0.19812099499074032
392,1883,8.973854695224123,12,100,0.12,0.06999406407369688,0.19812099499074032
392,1884,8.975530211306038,12,100,0.12,0.06999406407369688,0.19812099499074032
392,1885,8.977205727387954,12,100,0.12,0.06999406407369688,0.19812099499074032
392,1886,8.978881243469868,12,100,0.12,0.06999406407369688,0.19812099499074032
392,1887,8.980556759551781,32,200,0.16,0.11567412001614788,0.2171407021187469
392,1892,8.988934339961355,2,25,0.08,0.022220401084126245,0.24966109123460217
392,1895,8.993960888207098,35,200,0.175,0.1286051503455461,0.23364431198927976
392,1927,9.047577402828365,32,200,0.16,0.11567412001614788,0.2171407021187469
392,1935,9.06098153148368,34,200,0.17,0.12427907881439243,0.22815883678712312
392,1943,9.074385660138997,31,200,0.155,0.11139636898322336,0.21160690641836105
393,578,6.8021502336138395,3,25,0.12,0.04166817117905038,0.29955794091884674
393,1254,7.9347991049880795,4,25,0.16,0.06403451412098321,0.3465362177560826
393,1593,8.502799056757114,1,25,0.04,0.007096233423382075,0.1954406391161776
393,1762,8.785961274600673,0,25,0.0,0.0,0.13319225276039096
393,1846,8.926704625481497,3,25,0.12,0.04166817117905038,0.29955794091884674
393,1867,8.961890463201703,2,25,0.08,0.022220401084126245,0.24966109123460217
393,1871,8.96859252752936,12,100,0.12,0.06999406407369688,0.19812099499074032
393,1872,8.970268043611275,12,100,0.12,0.06999406407369688,0.19812099499074032
393,1873,8.971943559693191,12,100,0.12,0.06999406407369688,0.19812099499074032
393,1874,8.973619075775105,12,100,0.12,0.06999406407369688,0.19812099499074032
393,1875,8.975294591857018,12,100,0.12,0.06999406407369688,0.19812099499074032
393,1876,8.976970107938934,12,100,0.12,0.06999406407369688,0.19812099499074032
393,1877,8.978645624020848,12,100,0.12,0.06999406407369688,0.19812099499074032
393,1878,8.980321140102763,12,100,0.12,0.06999406407369688,0.19812099499074032
393,1879,8.981996656184677,30,200,0.15,0.10713593533492477,0.20605579333334925
393,1883,8.988698720512335,2,25,0.08,0.022220401084126245,0.24966109123460217
393,1886,8.99372526875808,2,25,0.08,0.022220401084126245,0.24966109123460217
393,1887,8.995400784839994,32,200,0.16,0.11567412001614788,0.2171407021187469
393,1919,9.049017299461259,32,200,0.16,0.11567412001614788,0.2171407021187469
393,1927,9.062421428116576,34,200,0.17,0.12427907881439243,0.22815883678712312
393,1935,9.075825556771893,32,200,0.16,0.11567412001614788,0.2171407021187469
394,569,6.80191461416482,4,25,0.16,0.06403451412098321,0.3465362177560826
394,1245,7.93456348553906,4,25,0.16,0.06403451412098321,0.3465362177560826
394,1584,8.502563437308094,1,25,0.04,0.007096233423382075,0.1954406391161776
394,1753,8.785725655151655,1,25,0.04,0.007096233423382075,0.1954406391161776
394,1837,8.926469006032477,3,25,0.12,0.04166817117905038,0.29955794091884674
394,1859,8.963330359834597,2,25,0.08,0.022220401084126245,0.24966109123460217
394,1862,8.968356908080342,13,100,0.13,0.07757167395660301,0.20980351513245427
394,1863,8.970032424162255,13,100,0.13,0.07757167395660301,0.20980351513245427
394,1864,8.97170794024417,13,100,0.13,0.07757167395660301,0.20980351513245427
394,1865,8.973383456326085,13,100,0.13,0.07757167395660301,0.20980351513245427
394,1866,8.975058972408,13,100,0.13,0.07757167395660301,0.20980351513245427
394,1867,8.976734488489914,13,100,0.13,0.07757167395660301,0.20980351513245427
394,1868,8.97841000457183,13,100,0.13,0.07757167395660301,0.20980351513245427
394,1869,8.980085520653743,12,100,0.12,0.06999406407369688,0.19812099499074032
394,1870,8.981761036735659,30,200,0.15,0.10713593533492477,0.20605579333334925
394,1874,8.988463101063317,2,25,0.08,0.022220401084126245,0.24966109123460217
394,1877,8.99348964930906,2,25,0.08,0.022220401084126245,0.24966109123460217
394,1878,8.995165165390974,32,200,0.16,0.11567412001614788,0.2171407021187469
394,1910,9.04878168001224,33,200,0.165,0.11996855297651625,0.22265781589168893
394,1918,9.062185808667557,35,200,0.175,0.1286051503455461,0.23364431198927976
394,1926,9.075589937322873,32,200,0.16,0.11567412001614788,0.2171407021187469
395,560,6.801678994715801,4,25,0.16,0.06403451412098321,0.3465362177560826
395,1236,7.93432786609004,4,25,0.16,0.06403451412098321,0.3465362177560826
395,1575,8.502327817859076,1,25,0.04,0.007096233423382075,0.1954406391161776
395,1744,8.785490035702635,1,25,0.04,0.007096233423382075,0.1954406391161776
395,1829,8.927908902665372,4,25,0.16,0.06403451412098321,0.3465362177560826
395,1850,8.963094740385579,2,25,0.08,0.022220401084126245,0.24966109123460217
395,1853,8.968121288631322,13,100,0.13,0.07757167395660301,0.20980351513245427
395,1854,8.969796804713237,13,100,0.13,0.07757167395660301,0.20980351513245427
395,1855,8.97147232079515,13,100,0.13,0.07757167395660301,0.20980351513245427
395,1856,8.973147836877066,13,100,0.13,0.07757167395660301,0.20980351513245427
395,1857,8.97482335295898,13,100,0.13,0.07757167395660301,0.20980351513245427
395,1858,8.976498869040896,13,100,0.13,0.07757167395660301,0.20980351513245427
395,1859,8.97817438512281,13,100,0.13,0.07757167395660301,0.20980351513245427
395,1860,8.979849901204723,12,100,0.12,0.06999406407369688,0.19812099499074032
395,1861,8.981525417286639,31,200,0.155,0.11139636898322336,0.21160690641836105
395,1866,8.98990299769621,2,25,0.08,0.022220401084126245,0.24966109123460217
395,1868,8.99325402986004,2,25,0.08,0.022220401084126245,0.24966109123460217
395,1869,8.994929545941956,35,200,0.175,0.1286051503455461,0.23364431198927976
395,1901,9.04854606056322,33,200,0.165,0.11996855297651625,0.22265781589168893
395,1909,9.061950189218537,35,200,0.175,0.1286051503455461,0.23364431198927976
395,1917,9.075354317873854,32,200,0.16,0.11567412001614788,0.2171407021187469
396,551,6.801443375266781,4,25,0.16,0.06403451412098321,0.3465362177560826
396,1228,7.935767762722936,4,25,0.16,0.06403451412098321,0.3465362177560826
396,1566,8.502092198410056,1,25,0.04,0.007096233423382075,0.1954406391161776
396,1735,8.785254416253617,1,25,0.04,0.007096233423382075,0.1954406391161776
396,1820,8.927673283216354,4,25,0.16,0.06403451412098321,0.3465362177560826
396,1841,8.962859120936558,2,25,0.08,0.022220401084126245,0.24966109123460217
396,1844,8.967885669182303,13,100,0.13,0.07757167395660301,0.20980351513245427
396,1845,8.969561185264217,13,100,0.13,0.07757167395660301,0.20980351513245427
396,1846,8.971236701346132,13,100,0.13,0.07757167395660301,0.20980351513245427
396,1847,8.972912217428046,13,100,0.13,0.07757167395660301,0.20980351513245427
396,1848,8.97458773350996,13,100,0.13,0.07757167395660301,0.20980351513245427
396,1849,8.976263249591875,13,100,0.13,0.07757167395660301,0.20980351513245427
396,1850,8.977938765673791,13,100,0.13,0.07757167395660301,0.20980351513245427
396,1851,8.979614281755705,12,100,0.12,0.06999406407369688,0.19812099499074032
396,1852,8.981289797837618,31,200,0.155,0.11139636898322336,0.21160690641836105
396,1857,8.989667378247193,2,25,0.08,0.022220401084126245,0.24966109123460217
396,1859,8.993018410411022,2,25,0.08,0.022220401084126245,0.24966109123460217
396,1860,8.994693926492936,37,200,0.185,0.1373019276778717,0.24457062812357494
396,1892,9.048310441114202,34,200,0.17,0.12427907881439243,0.22815883678712312
396,1900,9.061714569769517,36,200,0.18,0.13294625827141174,0.2391147507967245
396,1908,9.075118698424834,32,200,0.16,0.11567412001614788,0.2171407021187469
397,542,6.801207755817762,4,25,0.16,0.06403451412098321,0.3465362177560826
397,1219,7.9355321432739165,4,25,0.16,0.06403451412098321,0.3465362177560826
397,1557,8.501856578961036,1,25,0.04,0.007096233423382075,0.1954406391161776
397,1726,8.785018796804597,1,25,0.04,0.007096233423382075,0.1954406391161776
397,1811,8.927437663767334,4,25,0.16,0.06403451412098321,0.3465362177560826
397,1832,8.96262350148754,2,25,0.08,0.022220401084126245,0.24966109123460217
397,1835,8.967650049733283,13,100,0.13,0.07757167395660301,0.20980351513245427
397,1836,8.969325565815197,13,100,0.13,0.07757167395660301,0.20980351513245427
397,1837,8.971001081897112,13,100,0.13,0.07757167395660301,0.20980351513245427
397,1838,8.972676597979028,13,100,0.13,0.07757167395660301,0.20980351513245427
397,1839,8.974352114060942,13,100,0.13,0.07757167395660301,0.20980351513245427
397,1840,8.976027630142855,13,100,0.13,0.07757167395660301,0.20980351513245427
397,1841,8.977703146224771,13,100,0.13,0.07757167395660301,0.20980351513245427
397,1842,8.979378662306685,13,100,0.13,0.07757167395660301,0.20980351513245427
397,1843,8.9810541783886,33,200,0.165,0.11996855297651625,0.22265781589168893
397,1848,8.989431758798172,2,25,0.08,0.022220401084126245,0.24966109123460217
397,1850,8.992782790962002,2,25,0.08,0.022220401084126245,0.24966109123460217
397,1851,8.994458307043917,37,200,0.185,0.1373019276778717,0.24457062812357494
397,1883,9.048074821665182,34,200,0.17,0.12427907881439243,0.22815883678712312
397,1891,9.061478950320499,36,200,0.18,0.13294625827141174,0.2391147507967245
397,1899,9.074883078975816,33,200,0.165,0.11996855297651625,0.22265781589168893
398,533,6.800972136368744,4,25,0.16,0.06403451412098321,0.3465362177560826
398,1210,7.935296523824898,4,25,0.16,0.06403451412098321,0.3465362177560826
398,1548,8.501620959512017,1,25,0.04,0.007096233423382075,0.1954406391161776
398,1717,8.784783177355578,1,25,0.04,0.007096233423382075,0.1954406391161776
398,1802,8.927202044318316,4,25,0.16,0.06403451412098321,0.3465362177560826
398,1823,8.96238788203852,2,25,0.08,0.022220401084126245,0.24966109123460217
398,1826,8.967414430284265,14,100,0.14,0.08526343626497378,0.2213718828487036
398,1827,8.969089946366179,14,100,0.14,0.08526343626497378,0.2213718828487036
398,1828,8.970765462448094,14,100,0.14,0.08526343626497378,0.2213718828487036
398,1829,8.972440978530008,14,100,0.14,0.08526343626497378,0.2213718828487036
398,1830,8.974116494611923,14,100,0.14,0.08526343626497378,0.2213718828487036
398,1831,8.975792010693837,14,100,0.14,0.08526343626497378,0.2213718828487036
398,1832,8.977467526775753,14,100,0.14,0.08526343626497378,0.2213718828487036
398,1833,8.979143042857666,14,100,0.14,0.08526343626497378,0.2213718828487036
398,1834,8.980818558939582,33,200,0.165,0.11996855297651625,0.22265781589168893
398,1839,8.989196139349154,2,25,0.08,0.022220401084126245,0.24966109123460217
398,1842,8.994222687594897,36,200,0.18,0.13294625827141174,0.2391147507967245
398,1874,9.047839202216164,34,200,0.17,0.12427907881439243,0.22815883678712312
398,1882,9.06124333087148,36,200,0.18,0.13294625827141174,0.2391147507967245
398,1890,9.074647459526796,34,200,0.17,0.12427907881439243,0.22815883678712312
399,524,6.8007365169197245,4,25,0.16,0.06403451412098321,0.3465362177560826
399,1201,7.935060904375879,4,25,0.16,0.06403451412098321,0.3465362177560826
399,1539,8.501385340062999,1,25,0.04,0.007096233423382075,0.1954406391161776
399,1709,8.786223073988474,1,25,0.04,0.007096233423382075,0.1954406391161776
399,1793,8.926966424869295,4,25,0.16,0.06403451412098321,0.3465362177560826
399,1814,8.962152262589502,2,25,0.08,0.022220401084126245,0.24966109123460217
399,1817,8.967178810835245,15,100,0.15,0.09305985248417561,0.2328355966541218
399,1818,8.96885432691716,15,100,0.15,0.09305985248417561,0.2328355966541218
399,1819,8.970529842999074,15,100,0.15,0.09305985248417561,0.2328355966541218
399,1820,8.97220535908099,15,100,0.15,0.09305985248417561,0.2328355966541218
399,1821,8.973880875162903,15,100,0.15,0.09305985248417561,0.2328355966541218
399,1822,8.975556391244819,15,100,0.15,0.09305985248417561,0.2328355966541218
399,1823,8.977231907326733,15,100,0.15,0.09305985248417561,0.2328355966541218
399,1824,8.978907423408646,15,100,0.15,0.09305985248417561,0.2328355966541218
399,1825,8.980582939490562,33,200,0.165,0.11996855297651625,0.22265781589168893
399,1830,8.988960519900134,2,25,0.08,0.022220401084126245,0.24966109123460217
399,1833,8.993987068145879,36,200,0.18,0.13294625827141174,0.2391147507967245
399,1865,9.047603582767143,34,200,0.17,0.12427907881439243,0.22815883678712312
399,1873,9.06100771142246,37,200,0.185,0.1373019276778717,0.24457062812357494
399,1881,9.074411840077778,34,200,0.17,0.12427907881439243,0.22815883678712312
400,516,6.802176413552619,4,25,0.16,0.06403451412098321,0.3465362177560826
400,1192,7.934825284926859,4,25,0.16,0.06403451412098321,0.3465362177560826
400,1531,8.502825236695895,1,25,0.04,0.007096233423382075,0.1954406391161776
400,1700,8.785987454539454,1,25,0.04,0.007096233423382075,0.1954406391161776
400,1784,8.926730805420277,4,25,0.16,0.06403451412098321,0.3465362177560826
400,1805,8.961916643140482,2,25,0.08,0.022220401084126245,0.24966109123460217
400,1809,8.96861870746814,15,100,0.15,0.09305985248417561,0.2328355966541218
400,1810,8.970294223550056,15,100,0.15,0.09305985248417561,0.2328355966541218
400,1811,8.97196973963197,15,100,0.15,0.09305985248417561,0.2328355966541218
400,1812,8.973645255713883,15,100,0.15,0.09305985248417561,0.2328355966541218
400,1813,8.975320771795799,15,100,0.15,0.09305985248417561,0.2328355966541218
400,1814,8.976996287877714,15,100,0.15,0.09305985248417561,0.2328355966541218
400,1815,8.978671803959628,15,100,0.15,0.09305985248417561,0.2328355966541218
400,1816,8.980347320041542,12,100,0.12,0.06999406407369688,0.19812099499074032
400,1817,8.982022836123457,33,200,0.165,0.11996855297651625,0.22265781589168893
400,1821,8.988724900451116,2,25,0.08,0.022220401084126245,0.24966109123460217
400,1824,8.993751448696859,2,25,0.08,0.022220401084126245,0.24966109123460217
400,1825,8.995426964778773,39,200,0.195,0.1460552050050192,0.2554404442630482
400,1857,9.049043479400039,34,200,0.17,0.12427907881439243,0.22815883678712312
400,1865,9.062447608055356,37,200,0.185,0.1373019276778717,0.24457062812357494
400,1873,9.075851736710671,34,200,0.17,0.12427907881439243,0.22815883678712312
401,507,6.8019407941036,4,25,0.16,0.06403451412098321,0.3465362177560826
401,1183,7.93458966547784,4,25,0.16,0.06403451412098321,0.3465362177560826
401,1522,8.502589617246874,1,25,0.04,0.007096233423382075,0.1954406391161776
401,1691,8.785751835090434,1,25,0.04,0.007096233423382075,0.1954406391161776
401,1775,8.926495185971257,4,25,0.16,0.06403451412098321,0.3465362177560826
401,1797,8.963356539773377,2,25,0.08,0.022220401084126245,0.24966109123460217
401,1800,8.96838308801912,15,100,0.15,0.09305985248417561,0.2328355966541218
401,1801,8.970058604101036,15,100,0.15,0.09305985248417561,0.2328355966541218
401,1802,8.971734120182951,15,100,0.15,0.09305985248417561,0.2328355966541218
401,1803,8.973409636264865,15,100,0.15,0.09305985248417561,0.2328355966541218
401,1804,8.975085152346779,15,100,0.15,0.09305985248417561,0.2328355966541218
401,1805,8.976760668428694,15,100,0.15,0.09305985248417561,0.2328355966541218
401,1806,8.978436184510608,15,100,0.15,0.09305985248417561,0.2328355966541218
401,1807,8.980111700592524,14,100,0.14,0.08526343626497378,0.2213718828487036
401,1808,8.981787216674437,34,200,0.17,0.12427907881439243,0.22815883678712312
401,1812,8.988489281002096,2,25,0.08,0.022220401084126245,0.24966109123460217
401,1815,8.99351582924784,2,25,0.08,0.022220401084126245,0.24966109123460217
401,1816,8.995191345329754,40,200,0.2,0.15045200891679145,0.2608551870845863
401,1848,9.048807859951019,34,200,0.17,0.12427907881439243,0.22815883678712312
401,1856,9.062211988606336,37,200,0.185,0.1373019276778717,0.24457062812357494
401,1864,9.075616117261653,35,200,0.175,0.1286051503455461,0.23364431198927976
402,498,6.801705174654581,4,25,0.16,0.06403451412098321,0.3465362177560826
402,1174,7.934354046028821,4,25,0.16,0.06403451412098321,0.3465362177560826
402,1513,8.502353997797854,1,25,0.04,0.007096233423382075,0.1954406391161776
402,1682,8.785516215641415,1,25,0.04,0.007096233423382075,0.1954406391161776
402,1767,8.927935082604153,4,25,0.16,0.06403451412098321,0.3465362177560826
402,1788,8.963120920324357,2,25,0.08,0.022220401084126245,0.24966109123460217
402,1791,8.968147468570102,16,100,0.16,0.10095288451828571,0.24420269464463182
402,1792,8.969822984652016,16,100,0.16,0.10095288451828571,0.24420269464463182
402,1793,8.971498500733931,16,100,0.16,0.10095288451828571,0.24420269464463182
402,1794,8.973174016815845,16,100,0.16,0.10095288451828571,0.24420269464463182
402,1795,8.97484953289776,16,100,0.16,0.10095288451828571,0.24420269464463182
402,1796,8.976525048979674,16,100,0.16,0.10095288451828571,0.24420269464463182
402,1797,8.97820056506159,16,100,0.16,0.10095288451828571,0.24420269464463182
402,1798,8.979876081143503,14,100,0.14,0.08526343626497378,0.2213718828487036
402,1799,8.981551597225419,34,200,0.17,0.12427907881439243,0.22815883678712312
402,1804,8.989929177634991,2,25,0.08,0.022220401084126245,0.24966109123460217
402,1806,8.99328020979882,2,25,0.08,0.022220401084126245,0.24966109123460217
402,1807,8.994955725880734,40,200,0.2,0.15045200891679145,0.2608551870845863
402,1839,9.048572240502,34,200,0.17,0.12427907881439243,0.22815883678712312
402,1847,9.061976369157318,37,200,0.185,0.1373019276778717,0.24457062812357494
402,1855,9.075380497812633,35,200,0.175,0.1286051503455461,0.23364431198927976
403,489,6.801469555205562,4,25,0.16,0.06403451412098321,0.3465362177560826
403,1166,7.935793942661716,4,25,0.16,0.06403451412098321,0.3465362177560826
403,1504,8.502118378348836,1,25,0.04,0.007096233423382075,0.1954406391161776
403,1673,8.785280596192397,1,25,0.04,0.007096233423382075,0.1954406391161776
403,1758,8.927699463155134,4,25,0.16,0.06403451412098321,0.3465362177560826
403,1779,8.962885300875339,2,25,0.08,0.022220401084126245,0.24966109123460217
403,1782,8.967911849121084,16,100,0.16,0.10095288451828571,0.24420269464463182
403,1783,8.969587365202997,16,100,0.16,0.10095288451828571,0.24420269464463182
403,1784,8.971262881284913,16,100,0.16,0.10095288451828571,0.24420269464463182
403,1785,8.972938397366827,16,100,0.16,0.10095288451828571,0.24420269464463182
403,1786,8.974613913448742,16,100,0.16,0.10095288451828571,0.24420269464463182
403,1787,8.976289429530656,16,100,0.16,0.10095288451828571,0.24420269464463182
403,1788,8.97796494561257,16,100,0.16,0.10095288451828571,0.24420269464463182
403,1789,8.979640461694485,14,100,0.14,0.08526343626497378,0.2213718828487036
403,1790,8.9813159777764,34,200,0.17,0.12427907881439243,0.22815883678712312
403,1795,8.989693558185973,2,25,0.08,0.022220401084126245,0.24966109123460217
403,1797,8.993044590349802,2,25,0.08,0.022220401084126245,0.24966109123460217
403,1798,8.994720106431716,41,200,0.205,0.15486176168906182,0.2662569810456263
403,1830,9.048336621052982,34,200,0.17,0.12427907881439243,0.22815883678712312
403,1838,9.0617407497083,37,200,0.185,0.1373019276778717,0.24457062812357494
403,1846,9.075144878363615,36,200,0.18,0.13294625827141174,0.2391147507967245
404,480,6.801233935756542,4,25,0.16,0.06403451412098321,0.3465362177560826
404,1157,7.935558323212697,4,25,0.16,0.06403451412098321,0.3465362177560826
404,1495,8.501882758899818,1,25,0.04,0.007096233423382075,0.1954406391161776
404,1664,8.785044976743377,1,25,0.04,0.007096233423382075,0.1954406391161776
404,1749,8.927463843706114,4,25,0.16,0.06403451412098321,0.3465362177560826
404,1770,8.96264968142632,3,25,0.12,0.04166817117905038,0.29955794091884674
404,1773,8.967676229672064,16,100,0.16,0.10095288451828571,0.24420269464463182
404,1774,8.969351745753979,16,100,0.16,0.10095288451828571,0.24420269464463182
404,1775,8.971027261835893,16,100,0.16,0.10095288451828571,0.24420269464463182
404,1776,8.972702777917807,16,100,0.16,0.10095288451828571,0.24420269464463182
404,1777,8.974378293999722,16,100,0.16,0.10095288451828571,0.24420269464463182
404,1778,8.976053810081638,16,100,0.16,0.10095288451828571,0.24420269464463182
404,1779,8.977729326163551,16,100,0.16,0.10095288451828571,0.24420269464463182
404,1780,8.979404842245465,16,100,0.16,0.10095288451828571,0.24420269464463182
404,1781,8.98108035832738,34,200,0.17,0.12427907881439243,0.22815883678712312
404,1786,8.989457938736953,2,25,0.08,0.022220401084126245,0.24966109123460217
404,1788,8.992808970900782,2,25,0.08,0.022220401084126245,0.24966109123460217
404,1789,8.994484486982696,41,200,0.205,0.15486176168906182,0.2662569810456263
404,1821,9.048101001603962,34,200,0.17,0.12427907881439243,0.22815883678712312
404,1829,9.06150513025928,37,200,0.185,0.1373019276778717,0.24457062812357494
404,1837,9.074909258914595,36,200,0.18,0.13294625827141174,0.2391147507967245
405,471,6.800998316307523,4,25,0.16,0.06403451412098321,0.3465362177560826
405,1148,7.935322703763678,4,25,0.16,0.06403451412098321,0.3465362177560826
405,1486,8.501647139450798,1,25,0.04,0.007096233423382075,0.1954406391161776
405,1655,8.784809357294357,1,25,0.04,0.007096233423382075,0.1954406391161776
405,1740,8.927228224257096,4,25,0.16,0.06403451412098321,0.3465362177560826
405,1761,8.9624140619773,3,25,0.12,0.04166817117905038,0.29955794091884674
405,1764,8.967440610223044,16,100,0.16,0.10095288451828571,0.24420269464463182
405,1765,8.969116126304959,16,100,0.16,0.10095288451828571,0.24420269464463182
405,1766,8.970791642386875,16,100,0.16,0.10095288451828571,0.24420269464463182
405,1767,8.972467158468788,16,100,0.16,0.10095288451828571,0.24420269464463182
405,1768,8.974142674550702,16,100,0.16,0.10095288451828571,0.24420269464463182
405,1769,8.975818190632618,16,100,0.16,0.10095288451828571,0.24420269464463182
405,1770,8.977493706714531,16,100,0.16,0.10095288451828571,0.24420269464463182
405,1771,8.979169222796447,16,100,0.16,0.10095288451828571,0.24420269464463182
405,1772,8.98084473887836,35,200,0.175,0.1286051503455461,0.23364431198927976
405,1777,8.989222319287933,2,25,0.08,0.022220401084126245,0.24966109123460217
405,1780,8.994248867533678,37,200,0.185,0.1373019276778717,0.24457062812357494
405,1812,9.047865382154942,34,200,0.17,0.12427907881439243,0.22815883678712312
405,1820,9.06126951081026,37,200,0.185,0.1373019276778717,0.24457062812357494
405,1828,9.074673639465576,36,200,0.18,0.13294625827141174,0.2391147507967245
406,462,6.800762696858504,4,25,0.16,0.06403451412098321,0.3465362177560826
406,1139,7.935087084314659,4,25,0.16,0.06403451412098321,0.3465362177560826
406,1477,8.501411520001778,1,25,0.04,0.007096233423382075,0.1954406391161776
406,1647,8.786249253927252,1,25,0.04,0.007096233423382075,0.1954406391161776
406,1731,8.926992604808076,4,25,0.16,0.06403451412098321,0.3465362177560826
406,1752,8.96217844252828,3,25,0.12,0.04166817117905038,0.29955794091884674
406,1755,8.967204990774025,16,100,0.16,0.10095288451828571,0.24420269464463182
406,1756,8.968880506855939,16,100,0.16,0.10095288451828571,0.24420269464463182
406,1757,8.970556022937854,16,100,0.16,0.10095288451828571,0.24420269464463182
406,1758,8.972231539019768,16,100,0.16,0.10095288451828571,0.24420269464463182
406,1759,8.973907055101684,16,100,0.16,0.10095288451828571,0.24420269464463182
406,1760,8.975582571183597,16,100,0.16,0.10095288451828571,0.24420269464463182
406,1761,8.977258087265513,16,100,0.16,0.10095288451828571,0.24420269464463182
406,1762,8.978933603347427,16,100,0.16,0.10095288451828571,0.24420269464463182
406,1763,8.980609119429342,35,200,0.175,0.1286051503455461,0.23364431198927976
406,1768,8.988986699838915,2,25,0.08,0.022220401084126245,0.24966109123460217
406,1771,8.994013248084658,38,200,0.19,0.1416717149442203,0.25001238759053673
406,1803,9.047629762705924,36,200,0.18,0.13294625827141174,0.2391147507967245
406,1811,9.061033891361241,37,200,0.185,0.1373019276778717,0.24457062812357494
406,1819,9.074438020016556,36,200,0.18,0.13294625827141174,0.2391147507967245
407,454,6.8022025934913986,5,25,0.2,0.08860584630746873,0.3913095053487659
407,1130,7.934851464865639,4,25,0.16,0.06403451412098321,0.3465362177560826
407,1468,8.50117590055276,1,25,0.04,0.007096233423382075,0.1954406391161776
407,1638,8.786013634478234,1,25,0.04,0.007096233423382075,0.1954406391161776
407,1722,8.926756985359056,4,25,0.16,0.06403451412098321,0.3465362177560826
407,1743,8.961942823079262,5,25,0.2,0.08860584630746873,0.3913095053487659
407,1747,8.96864488740692,17,100,0.17,0.10893566075403191,0.2554800484335057
407,1748,8.970320403488834,17,100,0.17,0.10893566075403191,0.2554800484335057
407,1749,8.971995919570748,17,100,0.17,0.10893566075403191,0.2554800484335057
407,1750,8.973671435652664,17,100,0.17,0.10893566075403191,0.2554800484335057
407,1751,8.97534695173458,17,100,0.17,0.10893566075403191,0.2554800484335057
407,1752,8.977022467816493,17,100,0.17,0.10893566075403191,0.2554800484335057
407,1753,8.978697983898407,17,100,0.17,0.10893566075403191,0.2554800484335057
407,1754,8.980373499980322,15,100,0.15,0.09305985248417561,0.2328355966541218
407,1755,8.982049016062236,34,200,0.17,0.12427907881439243,0.22815883678712312
407,1759,8.988751080389894,2,25,0.08,0.022220401084126245,0.24966109123460217
407,1762,8.993777628635637,2,25,0.08,0.022220401084126245,0.24966109123460217
407,1763,8.995453144717553,43,200,0.215,0.16371876218582487,0.277023074015484
407,1795,9.04906965933882,36,200,0.18,0.13294625827141174,0.2391147507967245
407,1803,9.062473787994136,39,200,0.195,0.1460552050050192,0.2554404442630482
407,1811,9.075877916649452,37,200,0.185,0.1373019276778717,0.24457062812357494
408,445,6.801966974042379,5,25,0.2,0.08860584630746873,0.3913095053487659
408,1121,7.934615845416619,4,25,0.16,0.06403451412098321,0.3465362177560826
408,1460,8.502615797185655,1,25,0.04,0.007096233423382075,0.1954406391161776
408,1629,8.785778015029214,1,25,0.04,0.007096233423382075,0.1954406391161776
408,1713,8.926521365910038,4,25,0.16,0.06403451412098321,0.3465362177560826
408,1735,8.963382719712158,5,25,0.2,0.08860584630746873,0.3913095053487659
408,1738,8.9684092679579,17,100,0.17,0.10893566075403191,0.2554800484335057
408,1739,8.970084784039816,17,100,0.17,0.10893566075403191,0.2554800484335057
408,1740,8.97176030012173,17,100,0.17,0.10893566075403191,0.2554800484335057
408,1741,8.973435816203644,17,100,0.17,0.10893566075403191,0.2554800484335057
408,1742,8.97511133228556,17,100,0.17,0.10893566075403191,0.2554800484335057
408,1743,8.976786848367473,17,100,0.17,0.10893566075403191,0.2554800484335057
408,1744,8.978462364449388,17,100,0.17,0.10893566075403191,0.2554800484335057
408,1745,8.980137880531302,15,100,0.15,0.09305985248417561,0.2328355966541218
408,1746,8.981813396613218,35,200,0.175,0.1286051503455461,0.23364431198927976
408,1750,8.988515460940874,2,25,0.08,0.022220401084126245,0.24966109123460217
408,1753,8.99354200918662,2,25,0.08,0.022220401084126245,0.24966109123460217
408,1754,8.995217525268533,43,200,0.215,0.16371876218582487,0.277023074015484
408,1786,9.0488340398898,38,200,0.19,0.1416717149442203,0.25001238759053673
408,1794,9.062238168545116,39,200,0.195,0.1460552050050192,0.2554404442630482
408,1802,9.075642297200432,37,200,0.185,0.1373019276778717,0.24457062812357494
409,436,6.801731354593361,5,25,0.2,0.08860584630746873,0.3913095053487659
409,1112,7.934380225967601,4,25,0.16,0.06403451412098321,0.3465362177560826
409,1451,8.502380177736637,1,25,0.04,0.007096233423382075,0.1954406391161776
409,1620,8.785542395580196,1,25,0.04,0.007096233423382075,0.1954406391161776
409,1705,8.927961262542933,4,25,0.16,0.06403451412098321,0.3465362177560826
409,1726,8.96314710026314,5,25,0.2,0.08860584630746873,0.3913095053487659
409,1729,8.968173648508882,17,100,0.17,0.10893566075403191,0.2554800484335057
409,1730,8.969849164590798,17,100,0.17,0.10893566075403191,0.2554800484335057
409,1731,8.971524680672712,17,100,0.17,0.10893566075403191,0.2554800484335057
409,1732,8.973200196754625,17,100,0.17,0.10893566075403191,0.2554800484335057
409,1733,8.97487571283654,17,100,0.17,0.10893566075403191,0.2554800484335057
409,1734,8.976551228918455,17,100,0.17,0.10893566075403191,0.2554800484335057
409,1735,8.97822674500037,17,100,0.17,0.10893566075403191,0.2554800484335057
409,1736,8.979902261082284,16,100,0.16,0.10095288451828571,0.24420269464463182
409,1737,8.981577777164198,36,200,0.18,0.13294625827141174,0.2391147507967245
409,1742,8.989955357573772,2,25,0.08,0.022220401084126245,0.24966109123460217
409,1744,8.9933063897376,2,25,0.08,0.022220401084126245,0.24966109123460217
409,1745,8.994981905819515,43,200,0.215,0.16371876218582487,0.277023074015484
409,1777,9.048598420440781,39,200,0.195,0.1460552050050192,0.2554404442630482
409,1785,9.062002549096098,40,200,0.2,0.15045200891679145,0.2608551870845863
409,1793,9.075406677751413,37,200,0.185,0.1373019276778717,0.24457062812357494
410,427,6.801495735144342,5,25,0.2,0.08860584630746873,0.3913095053487659
410,1104,7.9358201226004965,4,25,0.16,0.06403451412098321,0.3465362177560826
410,1442,8.502144558287617,2,25,0.08,0.022220401084126245,0.24966109123460217
410,1611,8.785306776131176,1,25,0.04,0.007096233423382075,0.1954406391161776
410,1696,8.927725643093913,3,25,0.12,0.04166817117905038,0.29955794091884674
410,1717,8.96291148081412,6,25,0.24,0.1149631362645245,0.4342968351708788
410,1720,8.967938029059862,17,100,0.17,0.10893566075403191,0.2554800484335057
410,1721,8.969613545141778,17,100,0.17,0.10893566075403191,0.2554800484335057
410,1722,8.971289061223692,17,100,0.17,0.10893566075403191,0.2554800484335057
410,1723,8.972964577305607,17,100,0.17,0.10893566075403191,0.2554800484335057
410,1724,8.97464009338752,17,100,0.17,0.10893566075403191,0.2554800484335057
410,1725,8.976315609469435,17,100,0.17,0.10893566075403191,0.2554800484335057
410,1726,8.97799112555135,17,100,0.17,0.10893566075403191,0.2554800484335057
410,1727,8.979666641633266,16,100,0.16,0.10095288451828571,0.24420269464463182
410,1728,8.98134215771518,37,200,0.185,0.1373019276778717,0.24457062812357494
410,1733,8.989719738124752,2,25,0.08,0.022220401084126245,0.24966109123460217
410,1735,8.99307077028858,2,25,0.08,0.022220401084126245,0.24966109123460217
410,1736,8.994746286370496,43,200,0.215,0.16371876218582487,0.277023074015484
410,1768,9.048362800991761,39,200,0.195,0.1460552050050192,0.2554404442630482
410,1776,9.061766929647078,40,200,0.2,0.15045200891679145,0.2608551870845863
410,1784,9.075171058302395,39,200,0.195,0.1460552050050192,0.2554404442630482
411,418,6.801260115695322,3,25,0.12,0.04166817117905038,0.29955794091884674
411,1095,7.9355845031514765,4,25,0.16,0.06403451412098321,0.3465362177560826
411,1433,8.501908938838596,2,25,0.08,0.022220401084126245,0.24966109123460217
411,1602,8.785071156682157,1,25,0.04,0.007096233423382075,0.1954406391161776
411,1687,8.927490023644895,3,25,0.12,0.04166817117905038,0.29955794091884674
411,1708,8.9626758613651,6,25,0.24,0.1149631362645245,0.4342968351708788
411,1711,8.967702409610844,17,100,0.17,0.10893566075403191,0.2554800484335057
411,1712,8.969377925692758,17,100,0.17,0.10893566075403191,0.2554800484335057
411,1713,8.971053441774671,17,100,0.17,0.10893566075403191,0.2554800484335057
411,1714,8.972728957856587,17,100,0.17,0.10893566075403191,0.2554800484335057
411,1715,8.974404473938502,17,100,0.17,0.10893566075403191,0.2554800484335057
411,1716,8.976079990020416,17,100,0.17,0.10893566075403191,0.2554800484335057
411,1717,8.97775550610233,17,100,0.17,0.10893566075403191,0.2554800484335057
411,1718,8.979431022184245,17,100,0.17,0.10893566075403191,0.2554800484335057
411,1719,8.98110653826616,38,200,0.19,0.1416717149442203,0.25001238759053673
411,1724,8.989484118675733,3,25,0.12,0.04166817117905038,0.29955794091884674
411,1726,8.99283515083956,3,25,0.12,0.04166817117905038,0.29955794091884674
411,1727,8.994510666921476,43,200,0.215,0.16371876218582487,0.277023074015484
411,1759,9.048127181542743,40,200,0.2,0.15045200891679145,0.2608551870845863
411,1767,9.06153131019806,42,200,0.21,0.15928412034547004,0.2716461691225284
411,1775,9.074935438853375,39,200,0.195,0.1460552050050192,0.2554404442630482
412,409,6.801024496246303,3,25,0.12,0.04166817117905038,0.29955794091884674
412,1086,7.935348883702457,4,25,0.16,0.06403451412098321,0.3465362177560826
412,1424,8.501673319389578,2,25,0.08,0.022220401084126245,0.24966109123460217
412,1593,8.784835537233137,1,25,0.04,0.007096233423382075,0.1954406391161776
412,1678,8.927254404195875,3,25,0.12,0.04166817117905038,0.29955794091884674
412,1699,8.962440241916081,3,25,0.12,0.04166817117905038,0.29955794091884674
412,1702,8.967466790161824,17,100,0.17,0.10893566075403191,0.2554800484335057
412,1703,8.96914230624374,17,100,0.17,0.10893566075403191,0.2554800484335057
412,1704,8.970817822325653,17,100,0.17,0.10893566075403191,0.2554800484335057
412,1705,8.972493338407567,17,100,0.17,0.10893566075403191,0.2554800484335057
412,1706,8.974168854489482,17,100,0.17,0.10893566075403191,0.2554800484335057
412,1707,8.975844370571396,17,100,0.17,0.10893566075403191,0.2554800484335057
412,1708,8.977519886653312,17,100,0.17,0.10893566075403191,0.2554800484335057
412,1709,8.979195402735225,17,100,0.17,0.10893566075403191,0.2554800484335057
412,1710,8.980870918817141,41,200,0.205,0.15486176168906182,0.2662569810456263
412,1715,8.989248499226713,3,25,0.12,0.04166817117905038,0.29955794091884674
412,1718,8.994275047472456,45,200,0.225,0.17262369678203637,0.2877412328858932
412,1750,9.047891562093723,41,200,0.205,0.15486176168906182,0.2662569810456263
412,1758,9.06129569074904,43,200,0.215,0.16371876218582487,0.277023074015484
412,1766,9.074699819404355,41,200,0.205,0.15486176168906182,0.2662569810456263
413,400,6.8007888767972835,3,25,0.12,0.04166817117905038,0.29955794091884674
413,1077,7.935113264253438,4,25,0.16,0.06403451412098321,0.3465362177560826
413,1415,8.501437699940558,2,25,0.08,0.022220401084126245,0.24966109123460217
413,1584,8.784599917784117,2,25,0.08,0.022220401084126245,0.24966109123460217
413,1669,8.927018784746856,3,25,0.12,0.04166817117905038,0.29955794091884674
413,1690,8.96220462246706,4,25,0.16,0.06403451412098321,0.3465362177560826
413,1693,8.967231170712804,23,100,0.23,0.15843265832598313,0.32154383100927497
413,1694,8.96890668679472,23,100,0.23,0.15843265832598313,0.32154383100927497
413,1695,8.970582202876633,23,100,0.23,0.15843265832598313,0.32154383100927497
413,1696,8.972257718958549,23,100,0.23,0.15843265832598313,0.32154383100927497
413,1697,8.973933235040462,23,100,0.23,0.15843265832598313,0.32154383100927497
413,1698,8.975608751122378,23,100,0.23,0.15843265832598313,0.32154383100927497
413,1699,8.977284267204292,23,100,0.23,0.15843265832598313,0.32154383100927497
413,1700,8.978959783286207,18,100,0.18,0.11700225458662546,0.2666735846255322
413,1701,8.98063529936812,42,200,0.21,0.15928412034547004,0.2716461691225284
413,1706,8.989012879777693,3,25,0.12,0.04166817117905038,0.29955794091884674
413,1709,8.994039428023438,46,200,0.23,0.1770934322171564,0.2930830441840836
413,1741,9.047655942644703,41,200,0.205,0.15486176168906182,0.2662569810456263
413,1749,9.06106007130002,44,200,0.22,0.1681653832242373,0.2823879997103819
413,1757,9.074464199955337,43,200,0.215,0.16371876218582487,0.277023074015484
414,392,6.80222877343018,3,25,0.12,0.04166817117905038,0.29955794091884674
414,1068,7.93487764480442,4,25,0.16,0.06403451412098321,0.3465362177560826
414,1406,8.50120208049154,3,25,0.12,0.04166817117905038,0.29955794091884674
414,1576,8.786039814417014,2,25,0.08,0.022220401084126245,0.24966109123460217
414,1660,8.926783165297836,3,25,0.12,0.04166817117905038,0.29955794091884674
414,1681,8.961969003018043,4,25,0.16,0.06403451412098321,0.3465362177560826
414,1685,8.968671067345701,23,100,0.23,0.15843265832598313,0.32154383100927497
414,1686,8.970346583427615,23,100,0.23,0.15843265832598313,0.32154383100927497
414,1687,8.97202209950953,23,100,0.23,0.15843265832598313,0.32154383100927497
414,1688,8.973697615591444,23,100,0.23,0.15843265832598313,0.32154383100927497
414,1689,8.975373131673358,23,100,0.23,0.15843265832598313,0.32154383100927497
414,1690,8.977048647755273,23,100,0.23,0.15843265832598313,0.32154383100927497
414,1691,8.978724163837189,23,100,0.23,0.15843265832598313,0.32154383100927497
414,1692,8.980399679919103,22,100,0.22,0.15001282338296415,0.3107035359276738
414,1693,8.982075196001016,42,200,0.21,0.15928412034547004,0.2716461691225284
414,1697,8.988777260328675,4,25,0.16,0.06403451412098321,0.3465362177560826
414,1700,8.99380380857442,4,25,0.16,0.06403451412098321,0.3465362177560826
414,1701,8.995479324656333,44,200,0.22,0.1681653832242373,0.2823879997103819
414,1733,9.0490958392776,42,200,0.21,0.15928412034547004,0.2716461691225284
414,1741,9.062499967932915,45,200,0.225,0.17262369678203637,0.2877412328858932
414,1749,9.075904096588232,44,200,0.22,0.1681653832242373,0.2823879997103819
415,383,6.80199315398116,3,25,0.12,0.04166817117905038,0.29955794091884674
415,1059,7.9346420253554,4,25,0.16,0.06403451412098321,0.3465362177560826
415,1398,8.502641977124435,4,25,0.16,0.06403451412098321,0.3465362177560826
415,1567,8.785804194967994,2,25,0.08,0.022220401084126245,0.24966109123460217
415,1651,8.926547545848818,3,25,0.12,0.04166817117905038,0.29955794091884674
415,1673,8.963408899650938,4,25,0.16,0.06403451412098321,0.3465362177560826
415,1676,8.968435447896681,23,100,0.23,0.15843265832598313,0.32154383100927497
415,1677,8.970110963978595,23,100,0.23,0.15843265832598313,0.32154383100927497
415,1678,8.97178648006051,23,100,0.23,0.15843265832598313,0.32154383100927497
415,1679,8.973461996142426,23,100,0.23,0.15843265832598313,0.32154383100927497
415,1680,8.97513751222434,23,100,0.23,0.15843265832598313,0.32154383100927497
415,1681,8.976813028306253,23,100,0.23,0.15843265832598313,0.32154383100927497
415,1682,8.978488544388169,23,100,0.23,0.15843265832598313,0.32154383100927497
415,1683,8.980164060470083,22,100,0.22,0.15001282338296415,0.3107035359276738
415,1684,8.981839576551998,45,200,0.225,0.17262369678203637,0.2877412328858932
415,1688,8.988541640879657,4,25,0.16,0.06403451412098321,0.3465362177560826
415,1691,8.9935681891254,4,25,0.16,0.06403451412098321,0.3465362177560826
415,1692,8.995243705207315,44,200,0.22,0.1681653832242373,0.2823879997103819
415,1724,9.04886021982858,42,200,0.21,0.15928412034547004,0.2716461691225284
415,1732,9.062264348483897,46,200,0.23,0.1770934322171564,0.2930830441840836
415,1740,9.075668477139214,44,200,0.22,0.1681653832242373,0.2823879997103819
416,374,6.801757534532141,3,25,0.12,0.04166817117905038,0.29955794091884674
416,1050,7.934406405906381,4,25,0.16,0.06403451412098321,0.3465362177560826
416,1389,8.502406357675415,4,25,0.16,0.06403451412098321,0.3465362177560826
416,1558,8.785568575518976,2,25,0.08,0.022220401084126245,0.24966109123460217
416,1642,8.926311926399798,3,25,0.12,0.04166817117905038,0.29955794091884674
416,1664,8.963173280201918,4,25,0.16,0.06403451412098321,0.3465362177560826
416,1667,8.968199828447663,25,100,0.25,0.1754521131191035,0.34304463626539466
416,1668,8.969875344529576,25,100,0.25,0.1754521131191035,0.34304463626539466
416,1669,8.97155086061149,25,100,0.25,0.1754521131191035,0.34304463626539466
416,1670,8.973226376693406,25,100,0.25,0.1754521131191035,0.34304463626539466
416,1671,8.97490189277532,25,100,0.25,0.1754521131191035,0.34304463626539466
416,1672,8.976577408857235,25,100,0.25,0.1754521131191035,0.34304463626539466
416,1673,8.978252924939149,25,100,0.25,0.1754521131191035,0.34304463626539466
416,1674,8.979928441021064,24,100,0.24,0.1669132550788802,0.3323233642809979
416,1675,8.981603957102978,45,200,0.225,0.17262369678203637,0.2877412328858932
416,1680,8.989981537512552,5,25,0.2,0.08860584630746873,0.3913095053487659
416,1682,8.99333256967638,5,25,0.2,0.08860584630746873,0.3913095053487659
416,1683,8.995008085758295,45,200,0.225,0.17262369678203637,0.2877412328858932
416,1715,9.048624600379561,43,200,0.215,0.16371876218582487,0.277023074015484
416,1723,9.062028729034877,46,200,0.23,0.1770934322171564,0.2930830441840836
416,1731,9.075432857690194,44,200,0.22,0.1681653832242373,0.2823879997103819
417,365,6.801521915083121,3,25,0.12,0.04166817117905038,0.29955794091884674
417,1042,7.935846302539276,4,25,0.16,0.06403451412098321,0.3465362177560826
417,1380,8.502170738226397,5,25,0.2,0.08860584630746873,0.3913095053487659
417,1549,8.785332956069956,2,25,0.08,0.022220401084126245,0.24966109123460217
417,1634,8.927751823032693,3,25,0.12,0.04166817117905038,0.29955794091884674
417,1655,8.9629376607529,4,25,0.16,0.06403451412098321,0.3465362177560826
417,1658,8.967964208998643,26,100,0.26,0.18404698413091963,0.3537098952781987
417,1659,8.969639725080556,26,100,0.26,0.18404698413091963,0.3537098952781987
417,1660,8.971315241162472,26,100,0.26,0.18404698413091963,0.3537098952781987
417,1661,8.972990757244386,26,100,0.26,0.18404698413091963,0.3537098952781987
417,1662,8.974666273326301,26,100,0.26,0.18404698413091963,0.3537098952781987
417,1663,8.976341789408215,26,100,0.26,0.18404698413091963,0.3537098952781987
417,1664,8.97801730549013,26,100,0.26,0.18404698413091963,0.3537098952781987
417,1665,8.979692821572044,25,100,0.25,0.1754521131191035,0.34304463626539466
417,1666,8.981368337653958,45,200,0.225,0.17262369678203637,0.2877412328858932
417,1671,8.989745918063532,5,25,0.2,0.08860584630746873,0.3913095053487659
417,1673,8.993096950227361,5,25,0.2,0.08860584630746873,0.3913095053487659
417,1674,8.994772466309275,47,200,0.235,0.18157433377419854,0.2984136893603518
417,1706,9.048388980930541,44,200,0.22,0.1681653832242373,0.2823879997103819
417,1714,9.061793109585857,47,200,0.235,0.18157433377419854,0.2984136893603518
417,1722,9.075197238241174,44,200,0.22,0.1681653832242373,0.2823879997103819
418,356,6.801286295634101,3,25,0.12,0.04166817117905038,0.29955794091884674
418,1033,7.935610683090257,4,25,0.16,0.06403451412098321,0.3465362177560826
418,1371,8.501935118777377,5,25,0.2,0.08860584630746873,0.3913095053487659
418,1540,8.785097336620936,3,25,0.12,0.04166817117905038,0.29955794091884674
418,1625,8.927516203583673,4,25,0.16,0.06403451412098321,0.3465362177560826
418,1646,8.96270204130388,4,25,0.16,0.06403451412098321,0.3465362177560826
418,1649,8.967728589549623,26,100,0.26,0.18404698413091963,0.3537098952781987
418,1650,8.969404105631538,26,100,0.26,0.18404698413091963,0.3537098952781987
418,1651,8.971079621713452,26,100,0.26,0.18404698413091963,0.3537098952781987
418,1652,8.972755137795367,26,100,0.26,0.18404698413091963,0.3537098952781987
418,1653,8.974430653877281,26,100,0.26,0.18404698413091963,0.3537098952781987
418,1654,8.976106169959195,26,100,0.26,0.18404698413091963,0.3537098952781987
418,1655,8.97778168604111,26,100,0.26,0.18404698413091963,0.3537098952781987
418,1656,8.979457202123026,25,100,0.25,0.1754521131191035,0.34304463626539466
418,1657,8.98113271820494,47,200,0.235,0.18157433377419854,0.2984136893603518
418,1662,8.989510298614512,5,25,0.2,0.08860584630746873,0.3913095053487659
418,1664,8.992861330778341,5,25,0.2,0.08860584630746873,0.3913095053487659
418,1665,8.994536846860257,50,200,0.25,0.195081679676731,0.3143409836577504
418,1697,9.048153361481521,44,200,0.22,0.1681653832242373,0.2823879997103819
418,1705,9.061557490136838,47,200,0.235,0.18157433377419854,0.2984136893603518
418,1713,9.074961618792155,44,200,0.22,0.1681653832242373,0.2823879997103819
419,347,6.801050676185083,3,25,0.12,0.04166817117905038,0.29955794091884674
419,1024,7.935375063641238,4,25,0.16,0.06403451412098321,0.3465362177560826
419,1362,8.501699499328359,5,25,0.2,0.08860584630746873,0.3913095053487659
419,1531,8.784861717171918,3,25,0.12,0.04166817117905038,0.29955794091884674
419,1616,8.927280584134655,4,25,0.16,0.06403451412098321,0.3465362177560826
419,1637,8.962466421854861,4,25,0.16,0.06403451412098321,0.3465362177560826
419,1640,8.967492970100604,26,100,0.26,0.18404698413091963,0.3537098952781987
419,1641,8.969168486182518,26,100,0.26,0.18404698413091963,0.3537098952781987
419,1642,8.970844002264434,26,100,0.26,0.18404698413091963,0.3537098952781987
419,1643,8.972519518346349,26,100,0.26,0.18404698413091963,0.3537098952781987
419,1644,8.974195034428263,26,100,0.26,0.18404698413091963,0.3537098952781987
419,1645,8.975870550510177,26,100,0.26,0.18404698413091963,0.3537098952781987
419,1646,8.977546066592092,26,100,0.26,0.18404698413091963,0.3537098952781987
419,1647,8.979221582674006,21,100,0.21,0.14165654017044627,0.2997996891155716
419,1648,8.980897098755921,50,200,0.25,0.195081679676731,0.3143409836577504
419,1653,8.989274679165494,5,25,0.2,0.08860584630746873,0.3913095053487659
419,1656,8.994301227411238,50,200,0.25,0.195081679676731,0.3143409836577504
419,1688,9.047917742032503,47,200,0.235,0.18157433377419854,0.2984136893603518
419,1696,9.06132187068782,47,200,0.235,0.18157433377419854,0.2984136893603518
419,1704,9.074725999343137,46,200,0.23,0.1770934322171564,0.2930830441840836
420,338,6.800815056736064,3,25,0.12,0.04166817117905038,0.29955794091884674
420,1015,7.9351394441922185,4,25,0.16,0.06403451412098321,0.3465362177560826
420,1353,8.501463879879338,5,25,0.2,0.08860584630746873,0.3913095053487659
420,1522,8.7846260977229,3,25,0.12,0.04166817117905038,0.29955794091884674
420,1607,8.927044964685635,4,25,0.16,0.06403451412098321,0.3465362177560826
420,1628,8.962230802405841,4,25,0.16,0.06403451412098321,0.3465362177560826
420,1631,8.967257350651586,26,100,0.26,0.18404698413091963,0.3537098952781987
420,1632,8.9689328667335,26,100,0.26,0.18404698413091963,0.3537098952781987
420,1633,8.970608382815414,26,100,0.26,0.18404698413091963,0.3537098952781987
420,1634,8.972283898897329,26,100,0.26,0.18404698413091963,0.3537098952781987
420,1635,8.973959414979243,26,100,0.26,0.18404698413091963,0.3537098952781987
420,1636,8.975634931061158,26,100,0.26,0.18404698413091963,0.3537098952781987
420,1637,8.977310447143072,26,100,0.26,0.18404698413091963,0.3537098952781987
420,1638,8.978985963224988,21,100,0.21,0.14165654017044627,0.2997996891155716
420,1639,8.980661479306901,50,200,0.25,0.195081679676731,0.3143409836577504
420,1644,8.989039059716475,5,25,0.2,0.08860584630746873,0.3913095053487659
420,1647,8.994065607962218,51,200,0.255,0.19960495132458245,0.3196292587432093
420,1679,9.047682122583485,48,200,0.24,0.1860661595414933,0.3037334103263674
420,1687,9.0610862512388,48,200,0.24,0.1860661595414933,0.3037334103263674
420,1695,9.074490379894117,48,200,0.24,0.1860661595414933,0.3037334103263674
421,330,6.802254953368959,3,25,0.12,0.04166817117905038,0.29955794091884674
421,1006,7.934903824743199,4,25,0.16,0.06403451412098321,0.3465362177560826
421,1344,8.50122826043032,5,25,0.2,0.08860584630746873,0.3913095053487659
421,1514,8.786065994355793,3,25,0.12,0.04166817117905038,0.29955794091884674
421,1598,8.926809345236617,4,25,0.16,0.06403451412098321,0.3465362177560826
421,1619,8.961995182956823,4,25,0.16,0.06403451412098321,0.3465362177560826
421,1623,8.96869724728448,26,100,0.26,0.18404698413091963,0.3537098952781987
421,1624,8.970372763366395,26,100,0.26,0.18404698413091963,0.3537098952781987
421,1625,8.972048279448309,26,100,0.26,0.18404698413091963,0.3537098952781987
421,1626,8.973723795530224,26,100,0.26,0.18404698413091963,0.3537098952781987
421,1627,8.975399311612138,26,100,0.26,0.18404698413091963,0.3537098952781987
421,1628,8.977074827694054,26,100,0.26,0.18404698413091963,0.3537098952781987
421,1629,8.978750343775967,26,100,0.26,0.18404698413091963,0.3537098952781987
421,1630,8.980425859857881,25,100,0.25,0.1754521131191035,0.34304463626539466
421,1631,8.982101375939797,48,200,0.24,0.1860661595414933,0.3037334103263674
421,1635,8.988803440267455,5,25,0.2,0.08860584630746873,0.3913095053487659
421,1638,8.993829988513198,5,25,0.2,0.08860584630746873,0.3913095053487659
421,1639,8.995505504595114,51,200,0.255,0.19960495132458245,0.3196292587432093
421,1671,9.049122019216378,48,200,0.24,0.1860661595414933,0.3037334103263674
421,1679,9.062526147871695,50,200,0.25,0.195081679676731,0.3143409836577504
421,1687,9.075930276527012,49,200,0.245,0.1905686805032898,0.3090424360978812
422,321,6.802019333919939,3,25,0.12,0.04166817117905038,0.29955794091884674
422,997,7.93466820529418,4,25,0.16,0.06403451412098321,0.3465362177560826
422,1336,8.502668157063214,5,25,0.2,0.08860584630746873,0.3913095053487659
422,1505,8.785830374906775,3,25,0.12,0.04166817117905038,0.29955794091884674
422,1589,8.926573725787597,4,25,0.16,0.06403451412098321,0.3465362177560826
422,1610,8.961759563507803,4,25,0.16,0.06403451412098321,0.3465362177560826
422,1614,8.968461627835461,26,100,0.26,0.18404698413091963,0.3537098952781987
422,1615,8.970137143917375,26,100,0.26,0.18404698413091963,0.3537098952781987
422,1616,8.97181265999929,26,100,0.26,0.18404698413091963,0.3537098952781987
422,1617,8.973488176081204,26,100,0.26,0.18404698413091963,0.3537098952781987
422,1618,8.975163692163118,26,100,0.26,0.18404698413091963,0.3537098952781987
422,1619,8.976839208245034,26,100,0.26,0.18404698413091963,0.3537098952781987
422,1620,8.97851472432695,26,100,0.26,0.18404698413091963,0.3537098952781987
422,1621,8.980190240408863,25,100,0.25,0.1754521131191035,0.34304463626539466
422,1622,8.981865756490777,48,200,0.24,0.1860661595414933,0.3037334103263674
422,1626,8.988567820818435,5,25,0.2,0.08860584630746873,0.3913095053487659
422,1629,8.99359436906418,5,25,0.2,0.08860584630746873,0.3913095053487659
422,1630,8.995269885146094,52,200,0.26,0.2041383002358024,0.32490745656529973
422,1662,9.04888639976736,49,200,0.245,0.1905686805032898,0.3090424360978812
422,1670,9.062290528422675,50,200,0.25,0.195081679676731,0.3143409836577504
422,1678,9.075694657077992,51,200,0.255,0.19960495132458245,0.3196292587432093
423,312,6.80178371447092,3,25,0.12,0.04166817117905038,0.29955794091884674
423,988,7.93443258584516,5,25,0.2,0.08860584630746873,0.3913095053487659
423,1327,8.502432537614194,5,25,0.2,0.08860584630746873,0.3913095053487659
423,1496,8.785594755457755,3,25,0.12,0.04166817117905038,0.29955794091884674
423,1580,8.926338106338576,4,25,0.16,0.06403451412098321,0.3465362177560826
423,1602,8.963199460140698,4,25,0.16,0.06403451412098321,0.3465362177560826
423,1605,8.968226008386441,26,100,0.26,0.18404698413091963,0.3537098952781987
423,1606,8.969901524468355,26,100,0.26,0.18404698413091963,0.3537098952781987
423,1607,8.97157704055027,26,100,0.26,0.18404698413091963,0.3537098952781987
423,1608,8.973252556632186,26,100,0.26,0.18404698413091963,0.3537098952781987
423,1609,8.9749280727141,26,100,0.26,0.18404698413091963,0.3537098952781987
423,1610,8.976603588796014,26,100,0.26,0.18404698413091963,0.3537098952781987
423,1611,8.97827910487793,26,100,0.26,0.18404698413091963,0.3537098952781987
423,1612,8.979954620959843,25,100,0.25,0.1754521131191035,0.34304463626539466
423,1613,8.981630137041758,49,200,0.245,0.1905686805032898,0.3090424360978812
423,1617,8.988332201369417,5,25,0.2,0.08860584630746873,0.3913095053487659
423,1620,8.99335874961516,5,25,0.2,0.08860584630746873,0.3913095053487659
423,1621,8.995034265697075,52,200,0.26,0.2041383002358024,0.32490745656529973
423,1653,9.04865078031834,49,200,0.245,0.1905686805032898,0.3090424360978812
423,1661,9.062054908973657,52,200,0.26,0.2041383002358024,0.32490745656529973
423,1669,9.075459037628974,51,200,0.255,0.19960495132458245,0.3196292587432093
424,303,6.801548095021902,3,25,0.12,0.04166817117905038,0.29955794091884674
424,980,7.935872482478056,5,25,0.2,0.08860584630746873,0.3913095053487659
424,1318,8.502196918165176,5,25,0.2,0.08860584630746873,0.3913095053487659
424,1487,8.785359136008736,3,25,0.12,0.04166817117905038,0.29955794091884674
424,1572,8.927778002971474,4,25,0.16,0.06403451412098321,0.3465362177560826
424,1593,8.962963840691678,4,25,0.16,0.06403451412098321,0.3465362177560826
424,1596,8.967990388937423,26,100,0.26,0.18404698413091963,0.3537098952781987
424,1597,8.969665905019337,26,100,0.26,0.18404698413091963,0.3537098952781987
424,1598,8.971341421101252,26,100,0.26,0.18404698413091963,0.3537098952781987
424,1599,8.973016937183166,26,100,0.26,0.18404698413091963,0.3537098952781987
424,1600,8.974692453265082,26,100,0.26,0.18404698413091963,0.3537098952781987
424,1601,8.976367969346995,26,100,0.26,0.18404698413091963,0.3537098952781987
424,1602,8.97804348542891,26,100,0.26,0.18404698413091963,0.3537098952781987
424,1603,8.979719001510825,25,100,0.25,0.1754521131191035,0.34304463626539466
424,1604,8.98139451759274,49,200,0.245,0.1905686805032898,0.3090424360978812
424,1609,8.989772098002312,5,25,0.2,0.08860584630746873,0.3913095053487659
424,1611,8.993123130166142,5,25,0.2,0.08860584630746873,0.3913095053487659
424,1612,8.994798646248055,52,200,0.26,0.2041383002358024,0.32490745656529973
424,1644,9.048415160869322,50,200,0.25,0.195081679676731,0.3143409836577504
424,1652,9.061819289524639,52,200,0.26,0.2041383002358024,0.32490745656529973
424,1660,9.075223418179954,52,200,0.26,0.2041383002358024,0.32490745656529973
425,294,6.801312475572883,3,25,0.12,0.04166817117905038,0.29955794091884674
425,971,7.935636863029037,5,25,0.2,0.08860584630746873,0.3913095053487659
425,1309,8.501961298716157,5,25,0.2,0.08860584630746873,0.3913095053487659
425,1478,8.785123516559716,3,25,0.12,0.04166817117905038,0.29955794091884674
425,1563,8.927542383522454,4,25,0.16,0.06403451412098321,0.3465362177560826
425,1584,8.96272822124266,4,25,0.16,0.06403451412098321,0.3465362177560826
425,1587,8.967754769488403,26,100,0.26,0.18404698413091963,0.3537098952781987
425,1588,8.969430285570319,26,100,0.26,0.18404698413091963,0.3537098952781987
425,1589,8.971105801652232,26,100,0.26,0.18404698413091963,0.3537098952781987
425,1590,8.972781317734148,26,100,0.26,0.18404698413091963,0.3537098952781987
425,1591,8.974456833816062,26,100,0.26,0.18404698413091963,0.3537098952781987
425,1592,8.976132349897977,26,100,0.26,0.18404698413091963,0.3537098952781987
425,1593,8.97780786597989,26,100,0.26,0.18404698413091963,0.3537098952781987
425,1594,8.979483382061805,25,100,0.25,0.1754521131191035,0.34304463626539466
425,1595,8.98115889814372,49,200,0.245,0.1905686805032898,0.3090424360978812
425,1600,8.989536478553292,5,25,0.2,0.08860584630746873,0.3913095053487659
425,1602,8.992887510717122,5,25,0.2,0.08860584630746873,0.3913095053487659
425,1603,8.994563026799037,52,200,0.26,0.2041383002358024,0.32490745656529973
425,1635,9.048179541420302,50,200,0.25,0.195081679676731,0.3143409836577504
425,1643,9.061583670075619,53,200,0.265,0.2086815410670056,0.33017576246740693
425,1651,9.074987798730936,54,200,0.27,0.2132344977387029,0.33543435252902004
426,285,6.801076856123863,3,25,0.12,0.04166817117905038,0.29955794091884674
426,962,7.935401243580017,6,25,0.24,0.1149631362645245,0.4342968351708788
426,1300,8.501725679267137,5,25,0.2,0.08860584630746873,0.3913095053487659
426,1469,8.784887897110698,3,25,0.12,0.04166817117905038,0.29955794091884674
426,1554,8.927306764073435,4,25,0.16,0.06403451412098321,0.3465362177560826
426,1575,8.96249260179364,4,25,0.16,0.06403451412098321,0.3465362177560826
426,1578,8.967519150039385,26,100,0.26,0.18404698413091963,0.3537098952781987
426,1579,8.969194666121298,26,100,0.26,0.18404698413091963,0.3537098952781987
426,1580,8.970870182203214,26,100,0.26,0.18404698413091963,0.3537098952781987
426,1581,8.972545698285128,26,100,0.26,0.18404698413091963,0.3537098952781987
426,1582,8.974221214367041,26,100,0.26,0.18404698413091963,0.3537098952781987
426,1583,8.975896730448957,26,100,0.26,0.18404698413091963,0.3537098952781987
426,1584,8.977572246530872,26,100,0.26,0.18404698413091963,0.3537098952781987
426,1585,8.979247762612786,25,100,0.25,0.1754521131191035,0.34304463626539466
426,1586,8.9809232786947,52,200,0.26,0.2041383002358024,0.32490745656529973
426,1591,8.989300859104274,5,25,0.2,0.08860584630746873,0.3913095053487659
426,1594,8.994327407350017,54,200,0.27,0.2132344977387029,0.33543435252902004
426,1626,9.047943921971283,50,200,0.25,0.195081679676731,0.3143409836577504
426,1634,9.061348050626599,53,200,0.265,0.2086815410670056,0.33017576246740693
426,1642,9.074752179281916,55,200,0.275,0.21779700288091797,0.3406833941201153
427,276,6.800841236674843,4,25,0.16,0.06403451412098321,0.3465362177560826
427,953,7.935165624130998,6,25,0.24,0.1149631362645245,0.4342968351708788
427,1291,8.501490059818117,5,25,0.2,0.08860584630746873,0.3913095053487659
427,1460,8.784652277661678,4,25,0.16,0.06403451412098321,0.3465362177560826
427,1545,8.927071144624415,4,25,0.16,0.06403451412098321,0.3465362177560826
427,1566,8.962256982344622,4,25,0.16,0.06403451412098321,0.3465362177560826
427,1569,8.967283530590365,26,100,0.26,0.18404698413091963,0.3537098952781987
427,1570,8.968959046672278,26,100,0.26,0.18404698413091963,0.3537098952781987
427,1571,8.970634562754194,26,100,0.26,0.18404698413091963,0.3537098952781987
427,1572,8.97231007883611,26,100,0.26,0.18404698413091963,0.3537098952781987
427,1573,8.973985594918023,26,100,0.26,0.18404698413091963,0.3537098952781987
427,1574,8.975661110999937,26,100,0.26,0.18404698413091963,0.3537098952781987
427,1575,8.977336627081852,26,100,0.26,0.18404698413091963,0.3537098952781987
427,1576,8.979012143163766,25,100,0.25,0.1754521131191035,0.34304463626539466
427,1577,8.980687659245682,52,200,0.26,0.2041383002358024,0.32490745656529973
427,1582,8.989065239655254,5,25,0.2,0.08860584630746873,0.3913095053487659
427,1585,8.994091787900999,55,200,0.275,0.21779700288091797,0.3406833941201153
427,1617,9.047708302522263,50,200,0.25,0.195081679676731,0.3143409836577504
427,1625,9.06111243117758,53,200,0.265,0.2086815410670056,0.33017576246740693
427,1633,9.074516559832897,56,200,0.28,0.2223688973234035,0.3459230464109402
428,267,6.800605617225824,4,25,0.16,0.06403451412098321,0.3465362177560826
428,944,7.934930004681979,6,25,0.24,0.1149631362645245,0.4342968351708788
428,1282,8.501254440369099,5,25,0.2,0.08860584630746873,0.3913095053487659
428,1452,8.786092174294573,4,25,0.16,0.06403451412098321,0.3465362177560826
428,1536,8.926835525175395,4,25,0.16,0.06403451412098321,0.3465362177560826
428,1557,8.962021362895602,4,25,0.16,0.06403451412098321,0.3465362177560826
428,1560,8.967047911141346,26,100,0.26,0.18404698413091963,0.3537098952781987
428,1561,8.96872342722326,26,100,0.26,0.18404698413091963,0.3537098952781987
428,1562,8.970398943305174,26,100,0.26,0.18404698413091963,0.3537098952781987
428,1563,8.97207445938709,26,100,0.26,0.18404698413091963,0.3537098952781987
428,1564,8.973749975469003,26,100,0.26,0.18404698413091963,0.3537098952781987
428,1565,8.975425491550919,26,100,0.26,0.18404698413091963,0.3537098952781987
428,1566,8.977101007632832,26,100,0.26,0.18404698413091963,0.3537098952781987
428,1567,8.978776523714748,25,100,0.25,0.1754521131191035,0.34304463626539466
428,1568,8.980452039796662,52,200,0.26,0.2041383002358024,0.32490745656529973
428,1573,8.988829620206236,5,25,0.2,0.08860584630746873,0.3913095053487659
428,1576,8.993856168451979,56,200,0.28,0.2223688973234035,0.3459230464109402
428,1608,9.047472683073245,52,200,0.26,0.2041383002358024,0.32490745656529973
428,1616,9.06087681172856,54,200,0.27,0.2132344977387029,0.33543435252902004
428,1624,9.074280940383877,57,200,0.285,0.22695002962622268,0.35115346084143123
429,259,6.80204551385872,4,25,0.16,0.06403451412098321,0.3465362177560826
429,935,7.934694385232959,6,25,0.24,0.1149631362645245,0.4342968351708788
429,1274,8.502694337001994,3,25,0.12,0.04166817117905038,0.29955794091884674
429,1443,8.785856554845553,4,25,0.16,0.06403451412098321,0.3465362177560826
429,1527,8.926599905726377,4,25,0.16,0.06403451412098321,0.3465362177560826
429,1548,8.961785743446583,4,25,0.16,0.06403451412098321,0.3465362177560826
429,1552,8.96848780777424,26,100,0.26,0.18404698413091963,0.3537098952781987
429,1553,8.970163323856156,26,100,0.26,0.18404698413091963,0.3537098952781987
429,1554,8.97183883993807,26,100,0.26,0.18404698413091963,0.3537098952781987
429,1555,8.973514356019985,26,100,0.26,0.18404698413091963,0.3537098952781987
429,1556,8.975189872101899,26,100,0.26,0.18404698413091963,0.3537098952781987
429,1557,8.976865388183814,26,100,0.26,0.18404698413091963,0.3537098952781987
429,1558,8.978540904265728,26,100,0.26,0.18404698413091963,0.3537098952781987
429,1559,8.980216420347642,25,100,0.25,0.1754521131191035,0.34304463626539466
429,1560,8.981891936429557,51,200,0.255,0.19960495132458245,0.3196292587432093
429,1564,8.988594000757216,5,25,0.2,0.08860584630746873,0.3913095053487659
429,1567,8.993620549002959,5,25,0.2,0.08860584630746873,0.3913095053487659
429,1568,8.995296065084872,54,200,0.27,0.2132344977387029,0.33543435252902004
429,1600,9.048912579706139,52,200,0.26,0.2041383002358024,0.32490745656529973
429,1608,9.062316708361456,54,200,0.27,0.2132344977387029,0.33543435252902004
429,1616,9.075720837016773,60,200,0.3,0.24074744639257037,0.3667906842750147
430,250,6.8018098944097005,4,25,0.16,0.06403451412098321,0.3465362177560826
430,926,7.9344587657839405,6,25,0.24,0.1149631362645245,0.4342968351708788
430,1265,8.502458717552976,3,25,0.12,0.04166817117905038,0.29955794091884674
430,1434,8.785620935396535,4,25,0.16,0.06403451412098321,0.3465362177560826
430,1518,8.926364286277359,5,25,0.2,0.08860584630746873,0.3913095053487659
430,1540,8.963225640079479,4,25,0.16,0.06403451412098321,0.3465362177560826
430,1543,8.968252188325222,26,100,0.26,0.18404698413091963,0.3537098952781987
430,1544,8.969927704407137,26,100,0.26,0.18404698413091963,0.3537098952781987
430,1545,8.971603220489051,26,100,0.26,0.18404698413091963,0.3537098952781987
430,1546,8.973278736570965,26,100,0.26,0.18404698413091963,0.3537098952781987
430,1547,8.97495425265288,26,100,0.26,0.18404698413091963,0.3537098952781987
430,1548,8.976629768734796,26,100,0.26,0.18404698413091963,0.3537098952781987
430,1549,8.97830528481671,26,100,0.26,0.18404698413091963,0.3537098952781987
430,1550,8.979980800898623,25,100,0.25,0.1754521131191035,0.34304463626539466
430,1551,8.981656316980539,52,200,0.26,0.2041383002358024,0.32490745656529973
430,1555,8.988358381308197,5,25,0.2,0.08860584630746873,0.3913095053487659
430,1558,8.99338492955394,5,25,0.2,0.08860584630746873,0.3913095053487659
430,1559,8.995060445635854,55,200,0.275,0.21779700288091797,0.3406833941201153
430,1591,9.04867696025712,52,200,0.26,0.2041383002358024,0.32490745656529973
430,1599,9.062081088912437,56,200,0.28,0.2223688973234035,0.3459230464109402
430,1607,9.075485217567753,60,200,0.3,0.24074744639257037,0.3667906842750147
431,241,6.801574274960681,4,25,0.16,0.06403451412098321,0.3465362177560826
431,918,7.935898662416836,6,25,0.24,0.1149631362645245,0.4342968351708788
431,1256,8.502223098103956,3,25,0.12,0.04166817117905038,0.29955794091884674
431,1425,8.785385315947515,4,25,0.16,0.06403451412098321,0.3465362177560826
431,1510,8.927804182910254,5,25,0.2,0.08860584630746873,0.3913095053487659
431,1531,8.962990020630459,4,25,0.16,0.06403451412098321,0.3465362177560826
431,1534,8.968016568876202,26,100,0.26,0.18404698413091963,0.3537098952781987
431,1535,8.969692084958117,26,100,0.26,0.18404698413091963,0.3537098952781987
431,1536,8.971367601040033,26,100,0.26,0.18404698413091963,0.3537098952781987
431,1537,8.973043117121946,26,100,0.26,0.18404698413091963,0.3537098952781987
431,1538,8.97471863320386,26,100,0.26,0.18404698413091963,0.3537098952781987
431,1539,8.976394149285776,26,100,0.26,0.18404698413091963,0.3537098952781987
431,1540,8.97806966536769,26,100,0.26,0.18404698413091963,0.3537098952781987
431,1541,8.979745181449605,26,100,0.26,0.18404698413091963,0.3537098952781987
431,1542,8.981420697531519,53,200,0.265,0.2086815410670056,0.33017576246740693
431,1547,8.989798277941091,6,25,0.24,0.1149631362645245,0.4342968351708788
431,1549,8.993149310104922,6,25,0.24,0.1149631362645245,0.4342968351708788
431,1550,8.994824826186836,55,200,0.275,0.21779700288091797,0.3406833941201153
431,1582,9.0484413408081,53,200,0.265,0.2086815410670056,0.33017576246740693
431,1590,9.061845469463417,56,200,0.28,0.2223688973234035,0.3459230464109402
431,1598,9.075249598118734,62,200,0.31,0.2499894479224967,0.37717177621170916
432,232,6.801338655511662,4,25,0.16,0.06403451412098321,0.3465362177560826
432,909,7.935663042967817,6,25,0.24,0.1149631362645245,0.4342968351708788
432,1247,8.501987478654936,3,25,0.12,0.04166817117905038,0.29955794091884674
432,1416,8.785149696498497,4,25,0.16,0.06403451412098321,0.3465362177560826
432,1501,8.927568563461234,5,25,0.2,0.08860584630746873,0.3913095053487659
432,1522,8.962754401181439,4,25,0.16,0.06403451412098321,0.3465362177560826
432,1525,8.967780949427183,26,100,0.26,0.18404698413091963,0.3537098952781987
432,1526,8.969456465509097,26,100,0.26,0.18404698413091963,0.3537098952781987
432,1527,8.971131981591013,26,100,0.26,0.18404698413091963,0.3537098952781987
432,1528,8.972807497672926,26,100,0.26,0.18404698413091963,0.3537098952781987
432,1529,8.974483013754842,26,100,0.26,0.18404698413091963,0.3537098952781987
432,1530,8.976158529836756,26,100,0.26,0.18404698413091963,0.3537098952781987
432,1531,8.977834045918671,26,100,0.26,0.18404698413091963,0.3537098952781987
432,1532,8.979509562000585,26,100,0.26,0.18404698413091963,0.3537098952781987
432,1533,8.9811850780825,53,200,0.265,0.2086815410670056,0.33017576246740693
432,1538,8.989562658492073,6,25,0.24,0.1149631362645245,0.4342968351708788
432,1540,8.992913690655902,6,25,0.24,0.1149631362645245,0.4342968351708788
432,1541,8.994589206737816,55,200,0.275,0.21779700288091797,0.3406833941201153
432,1573,9.048205721359082,54,200,0.27,0.2132344977387029,0.33543435252902004
432,1581,9.0616098500144,57,200,0.285,0.22695002962622268,0.35115346084143123
432,1589,9.075013978669714,62,200,0.31,0.2499894479224967,0.37717177621170916
433,223,6.801103036062643,4,25,0.16,0.06403451412098321,0.3465362177560826
433,900,7.935427423518798,6,25,0.24,0.1149631362645245,0.4342968351708788
433,1238,8.501751859205918,3,25,0.12,0.04166817117905038,0.29955794091884674
433,1407,8.784914077049477,4,25,0.16,0.06403451412098321,0.3465362177560826
433,1492,8.927332944012214,5,25,0.2,0.08860584630746873,0.3913095053487659
433,1513,8.96251878173242,5,25,0.2,0.08860584630746873,0.3913095053487659
433,1516,8.967545329978163,26,100,0.26,0.18404698413091963,0.3537098952781987
433,1517,8.969220846060079,26,100,0.26,0.18404698413091963,0.3537098952781987
433,1518,8.970896362141993,26,100,0.26,0.18404698413091963,0.3537098952781987
433,1519,8.972571878223908,26,100,0.26,0.18404698413091963,0.3537098952781987
433,1520,8.974247394305822,26,100,0.26,0.18404698413091963,0.3537098952781987
433,1521,8.975922910387737,26,100,0.26,0.18404698413091963,0.3537098952781987
433,1522,8.977598426469651,26,100,0.26,0.18404698413091963,0.3537098952781987
433,1523,8.979273942551565,28,100,0.28,0.2013968515708077,0.3748802878875508
433,1524,8.98094945863348,57,200,0.285,0.22695002962622268,0.35115346084143123
433,1529,8.989327039043053,6,25,0.24,0.1149631362645245,0.4342968351708788
433,1532,8.994353587288796,58,200,0.29,0.23154025564693195,0.3563747815540324
433,1564,9.047970101910062,54,200,0.27,0.2132344977387029,0.33543435252902004
433,1572,9.061374230565379,60,200,0.3,0.24074744639257037,0.3667906842750147
433,1580,9.074778359220694,63,200,0.315,0.2546232094605245,0.38234956140699167
434,214,6.800867416613623,4,25,0.16,0.06403451412098321,0.3465362177560826
434,891,7.9351918040697775,6,25,0.24,0.1149631362645245,0.4342968351708788
434,1229,8.501516239756898,4,25,0.16,0.06403451412098321,0.3465362177560826
434,1398,8.784678457600458,4,25,0.16,0.06403451412098321,0.3465362177560826
434,1483,8.927097324563196,5,25,0.2,0.08860584630746873,0.3913095053487659
434,1504,8.9622831622834,5,25,0.2,0.08860584630746873,0.3913095053487659
434,1507,8.967309710529145,26,100,0.26,0.18404698413091963,0.3537098952781987
434,1508,8.968985226611059,26,100,0.26,0.18404698413091963,0.3537098952781987
434,1509,8.970660742692974,26,100,0.26,0.18404698413091963,0.3537098952781987
434,1510,8.972336258774888,26,100,0.26,0.18404698413091963,0.3537098952781987
434,1511,8.974011774856802,26,100,0.26,0.18404698413091963,0.3537098952781987
434,1512,8.975687290938717,26,100,0.26,0.18404698413091963,0.3537098952781987
434,1513,8.977362807020633,26,100,0.26,0.18404698413091963,0.3537098952781987
434,1514,8.979038323102547,28,100,0.28,0.2013968515708077,0.3748802878875508
434,1515,8.98071383918446,58,200,0.29,0.23154025564693195,0.3563747815540324
434,1520,8.989091419594033,6,25,0.24,0.1149631362645245,0.4342968351708788
434,1523,8.994117967839777,58,200,0.29,0.23154025564693195,0.3563747815540324
434,1555,9.047734482461044,56,200,0.28,0.2223688973234035,0.3459230464109402
434,1563,9.061138611116359,62,200,0.31,0.2499894479224967,0.37717177621170916
434,1571,9.074542739771676,63,200,0.315,0.2546232094605245,0.38234956140699167
435,205,6.800631797164605,4,25,0.16,0.06403451412098321,0.3465362177560826
435,882,7.934956184620759,7,25,0.28,0.14283853773683666,0.4757660534777354
435,1220,8.50128062030788,4,25,0.16,0.06403451412098321,0.3465362177560826
435,1390,8.786118354233354,5,25,0.2,0.08860584630746873,0.3913095053487659
435,1474,8.926861705114177,5,25,0.2,0.08860584630746873,0.3913095053487659
435,1495,8.962047542834382,5,25,0.2,0.08860584630746873,0.3913095053487659
435,1498,8.967074091080125,26,100,0.26,0.18404698413091963,0.3537098952781987
435,1499,8.96874960716204,26,100,0.26,0.18404698413091963,0.3537098952781987
435,1500,8.970425123243956,26,100,0.26,0.18404698413091963,0.3537098952781987
435,1501,8.97210063932587,26,100,0.26,0.18404698413091963,0.3537098952781987
435,1502,8.973776155407784,26,100,0.26,0.18404698413091963,0.3537098952781987
435,1503,8.975451671489699,26,100,0.26,0.18404698413091963,0.3537098952781987
435,1504,8.977127187571613,26,100,0.26,0.18404698413091963,0.3537098952781987
435,1505,8.978802703653528,28,100,0.28,0.2013968515708077,0.3748802878875508
435,1506,8.980478219735442,59,200,0.295,0.2361394381410138,0.3615871457932609
435,1511,8.988855800145014,6,25,0.24,0.1149631362645245,0.4342968351708788
435,1514,8.993882348390759,60,200,0.3,0.24074744639257037,0.3667906842750147
435,1546,9.047498863012024,57,200,0.285,0.22695002962622268,0.35115346084143123
435,1554,9.06090299166734,62,200,0.31,0.2499894479224967,0.37717177621170916
435,1562,9.074307120322658,64,200,0.32,0.2592653327095053,0.38751898489132125
436,197,6.8020716937975,4,25,0.16,0.06403451412098321,0.3465362177560826
436,873,7.93472056517174,7,25,0.28,0.14283853773683666,0.4757660534777354
436,1212,8.502720516940775,4,25,0.16,0.06403451412098321,0.3465362177560826
436,1381,8.785882734784334,5,25,0.2,0.08860584630746873,0.3913095053487659
436,1465,8.926626085665157,5,25,0.2,0.08860584630746873,0.3913095053487659
436,1486,8.961811923385362,5,25,0.2,0.08860584630746873,0.3913095053487659
436,1490,8.96851398771302,27,100,0.27,0.19269584096677836,0.36432116846696
436,1491,8.970189503794936,27,100,0.27,0.19269584096677836,0.36432116846696
436,1492,8.97186501987685,27,100,0.27,0.19269584096677836,0.36432116846696
436,1493,8.973540535958765,27,100,0.27,0.19269584096677836,0.36432116846696
436,1494,8.975216052040679,27,100,0.27,0.19269584096677836,0.36432116846696
436,1495,8.976891568122594,27,100,0.27,0.19269584096677836,0.36432116846696
436,1496,8.978567084204508,27,100,0.27,0.19269584096677836,0.36432116846696
436,1497,8.980242600286424,27,100,0.27,0.19269584096677836,0.36432116846696
436,1498,8.981918116368337,58,200,0.29,0.23154025564693195,0.3563747815540324
436,1502,8.988620180695996,6,25,0.24,0.1149631362645245,0.4342968351708788
436,1505,8.993646728941739,6,25,0.24,0.1149631362645245,0.4342968351708788
436,1506,8.995322245023655,55,200,0.275,0.21779700288091797,0.3406833941201153
436,1538,9.04893875964492,57,200,0.285,0.22695002962622268,0.35115346084143123
436,1546,9.062342888300236,62,200,0.31,0.2499894479224967,0.37717177621170916
436,1554,9.075747016955553,64,200,0.32,0.2592653327095053,0.38751898489132125
437,188,6.80183607434848,4,25,0.16,0.06403451412098321,0.3465362177560826
437,864,7.934484945722721,7,25,0.28,0.14283853773683666,0.4757660534777354
437,1203,8.502484897491755,4,25,0.16,0.06403451412098321,0.3465362177560826
437,1372,8.785647115335316,5,25,0.2,0.08860584630746873,0.3913095053487659
437,1456,8.926390466216137,5,25,0.2,0.08860584630746873,0.3913095053487659
437,1478,8.963251820018257,7,25,0.28,0.14283853773683666,0.4757660534777354
437,1481,8.968278368264002,28,100,0.28,0.2013968515708077,0.3748802878875508
437,1482,8.969953884345916,28,100,0.28,0.2013968515708077,0.3748802878875508
437,1483,8.971629400427831,28,100,0.28,0.2013968515708077,0.3748802878875508
437,1484,8.973304916509745,28,100,0.28,0.2013968515708077,0.3748802878875508
437,1485,8.97498043259166,28,100,0.28,0.2013968515708077,0.3748802878875508
437,1486,8.976655948673574,28,100,0.28,0.2013968515708077,0.3748802878875508
437,1487,8.978331464755488,28,100,0.28,0.2013968515708077,0.3748802878875508
437,1488,8.980006980837404,28,100,0.28,0.2013968515708077,0.3748802878875508
437,1489,8.98168249691932,58,200,0.29,0.23154025564693195,0.3563747815540324
437,1493,8.988384561246976,6,25,0.24,0.1149631362645245,0.4342968351708788
437,1496,8.993411109492719,6,25,0.24,0.1149631362645245,0.4342968351708788
437,1497,8.995086625574634,55,200,0.275,0.21779700288091797,0.3406833941201153
437,1529,9.0487031401959,57,200,0.285,0.22695002962622268,0.35115346084143123
437,1537,9.062107268851218,63,200,0.315,0.2546232094605245,0.38234956140699167
437,1545,9.075511397506533,65,200,0.325,0.263915714943814,0.392680149390323
438,179,6.801600454899461,4,25,0.16,0.06403451412098321,0.3465362177560826
438,856,7.9359248423556155,7,25,0.28,0.14283853773683666,0.4757660534777354
438,1194,8.502249278042736,4,25,0.16,0.06403451412098321,0.3465362177560826
438,1363,8.785411495886295,5,25,0.2,0.08860584630746873,0.3913095053487659
438,1448,8.927830362849033,5,25,0.2,0.08860584630746873,0.3913095053487659
438,1469,8.963016200569239,7,25,0.28,0.14283853773683666,0.4757660534777354
438,1472,8.968042748814982,28,100,0.28,0.2013968515708077,0.3748802878875508
438,1473,8.969718264896898,28,100,0.28,0.2013968515708077,0.3748802878875508
438,1474,8.971393780978811,28,100,0.28,0.2013968515708077,0.3748802878875508
438,1475,8.973069297060725,28,100,0.28,0.2013968515708077,0.3748802878875508
438,1476,8.97474481314264,28,100,0.28,0.2013968515708077,0.3748802878875508
438,1477,8.976420329224556,28,100,0.28,0.2013968515708077,0.3748802878875508
438,1478,8.97809584530647,28,100,0.28,0.2013968515708077,0.3748802878875508
438,1479,8.979771361388384,28,100,0.28,0.2013968515708077,0.3748802878875508
438,1480,8.9814468774703,60,200,0.3,0.24074744639257037,0.3667906842750147
438,1485,8.989824457879871,6,25,0.24,0.1149631362645245,0.4342968351708788
438,1487,8.9931754900437,6,25,0.24,0.1149631362645245,0.4342968351708788
438,1488,8.994851006125614,58,200,0.29,0.23154025564693195,0.3563747815540324
438,1520,9.04846752074688,58,200,0.29,0.23154025564693195,0.3563747815540324
438,1528,9.061871649402198,65,200,0.325,0.263915714943814,0.392680149390323
438,1536,9.075275778057513,67,200,0.335,0.27324086932910685,0.4029780884716509
439,170,6.801364835450442,4,25,0.16,0.06403451412098321,0.3465362177560826
439,847,7.935689222906596,8,25,0.32,0.172051902198581,0.5158973087951598
439,1185,8.502013658593716,4,25,0.16,0.06403451412098321,0.3465362177560826
439,1354,8.785175876437275,5,25,0.2,0.08860584630746873,0.3913095053487659
439,1439,8.927594743400014,5,25,0.2,0.08860584630746873,0.3913095053487659
439,1460,8.962780581120219,7,25,0.28,0.14283853773683666,0.4757660534777354
439,1463,8.967807129365962,28,100,0.28,0.2013968515708077,0.3748802878875508
439,1464,8.969482645447878,28,100,0.28,0.2013968515708077,0.3748802878875508
439,1465,8.971158161529793,28,100,0.28,0.2013968515708077,0.3748802878875508
439,1466,8.972833677611707,28,100,0.28,0.2013968515708077,0.3748802878875508
439,1467,8.97450919369362,28,100,0.28,0.2013968515708077,0.3748802878875508
439,1468,8.976184709775536,28,100,0.28,0.2013968515708077,0.3748802878875508
439,1469,8.97786022585745,28,100,0.28,0.2013968515708077,0.3748802878875508
439,1470,8.979535741939365,28,100,0.28,0.2013968515708077,0.3748802878875508
439,1471,8.981211258021279,62,200,0.31,0.2499894479224967,0.37717177621170916
439,1476,8.989588838430851,6,25,0.24,0.1149631362645245,0.4342968351708788
439,1478,8.99293987059468,6,25,0.24,0.1149631362645245,0.4342968351708788
439,1479,8.994615386676596,60,200,0.3,0.24074744639257037,0.3667906842750147
439,1511,9.04823190129786,58,200,0.29,0.23154025564693195,0.3563747815540324
439,1519,9.061636029953178,65,200,0.325,0.263915714943814,0.392680149390323
439,1527,9.075040158608495,67,200,0.335,0.27324086932910685,0.4029780884716509
440,161,6.8011292160014225,4,25,0.16,0.06403451412098321,0.3465362177560826
440,838,7.935453603457577,8,25,0.32,0.172051902198581,0.5158973087951598
440,1176,8.501778039144696,4,25,0.16,0.06403451412098321,0.3465362177560826
440,1345,8.784940256988257,5,25,0.2,0.08860584630746873,0.3913095053487659
440,1430,8.927359123950994,5,25,0.2,0.08860584630746873,0.3913095053487659
440,1451,8.962544961671199,7,25,0.28,0.14283853773683666,0.4757660534777354
440,1454,8.967571509916944,28,100,0.28,0.2013968515708077,0.3748802878875508
440,1455,8.969247025998857,28,100,0.28,0.2013968515708077,0.3748802878875508
440,1456,8.970922542080773,28,100,0.28,0.2013968515708077,0.3748802878875508
440,1457,8.972598058162687,28,100,0.28,0.2013968515708077,0.3748802878875508
440,1458,8.974273574244602,28,100,0.28,0.2013968515708077,0.3748802878875508
440,1459,8.975949090326516,28,100,0.28,0.2013968515708077,0.3748802878875508
440,1460,8.97762460640843,28,100,0.28,0.2013968515708077,0.3748802878875508
440,1461,8.979300122490345,30,100,0.3,0.21894885238515713,0.39584854712244144
440,1462,8.98097563857226,61,200,0.305,0.2453641558726048,0.3719855215282907
440,1467,8.989353218981833,6,25,0.24,0.1149631362645245,0.4342968351708788
440,1470,8.994379767227576,63,200,0.315,0.2546232094605245,0.38234956140699167
440,1502,9.047996281848842,58,200,0.29,0.23154025564693195,0.3563747815540324
440,1510,9.06140041050416,65,200,0.325,0.263915714943814,0.392680149390323
440,1518,9.074804539159475,68,200,0.34,0.2779154592508567,0.4081150452832114
441,152,6.800893596552403,4,25,0.16,0.06403451412098321,0.3465362177560826
441,829,7.935217984008558,8,25,0.32,0.172051902198581,0.5158973087951598
441,1167,8.501542419695678,4,25,0.16,0.06403451412098321,0.3465362177560826
441,1336,8.784704637539239,5,25,0.2,0.08860584630746873,0.3913095053487659
441,1421,8.927123504501976,5,25,0.2,0.08860584630746873,0.3913095053487659
441,1442,8.96230934222218,7,25,0.28,0.14283853773683666,0.4757660534777354
441,1445,8.967335890467925,28,100,0.28,0.2013968515708077,0.3748802878875508
441,1446,8.96901140654984,28,100,0.28,0.2013968515708077,0.3748802878875508
441,1447,8.970686922631753,28,100,0.28,0.2013968515708077,0.3748802878875508
441,1448,8.972362438713668,28,100,0.28,0.2013968515708077,0.3748802878875508
441,1449,8.974037954795584,28,100,0.28,0.2013968515708077,0.3748802878875508
441,1450,8.975713470877498,28,100,0.28,0.2013968515708077,0.3748802878875508
441,1451,8.977388986959411,28,100,0.28,0.2013968515708077,0.3748802878875508
441,1452,8.979064503041327,30,100,0.3,0.21894885238515713,0.39584854712244144
441,1453,8.98074001912324,61,200,0.305,0.2453641558726048,0.3719855215282907
441,1458,8.989117599532815,6,25,0.24,0.1149631362645245,0.4342968351708788
441,1461,8.994144147778558,63,200,0.315,0.2546232094605245,0.38234956140699167
441,1493,9.047760662399824,59,200,0.295,0.2361394381410138,0.3615871457932609
441,1501,9.061164791055141,65,200,0.325,0.263915714943814,0.392680149390323
441,1509,9.074568919710456,68,200,0.34,0.2779154592508567,0.4081150452832114
442,143,6.800657977103384,4,25,0.16,0.06403451412098321,0.3465362177560826
442,820,7.934982364559539,8,25,0.32,0.172051902198581,0.5158973087951598
442,1158,8.50130680024666,4,25,0.16,0.06403451412098321,0.3465362177560826
442,1328,8.786144534172134,5,25,0.2,0.08860584630746873,0.3913095053487659
442,1412,8.926887885052956,5,25,0.2,0.08860584630746873,0.3913095053487659
442,1433,8.962073722773162,7,25,0.28,0.14283853773683666,0.4757660534777354
442,1436,8.967100271018905,28,100,0.28,0.2013968515708077,0.3748802878875508
442,1437,8.968775787100821,28,100,0.28,0.2013968515708077,0.3748802878875508
442,1438,8.970451303182735,28,100,0.28,0.2013968515708077,0.3748802878875508
442,1439,8.972126819264648,28,100,0.28,0.2013968515708077,0.3748802878875508
442,1440,8.973802335346564,28,100,0.28,0.2013968515708077,0.3748802878875508
442,1441,8.975477851428478,28,100,0.28,0.2013968515708077,0.3748802878875508
442,1442,8.977153367510393,28,100,0.28,0.2013968515708077,0.3748802878875508
442,1443,8.978828883592307,30,100,0.3,0.21894885238515713,0.39584854712244144
442,1444,8.980504399674222,61,200,0.305,0.2453641558726048,0.3719855215282907
442,1449,8.988881980083795,6,25,0.24,0.1149631362645245,0.4342968351708788
442,1452,8.993908528329538,64,200,0.32,0.2592653327095053,0.38751898489132125
442,1484,9.047525042950804,61,200,0.305,0.2453641558726048,0.3719855215282907
442,1492,9.060929171606121,68,200,0.34,0.2779154592508567,0.4081150452832114
442,1500,9.074333300261436,68,200,0.34,0.2779154592508567,0.4081150452832114
443,135,6.80209787373628,5,25,0.2,0.08860584630746873,0.3913095053487659
443,811,7.93474674511052,8,25,0.32,0.172051902198581,0.5158973087951598
443,1150,8.502746696879553,5,25,0.2,0.08860584630746873,0.3913095053487659
443,1319,8.785908914723114,5,25,0.2,0.08860584630746873,0.3913095053487659
443,1403,8.926652265603938,5,25,0.2,0.08860584630746873,0.3913095053487659
443,1424,8.961838103324142,7,25,0.28,0.14283853773683666,0.4757660534777354
443,1428,8.9685401676518,28,100,0.28,0.2013968515708077,0.3748802878875508
443,1429,8.970215683733715,28,100,0.28,0.2013968515708077,0.3748802878875508
443,1430,8.97189119981563,28,100,0.28,0.2013968515708077,0.3748802878875508
443,1431,8.973566715897544,28,100,0.28,0.2013968515708077,0.3748802878875508
443,1432,8.97524223197946,28,100,0.28,0.2013968515708077,0.3748802878875508
443,1433,8.976917748061373,28,100,0.28,0.2013968515708077,0.3748802878875508
443,1434,8.978593264143289,28,100,0.28,0.2013968515708077,0.3748802878875508
443,1435,8.980268780225202,28,100,0.28,0.2013968515708077,0.3748802878875508
443,1436,8.981944296307116,62,200,0.31,0.2499894479224967,0.37717177621170916
443,1440,8.988646360634775,6,25,0.24,0.1149631362645245,0.4342968351708788
443,1443,8.99367290888052,6,25,0.24,0.1149631362645245,0.4342968351708788
443,1444,8.995348424962433,61,200,0.305,0.2453641558726048,0.3719855215282907
443,1476,9.0489649395837,61,200,0.305,0.2453641558726048,0.3719855215282907
443,1484,9.062369068239015,68,200,0.34,0.2779154592508567,0.4081150452832114
443,1492,9.075773196894332,68,200,0.34,0.2779154592508567,0.4081150452832114
444,126,6.80186225428726,5,25,0.2,0.08860584630746873,0.3913095053487659
444,802,7.9345111256614995,8,25,0.32,0.172051902198581,0.5158973087951598
444,1141,8.502511077430535,5,25,0.2,0.08860584630746873,0.3913095053487659
444,1310,8.785673295274094,5,25,0.2,0.08860584630746873,0.3913095053487659
444,1394,8.926416646154918,5,25,0.2,0.08860584630746873,0.3913095053487659
444,1416,8.963277999957038,7,25,0.28,0.14283853773683666,0.4757660534777354
444,1419,8.96830454820278,28,100,0.28,0.2013968515708077,0.3748802878875508
444,1420,8.969980064284696,28,100,0.28,0.2013968515708077,0.3748802878875508
444,1421,8.97165558036661,28,100,0.28,0.2013968515708077,0.3748802878875508
444,1422,8.973331096448526,28,100,0.28,0.2013968515708077,0.3748802878875508
444,1423,8.97500661253044,28,100,0.28,0.2013968515708077,0.3748802878875508
444,1424,8.976682128612353,28,100,0.28,0.2013968515708077,0.3748802878875508
444,1425,8.978357644694269,28,100,0.28,0.2013968515708077,0.3748802878875508
444,1426,8.980033160776184,28,100,0.28,0.2013968515708077,0.3748802878875508
444,1427,8.981708676858098,62,200,0.31,0.2499894479224967,0.37717177621170916
444,1431,8.988410741185756,6,25,0.24,0.1149631362645245,0.4342968351708788
444,1434,8.9934372894315,6,25,0.24,0.1149631362645245,0.4342968351708788
444,1435,8.995112805513415,62,200,0.31,0.2499894479224967,0.37717177621170916
444,1467,9.04872932013468,62,200,0.31,0.2499894479224967,0.37717177621170916
444,1475,9.062133448789996,68,200,0.34,0.2779154592508567,0.4081150452832114
444,1483,9.075537577445314,68,200,0.34,0.2779154592508567,0.4081150452832114
445,117,6.80162663483824,5,25,0.2,0.08860584630746873,0.3913095053487659
445,794,7.935951022294395,8,25,0.32,0.172051902198581,0.5158973087951598
445,1132,8.502275457981515,5,25,0.2,0.08860584630746873,0.3913095053487659
445,1301,8.785437675825076,5,25,0.2,0.08860584630746873,0.3913095053487659
445,1386,8.927856542787813,5,25,0.2,0.08860584630746873,0.3913095053487659
445,1407,8.963042380508018,8,25,0.32,0.172051902198581,0.5158973087951598
445,1410,8.968068928753762,28,100,0.28,0.2013968515708077,0.3748802878875508
445,1411,8.969744444835676,28,100,0.28,0.2013968515708077,0.3748802878875508
445,1412,8.97141996091759,28,100,0.28,0.2013968515708077,0.3748802878875508
445,1413,8.973095476999505,28,100,0.28,0.2013968515708077,0.3748802878875508
445,1414,8.974770993081421,28,100,0.28,0.2013968515708077,0.3748802878875508
445,1415,8.976446509163335,28,100,0.28,0.2013968515708077,0.3748802878875508
445,1416,8.978122025245248,28,100,0.28,0.2013968515708077,0.3748802878875508
445,1417,8.979797541327164,28,100,0.28,0.2013968515708077,0.3748802878875508
445,1418,8.981473057409078,63,200,0.315,0.2546232094605245,0.38234956140699167
445,1423,8.989850637818652,6,25,0.24,0.1149631362645245,0.4342968351708788
445,1425,8.99320166998248,6,25,0.24,0.1149631362645245,0.4342968351708788
445,1426,8.994877186064395,62,200,0.31,0.2499894479224967,0.37717177621170916
445,1458,9.048493700685661,62,200,0.31,0.2499894479224967,0.37717177621170916
445,1466,9.061897829340976,69,200,0.345,0.2825979433061415,0.41324410796123684
445,1474,9.075301957996293,68,200,0.34,0.2779154592508567,0.4081150452832114
446,108,6.801391015389222,6,25,0.24,0.1149631362645245,0.4342968351708788
446,785,7.935715402845377,9,25,0.36,0.20247880678156654,0.5548150239913429
446,1123,8.502039838532497,5,25,0.2,0.08860584630746873,0.3913095053487659
446,1292,8.785202056376058,5,25,0.2,0.08860584630746873,0.3913095053487659
446,1377,8.927620923338793,5,25,0.2,0.08860584630746873,0.3913095053487659
446,1398,8.962806761059,8,25,0.32,0.172051902198581,0.5158973087951598
446,1401,8.967833309304744,28,100,0.28,0.2013968515708077,0.3748802878875508
446,1402,8.969508825386658,28,100,0.28,0.2013968515708077,0.3748802878875508
446,1403,8.971184341468572,28,100,0.28,0.2013968515708077,0.3748802878875508
446,1404,8.972859857550487,28,100,0.28,0.2013968515708077,0.3748802878875508
446,1405,8.974535373632401,28,100,0.28,0.2013968515708077,0.3748802878875508
446,1406,8.976210889714316,28,100,0.28,0.2013968515708077,0.3748802878875508
446,1407,8.97788640579623,28,100,0.28,0.2013968515708077,0.3748802878875508
446,1408,8.979561921878146,28,100,0.28,0.2013968515708077,0.3748802878875508
446,1409,8.98123743796006,64,200,0.32,0.2592653327095053,0.38751898489132125
446,1414,8.989615018369634,6,25,0.24,0.1149631362645245,0.4342968351708788
446,1416,8.992966050533461,6,25,0.24,0.1149631362645245,0.4342968351708788
446,1417,8.994641566615377,62,200,0.31,0.2499894479224967,0.37717177621170916
446,1449,9.048258081236643,62,200,0.31,0.2499894479224967,0.37717177621170916
446,1457,9.061662209891958,69,200,0.345,0.2825979433061415,0.41324410796123684
446,1465,9.075066338547275,68,200,0.34,0.2779154592508567,0.4081150452832114
447,99,6.801155395940203,6,25,0.24,0.1149631362645245,0.4342968351708788
447,776,7.9354797833963575,9,25,0.36,0.20247880678156654,0.5548150239913429
447,1114,8.501804219083477,5,25,0.2,0.08860584630746873,0.3913095053487659
447,1283,8.784966436927037,5,25,0.2,0.08860584630746873,0.3913095053487659
447,1368,8.927385303889775,6,25,0.24,0.1149631362645245,0.4342968351708788
447,1389,8.962571141609981,9,25,0.36,0.20247880678156654,0.5548150239913429
447,1392,8.967597689855724,28,100,0.28,0.2013968515708077,0.3748802878875508
447,1393,8.969273205937638,28,100,0.28,0.2013968515708077,0.3748802878875508
447,1394,8.970948722019553,28,100,0.28,0.2013968515708077,0.3748802878875508
447,1395,8.972624238101467,28,100,0.28,0.2013968515708077,0.3748802878875508
447,1396,8.974299754183383,28,100,0.28,0.2013968515708077,0.3748802878875508
447,1397,8.975975270265296,28,100,0.28,0.2013968515708077,0.3748802878875508
447,1398,8.977650786347212,28,100,0.28,0.2013968515708077,0.3748802878875508
447,1399,8.979326302429126,32,100,0.32,0.23669147266401064,0.4166261868928281
447,1400,8.98100181851104,63,200,0.315,0.2546232094605245,0.38234956140699167
447,1405,8.989379398920613,6,25,0.24,0.1149631362645245,0.4342968351708788
447,1408,8.994405947166356,66,200,0.33,0.26857425825421716,0.3978331528132302
447,1440,9.048022461787623,62,200,0.31,0.2499894479224967,0.37717177621170916
447,1448,9.061426590442938,69,200,0.345,0.2825979433061415,0.41324410796123684
447,1456,9.074830719098255,68,200,0.34,0.2779154592508567,0.4081150452832114
448,90,6.800919776491184,6,25,0.24,0.1149631362645245,0.4342968351708788
448,767,7.935244163947338,9,25,0.36,0.20247880678156654,0.5548150239913429
448,1105,8.501568599634458,5,25,0.2,0.08860584630746873,0.3913095053487659
448,1274,8.784730817478017,8,25,0.32,0.172051902198581,0.5158973087951598
448,1359,8.927149684440755,7,25,0.28,0.14283853773683666,0.4757660534777354
448,1380,8.962335522160961,9,25,0.36,0.20247880678156654,0.5548150239913429
448,1383,8.967362070406704,28,100,0.28,0.2013968515708077,0.3748802878875508
448,1384,8.96903758648862,28,100,0.28,0.2013968515708077,0.3748802878875508
448,1385,8.970713102570533,28,100,0.28,0.2013968515708077,0.3748802878875508
448,1386,8.972388618652449,28,100,0.28,0.2013968515708077,0.3748802878875508
448,1387,8.974064134734363,28,100,0.28,0.2013968515708077,0.3748802878875508
448,1388,8.975739650816276,28,100,0.28,0.2013968515708077,0.3748802878875508
448,1389,8.977415166898192,28,100,0.28,0.2013968515708077,0.3748802878875508
448,1390,8.979090682980107,33,100,0.33,0.24563122674486615,0.42694656283659266
448,1391,8.980766199062021,63,200,0.315,0.2546232094605245,0.38234956140699167
448,1396,8.989143779471593,6,25,0.24,0.1149631362645245,0.4342968351708788
448,1399,8.994170327717338,68,200,0.34,0.2779154592508567,0.4081150452832114
448,1431,9.047786842338603,64,200,0.32,0.2592653327095053,0.38751898489132125
448,1439,9.06119097099392,70,200,0.35,0.28728824080917403,0.4183653571915147
448,1447,9.074595099649237,70,200,0.35,0.28728824080917403,0.4183653571915147
449,81,6.800684157042164,6,25,0.24,0.1149631362645245,0.4342968351708788
449,758,7.935008544498318,10,25,0.4,0.23403302272702053,0.5926054278250577
449,1096,8.501332980185438,5,25,0.2,0.08860584630746873,0.3913095053487659
449,1266,8.786170714110913,8,25,0.32,0.172051902198581,0.5158973087951598
449,1350,8.926914064991736,7,25,0.28,0.14283853773683666,0.4757660534777354
449,1371,8.962099902711941,9,25,0.36,0.20247880678156654,0.5548150239913429
449,1374,8.967126450957686,28,100,0.28,0.2013968515708077,0.3748802878875508
449,1375,8.9688019670396,28,100,0.28,0.2013968515708077,0.3748802878875508
449,1376,8.970477483121513,28,100,0.28,0.2013968515708077,0.3748802878875508
449,1377,8.972152999203429,28,100,0.28,0.2013968515708077,0.3748802878875508
449,1378,8.973828515285344,28,100,0.28,0.2013968515708077,0.3748802878875508
449,1379,8.975504031367258,28,100,0.28,0.2013968515708077,0.3748802878875508
449,1380,8.977179547449172,28,100,0.28,0.2013968515708077,0.3748802878875508
449,1381,8.978855063531087,33,100,0.33,0.24563122674486615,0.42694656283659266
449,1382,8.980530579613001,63,200,0.315,0.2546232094605245,0.38234956140699167
449,1387,8.988908160022575,6,25,0.24,0.1149631362645245,0.4342968351708788
449,1390,8.993934708268318,69,200,0.345,0.2825979433061415,0.41324410796123684
449,1422,9.047551222889584,65,200,0.325,0.263915714943814,0.392680149390323
449,1430,9.0609553515449,71,200,0.355,0.2919862749369033,0.4234788697970958
449,1438,9.074359480200217,70,200,0.35,0.28728824080917403,0.4183653571915147
450,73,6.802124053675059,6,25,0.24,0.1149631362645245,0.4342968351708788
450,749,7.934772925049299,10,25,0.4,0.23403302272702053,0.5926054278250577
450,1088,8.502772876818334,5,25,0.2,0.08860584630746873,0.3913095053487659
450,1257,8.785935094661895,8,25,0.32,0.172051902198581,0.5158973087951598
450,1341,8.926678445542716,7,25,0.28,0.14283853773683666,0.4757660534777354
450,1362,8.961864283262923,9,25,0.36,0.20247880678156654,0.5548150239913429
450,1366,8.968566347590581,28,100,0.28,0.2013968515708077,0.3748802878875508
450,1367,8.970241863672495,28,100,0.28,0.2013968515708077,0.3748802878875508
450,1368,8.971917379754409,28,100,0.28,0.2013968515708077,0.3748802878875508
450,1369,8.973592895836324,28,100,0.28,0.2013968515708077,0.3748802878875508
450,1370,8.975268411918238,28,100,0.28,0.2013968515708077,0.3748802878875508
450,1371,8.976943928000154,28,100,0.28,0.2013968515708077,0.3748802878875508
450,1372,8.978619444082067,28,100,0.28,0.2013968515708077,0.3748802878875508
450,1373,8.980294960163983,28,100,0.28,0.2013968515708077,0.3748802878875508
450,1374,8.981970476245897,66,200,0.33,0.26857425825421716,0.3978331528132302
450,1378,8.988672540573555,6,25,0.24,0.1149631362645245,0.4342968351708788
450,1381,8.993699088819298,6,25,0.24,0.1149631362645245,0.4342968351708788
450,1382,8.995374604901214,65,200,0.325,0.263915714943814,0.392680149390323
450,1414,9.04899111952248,65,200,0.325,0.263915714943814,0.392680149390323
450,1422,9.062395248177795,71,200,0.355,0.2919862749369033,0.4234788697970958
450,1430,9.075799376833112,71,200,0.355,0.2919862749369033,0.4234788697970958
451,64,6.801888434226041,6,25,0.24,0.1149631362645245,0.4342968351708788
451,740,7.934537305600281,10,25,0.4,0.23403302272702053,0.5926054278250577
451,1079,8.502537257369315,5,25,0.2,0.08860584630746873,0.3913095053487659
451,1248,8.785699475212875,8,25,0.32,0.172051902198581,0.5158973087951598
451,1332,8.926442826093698,7,25,0.28,0.14283853773683666,0.4757660534777354
451,1354,8.963304179895818,9,25,0.36,0.20247880678156654,0.5548150239913429
451,1357,8.968330728141561,28,100,0.28,0.2013968515708077,0.3748802878875508
451,1358,8.970006244223477,28,100,0.28,0.2013968515708077,0.3748802878875508
451,1359,8.97168176030539,28,100,0.28,0.2013968515708077,0.3748802878875508
451,1360,8.973357276387306,28,100,0.28,0.2013968515708077,0.3748802878875508
451,1361,8.97503279246922,28,100,0.28,0.2013968515708077,0.3748802878875508
451,1362,8.976708308551135,28,100,0.28,0.2013968515708077,0.3748802878875508
451,1363,8.978383824633049,28,100,0.28,0.2013968515708077,0.3748802878875508
451,1364,8.980059340714963,28,100,0.28,0.2013968515708077,0.3748802878875508
451,1365,8.981734856796878,68,200,0.34,0.2779154592508567,0.4081150452832114
451,1369,8.988436921124537,6,25,0.24,0.1149631362645245,0.4342968351708788
451,1372,8.99346346937028,6,25,0.24,0.1149631362645245,0.4342968351708788
451,1373,8.995138985452195,68,200,0.34,0.2779154592508567,0.4081150452832114
451,1405,9.04875550007346,66,200,0.33,0.26857425825421716,0.3978331528132302
451,1413,9.062159628728777,71,200,0.355,0.2919862749369033,0.4234788697970958
451,1421,9.075563757384094,71,200,0.355,0.2919862749369033,0.4234788697970958
452,55,6.801652814777021,6,25,0.24,0.1149631362645245,0.4342968351708788
452,732,7.935977202233175,10,25,0.4,0.23403302272702053,0.5926054278250577
452,1070,8.502301637920295,5,25,0.2,0.08860584630746873,0.3913095053487659
452,1239,8.785463855763856,8,25,0.32,0.172051902198581,0.5158973087951598
452,1324,8.927882722726594,7,25,0.28,0.14283853773683666,0.4757660534777354
452,1345,8.963068560446798,9,25,0.36,0.20247880678156654,0.5548150239913429
452,1348,8.968095108692543,28,100,0.28,0.2013968515708077,0.3748802878875508
452,1349,8.969770624774457,28,100,0.28,0.2013968515708077,0.3748802878875508
452,1350,8.971446140856372,28,100,0.28,0.2013968515708077,0.3748802878875508
452,1351,8.973121656938286,28,100,0.28,0.2013968515708077,0.3748802878875508
452,1352,8.9747971730202,28,100,0.28,0.2013968515708077,0.3748802878875508
452,1353,8.976472689102115,28,100,0.28,0.2013968515708077,0.3748802878875508
452,1354,8.97814820518403,28,100,0.28,0.2013968515708077,0.3748802878875508
452,1355,8.979823721265944,29,100,0.29,0.21014835693844294,0.3853889125445355
452,1356,8.981499237347858,68,200,0.34,0.2779154592508567,0.4081150452832114
452,1361,8.989876817757432,7,25,0.28,0.14283853773683666,0.4757660534777354
452,1363,8.993227849921261,7,25,0.28,0.14283853773683666,0.4757660534777354
452,1364,8.994903366003175,70,200,0.35,0.28728824080917403,0.4183653571915147
452,1396,9.048519880624442,67,200,0.335,0.27324086932910685,0.4029780884716509
452,1404,9.061924009279757,71,200,0.355,0.2919862749369033,0.4234788697970958
452,1412,9.075328137935074,70,200,0.35,0.28728824080917403,0.4183653571915147
453,46,6.801417195328002,6,25,0.24,0.1149631362645245,0.4342968351708788
453,723,7.935741582784156,10,25,0.4,0.23403302272702053,0.5926054278250577
453,1061,8.502066018471277,5,25,0.2,0.08860584630746873,0.3913095053487659
453,1230,8.785228236314836,8,25,0.32,0.172051902198581,0.5158973087951598
453,1315,8.927647103277573,7,25,0.28,0.14283853773683666,0.4757660534777354
453,1336,8.96283294099778,9,25,0.36,0.20247880678156654,0.5548150239913429
453,1339,8.967859489243523,28,100,0.28,0.2013968515708077,0.3748802878875508
453,1340,8.969535005325437,28,100,0.28,0.2013968515708077,0.3748802878875508
453,1341,8.971210521407352,28,100,0.28,0.2013968515708077,0.3748802878875508
453,1342,8.972886037489268,28,100,0.28,0.2013968515708077,0.3748802878875508
453,1343,8.974561553571181,28,100,0.28,0.2013968515708077,0.3748802878875508
453,1344,8.976237069653095,28,100,0.28,0.2013968515708077,0.3748802878875508
453,1345,8.97791258573501,28,100,0.28,0.2013968515708077,0.3748802878875508
453,1346,8.979588101816924,29,100,0.29,0.21014835693844294,0.3853889125445355
453,1347,8.98126361789884,68,200,0.34,0.2779154592508567,0.4081150452832114
453,1352,8.989641198308412,7,25,0.28,0.14283853773683666,0.4757660534777354
453,1354,8.992992230472241,7,25,0.28,0.14283853773683666,0.4757660534777354
453,1355,8.994667746554157,70,200,0.35,0.28728824080917403,0.4183653571915147
453,1387,9.048284261175422,69,200,0.345,0.2825979433061415,0.41324410796123684
453,1395,9.061688389830739,71,200,0.355,0.2919862749369033,0.4234788697970958
453,1403,9.075092518486056,70,200,0.35,0.28728824080917403,0.4183653571915147
454,37,6.801181575878982,6,25,0.24,0.1149631362645245,0.4342968351708788
454,714,7.935505963335137,10,25,0.4,0.23403302272702053,0.5926054278250577
454,1052,8.501830399022257,5,25,0.2,0.08860584630746873,0.3913095053487659
454,1221,8.784992616865818,8,25,0.32,0.172051902198581,0.5158973087951598
454,1306,8.927411483828553,7,25,0.28,0.14283853773683666,0.4757660534777354
454,1327,8.96259732154876,9,25,0.36,0.20247880678156654,0.5548150239913429
454,1330,8.967623869794505,28,100,0.28,0.2013968515708077,0.3748802878875508
454,1331,8.969299385876418,28,100,0.28,0.2013968515708077,0.3748802878875508
454,1332,8.970974901958332,28,100,0.28,0.2013968515708077,0.3748802878875508
454,1333,8.972650418040248,28,100,0.28,0.2013968515708077,0.3748802878875508
454,1334,8.974325934122161,28,100,0.28,0.2013968515708077,0.3748802878875508
454,1335,8.976001450204077,28,100,0.28,0.2013968515708077,0.3748802878875508
454,1336,8.97767696628599,28,100,0.28,0.2013968515708077,0.3748802878875508
454,1337,8.979352482367906,34,100,0.34,0.2546152073669388,0.4372227122391401
454,1338,8.98102799844982,68,200,0.34,0.2779154592508567,0.4081150452832114
454,1343,8.989405578859394,7,25,0.28,0.14283853773683666,0.4757660534777354
454,1345,8.992756611023221,7,25,0.28,0.14283853773683666,0.4757660534777354
454,1346,8.994432127105137,70,200,0.35,0.28728824080917403,0.4183653571915147
454,1378,9.048048641726403,69,200,0.345,0.2825979433061415,0.41324410796123684
454,1386,9.061452770381718,71,200,0.355,0.2919862749369033,0.4234788697970958
454,1394,9.074856899037036,70,200,0.35,0.28728824080917403,0.4183653571915147
455,28,6.800945956429963,6,25,0.24,0.1149631362645245,0.4342968351708788
455,705,7.935270343886118,10,25,0.4,0.23403302272702053,0.5926054278250577
455,1043,8.501594779573237,5,25,0.2,0.08860584630746873,0.3913095053487659
455,1212,8.784756997416798,8,25,0.32,0.172051902198581,0.5158973087951598
455,1297,8.927175864379535,7,25,0.28,0.14283853773683666,0.4757660534777354
455,1318,8.962361702099741,9,25,0.36,0.20247880678156654,0.5548150239913429
455,1321,8.967388250345484,28,100,0.28,0.2013968515708077,0.3748802878875508
455,1322,8.969063766427398,28,100,0.28,0.2013968515708077,0.3748802878875508
455,1323,8.970739282509314,28,100,0.28,0.2013968515708077,0.3748802878875508
455,1324,8.972414798591227,28,100,0.28,0.2013968515708077,0.3748802878875508
455,1325,8.974090314673143,28,100,0.28,0.2013968515708077,0.3748802878875508
455,1326,8.975765830755057,28,100,0.28,0.2013968515708077,0.3748802878875508
455,1327,8.977441346836972,28,100,0.28,0.2013968515708077,0.3748802878875508
455,1328,8.979116862918886,34,100,0.34,0.2546152073669388,0.4372227122391401
455,1329,8.9807923790008,69,200,0.345,0.2825979433061415,0.41324410796123684
455,1334,8.989169959410374,7,25,0.28,0.14283853773683666,0.4757660534777354
455,1337,8.994196507656117,73,200,0.365,0.30140526417602626,0.4336829740245936
455,1369,9.047813022277383,69,200,0.345,0.2825979433061415,0.41324410796123684
455,1377,9.061217150932698,71,200,0.355,0.2919862749369033,0.4234788697970958
455,1385,9.074621279588015,72,200,0.36,0.2966919725753122,0.4285847188919973
456,19,6.800710336980944,6,25,0.24,0.1149631362645245,0.4342968351708788
456,696,7.935034724437099,10,25,0.4,0.23403302272702053,0.5926054278250577
456,1034,8.501359160124219,5,25,0.2,0.08860584630746873,0.3913095053487659
456,1204,8.786196894049693,8,25,0.32,0.172051902198581,0.5158973087951598
456,1288,8.926940244930517,7,25,0.28,0.14283853773683666,0.4757660534777354
456,1309,8.962126082650721,10,25,0.4,0.23403302272702053,0.5926054278250577
456,1312,8.967152630896466,28,100,0.28,0.2013968515708077,0.3748802878875508
456,1313,8.96882814697838,28,100,0.28,0.2013968515708077,0.3748802878875508
456,1314,8.970503663060295,28,100,0.28,0.2013968515708077,0.3748802878875508
456,1315,8.97217917914221,28,100,0.28,0.2013968515708077,0.3748802878875508
456,1316,8.973854695224123,28,100,0.28,0.2013968515708077,0.3748802878875508
456,1317,8.975530211306038,28,100,0.28,0.2013968515708077,0.3748802878875508
456,1318,8.977205727387954,28,100,0.28,0.2013968515708077,0.3748802878875508
456,1319,8.978881243469868,34,100,0.34,0.2546152073669388,0.4372227122391401
456,1320,8.980556759551781,69,200,0.345,0.2825979433061415,0.41324410796123684
456,1325,8.988934339961355,7,25,0.28,0.14283853773683666,0.4757660534777354
456,1328,8.993960888207098,74,200,0.37,0.30612608362251653,0.4387737013114137
456,1360,9.047577402828365,69,200,0.345,0.2825979433061415,0.41324410796123684
456,1368,9.06098153148368,71,200,0.355,0.2919862749369033,0.4234788697970958
456,1376,9.074385660138997,73,200,0.365,0.30140526417602626,0.4336829740245936
457,11,6.8021502336138395,6,25,0.24,0.1149631362645245,0.4342968351708788
457,687,7.9347991049880795,10,25,0.4,0.23403302272702053,0.5926054278250577
457,1026,8.502799056757114,5,25,0.2,0.08860584630746873,0.3913095053487659
457,1195,8.785961274600673,8,25,0.32,0.172051902198581,0.5158973087951598
457,1279,8.926704625481497,7,25,0.28,0.14283853773683666,0.4757660534777354
457,1300,8.961890463201703,10,25,0.4,0.23403302272702053,0.5926054278250577
457,1304,8.96859252752936,28,100,0.28,0.2013968515708077,0.3748802878875508
457,1305,8.970268043611275,28,100,0.28,0.2013968515708077,0.3748802878875508
457,1306,8.971943559693191,28,100,0.28,0.2013968515708077,0.3748802878875508
457,1307,8.973619075775105,28,100,0.28,0.2013968515708077,0.3748802878875508
457,1308,8.975294591857018,28,100,0.28,0.2013968515708077,0.3748802878875508
457,1309,8.976970107938934,28,100,0.28,0.2013968515708077,0.3748802878875508
457,1310,8.978645624020848,28,100,0.28,0.2013968515708077,0.3748802878875508
457,1311,8.980321140102763,29,100,0.29,0.21014835693844294,0.3853889125445355
457,1312,8.981996656184677,72,200,0.36,0.2966919725753122,0.4285847188919973
457,1316,8.988698720512335,7,25,0.28,0.14283853773683666,0.4757660534777354
457,1319,8.99372526875808,7,25,0.28,0.14283853773683666,0.4757660534777354
457,1320,8.995400784839994,71,200,0.355,0.2919862749369033,0.4234788697970958
457,1352,9.049017299461259,69,200,0.345,0.2825979433061415,0.41324410796123684
457,1360,9.062421428116576,72,200,0.36,0.2966919725753122,0.4285847188919973
457,1368,9.075825556771893,75,200,0.375,0.310854368105246,0.4438569635619946
458,2,6.80191461416482,6,25,0.24,0.1149631362645245,0.4342968351708788
458,678,7.93456348553906,11,25,0.44,0.26665638767770883,0.629326682653538
458,1017,8.502563437308094,6,25,0.24,0.1149631362645245,0.4342968351708788
458,1186,8.785725655151655,8,25,0.32,0.172051902198581,0.5158973087951598
458,1270,8.926469006032477,11,25,0.44,0.26665638767770883,0.629326682653538
458,1292,8.963330359834597,10,25,0.4,0.23403302272702053,0.5926054278250577
458,1295,8.968356908080342,28,100,0.28,0.2013968515708077,0.3748802878875508
458,1296,8.970032424162255,28,100,0.28,0.2013968515708077,0.3748802878875508
458,1297,8.97170794024417,28,100,0.28,0.2013968515708077,0.3748802878875508
458,1298,8.973383456326085,28,100,0.28,0.2013968515708077,0.3748802878875508
458,1299,8.975058972408,28,100,0.28,0.2013968515708077,0.3748802878875508
458,1300,8.976734488489914,28,100,0.28,0.2013968515708077,0.3748802878875508
458,1301,8.97841000457183,28,100,0.28,0.2013968515708077,0.3748802878875508
458,1302,8.980085520653743,29,100,0.29,0.21014835693844294,0.3853889125445355
458,1303,8.981761036735659,72,200,0.36,0.2966919725753122,0.4285847188919973
458,1307,8.988463101063317,7,25,0.28,0.14283853773683666,0.4757660534777354
458,1310,8.99348964930906,7,25,0.28,0.14283853773683666,0.4757660534777354
458,1311,8.995165165390974,72,200,0.36,0.2966919725753122,0.4285847188919973
458,1343,9.04878168001224,69,200,0.345,0.2825979433061415,0.41324410796123684
458,1351,9.062185808667557,73,200,0.365,0.30140526417602626,0.4336829740245936
458,1359,9.075589937322873,77,200,0.385,0.3203330967849892,0.4540013283488722
459,669,7.934327866090041,11,25,0.44,0.26665638767770883,0.629326682653538
459,1008,8.502327817859076,6,25,0.24,0.1149631362645245,0.4342968351708788
459,1177,8.785490035702635,8,25,0.32,0.172051902198581,0.5158973087951598
459,1262,8.927908902665372,11,25,0.44,0.26665638767770883,0.629326682653538
459,1283,8.963094740385579,10,25,0.4,0.23403302272702053,0.5926054278250577
459,1286,8.968121288631322,28,100,0.28,0.2013968515708077,0.3748802878875508
459,1287,8.969796804713237,28,100,0.28,0.2013968515708077,0.3748802878875508
459,1288,8.97147232079515,28,100,0.28,0.2013968515708077,0.3748802878875508
459,1289,8.973147836877066,28,100,0.28,0.2013968515708077,0.3748802878875508
459,1290,8.97482335295898,28,100,0.28,0.2013968515708077,0.3748802878875508
459,1291,8.976498869040896,28,100,0.28,0.2013968515708077,0.3748802878875508
459,1292,8.97817438512281,28,100,0.28,0.2013968515708077,0.3748802878875508
459,1293,8.979849901204723,29,100,0.29,0.21014835693844294,0.3853889125445355
459,1294,8.981525417286639,72,200,0.36,0.2966919725753122,0.4285847188919973
459,1299,8.98990299769621,7,25,0.28,0.14283853773683666,0.4757660534777354
459,1301,8.99325402986004,7,25,0.28,0.14283853773683666,0.4757660534777354
459,1302,8.994929545941954,72,200,0.36,0.2966919725753122,0.4285847188919973
459,1334,9.04854606056322,70,200,0.35,0.28728824080917403,0.4183653571915147
459,1342,9.061950189218537,74,200,0.37,0.30612608362251653,0.4387737013114137
459,1350,9.075354317873854,77,200,0.385,0.3203330967849892,0.4540013283488722
460,661,7.935767762722936,12,25,0.48,0.30031285833050775,0.6650148317799078
460,999,8.502092198410056,6,25,0.24,0.1149631362645245,0.4342968351708788
460,1168,8.785254416253617,8,25,0.32,0.172051902198581,0.5158973087951598
460,1253,8.927673283216354,12,25,0.48,0.30031285833050775,0.6650148317799078
460,1274,8.962859120936558,5,25,0.2,0.08860584630746873,0.3913095053487659
460,1277,8.967885669182303,28,100,0.28,0.2013968515708077,0.3748802878875508
460,1278,8.969561185264217,28,100,0.28,0.2013968515708077,0.3748802878875508
460,1279,8.971236701346132,28,100,0.28,0.2013968515708077,0.3748802878875508
460,1280,8.972912217428046,28,100,0.28,0.2013968515708077,0.3748802878875508
460,1281,8.97458773350996,28,100,0.28,0.2013968515708077,0.3748802878875508
460,1282,8.976263249591875,28,100,0.28,0.2013968515708077,0.3748802878875508
460,1283,8.977938765673791,28,100,0.28,0.2013968515708077,0.3748802878875508
460,1284,8.979614281755705,29,100,0.29,0.21014835693844294,0.3853889125445355
460,1285,8.981289797837618,73,200,0.365,0.30140526417602626,0.4336829740245936
460,1290,8.98966737824719,7,25,0.28,0.14283853773683666,0.4757660534777354
460,1292,8.993018410411022,7,25,0.28,0.14283853773683666,0.4757660534777354
460,1293,8.994693926492936,72,200,0.36,0.2966919725753122,0.4285847188919973
460,1325,9.048310441114202,71,200,0.355,0.2919862749369033,0.4234788697970958
460,1333,9.061714569769517,74,200,0.37,0.30612608362251653,0.4387737013114137
460,1341,9.075118698424834,77,200,0.385,0.3203330967849892,0.4540013283488722
461,652,7.9355321432739165,12,25,0.48,0.30031285833050775,0.6650148317799078
461,990,8.501856578961036,6,25,0.24,0.1149631362645245,0.4342968351708788
461,1159,8.785018796804597,8,25,0.32,0.172051902198581,0.5158973087951598
461,1244,8.927437663767334,13,25,0.52,0.3349851682200921,0.6996871416694923
461,1265,8.96262350148754,5,25,0.2,0.08860584630746873,0.3913095053487659
461,1268,8.967650049733283,28,100,0.28,0.2013968515708077,0.3748802878875508
461,1269,8.969325565815197,28,100,0.28,0.2013968515708077,0.3748802878875508
461,1270,8.971001081897112,28,100,0.28,0.2013968515708077,0.3748802878875508
461,1271,8.972676597979028,28,100,0.28,0.2013968515708077,0.3748802878875508
461,1272,8.974352114060942,28,100,0.28,0.2013968515708077,0.3748802878875508
461,1273,8.976027630142855,28,100,0.28,0.2013968515708077,0.3748802878875508
461,1274,8.977703146224771,28,100,0.28,0.2013968515708077,0.3748802878875508
461,1275,8.979378662306685,37,100,0.37,0.2818236047080924,0.46779470497184666
461,1276,8.9810541783886,72,200,0.36,0.2966919725753122,0.4285847188919973
461,1281,8.989431758798172,7,25,0.28,0.14283853773683666,0.4757660534777354
461,1283,8.992782790962002,7,25,0.28,0.14283853773683666,0.4757660534777354
461,1284,8.994458307043915,72,200,0.36,0.2966919725753122,0.4285847188919973
461,1316,9.048074821665182,71,200,0.355,0.2919862749369033,0.4234788697970958
461,1324,9.061478950320499,74,200,0.37,0.30612608362251653,0.4387737013114137
461,1332,9.074883078975816,78,200,0.39,0.3250834308878392,0.4590625409793326
462,643,7.935296523824898,12,25,0.48,0.30031285833050775,0.6650148317799078
462,981,8.501620959512017,6,25,0.24,0.1149631362645245,0.4342968351708788
462,1150,8.784783177355578,8,25,0.32,0.172051902198581,0.5158973087951598
462,1235,8.927202044318316,13,25,0.52,0.3349851682200921,0.6996871416694923
462,1256,8.96238788203852,5,25,0.2,0.08860584630746873,0.3913095053487659
462,1259,8.967414430284265,28,100,0.28,0.2013968515708077,0.3748802878875508
462,1260,8.969089946366179,28,100,0.28,0.2013968515708077,0.3748802878875508
462,1261,8.970765462448094,28,100,0.28,0.2013968515708077,0.3748802878875508
462,1262,8.972440978530008,28,100,0.28,0.2013968515708077,0.3748802878875508
462,1263,8.974116494611923,28,100,0.28,0.2013968515708077,0.3748802878875508
462,1264,8.975792010693837,28,100,0.28,0.2013968515708077,0.3748802878875508
462,1265,8.977467526775753,28,100,0.28,0.2013968515708077,0.3748802878875508
462,1266,8.979143042857666,37,100,0.37,0.2818236047080924,0.46779470497184666
462,1267,8.980818558939582,73,200,0.365,0.30140526417602626,0.4336829740245936
462,1272,8.989196139349154,8,25,0.32,0.172051902198581,0.5158973087951598
462,1275,8.994222687594897,78,200,0.39,0.3250834308878392,0.4590625409793326
462,1307,9.047839202216164,71,200,0.355,0.2919862749369033,0.4234788697970958
462,1315,9.06124333087148,74,200,0.37,0.30612608362251653,0.4387737013114137
462,1323,9.074647459526796,78,200,0.39,0.3250834308878392,0.4590625409793326
463,634,7.935060904375879,12,25,0.48,0.30031285833050775,0.6650148317799078
463,972,8.501385340062999,6,25,0.24,0.1149631362645245,0.4342968351708788
463,1142,8.786223073988474,8,25,0.32,0.172051902198581,0.5158973087951598
463,1226,8.926966424869295,13,25,0.52,0.3349851682200921,0.6996871416694923
463,1247,8.962152262589502,5,25,0.2,0.08860584630746873,0.3913095053487659
463,1250,8.967178810835245,28,100,0.28,0.2013968515708077,0.3748802878875508
463,1251,8.96885432691716,28,100,0.28,0.2013968515708077,0.3748802878875508
463,1252,8.970529842999074,28,100,0.28,0.2013968515708077,0.3748802878875508
463,1253,8.97220535908099,28,100,0.28,0.2013968515708077,0.3748802878875508
463,1254,8.973880875162903,28,100,0.28,0.2013968515708077,0.3748802878875508
463,1255,8.975556391244819,28,100,0.28,0.2013968515708077,0.3748802878875508
463,1256,8.977231907326733,28,100,0.28,0.2013968515708077,0.3748802878875508
463,1257,8.978907423408646,38,100,0.38,0.29097599188067363,0.4779024478238856
463,1258,8.980582939490562,73,200,0.365,0.30140526417602626,0.4336829740245936
463,1263,8.988960519900134,8,25,0.32,0.172051902198581,0.5158973087951598
463,1266,8.993987068145877,79,200,0.395,0.3298410096426624,0.4641165089578198
463,1298,9.047603582767143,72,200,0.36,0.2966919725753122,0.4285847188919973
463,1306,9.06100771142246,76,200,0.38,0.31559005800516143,0.44893282039538956
463,1314,9.074411840077776,79,200,0.395,0.3298410096426624,0.4641165089578198
464,625,7.934825284926859,12,25,0.48,0.30031285833050775,0.6650148317799078
464,964,8.502825236695895,6,25,0.24,0.1149631362645245,0.4342968351708788
464,1133,8.785987454539454,8,25,0.32,0.172051902198581,0.5158973087951598
464,1217,8.926730805420277,13,25,0.52,0.3349851682200921,0.6996871416694923
464,1238,8.961916643140482,5,25,0.2,0.08860584630746873,0.3913095053487659
464,1242,8.96861870746814,28,100,0.28,0.2013968515708077,0.3748802878875508
464,1243,8.970294223550056,28,100,0.28,0.2013968515708077,0.3748802878875508
464,1244,8.97196973963197,28,100,0.28,0.2013968515708077,0.3748802878875508
464,1245,8.973645255713883,28,100,0.28,0.2013968515708077,0.3748802878875508
464,1246,8.975320771795799,28,100,0.28,0.2013968515708077,0.3748802878875508
464,1247,8.976996287877714,28,100,0.28,0.2013968515708077,0.3748802878875508
464,1248,8.978671803959628,28,100,0.28,0.2013968515708077,0.3748802878875508
464,1249,8.980347320041542,29,100,0.29,0.21014835693844294,0.3853889125445355
464,1250,8.982022836123457,73,200,0.365,0.30140526417602626,0.4336829740245936
464,1254,8.988724900451114,8,25,0.32,0.172051902198581,0.5158973087951598
464,1257,8.993751448696859,8,25,0.32,0.172051902198581,0.5158973087951598
464,1258,8.995426964778773,73,200,0.365,0.30140526417602626,0.4336829740245936
464,1290,9.049043479400039,73,200,0.365,0.30140526417602626,0.4336829740245936
464,1298,9.062447608055356,79,200,0.395,0.3298410096426624,0.4641165089578198
464,1306,9.075851736710671,82,200,0.41,0.3441567485880499,0.4792354102123633
465,616,7.93458966547784,13,25,0.52,0.3349851682200921,0.6996871416694923
465,955,8.502589617246874,6,25,0.24,0.1149631362645245,0.4342968351708788
465,1124,8.785751835090434,8,25,0.32,0.172051902198581,0.5158973087951598
465,1208,8.926495185971257,13,25,0.52,0.3349851682200921,0.6996871416694923
465,1230,8.963356539773377,5,25,0.2,0.08860584630746873,0.3913095053487659
465,1233,8.96838308801912,28,100,0.28,0.2013968515708077,0.3748802878875508
465,1234,8.970058604101036,28,100,0.28,0.2013968515708077,0.3748802878875508
465,1235,8.971734120182951,28,100,0.28,0.2013968515708077,0.3748802878875508
465,1236,8.973409636264865,28,100,0.28,0.2013968515708077,0.3748802878875508
465,1237,8.975085152346779,28,100,0.28,0.2013968515708077,0.3748802878875508
465,1238,8.976760668428694,28,100,0.28,0.2013968515708077,0.3748802878875508
465,1239,8.978436184510608,28,100,0.28,0.2013968515708077,0.3748802878875508
465,1240,8.980111700592524,29,100,0.29,0.21014835693844294,0.3853889125445355
465,1241,8.981787216674437,74,200,0.37,0.30612608362251653,0.4387737013114137
465,1245,8.988489281002096,8,25,0.32,0.172051902198581,0.5158973087951598
465,1248,8.993515829247839,8,25,0.32,0.172051902198581,0.5158973087951598
465,1249,8.995191345329754,73,200,0.365,0.30140526417602626,0.4336829740245936
465,1281,9.048807859951019,75,200,0.375,0.310854368105246,0.4438569635619946
465,1289,9.062211988606336,79,200,0.395,0.3298410096426624,0.4641165089578198
465,1297,9.075616117261653,84,200,0.42,0.3537359911147436,0.48927926115229037
466,607,7.934354046028821,13,25,0.52,0.3349851682200921,0.6996871416694923
466,946,8.502353997797854,6,25,0.24,0.1149631362645245,0.4342968351708788
466,1115,8.785516215641415,8,25,0.32,0.172051902198581,0.5158973087951598
466,1200,8.927935082604153,13,25,0.52,0.3349851682200921,0.6996871416694923
466,1221,8.963120920324357,5,25,0.2,0.08860584630746873,0.3913095053487659
466,1224,8.968147468570102,28,100,0.28,0.2013968515708077,0.3748802878875508
466,1225,8.969822984652016,28,100,0.28,0.2013968515708077,0.3748802878875508
466,1226,8.971498500733931,28,100,0.28,0.2013968515708077,0.3748802878875508
466,1227,8.973174016815845,28,100,0.28,0.2013968515708077,0.3748802878875508
466,1228,8.97484953289776,28,100,0.28,0.2013968515708077,0.3748802878875508
466,1229,8.976525048979674,28,100,0.28,0.2013968515708077,0.3748802878875508
466,1230,8.978200565061588,28,100,0.28,0.2013968515708077,0.3748802878875508
466,1231,8.979876081143503,29,100,0.29,0.21014835693844294,0.3853889125445355
466,1232,8.981551597225419,74,200,0.37,0.30612608362251653,0.4387737013114137
466,1237,8.989929177634991,8,25,0.32,0.172051902198581,0.5158973087951598
466,1239,8.99328020979882,8,25,0.32,0.172051902198581,0.5158973087951598
466,1240,8.994955725880734,76,200,0.38,0.31559005800516143,0.44893282039538956
466,1272,9.048572240502,76,200,0.38,0.31559005800516143,0.44893282039538956
466,1280,9.061976369157318,79,200,0.395,0.3298410096426624,0.4641165089578198
466,1288,9.075380497812633,84,200,0.42,0.3537359911147436,0.48927926115229037
467,599,7.935793942661716,13,25,0.52,0.3349851682200921,0.6996871416694923
467,937,8.502118378348836,6,25,0.24,0.1149631362645245,0.4342968351708788
467,1106,8.785280596192397,8,25,0.32,0.172051902198581,0.5158973087951598
467,1191,8.927699463155134,13,25,0.52,0.3349851682200921,0.6996871416694923
467,1212,8.962885300875339,5,25,0.2,0.08860584630746873,0.3913095053487659
467,1215,8.967911849121084,28,100,0.28,0.2013968515708077,0.3748802878875508
467,1216,8.969587365202997,28,100,0.28,0.2013968515708077,0.3748802878875508
467,1217,8.971262881284913,28,100,0.28,0.2013968515708077,0.3748802878875508
467,1218,8.972938397366827,28,100,0.28,0.2013968515708077,0.3748802878875508
467,1219,8.974613913448742,28,100,0.28,0.2013968515708077,0.3748802878875508
467,1220,8.976289429530656,28,100,0.28,0.2013968515708077,0.3748802878875508
467,1221,8.97796494561257,28,100,0.28,0.2013968515708077,0.3748802878875508
467,1222,8.979640461694485,29,100,0.29,0.21014835693844294,0.3853889125445355
467,1223,8.9813159777764,75,200,0.375,0.310854368105246,0.4438569635619946
467,1228,8.989693558185973,8,25,0.32,0.172051902198581,0.5158973087951598
467,1230,8.9930445903498,8,25,0.32,0.172051902198581,0.5158973087951598
467,1231,8.994720106431716,76,200,0.38,0.31559005800516143,0.44893282039538956
467,1263,9.048336621052982,76,200,0.38,0.31559005800516143,0.44893282039538956
467,1271,9.0617407497083,80,200,0.4,0.3346057851761492,0.46916328015764336
467,1279,9.075144878363615,85,200,0.425,0.3585361249314706,0.4942906740688738
468,590,7.935558323212697,13,25,0.52,0.3349851682200921,0.6996871416694923
468,928,8.501882758899818,6,25,0.24,0.1149631362645245,0.4342968351708788
468,1097,8.785044976743377,9,25,0.36,0.20247880678156654,0.5548150239913429
468,1182,8.927463843706114,13,25,0.52,0.3349851682200921,0.6996871416694923
468,1203,8.96264968142632,5,25,0.2,0.08860584630746873,0.3913095053487659
468,1206,8.967676229672064,28,100,0.28,0.2013968515708077,0.3748802878875508
468,1207,8.969351745753979,28,100,0.28,0.2013968515708077,0.3748802878875508
468,1208,8.971027261835893,28,100,0.28,0.2013968515708077,0.3748802878875508
468,1209,8.972702777917807,28,100,0.28,0.2013968515708077,0.3748802878875508
468,1210,8.974378293999722,28,100,0.28,0.2013968515708077,0.3748802878875508
468,1211,8.976053810081638,28,100,0.28,0.2013968515708077,0.3748802878875508
468,1212,8.977729326163551,28,100,0.28,0.2013968515708077,0.3748802878875508
468,1213,8.979404842245465,39,100,0.39,0.3001687394111505,0.48796983031802876
468,1214,8.98108035832738,78,200,0.39,0.3250834308878392,0.4590625409793326
468,1219,8.989457938736953,8,25,0.32,0.172051902198581,0.5158973087951598
468,1221,8.992808970900782,8,25,0.32,0.172051902198581,0.5158973087951598
468,1222,8.994484486982696,78,200,0.39,0.3250834308878392,0.4590625409793326
468,1254,9.048101001603962,77,200,0.385,0.3203330967849892,0.4540013283488722
468,1262,9.06150513025928,81,200,0.405,0.3393777123306897,0.4742028997364132
468,1270,9.074909258914595,85,200,0.425,0.3585361249314706,0.4942906740688738
469,581,7.935322703763678,13,25,0.52,0.3349851682200921,0.6996871416694923
469,919,8.501647139450798,6,25,0.24,0.1149631362645245,0.4342968351708788
469,1088,8.784809357294357,9,25,0.36,0.20247880678156654,0.5548150239913429
469,1173,8.927228224257096,13,25,0.52,0.3349851682200921,0.6996871416694923
469,1194,8.9624140619773,6,25,0.24,0.1149631362645245,0.4342968351708788
469,1197,8.967440610223044,29,100,0.29,0.21014835693844294,0.3853889125445355
469,1198,8.969116126304959,29,100,0.29,0.21014835693844294,0.3853889125445355
469,1199,8.970791642386875,29,100,0.29,0.21014835693844294,0.3853889125445355
469,1200,8.972467158468788,29,100,0.29,0.21014835693844294,0.3853889125445355
469,1201,8.974142674550702,29,100,0.29,0.21014835693844294,0.3853889125445355
469,1202,8.975818190632618,29,100,0.29,0.21014835693844294,0.3853889125445355
469,1203,8.977493706714531,29,100,0.29,0.21014835693844294,0.3853889125445355
469,1204,8.979169222796447,39,100,0.39,0.3001687394111505,0.48796983031802876
469,1205,8.98084473887836,79,200,0.395,0.3298410096426624,0.4641165089578198
469,1210,8.989222319287933,9,25,0.36,0.20247880678156654,0.5548150239913429
469,1213,8.994248867533678,82,200,0.41,0.3441567485880499,0.4792354102123633
469,1245,9.047865382154942,77,200,0.385,0.3203330967849892,0.4540013283488722
469,1253,9.06126951081026,81,200,0.405,0.3393777123306897,0.4742028997364132
469,1261,9.074673639465576,87,200,0.435,0.36815725451898934,0.5042926379479759
470,572,7.935087084314659,13,25,0.52,0.3349851682200921,0.6996871416694923
470,910,8.501411520001778,6,25,0.24,0.1149631362645245,0.4342968351708788
470,1080,8.786249253927252,10,25,0.4,0.23403302272702053,0.5926054278250577
470,1164,8.926992604808076,13,25,0.52,0.3349851682200921,0.6996871416694923
470,1185,8.96217844252828,6,25,0.24,0.1149631362645245,0.4342968351708788
470,1188,8.967204990774025,30,100,0.3,0.21894885238515713,0.39584854712244144
470,1189,8.968880506855939,30,100,0.3,0.21894885238515713,0.39584854712244144
470,1190,8.970556022937854,30,100,0.3,0.21894885238515713,0.39584854712244144
470,1191,8.972231539019768,30,100,0.3,0.21894885238515713,0.39584854712244144
470,1192,8.973907055101684,30,100,0.3,0.21894885238515713,0.39584854712244144
470,1193,8.975582571183597,30,100,0.3,0.21894885238515713,0.39584854712244144
470,1194,8.977258087265511,30,100,0.3,0.21894885238515713,0.39584854712244144
470,1195,8.978933603347427,39,100,0.39,0.3001687394111505,0.48796983031802876
470,1196,8.980609119429342,79,200,0.395,0.3298410096426624,0.4641165089578198
470,1201,8.988986699838915,9,25,0.36,0.20247880678156654,0.5548150239913429
470,1204,8.994013248084658,83,200,0.415,0.34894285399844827,0.4842608515352753
470,1236,9.047629762705924,78,200,0.39,0.3250834308878392,0.4590625409793326
470,1244,9.061033891361241,81,200,0.405,0.3393777123306897,0.4742028997364132
470,1252,9.074438020016556,88,200,0.44,0.3729781920017676,0.5092832471985078
471,563,7.9348514648656385,13,25,0.52,0.3349851682200921,0.6996871416694923
471,901,8.50117590055276,6,25,0.24,0.1149631362645245,0.4342968351708788
471,1071,8.786013634478234,10,25,0.4,0.23403302272702053,0.5926054278250577
471,1155,8.926756985359056,13,25,0.52,0.3349851682200921,0.6996871416694923
471,1176,8.961942823079262,6,25,0.24,0.1149631362645245,0.4342968351708788
471,1180,8.96864488740692,30,100,0.3,0.21894885238515713,0.39584854712244144
471,1181,8.970320403488834,30,100,0.3,0.21894885238515713,0.39584854712244144
471,1182,8.97199591957075,30,100,0.3,0.21894885238515713,0.39584854712244144
471,1183,8.973671435652664,30,100,0.3,0.21894885238515713,0.39584854712244144
471,1184,8.97534695173458,30,100,0.3,0.21894885238515713,0.39584854712244144
471,1185,8.977022467816493,30,100,0.3,0.21894885238515713,0.39584854712244144
471,1186,8.978697983898407,30,100,0.3,0.21894885238515713,0.39584854712244144
471,1187,8.980373499980322,31,100,0.31,0.2277969715485257,0.4062605579836929
471,1188,8.982049016062236,77,200,0.385,0.3203330967849892,0.4540013283488722
471,1192,8.988751080389894,9,25,0.36,0.20247880678156654,0.5548150239913429
471,1195,8.993777628635637,9,25,0.36,0.20247880678156654,0.5548150239913429
471,1196,8.995453144717553,81,200,0.405,0.3393777123306897,0.4742028997364132
471,1228,9.04906965933882,80,200,0.4,0.3346057851761492,0.46916328015764336
471,1236,9.062473787994135,81,200,0.405,0.3393777123306897,0.4742028997364132
471,1244,9.075877916649452,90,200,0.45,0.38264068350836655,0.5192438491585296
472,554,7.934615845416619,13,25,0.52,0.3349851682200921,0.6996871416694923
472,893,8.502615797185655,6,25,0.24,0.1149631362645245,0.4342968351708788
472,1062,8.785778015029214,10,25,0.4,0.23403302272702053,0.5926054278250577
472,1146,8.926521365910038,13,25,0.52,0.3349851682200921,0.6996871416694923
472,1168,8.963382719712158,6,25,0.24,0.1149631362645245,0.4342968351708788
472,1171,8.9684092679579,30,100,0.3,0.21894885238515713,0.39584854712244144
472,1172,8.970084784039816,30,100,0.3,0.21894885238515713,0.39584854712244144
472,1173,8.97176030012173,30,100,0.3,0.21894885238515713,0.39584854712244144
472,1174,8.973435816203644,30,100,0.3,0.21894885238515713,0.39584854712244144
472,1175,8.97511133228556,30,100,0.3,0.21894885238515713,0.39584854712244144
472,1176,8.976786848367473,30,100,0.3,0.21894885238515713,0.39584854712244144
472,1177,8.978462364449388,30,100,0.3,0.21894885238515713,0.39584854712244144
472,1178,8.980137880531302,31,100,0.31,0.2277969715485257,0.4062605579836929
472,1179,8.981813396613218,77,200,0.385,0.3203330967849892,0.4540013283488722
472,1183,8.988515460940874,9,25,0.36,0.20247880678156654,0.5548150239913429
472,1186,8.99354200918662,9,25,0.36,0.20247880678156654,0.5548150239913429
472,1187,8.995217525268533,81,200,0.405,0.3393777123306897,0.4742028997364132
472,1219,9.0488340398898,82,200,0.41,0.3441567485880499,0.4792354102123633
472,1227,9.062238168545116,81,200,0.405,0.3393777123306897,0.4742028997364132
472,1235,9.075642297200432,91,200,0.455,0.3874821925827813,0.5242138868174252
473,545,7.934380225967601,13,25,0.52,0.3349851682200921,0.6996871416694923
473,884,8.502380177736635,6,25,0.24,0.1149631362645245,0.4342968351708788
473,1053,8.785542395580196,10,25,0.4,0.23403302272702053,0.5926054278250577
473,1138,8.927961262542933,13,25,0.52,0.3349851682200921,0.6996871416694923
473,1159,8.96314710026314,6,25,0.24,0.1149631362645245,0.4342968351708788
473,1162,8.968173648508882,31,100,0.31,0.2277969715485257,0.4062605579836929
473,1163,8.969849164590796,31,100,0.31,0.2277969715485257,0.4062605579836929
473,1164,8.971524680672712,31,100,0.31,0.2277969715485257,0.4062605579836929
473,1165,8.973200196754625,31,100,0.31,0.2277969715485257,0.4062605579836929
473,1166,8.97487571283654,31,100,0.31,0.2277969715485257,0.4062605579836929
473,1167,8.976551228918455,31,100,0.31,0.2277969715485257,0.4062605579836929
473,1168,8.97822674500037,31,100,0.31,0.2277969715485257,0.4062605579836929
473,1169,8.979902261082284,32,100,0.32,0.23669147266401064,0.4166261868928281
473,1170,8.9815777771642,77,200,0.385,0.3203330967849892,0.4540013283488722
473,1175,8.989955357573772,9,25,0.36,0.20247880678156654,0.5548150239913429
473,1177,8.9933063897376,9,25,0.36,0.20247880678156654,0.5548150239913429
473,1178,8.994981905819515,82,200,0.41,0.3441567485880499,0.4792354102123633
473,1210,9.048598420440781,83,200,0.415,0.34894285399844827,0.4842608515352753
473,1218,9.062002549096096,82,200,0.41,0.3441567485880499,0.4792354102123633
473,1226,9.075406677751413,91,200,0.455,0.3874821925827813,0.5242138868174252
474,537,7.9358201226004965,13,25,0.52,0.3349851682200921,0.6996871416694923
474,875,8.502144558287617,6,25,0.24,0.1149631362645245,0.4342968351708788
474,1044,8.785306776131176,10,25,0.4,0.23403302272702053,0.5926054278250577
474,1129,8.927725643093913,13,25,0.52,0.3349851682200921,0.6996871416694923
474,1150,8.96291148081412,6,25,0.24,0.1149631362645245,0.4342968351708788
474,1153,8.967938029059862,31,100,0.31,0.2277969715485257,0.4062605579836929
474,1154,8.969613545141778,31,100,0.31,0.2277969715485257,0.4062605579836929
474,1155,8.971289061223692,31,100,0.31,0.2277969715485257,0.4062605579836929
474,1156,8.972964577305607,31,100,0.31,0.2277969715485257,0.4062605579836929
474,1157,8.97464009338752,31,100,0.31,0.2277969715485257,0.4062605579836929
474,1158,8.976315609469436,31,100,0.31,0.2277969715485257,0.4062605579836929
474,1159,8.97799112555135,31,100,0.31,0.2277969715485257,0.4062605579836929
474,1160,8.979666641633266,32,100,0.32,0.23669147266401064,0.4166261868928281
474,1161,8.98134215771518,79,200,0.395,0.3298410096426624,0.4641165089578198
474,1166,8.989719738124752,9,25,0.36,0.20247880678156654,0.5548150239913429
474,1168,8.99307077028858,9,25,0.36,0.20247880678156654,0.5548150239913429
474,1169,8.994746286370496,86,200,0.43,0.36334322282848375,0.4992951229051709
474,1201,9.048362800991761,83,200,0.415,0.34894285399844827,0.4842608515352753
474,1209,9.061766929647078,85,200,0.425,0.3585361249314706,0.4942906740688738
474,1217,9.075171058302395,91,200,0.455,0.3874821925827813,0.5242138868174252
475,528,7.9355845031514765,13,25,0.52,0.3349851682200921,0.6996871416694923
475,866,8.501908938838596,6,25,0.24,0.1149631362645245,0.4342968351708788
475,1035,8.785071156682157,10,25,0.4,0.23403302272702053,0.5926054278250577
475,1120,8.927490023644895,13,25,0.52,0.3349851682200921,0.6996871416694923
475,1141,8.9626758613651,6,25,0.24,0.1149631362645245,0.4342968351708788
475,1144,8.967702409610844,31,100,0.31,0.2277969715485257,0.4062605579836929
475,1145,8.969377925692758,31,100,0.31,0.2277969715485257,0.4062605579836929
475,1146,8.971053441774673,31,100,0.31,0.2277969715485257,0.4062605579836929
475,1147,8.972728957856587,31,100,0.31,0.2277969715485257,0.4062605579836929
475,1148,8.974404473938502,31,100,0.31,0.2277969715485257,0.4062605579836929
475,1149,8.976079990020416,31,100,0.31,0.2277969715485257,0.4062605579836929
475,1150,8.97775550610233,31,100,0.31,0.2277969715485257,0.4062605579836929
475,1151,8.979431022184245,41,100,0.41,0.31867312954204063,0.5079857002363788
475,1152,8.98110653826616,80,200,0.4,0.3346057851761492,0.46916328015764336
475,1157,8.989484118675733,9,25,0.36,0.20247880678156654,0.5548150239913429
475,1159,8.99283515083956,9,25,0.36,0.20247880678156654,0.5548150239913429
475,1160,8.994510666921476,86,200,0.43,0.36334322282848375,0.4992951229051709
475,1192,9.048127181542743,83,200,0.415,0.34894285399844827,0.4842608515352753
475,1200,9.061531310198058,86,200,0.43,0.36334322282848375,0.4992951229051709
475,1208,9.074935438853375,91,200,0.455,0.3874821925827813,0.5242138868174252
476,519,7.935348883702457,13,25,0.52,0.3349851682200921,0.6996871416694923
476,857,8.501673319389578,6,25,0.24,0.1149631362645245,0.4342968351708788
476,1026,8.784835537233137,10,25,0.4,0.23403302272702053,0.5926054278250577
476,1111,8.927254404195875,13,25,0.52,0.3349851682200921,0.6996871416694923
476,1132,8.962440241916081,6,25,0.24,0.1149631362645245,0.4342968351708788
476,1135,8.967466790161824,32,100,0.32,0.23669147266401064,0.4166261868928281
476,1136,8.96914230624374,32,100,0.32,0.23669147266401064,0.4166261868928281
476,1137,8.970817822325653,32,100,0.32,0.23669147266401064,0.4166261868928281
476,1138,8.972493338407567,32,100,0.32,0.23669147266401064,0.4166261868928281
476,1139,8.974168854489482,32,100,0.32,0.23669147266401064,0.4166261868928281
476,1140,8.975844370571396,32,100,0.32,0.23669147266401064,0.4166261868928281
476,1141,8.977519886653312,32,100,0.32,0.23669147266401064,0.4166261868928281
476,1142,8.979195402735225,42,100,0.42,0.3279838260663658,0.5179351337366738
476,1143,8.980870918817141,80,200,0.4,0.3346057851761492,0.46916328015764336
476,1148,8.989248499226713,9,25,0.36,0.20247880678156654,0.5548150239913429
476,1151,8.994275047472456,86,200,0.43,0.36334322282848375,0.4992951229051709
476,1183,9.047891562093723,84,200,0.42,0.3537359911147436,0.48927926115229037
476,1191,9.06129569074904,86,200,0.43,0.36334322282848375,0.4992951229051709
476,1199,9.074699819404355,91,200,0.455,0.3874821925827813,0.5242138868174252
477,510,7.935113264253438,13,25,0.52,0.3349851682200921,0.6996871416694923
477,848,8.501437699940558,5,25,0.2,0.08860584630746873,0.3913095053487659
477,1017,8.784599917784117,10,25,0.4,0.23403302272702053,0.5926054278250577
477,1102,8.927018784746855,13,25,0.52,0.3349851682200921,0.6996871416694923
477,1123,8.96220462246706,6,25,0.24,0.1149631362645245,0.4342968351708788
477,1126,8.967231170712804,32,100,0.32,0.23669147266401064,0.4166261868928281
477,1127,8.96890668679472,32,100,0.32,0.23669147266401064,0.4166261868928281
477,1128,8.970582202876633,32,100,0.32,0.23669147266401064,0.4166261868928281
477,1129,8.972257718958549,32,100,0.32,0.23669147266401064,0.4166261868928281
477,1130,8.973933235040462,32,100,0.32,0.23669147266401064,0.4166261868928281
477,1131,8.975608751122378,32,100,0.32,0.23669147266401064,0.4166261868928281
477,1132,8.977284267204292,32,100,0.32,0.23669147266401064,0.4166261868928281
477,1133,8.978959783286207,42,100,0.42,0.3279838260663658,0.5179351337366738
477,1134,8.98063529936812,82,200,0.41,0.3441567485880499,0.4792354102123633
477,1139,8.989012879777693,10,25,0.4,0.23403302272702053,0.5926054278250577
477,1142,8.994039428023438,90,200,0.45,0.38264068350836655,0.5192438491585296
477,1174,9.047655942644703,84,200,0.42,0.3537359911147436,0.48927926115229037
477,1182,9.06106007130002,86,200,0.43,0.36334322282848375,0.4992951229051709
477,1190,9.074464199955337,91,200,0.455,0.3874821925827813,0.5242138868174252
478,501,7.93487764480442,13,25,0.52,0.3349851682200921,0.6996871416694923
478,839,8.50120208049154,5,25,0.2,0.08860584630746873,0.3913095053487659
478,1009,8.786039814417014,10,25,0.4,0.23403302272702053,0.5926054278250577
478,1093,8.926783165297836,13,25,0.52,0.3349851682200921,0.6996871416694923
478,1114,8.961969003018043,6,25,0.24,0.1149631362645245,0.4342968351708788
478,1118,8.968671067345701,33,100,0.33,0.24563122674486615,0.42694656283659266
478,1119,8.970346583427615,33,100,0.33,0.24563122674486615,0.42694656283659266
478,1120,8.97202209950953,33,100,0.33,0.24563122674486615,0.42694656283659266
478,1121,8.973697615591444,33,100,0.33,0.24563122674486615,0.42694656283659266
478,1122,8.97537313167336,33,100,0.33,0.24563122674486615,0.42694656283659266
478,1123,8.977048647755273,33,100,0.33,0.24563122674486615,0.42694656283659266
478,1124,8.978724163837189,33,100,0.33,0.24563122674486615,0.42694656283659266
478,1125,8.980399679919103,35,100,0.35,0.26364248181460326,0.4474555678160957
478,1126,8.982075196001016,81,200,0.405,0.3393777123306897,0.4742028997364132
478,1130,8.988777260328675,10,25,0.4,0.23403302272702053,0.5926054278250577
478,1133,8.99380380857442,10,25,0.4,0.23403302272702053,0.5926054278250577
478,1134,8.995479324656333,86,200,0.43,0.36334322282848375,0.4992951229051709
478,1166,9.0490958392776,84,200,0.42,0.3537359911147436,0.48927926115229037
478,1174,9.062499967932915,86,200,0.43,0.36334322282848375,0.4992951229051709
478,1182,9.075904096588232,92,200,0.46,0.39233051748177505,0.529177108651742
479,492,7.9346420253554,13,25,0.52,0.3349851682200921,0.6996871416694923
479,831,8.502641977124435,5,25,0.2,0.08860584630746873,0.3913095053487659
479,1000,8.785804194967994,10,25,0.4,0.23403302272702053,0.5926054278250577
479,1084,8.926547545848818,13,25,0.52,0.3349851682200921,0.6996871416694923
479,1106,8.963408899650938,7,25,0.28,0.14283853773683666,0.4757660534777354
479,1109,8.968435447896681,33,100,0.33,0.24563122674486615,0.42694656283659266
479,1110,8.970110963978597,33,100,0.33,0.24563122674486615,0.42694656283659266
479,1111,8.97178648006051,33,100,0.33,0.24563122674486615,0.42694656283659266
479,1112,8.973461996142426,33,100,0.33,0.24563122674486615,0.42694656283659266
479,1113,8.97513751222434,33,100,0.33,0.24563122674486615,0.42694656283659266
479,1114,8.976813028306253,33,100,0.33,0.24563122674486615,0.42694656283659266
479,1115,8.978488544388169,33,100,0.33,0.24563122674486615,0.42694656283659266
479,1116,8.980164060470083,34,100,0.34,0.2546152073669388,0.4372227122391401
479,1117,8.981839576551998,82,200,0.41,0.3441567485880499,0.4792354102123633
479,1121,8.988541640879657,9,25,0.36,0.20247880678156654,0.5548150239913429
479,1124,8.9935681891254,10,25,0.4,0.23403302272702053,0.5926054278250577
479,1125,8.995243705207315,87,200,0.435,0.36815725451898934,0.5042926379479759
479,1157,9.04886021982858,84,200,0.42,0.3537359911147436,0.48927926115229037
479,1165,9.062264348483897,86,200,0.43,0.36334322282848375,0.4992951229051709
479,1173,9.075668477139214,92,200,0.46,0.39233051748177505,0.529177108651742
480,483,7.934406405906381,13,25,0.52,0.3349851682200921,0.6996871416694923
480,822,8.502406357675415,5,25,0.2,0.08860584630746873,0.3913095053487659
480,991,8.785568575518976,10,25,0.4,0.23403302272702053,0.5926054278250577
480,1075,8.926311926399798,13,25,0.52,0.3349851682200921,0.6996871416694923
480,1097,8.963173280201918,7,25,0.28,0.14283853773683666,0.4757660534777354
480,1100,8.968199828447663,34,100,0.34,0.2546152073669388,0.4372227122391401
480,1101,8.969875344529576,34,100,0.34,0.2546152073669388,0.4372227122391401
480,1102,8.97155086061149,34,100,0.34,0.2546152073669388,0.4372227122391401
480,1103,8.973226376693406,34,100,0.34,0.2546152073669388,0.4372227122391401
480,1104,8.97490189277532,34,100,0.34,0.2546152073669388,0.4372227122391401
480,1105,8.976577408857235,34,100,0.34,0.2546152073669388,0.4372227122391401
480,1106,8.978252924939149,34,100,0.34,0.2546152073669388,0.4372227122391401
480,1107,8.979928441021064,35,100,0.35,0.26364248181460326,0.4474555678160957
480,1108,8.981603957102978,83,200,0.415,0.34894285399844827,0.4842608515352753
480,1113,8.989981537512552,9,25,0.36,0.20247880678156654,0.5548150239913429
480,1115,8.99333256967638,9,25,0.36,0.20247880678156654,0.5548150239913429
480,1116,8.995008085758295,88,200,0.44,0.3729781920017676,0.5092832471985078
480,1148,9.048624600379561,84,200,0.42,0.3537359911147436,0.48927926115229037
480,1156,9.062028729034877,87,200,0.435,0.36815725451898934,0.5042926379479759
480,1164,9.075432857690194,92,200,0.46,0.39233051748177505,0.529177108651742
481,475,7.935846302539276,14,25,0.56,0.37067331734646203,0.7333436123222912
481,813,8.502170738226395,5,25,0.2,0.08860584630746873,0.3913095053487659
481,982,8.785332956069956,10,25,0.4,0.23403302272702053,0.5926054278250577
481,1067,8.927751823032693,13,25,0.52,0.3349851682200921,0.6996871416694923
481,1088,8.9629376607529,7,25,0.28,0.14283853773683666,0.4757660534777354
481,1091,8.967964208998643,34,100,0.34,0.2546152073669388,0.4372227122391401
481,1092,8.969639725080556,34,100,0.34,0.2546152073669388,0.4372227122391401
481,1093,8.971315241162472,34,100,0.34,0.2546152073669388,0.4372227122391401
481,1094,8.972990757244386,34,100,0.34,0.2546152073669388,0.4372227122391401
481,1095,8.974666273326301,34,100,0.34,0.2546152073669388,0.4372227122391401
481,1096,8.976341789408215,34,100,0.34,0.2546152073669388,0.4372227122391401
481,1097,8.97801730549013,34,100,0.34,0.2546152073669388,0.4372227122391401
481,1098,8.979692821572044,35,100,0.35,0.26364248181460326,0.4474555678160957
481,1099,8.981368337653958,83,200,0.415,0.34894285399844827,0.4842608515352753
481,1104,8.989745918063532,9,25,0.36,0.20247880678156654,0.5548150239913429
481,1106,8.993096950227361,9,25,0.36,0.20247880678156654,0.5548150239913429
481,1107,8.994772466309275,88,200,0.44,0.3729781920017676,0.5092832471985078
481,1139,9.048388980930541,84,200,0.42,0.3537359911147436,0.48927926115229037
481,1147,9.061793109585857,87,200,0.435,0.36815725451898934,0.5042926379479759
481,1155,9.075197238241174,93,200,0.465,0.3971856410502652,0.5341335318165621
482,466,7.935610683090256,14,25,0.56,0.37067331734646203,0.7333436123222912
482,804,8.501935118777377,5,25,0.2,0.08860584630746873,0.3913095053487659
482,973,8.785097336620936,10,25,0.4,0.23403302272702053,0.5926054278250577
482,1058,8.927516203583673,13,25,0.52,0.3349851682200921,0.6996871416694923
482,1079,8.96270204130388,7,25,0.28,0.14283853773683666,0.4757660534777354
482,1082,8.967728589549623,34,100,0.34,0.2546152073669388,0.4372227122391401
482,1083,8.969404105631538,34,100,0.34,0.2546152073669388,0.4372227122391401
482,1084,8.971079621713452,34,100,0.34,0.2546152073669388,0.4372227122391401
482,1085,8.972755137795367,34,100,0.34,0.2546152073669388,0.4372227122391401
482,1086,8.974430653877281,34,100,0.34,0.2546152073669388,0.4372227122391401
482,1087,8.976106169959195,34,100,0.34,0.2546152073669388,0.4372227122391401
482,1088,8.97778168604111,34,100,0.34,0.2546152073669388,0.4372227122391401
482,1089,8.979457202123024,35,100,0.35,0.26364248181460326,0.4474555678160957
482,1090,8.98113271820494,83,200,0.415,0.34894285399844827,0.4842608515352753
482,1095,8.989510298614512,9,25,0.36,0.20247880678156654,0.5548150239913429
482,1097,8.992861330778341,9,25,0.36,0.20247880678156654,0.5548150239913429
482,1098,8.994536846860257,88,200,0.44,0.3729781920017676,0.5092832471985078
482,1130,9.048153361481521,84,200,0.42,0.3537359911147436,0.48927926115229037
482,1138,9.061557490136838,88,200,0.44,0.3729781920017676,0.5092832471985078
482,1146,9.074961618792155,93,200,0.465,0.3971856410502652,0.5341335318165621
483,457,7.935375063641238,14,25,0.56,0.37067331734646203,0.7333436123222912
483,795,8.501699499328359,5,25,0.2,0.08860584630746873,0.3913095053487659
483,964,8.784861717171918,10,25,0.4,0.23403302272702053,0.5926054278250577
483,1049,8.927280584134655,14,25,0.56,0.37067331734646203,0.7333436123222912
483,1070,8.962466421854861,7,25,0.28,0.14283853773683666,0.4757660534777354
483,1073,8.967492970100604,35,100,0.35,0.26364248181460326,0.4474555678160957
483,1074,8.969168486182518,35,100,0.35,0.26364248181460326,0.4474555678160957
483,1075,8.970844002264434,35,100,0.35,0.26364248181460326,0.4474555678160957
483,1076,8.972519518346349,35,100,0.35,0.26364248181460326,0.4474555678160957
483,1077,8.974195034428263,35,100,0.35,0.26364248181460326,0.4474555678160957
483,1078,8.975870550510177,35,100,0.35,0.26364248181460326,0.4474555678160957
483,1079,8.977546066592092,35,100,0.35,0.26364248181460326,0.4474555678160957
483,1080,8.979221582674006,46,100,0.46,0.36560808238430004,0.5573513975172198
483,1081,8.980897098755921,84,200,0.42,0.3537359911147436,0.48927926115229037
483,1086,8.989274679165494,9,25,0.36,0.20247880678156654,0.5548150239913429
483,1089,8.994301227411237,94,200,0.47,0.4020475482110944,0.5390831713890433
483,1121,9.047917742032503,84,200,0.42,0.3537359911147436,0.48927926115229037
483,1129,9.06132187068782,88,200,0.44,0.3729781920017676,0.5092832471985078
483,1137,9.074725999343137,93,200,0.465,0.3971856410502652,0.5341335318165621
484,448,7.9351394441922185,14,25,0.56,0.37067331734646203,0.7333436123222912
484,786,8.501463879879338,5,25,0.2,0.08860584630746873,0.3913095053487659
484,955,8.7846260977229,10,25,0.4,0.23403302272702053,0.5926054278250577
484,1040,8.927044964685635,15,25,0.6,0.4073945721749423,0.7659669772729795
484,1061,8.962230802405841,7,25,0.28,0.14283853773683666,0.4757660534777354
484,1064,8.967257350651586,35,100,0.35,0.26364248181460326,0.4474555678160957
484,1065,8.9689328667335,35,100,0.35,0.26364248181460326,0.4474555678160957
484,1066,8.970608382815414,35,100,0.35,0.26364248181460326,0.4474555678160957
484,1067,8.972283898897329,35,100,0.35,0.26364248181460326,0.4474555678160957
484,1068,8.973959414979243,35,100,0.35,0.26364248181460326,0.4474555678160957
484,1069,8.975634931061158,35,100,0.35,0.26364248181460326,0.4474555678160957
484,1070,8.977310447143072,35,100,0.35,0.26364248181460326,0.4474555678160957
484,1071,8.978985963224988,46,100,0.46,0.36560808238430004,0.5573513975172198
484,1072,8.980661479306901,85,200,0.425,0.3585361249314706,0.4942906740688738
484,1077,8.989039059716474,9,25,0.36,0.20247880678156654,0.5548150239913429
484,1080,8.994065607962218,94,200,0.47,0.4020475482110944,0.5390831713890433
484,1112,9.047682122583485,85,200,0.425,0.3585361249314706,0.4942906740688738
484,1120,9.0610862512388,88,200,0.44,0.3729781920017676,0.5092832471985078
484,1128,9.074490379894117,93,200,0.465,0.3971856410502652,0.5341335318165621
485,439,7.934903824743199,14,25,0.56,0.37067331734646203,0.7333436123222912
485,777,8.501228260430318,5,25,0.2,0.08860584630746873,0.3913095053487659
485,947,8.786065994355793,10,25,0.4,0.23403302272702053,0.5926054278250577
485,1031,8.926809345236617,15,25,0.6,0.4073945721749423,0.7659669772729795
485,1052,8.961995182956823,7,25,0.28,0.14283853773683666,0.4757660534777354
485,1056,8.96869724728448,35,100,0.35,0.26364248181460326,0.4474555678160957
485,1057,8.970372763366395,35,100,0.35,0.26364248181460326,0.4474555678160957
485,1058,8.972048279448309,35,100,0.35,0.26364248181460326,0.4474555678160957
485,1059,8.973723795530224,35,100,0.35,0.26364248181460326,0.4474555678160957
485,1060,8.975399311612138,35,100,0.35,0.26364248181460326,0.4474555678160957
485,1061,8.977074827694054,35,100,0.35,0.26364248181460326,0.4474555678160957
485,1062,8.978750343775967,35,100,0.35,0.26364248181460326,0.4474555678160957
485,1063,8.980425859857881,37,100,0.37,0.2818236047080924,0.46779470497184666
485,1064,8.982101375939797,85,200,0.425,0.3585361249314706,0.4942906740688738
485,1068,8.988803440267455,10,25,0.4,0.23403302272702053,0.5926054278250577
485,1071,8.993829988513198,10,25,0.4,0.23403302272702053,0.5926054278250577
485,1072,8.995505504595114,92,200,0.46,0.39233051748177505,0.529177108651742
485,1104,9.049122019216378,86,200,0.43,0.36334322282848375,0.4992951229051709
485,1112,9.062526147871695,89,200,0.445,0.377806009517404,0.5142669764161818
485,1120,9.075930276527012,94,200,0.47,0.4020475482110944,0.5390831713890433
486,430,7.934668205294179,15,25,0.6,0.4073945721749423,0.7659669772729795
486,769,8.502668157063214,7,25,0.28,0.14283853773683666,0.4757660534777354
486,938,8.785830374906775,10,25,0.4,0.23403302272702053,0.5926054278250577
486,1022,8.926573725787597,16,25,0.64,0.44518497600865714,0.7975211932184334
486,1043,8.961759563507803,7,25,0.28,0.14283853773683666,0.4757660534777354
486,1047,8.968461627835461,36,100,0.36,0.2727122033881362,0.45764597626718284
486,1048,8.970137143917375,36,100,0.36,0.2727122033881362,0.45764597626718284
486,1049,8.97181265999929,36,100,0.36,0.2727122033881362,0.45764597626718284
486,1050,8.973488176081204,36,100,0.36,0.2727122033881362,0.45764597626718284
486,1051,8.975163692163118,36,100,0.36,0.2727122033881362,0.45764597626718284
486,1052,8.976839208245034,36,100,0.36,0.2727122033881362,0.45764597626718284
486,1053,8.978514724326947,36,100,0.36,0.2727122033881362,0.45764597626718284
486,1054,8.980190240408863,38,100,0.38,0.29097599188067363,0.4779024478238856
486,1055,8.981865756490777,85,200,0.425,0.3585361249314706,0.4942906740688738
486,1059,8.988567820818435,10,25,0.4,0.23403302272702053,0.5926054278250577
486,1062,8.99359436906418,10,25,0.4,0.23403302272702053,0.5926054278250577
486,1063,8.995269885146094,92,200,0.46,0.39233051748177505,0.529177108651742
486,1095,9.04888639976736,87,200,0.435,0.36815725451898934,0.5042926379479759
486,1103,9.062290528422675,89,200,0.445,0.377806009517404,0.5142669764161818
486,1111,9.075694657077992,96,200,0.48,0.4117916632582544,0.548962149808504
487,421,7.93443258584516,8,25,0.32,0.172051902198581,0.5158973087951598
487,760,8.502432537614194,7,25,0.28,0.14283853773683666,0.4757660534777354
487,929,8.785594755457755,10,25,0.4,0.23403302272702053,0.5926054278250577
487,1013,8.926338106338578,16,25,0.64,0.44518497600865714,0.7975211932184334
487,1035,8.963199460140698,7,25,0.28,0.14283853773683666,0.4757660534777354
487,1038,8.968226008386441,36,100,0.36,0.2727122033881362,0.45764597626718284
487,1039,8.969901524468355,36,100,0.36,0.2727122033881362,0.45764597626718284
487,1040,8.97157704055027,36,100,0.36,0.2727122033881362,0.45764597626718284
487,1041,8.973252556632184,36,100,0.36,0.2727122033881362,0.45764597626718284
487,1042,8.9749280727141,36,100,0.36,0.2727122033881362,0.45764597626718284
487,1043,8.976603588796014,36,100,0.36,0.2727122033881362,0.45764597626718284
487,1044,8.97827910487793,36,100,0.36,0.2727122033881362,0.45764597626718284
487,1045,8.979954620959843,38,100,0.38,0.29097599188067363,0.4779024478238856
487,1046,8.981630137041758,85,200,0.425,0.3585361249314706,0.4942906740688738
487,1050,8.988332201369417,10,25,0.4,0.23403302272702053,0.5926054278250577
487,1053,8.99335874961516,10,25,0.4,0.23403302272702053,0.5926054278250577
487,1054,8.995034265697074,93,200,0.465,0.3971856410502652,0.5341335318165621
487,1086,9.04865078031834,88,200,0.44,0.3729781920017676,0.5092832471985078
487,1094,9.062054908973657,90,200,0.45,0.38264068350836655,0.5192438491585296
487,1102,9.075459037628972,97,200,0.485,0.41667385119216255,0.5538915086079063
488,413,7.935872482478056,8,25,0.32,0.172051902198581,0.5158973087951598
488,751,8.502196918165176,7,25,0.28,0.14283853773683666,0.4757660534777354
488,920,8.785359136008736,10,25,0.4,0.23403302272702053,0.5926054278250577
488,1005,8.927778002971474,16,25,0.64,0.44518497600865714,0.7975211932184334
488,1026,8.962963840691678,7,25,0.28,0.14283853773683666,0.4757660534777354
488,1029,8.967990388937423,36,100,0.36,0.2727122033881362,0.45764597626718284
488,1030,8.969665905019337,36,100,0.36,0.2727122033881362,0.45764597626718284
488,1031,8.971341421101252,36,100,0.36,0.2727122033881362,0.45764597626718284
488,1032,8.973016937183166,36,100,0.36,0.2727122033881362,0.45764597626718284
488,1033,8.974692453265082,36,100,0.36,0.2727122033881362,0.45764597626718284
488,1034,8.976367969346995,36,100,0.36,0.2727122033881362,0.45764597626718284
488,1035,8.97804348542891,36,100,0.36,0.2727122033881362,0.45764597626718284
488,1036,8.979719001510825,38,100,0.38,0.29097599188067363,0.4779024478238856
488,1037,8.98139451759274,86,200,0.43,0.36334322282848375,0.4992951229051709
488,1042,8.989772098002312,10,25,0.4,0.23403302272702053,0.5926054278250577
488,1044,8.993123130166142,10,25,0.4,0.23403302272702053,0.5926054278250577
488,1045,8.994798646248055,93,200,0.465,0.3971856410502652,0.5341335318165621
488,1077,9.048415160869322,89,200,0.445,0.377806009517404,0.5142669764161818
488,1085,9.061819289524639,91,200,0.455,0.3874821925827813,0.5242138868174252
488,1093,9.075223418179954,97,200,0.485,0.41667385119216255,0.5538915086079063
489,404,7.935636863029037,8,25,0.32,0.172051902198581,0.5158973087951598
489,742,8.501961298716157,7,25,0.28,0.14283853773683666,0.4757660534777354
489,911,8.785123516559716,10,25,0.4,0.23403302272702053,0.5926054278250577
489,996,8.927542383522454,16,25,0.64,0.44518497600865714,0.7975211932184334
489,1017,8.96272822124266,7,25,0.28,0.14283853773683666,0.4757660534777354
489,1020,8.967754769488403,36,100,0.36,0.2727122033881362,0.45764597626718284
489,1021,8.969430285570319,36,100,0.36,0.2727122033881362,0.45764597626718284
489,1022,8.971105801652232,36,100,0.36,0.2727122033881362,0.45764597626718284
489,1023,8.972781317734148,36,100,0.36,0.2727122033881362,0.45764597626718284
489,1024,8.974456833816062,36,100,0.36,0.2727122033881362,0.45764597626718284
489,1025,8.976132349897977,36,100,0.36,0.2727122033881362,0.45764597626718284
489,1026,8.97780786597989,36,100,0.36,0.2727122033881362,0.45764597626718284
489,1027,8.979483382061805,38,100,0.38,0.29097599188067363,0.4779024478238856
489,1028,8.98115889814372,89,200,0.445,0.377806009517404,0.5142669764161818
489,1033,8.989536478553292,10,25,0.4,0.23403302272702053,0.5926054278250577
489,1035,8.992887510717122,10,25,0.4,0.23403302272702053,0.5926054278250577
489,1036,8.994563026799037,94,200,0.47,0.4020475482110944,0.5390831713890433
489,1068,9.048179541420302,89,200,0.445,0.377806009517404,0.5142669764161818
489,1076,9.061583670075619,92,200,0.46,0.39233051748177505,0.529177108651742
489,1084,9.074987798730936,97,200,0.485,0.41667385119216255,0.5538915086079063
490,395,7.935401243580017,8,25,0.32,0.172051902198581,0.5158973087951598
490,733,8.501725679267137,7,25,0.28,0.14283853773683666,0.4757660534777354
490,902,8.784887897110698,11,25,0.44,0.26665638767770883,0.629326682653538
490,987,8.927306764073435,16,25,0.64,0.44518497600865714,0.7975211932184334
490,1008,8.96249260179364,7,25,0.28,0.14283853773683666,0.4757660534777354
490,1011,8.967519150039385,38,100,0.38,0.29097599188067363,0.4779024478238856
490,1012,8.969194666121298,38,100,0.38,0.29097599188067363,0.4779024478238856
490,1013,8.970870182203214,38,100,0.38,0.29097599188067363,0.4779024478238856
490,1014,8.972545698285128,38,100,0.38,0.29097599188067363,0.4779024478238856
490,1015,8.974221214367041,38,100,0.38,0.29097599188067363,0.4779024478238856
490,1016,8.975896730448957,38,100,0.38,0.29097599188067363,0.4779024478238856
490,1017,8.97757224653087,38,100,0.38,0.29097599188067363,0.4779024478238856
490,1018,8.979247762612786,50,100,0.5,0.40383152963549296,0.596168470364507
490,1019,8.9809232786947,88,200,0.44,0.3729781920017676,0.5092832471985078
490,1024,8.989300859104274,10,25,0.4,0.23403302272702053,0.5926054278250577
490,1027,8.994327407350017,97,200,0.485,0.41667385119216255,0.5538915086079063
490,1059,9.047943921971283,89,200,0.445,0.377806009517404,0.5142669764161818
490,1067,9.061348050626599,92,200,0.46,0.39233051748177505,0.529177108651742
490,1075,9.074752179281916,99,200,0.495,0.4264584530693174,0.5637300001973722
491,386,7.935165624130998,9,25,0.36,0.20247880678156654,0.5548150239913429
491,724,8.501490059818117,7,25,0.28,0.14283853773683666,0.4757660534777354
491,893,8.784652277661678,11,25,0.44,0.26665638767770883,0.629326682653538
491,978,8.927071144624415,16,25,0.64,0.44518497600865714,0.7975211932184334
491,999,8.962256982344622,7,25,0.28,0.14283853773683666,0.4757660534777354
491,1002,8.967283530590365,38,100,0.38,0.29097599188067363,0.4779024478238856
491,1003,8.968959046672278,38,100,0.38,0.29097599188067363,0.4779024478238856
491,1004,8.970634562754194,38,100,0.38,0.29097599188067363,0.4779024478238856
491,1005,8.972310078836108,38,100,0.38,0.29097599188067363,0.4779024478238856
491,1006,8.973985594918023,38,100,0.38,0.29097599188067363,0.4779024478238856
491,1007,8.975661110999937,38,100,0.38,0.29097599188067363,0.4779024478238856
491,1008,8.977336627081852,38,100,0.38,0.29097599188067363,0.4779024478238856
491,1009,8.979012143163766,50,100,0.5,0.40383152963549296,0.596168470364507
491,1010,8.980687659245682,90,200,0.45,0.38264068350836655,0.5192438491585296
491,1015,8.989065239655254,11,25,0.44,0.26665638767770883,0.629326682653538
491,1018,8.994091787900997,99,200,0.495,0.4264584530693174,0.5637300001973722
491,1050,9.047708302522263,89,200,0.445,0.377806009517404,0.5142669764161818
491,1058,9.06111243117758,93,200,0.465,0.3971856410502652,0.5341335318165621
491,1066,9.074516559832896,100,200,0.5,0.43136085907267824,0.5686391409273218
492,377,7.934930004681979,9,25,0.36,0.20247880678156654,0.5548150239913429
492,715,8.501254440369099,7,25,0.28,0.14283853773683666,0.4757660534777354
492,885,8.786092174294573,11,25,0.44,0.26665638767770883,0.629326682653538
492,969,8.926835525175395,16,25,0.64,0.44518497600865714,0.7975211932184334
492,990,8.962021362895602,7,25,0.28,0.14283853773683666,0.4757660534777354
492,993,8.967047911141345,38,100,0.38,0.29097599188067363,0.4779024478238856
492,994,8.96872342722326,38,100,0.38,0.29097599188067363,0.4779024478238856
492,995,8.970398943305174,38,100,0.38,0.29097599188067363,0.4779024478238856
492,996,8.97207445938709,38,100,0.38,0.29097599188067363,0.4779024478238856
492,997,8.973749975469003,38,100,0.38,0.29097599188067363,0.4779024478238856
492,998,8.975425491550919,38,100,0.38,0.29097599188067363,0.4779024478238856
492,999,8.977101007632832,38,100,0.38,0.29097599188067363,0.4779024478238856
492,1000,8.978776523714748,51,100,0.51,0.41348011860427875,0.6057800114203413
492,1001,8.980452039796662,91,200,0.455,0.3874821925827813,0.5242138868174252
492,1006,8.988829620206234,11,25,0.44,0.26665638767770883,0.629326682653538
492,1009,8.993856168451979,99,200,0.495,0.4264584530693174,0.5637300001973722
492,1041,9.047472683073243,90,200,0.45,0.38264068350836655,0.5192438491585296
492,1049,9.06087681172856,94,200,0.47,0.4020475482110944,0.5390831713890433
492,1057,9.074280940383877,100,200,0.5,0.43136085907267824,0.5686391409273218
493,368,7.934694385232959,9,25,0.36,0.20247880678156654,0.5548150239913429
493,707,8.502694337001994,8,25,0.32,0.172051902198581,0.5158973087951598
493,876,8.785856554845553,11,25,0.44,0.26665638767770883,0.629326682653538
493,960,8.926599905726377,16,25,0.64,0.44518497600865714,0.7975211932184334
493,981,8.961785743446582,7,25,0.28,0.14283853773683666,0.4757660534777354
493,985,8.96848780777424,38,100,0.38,0.29097599188067363,0.4779024478238856
493,986,8.970163323856156,38,100,0.38,0.29097599188067363,0.4779024478238856
493,987,8.97183883993807,38,100,0.38,0.29097599188067363,0.4779024478238856
493,988,8.973514356019985,38,100,0.38,0.29097599188067363,0.4779024478238856
493,989,8.975189872101899,38,100,0.38,0.29097599188067363,0.4779024478238856
493,990,8.976865388183814,38,100,0.38,0.29097599188067363,0.4779024478238856
493,991,8.978540904265728,38,100,0.38,0.29097599188067363,0.4779024478238856
493,992,8.980216420347642,41,100,0.41,0.31867312954204063,0.5079857002363788
493,993,8.981891936429557,92,200,0.46,0.39233051748177505,0.529177108651742
493,997,8.988594000757216,11,25,0.44,0.26665638767770883,0.629326682653538
493,1000,8.993620549002959,11,25,0.44,0.26665638767770883,0.629326682653538
493,1001,8.995296065084874,94,200,0.47,0.4020475482110944,0.5390831713890433
493,1033,9.048912579706139,91,200,0.455,0.3874821925827813,0.5242138868174252
493,1041,9.062316708361456,96,200,0.48,0.4117916632582544,0.548962149808504
493,1049,9.075720837016773,102,200,0.51,0.44118587625055616,0.5784372172160646
494,359,7.9344587657839405,9,25,0.36,0.20247880678156654,0.5548150239913429
494,698,8.502458717552976,8,25,0.32,0.172051902198581,0.5158973087951598
494,867,8.785620935396535,11,25,0.44,0.26665638767770883,0.629326682653538
494,951,8.926364286277359,16,25,0.64,0.44518497600865714,0.7975211932184334
494,973,8.963225640079479,7,25,0.28,0.14283853773683666,0.4757660534777354
494,976,8.968252188325222,38,100,0.38,0.29097599188067363,0.4779024478238856
494,977,8.969927704407137,38,100,0.38,0.29097599188067363,0.4779024478238856
494,978,8.971603220489051,38,100,0.38,0.29097599188067363,0.4779024478238856
494,979,8.973278736570965,38,100,0.38,0.29097599188067363,0.4779024478238856
494,980,8.97495425265288,38,100,0.38,0.29097599188067363,0.4779024478238856
494,981,8.976629768734794,38,100,0.38,0.29097599188067363,0.4779024478238856
494,982,8.97830528481671,38,100,0.38,0.29097599188067363,0.4779024478238856
494,983,8.979980800898623,41,100,0.41,0.31867312954204063,0.5079857002363788
494,984,8.981656316980539,92,200,0.46,0.39233051748177505,0.529177108651742
494,988,8.988358381308197,11,25,0.44,0.26665638767770883,0.629326682653538
494,991,8.99338492955394,11,25,0.44,0.26665638767770883,0.629326682653538
494,992,8.995060445635854,95,200,0.475,0.40691622594241644,0.5440260403910315
494,1024,9.04867696025712,92,200,0.46,0.39233051748177505,0.529177108651742
494,1032,9.062081088912437,96,200,0.48,0.4117916632582544,0.548962149808504
494,1040,9.075485217567753,101,200,0.505,0.4362699998026278,0.5735415469306826
495,351,7.935898662416836,9,25,0.36,0.20247880678156654,0.5548150239913429
495,689,8.502223098103956,8,25,0.32,0.172051902198581,0.5158973087951598
495,858,8.785385315947515,11,25,0.44,0.26665638767770883,0.629326682653538
495,943,8.927804182910254,16,25,0.64,0.44518497600865714,0.7975211932184334
495,964,8.962990020630459,7,25,0.28,0.14283853773683666,0.4757660534777354
495,967,8.968016568876202,39,100,0.39,0.3001687394111505,0.48796983031802876
495,968,8.969692084958117,39,100,0.39,0.3001687394111505,0.48796983031802876
495,969,8.971367601040031,39,100,0.39,0.3001687394111505,0.48796983031802876
495,970,8.973043117121946,39,100,0.39,0.3001687394111505,0.48796983031802876
495,971,8.97471863320386,39,100,0.39,0.3001687394111505,0.48796983031802876
495,972,8.976394149285776,39,100,0.39,0.3001687394111505,0.48796983031802876
495,973,8.97806966536769,39,100,0.39,0.3001687394111505,0.48796983031802876
495,974,8.979745181449605,42,100,0.42,0.3279838260663658,0.5179351337366738
495,975,8.981420697531519,92,200,0.46,0.39233051748177505,0.529177108651742
495,980,8.989798277941091,11,25,0.44,0.26665638767770883,0.629326682653538
495,982,8.99314931010492,11,25,0.44,0.26665638767770883,0.629326682653538
495,983,8.994824826186836,96,200,0.48,0.4117916632582544,0.548962149808504
495,1015,9.0484413408081,92,200,0.46,0.39233051748177505,0.529177108651742
495,1023,9.061845469463417,96,200,0.48,0.4117916632582544,0.548962149808504
495,1031,9.075249598118734,104,200,0.52,0.45103785019149595,0.5882083367417457
496,342,7.935663042967817,9,25,0.36,0.20247880678156654,0.5548150239913429
496,680,8.501987478654936,8,25,0.32,0.172051902198581,0.5158973087951598
496,849,8.785149696498497,11,25,0.44,0.26665638767770883,0.629326682653538
496,934,8.927568563461234,16,25,0.64,0.44518497600865714,0.7975211932184334
496,955,8.962754401181439,7,25,0.28,0.14283853773683666,0.4757660534777354
496,958,8.967780949427183,39,100,0.39,0.3001687394111505,0.48796983031802876
496,959,8.969456465509097,39,100,0.39,0.3001687394111505,0.48796983031802876
496,960,8.971131981591013,39,100,0.39,0.3001687394111505,0.48796983031802876
496,961,8.972807497672926,39,100,0.39,0.3001687394111505,0.48796983031802876
496,962,8.974483013754842,39,100,0.39,0.3001687394111505,0.48796983031802876
496,963,8.976158529836756,39,100,0.39,0.3001687394111505,0.48796983031802876
496,964,8.977834045918671,39,100,0.39,0.3001687394111505,0.48796983031802876
496,965,8.979509562000585,42,100,0.42,0.3279838260663658,0.5179351337366738
496,966,8.9811850780825,92,200,0.46,0.39233051748177505,0.529177108651742
496,971,8.989562658492073,11,25,0.44,0.26665638767770883,0.629326682653538
496,973,8.992913690655902,11,25,0.44,0.26665638767770883,0.629326682653538
496,974,8.994589206737816,96,200,0.48,0.4117916632582544,0.548962149808504
496,1006,9.048205721359082,94,200,0.47,0.4020475482110944,0.5390831713890433
496,1014,9.0616098500144,97,200,0.485,0.41667385119216255,0.5538915086079063
496,1022,9.075013978669714,105,200,0.525,0.45597395960896836,0.5930837740575836
497,333,7.935427423518798,9,25,0.36,0.20247880678156654,0.5548150239913429
497,671,8.501751859205918,8,25,0.32,0.172051902198581,0.5158973087951598
497,840,8.784914077049477,11,25,0.44,0.26665638767770883,0.629326682653538
497,925,8.927332944012214,18,25,0.72,0.5242339465222646,0.8571614622631633
497,946,8.96251878173242,7,25,0.28,0.14283853773683666,0.4757660534777354
497,949,8.967545329978163,40,100,0.4,0.3094012857712627,0.4979974139825367
497,950,8.969220846060079,40,100,0.4,0.3094012857712627,0.4979974139825367
497,951,8.970896362141993,40,100,0.4,0.3094012857712627,0.4979974139825367
497,952,8.972571878223908,40,100,0.4,0.3094012857712627,0.4979974139825367
497,953,8.974247394305822,40,100,0.4,0.3094012857712627,0.4979974139825367
497,954,8.975922910387737,40,100,0.4,0.3094012857712627,0.4979974139825367
497,955,8.977598426469651,40,100,0.4,0.3094012857712627,0.4979974139825367
497,956,8.979273942551565,51,100,0.51,0.41348011860427875,0.6057800114203413
497,957,8.98094945863348,93,200,0.465,0.3971856410502652,0.5341335318165621
497,962,8.989327039043053,11,25,0.44,0.26665638767770883,0.629326682653538
497,965,8.994353587288797,101,200,0.505,0.4362699998026278,0.5735415469306826
497,997,9.047970101910062,95,200,0.475,0.40691622594241644,0.5440260403910315
497,1005,9.061374230565379,98,200,0.49,0.42156278278393533,0.5588141237494437
497,1013,9.074778359220696,105,200,0.525,0.45597395960896836,0.5930837740575836
498,324,7.9351918040697775,9,25,0.36,0.20247880678156654,0.5548150239913429
498,662,8.501516239756898,8,25,0.32,0.172051902198581,0.5158973087951598
498,831,8.784678457600458,11,25,0.44,0.26665638767770883,0.629326682653538
498,916,8.927097324563196,18,25,0.72,0.5242339465222646,0.8571614622631633
498,937,8.9622831622834,7,25,0.28,0.14283853773683666,0.4757660534777354
498,940,8.967309710529145,40,100,0.4,0.3094012857712627,0.4979974139825367
498,941,8.968985226611059,40,100,0.4,0.3094012857712627,0.4979974139825367
498,942,8.970660742692974,40,100,0.4,0.3094012857712627,0.4979974139825367
498,943,8.972336258774888,40,100,0.4,0.3094012857712627,0.4979974139825367
498,944,8.974011774856802,40,100,0.4,0.3094012857712627,0.4979974139825367
498,945,8.975687290938717,40,100,0.4,0.3094012857712627,0.4979974139825367
498,946,8.977362807020631,40,100,0.4,0.3094012857712627,0.4979974139825367
498,947,8.979038323102547,52,100,0.52,0.4231657769110165,0.6153544831382237
498,948,8.98071383918446,94,200,0.47,0.4020475482110944,0.5390831713890433
498,953,8.989091419594034,11,25,0.44,0.26665638767770883,0.629326682653538
498,956,8.994117967839777,102,200,0.51,0.44118587625055616,0.5784372172160646
498,988,9.047734482461044,95,200,0.475,0.40691622594241644,0.5440260403910315
498,996,9.061138611116359,98,200,0.49,0.42156278278393533,0.5588141237494437
498,1004,9.074542739771676,105,200,0.525,0.45597395960896836,0.5930837740575836
499,315,7.934956184620759,10,25,0.4,0.23403302272702053,0.5926054278250577
499,653,8.50128062030788,8,25,0.32,0.172051902198581,0.5158973087951598
499,823,8.786118354233354,12,25,0.48,0.30031285833050775,0.6650148317799078
499,907,8.926861705114177,18,25,0.72,0.5242339465222646,0.8571614622631633
499,928,8.962047542834382,7,25,0.28,0.14283853773683666,0.4757660534777354
499,931,8.967074091080125,40,100,0.4,0.3094012857712627,0.4979974139825367
499,932,8.96874960716204,40,100,0.4,0.3094012857712627,0.4979974139825367
499,933,8.970425123243954,40,100,0.4,0.3094012857712627,0.4979974139825367
499,934,8.97210063932587,40,100,0.4,0.3094012857712627,0.4979974139825367
499,935,8.973776155407784,40,100,0.4,0.3094012857712627,0.4979974139825367
499,936,8.975451671489699,40,100,0.4,0.3094012857712627,0.4979974139825367
499,937,8.977127187571613,40,100,0.4,0.3094012857712627,0.4979974139825367
499,938,8.978802703653528,53,100,0.53,0.4328885689548006,0.6248918211190597
499,939,8.980478219735442,96,200,0.48,0.4117916632582544,0.548962149808504
499,944,8.988855800145014,11,25,0.44,0.26665638767770883,0.629326682653538
499,947,8.993882348390759,104,200,0.52,0.45103785019149595,0.5882083367417457
499,979,9.047498863012024,98,200,0.49,0.42156278278393533,0.5588141237494437
499,987,9.06090299166734,98,200,0.49,0.42156278278393533,0.5588141237494437
499,995,9.074307120322658,105,200,0.525,0.45597395960896836,0.5930837740575836
500,306,7.93472056517174,10,25,0.4,0.23403302272702053,0.5926054278250577
500,645,8.502720516940775,8,25,0.32,0.172051902198581,0.5158973087951598
500,814,8.785882734784334,12,25,0.48,0.30031285833050775,0.6650148317799078
500,898,8.926626085665157,18,25,0.72,0.5242339465222646,0.8571614622631633
500,919,8.961811923385362,7,25,0.28,0.14283853773683666,0.4757660534777354
500,923,8.96851398771302,40,100,0.4,0.3094012857712627,0.4979974139825367
500,924,8.970189503794936,40,100,0.4,0.3094012857712627,0.4979974139825367
500,925,8.97186501987685,40,100,0.4,0.3094012857712627,0.4979974139825367
500,926,8.973540535958765,40,100,0.4,0.3094012857712627,0.4979974139825367
500,927,8.975216052040679,40,100,0.4,0.3094012857712627,0.4979974139825367
500,928,8.976891568122594,40,100,0.4,0.3094012857712627,0.4979974139825367
500,929,8.978567084204508,40,100,0.4,0.3094012857712627,0.4979974139825367
500,930,8.980242600286424,43,100,0.43,0.33733298455633143,0.5278461052713281
500,931,8.981918116368337,100,200,0.5,0.43136085907267824,0.5686391409273218
500,935,8.988620180695996,11,25,0.44,0.26665638767770883,0.629326682653538
500,938,8.993646728941739,11,25,0.44,0.26665638767770883,0.629326682653538
500,939,8.995322245023655,101,200,0.505,0.4362699998026278,0.5735415469306826
500,971,9.04893875964492,98,200,0.49,0.42156278278393533,0.5588141237494437
500,979,9.062342888300236,98,200,0.49,0.42156278278393533,0.5588141237494437
500,987,9.075747016955553,106,200,0.53,0.4609168286109567,0.5979524517889057
501,297,7.93448494572272,10,25,0.4,0.23403302272702053,0.5926054278250577
501,636,8.502484897491755,8,25,0.32,0.172051902198581,0.5158973087951598
501,805,8.785647115335316,12,25,0.48,0.30031285833050775,0.6650148317799078
501,889,8.926390466216137,18,25,0.72,0.5242339465222646,0.8571614622631633
501,911,8.963251820018257,7,25,0.28,0.14283853773683666,0.4757660534777354
501,914,8.968278368264002,40,100,0.4,0.3094012857712627,0.4979974139825367
501,915,8.969953884345916,40,100,0.4,0.3094012857712627,0.4979974139825367
501,916,8.971629400427831,40,100,0.4,0.3094012857712627,0.4979974139825367
501,917,8.973304916509745,40,100,0.4,0.3094012857712627,0.4979974139825367
501,918,8.97498043259166,40,100,0.4,0.3094012857712627,0.4979974139825367
501,919,8.976655948673574,40,100,0.4,0.3094012857712627,0.4979974139825367
501,920,8.978331464755488,40,100,0.4,0.3094012857712627,0.4979974139825367
501,921,8.980006980837404,44,100,0.44,0.34672026560951685,0.5377189542427627
501,922,8.981682496919317,100,200,0.5,0.43136085907267824,0.5686391409273218
501,926,8.988384561246976,12,25,0.48,0.30031285833050775,0.6650148317799078
501,929,8.993411109492719,12,25,0.48,0.30031285833050775,0.6650148317799078
501,930,8.995086625574634,102,200,0.51,0.44118587625055616,0.5784372172160646
501,962,9.0487031401959,99,200,0.495,0.4264584530693174,0.5637300001973722
501,970,9.062107268851216,98,200,0.49,0.42156278278393533,0.5588141237494437
501,978,9.075511397506533,108,200,0.54,0.4708228913482581,0.607669482518225
502,289,7.9359248423556155,10,25,0.4,0.23403302272702053,0.5926054278250577
502,627,8.502249278042736,8,25,0.32,0.172051902198581,0.5158973087951598
502,796,8.785411495886295,12,25,0.48,0.30031285833050775,0.6650148317799078
502,881,8.927830362849033,18,25,0.72,0.5242339465222646,0.8571614622631633
502,902,8.963016200569239,8,25,0.32,0.172051902198581,0.5158973087951598
502,905,8.968042748814982,40,100,0.4,0.3094012857712627,0.4979974139825367
502,906,8.969718264896898,40,100,0.4,0.3094012857712627,0.4979974139825367
502,907,8.971393780978811,40,100,0.4,0.3094012857712627,0.4979974139825367
502,908,8.973069297060725,40,100,0.4,0.3094012857712627,0.4979974139825367
502,909,8.97474481314264,40,100,0.4,0.3094012857712627,0.4979974139825367
502,910,8.976420329224554,40,100,0.4,0.3094012857712627,0.4979974139825367
502,911,8.97809584530647,40,100,0.4,0.3094012857712627,0.4979974139825367
502,912,8.979771361388384,44,100,0.44,0.34672026560951685,0.5377189542427627
502,913,8.9814468774703,101,200,0.505,0.4362699998026278,0.5735415469306826
502,918,8.989824457879871,12,25,0.48,0.30031285833050775,0.6650148317799078
502,920,8.9931754900437,12,25,0.48,0.30031285833050775,0.6650148317799078
502,921,8.994851006125614,102,200,0.51,0.44118587625055616,0.5784372172160646
502,953,9.04846752074688,100,200,0.5,0.43136085907267824,0.5686391409273218
502,961,9.061871649402198,99,200,0.495,0.4264584530693174,0.5637300001973722
502,969,9.075275778057513,108,200,0.54,0.4708228913482581,0.607669482518225
503,280,7.935689222906596,10,25,0.4,0.23403302272702053,0.5926054278250577
503,618,8.502013658593716,8,25,0.32,0.172051902198581,0.5158973087951598
503,787,8.785175876437275,12,25,0.48,0.30031285833050775,0.6650148317799078
503,872,8.927594743400013,18,25,0.72,0.5242339465222646,0.8571614622631633
503,893,8.962780581120219,8,25,0.32,0.172051902198581,0.5158973087951598
503,896,8.967807129365962,40,100,0.4,0.3094012857712627,0.4979974139825367
503,897,8.969482645447878,40,100,0.4,0.3094012857712627,0.4979974139825367
503,898,8.971158161529791,40,100,0.4,0.3094012857712627,0.4979974139825367
503,899,8.972833677611707,40,100,0.4,0.3094012857712627,0.4979974139825367
503,900,8.97450919369362,40,100,0.4,0.3094012857712627,0.4979974139825367
503,901,8.976184709775536,40,100,0.4,0.3094012857712627,0.4979974139825367
503,902,8.97786022585745,40,100,0.4,0.3094012857712627,0.4979974139825367
503,903,8.979535741939365,44,100,0.44,0.34672026560951685,0.5377189542427627
503,904,8.981211258021279,101,200,0.505,0.4362699998026278,0.5735415469306826
503,909,8.989588838430851,12,25,0.48,0.30031285833050775,0.6650148317799078
503,911,8.99293987059468,12,25,0.48,0.30031285833050775,0.6650148317799078
503,912,8.994615386676596,103,200,0.515,0.44610849139209374,0.5833261488078374
503,944,9.04823190129786,100,200,0.5,0.43136085907267824,0.5686391409273218
503,952,9.061636029953178,100,200,0.5,0.43136085907267824,0.5686391409273218
503,960,9.075040158608495,110,200,0.55,0.48075615084147033,0.6173593164916334
504,271,7.935453603457577,10,25,0.4,0.23403302272702053,0.5926054278250577
504,609,8.501778039144696,8,25,0.32,0.172051902198581,0.5158973087951598
504,778,8.784940256988257,12,25,0.48,0.30031285833050775,0.6650148317799078
504,863,8.927359123950994,18,25,0.72,0.5242339465222646,0.8571614622631633
504,884,8.962544961671199,8,25,0.32,0.172051902198581,0.5158973087951598
504,887,8.967571509916944,41,100,0.41,0.31867312954204063,0.5079857002363788
504,888,8.969247025998857,41,100,0.41,0.31867312954204063,0.5079857002363788
504,889,8.970922542080773,41,100,0.41,0.31867312954204063,0.5079857002363788
504,890,8.972598058162687,41,100,0.41,0.31867312954204063,0.5079857002363788
504,891,8.974273574244602,41,100,0.41,0.31867312954204063,0.5079857002363788
504,892,8.975949090326516,41,100,0.41,0.31867312954204063,0.5079857002363788
504,893,8.97762460640843,41,100,0.41,0.31867312954204063,0.5079857002363788
504,894,8.979300122490345,57,100,0.57,0.47215389472867186,0.6626670154436686
504,895,8.98097563857226,102,200,0.51,0.44118587625055616,0.5784372172160646
504,900,8.989353218981833,12,25,0.48,0.30031285833050775,0.6650148317799078
504,903,8.994379767227576,105,200,0.525,0.45597395960896836,0.5930837740575836
504,935,9.047996281848842,101,200,0.505,0.4362699998026278,0.5735415469306826
504,943,9.06140041050416,101,200,0.505,0.4362699998026278,0.5735415469306826
504,951,9.074804539159475,111,200,0.555,0.4857330235838182,0.6221939904825959
505,262,7.935217984008558,11,25,0.44,0.26665638767770883,0.629326682653538
505,600,8.501542419695678,8,25,0.32,0.172051902198581,0.5158973087951598
505,769,8.784704637539239,12,25,0.48,0.30031285833050775,0.6650148317799078
505,854,8.927123504501976,18,25,0.72,0.5242339465222646,0.8571614622631633
505,875,8.96230934222218,8,25,0.32,0.172051902198581,0.5158973087951598
505,878,8.967335890467925,41,100,0.41,0.31867312954204063,0.5079857002363788
505,879,8.96901140654984,41,100,0.41,0.31867312954204063,0.5079857002363788
505,880,8.970686922631755,41,100,0.41,0.31867312954204063,0.5079857002363788
505,881,8.972362438713668,41,100,0.41,0.31867312954204063,0.5079857002363788
505,882,8.974037954795584,41,100,0.41,0.31867312954204063,0.5079857002363788
505,883,8.975713470877498,41,100,0.41,0.31867312954204063,0.5079857002363788
505,884,8.977388986959411,41,100,0.41,0.31867312954204063,0.5079857002363788
505,885,8.979064503041327,57,100,0.57,0.47215389472867186,0.6626670154436686
505,886,8.98074001912324,102,200,0.51,0.44118587625055616,0.5784372172160646
505,891,8.989117599532815,12,25,0.48,0.30031285833050775,0.6650148317799078
505,894,8.994144147778558,106,200,0.53,0.4609168286109567,0.5979524517889057
505,926,9.047760662399824,101,200,0.505,0.4362699998026278,0.5735415469306826
505,934,9.06116479105514,102,200,0.51,0.44118587625055616,0.5784372172160646
505,942,9.074568919710456,112,200,0.56,0.4907167528014922,0.6270218079982324
506,253,7.934982364559539,11,25,0.44,0.26665638767770883,0.629326682653538
506,591,8.50130680024666,8,25,0.32,0.172051902198581,0.5158973087951598
506,761,8.786144534172134,12,25,0.48,0.30031285833050775,0.6650148317799078
506,845,8.926887885052956,11,25,0.44,0.26665638767770883,0.629326682653538
506,866,8.962073722773162,9,25,0.36,0.20247880678156654,0.5548150239913429
506,869,8.967100271018905,42,100,0.42,0.3279838260663658,0.5179351337366738
506,870,8.968775787100821,42,100,0.42,0.3279838260663658,0.5179351337366738
506,871,8.970451303182735,42,100,0.42,0.3279838260663658,0.5179351337366738
506,872,8.972126819264648,42,100,0.42,0.3279838260663658,0.5179351337366738
506,873,8.973802335346564,42,100,0.42,0.3279838260663658,0.5179351337366738
506,874,8.975477851428478,42,100,0.42,0.3279838260663658,0.5179351337366738
506,875,8.977153367510393,42,100,0.42,0.3279838260663658,0.5179351337366738
506,876,8.978828883592307,58,100,0.58,0.4820648662633263,0.6720161739336342
506,877,8.980504399674222,102,200,0.51,0.44118587625055616,0.5784372172160646
506,882,8.988881980083795,12,25,0.48,0.30031285833050775,0.6650148317799078
506,885,8.993908528329538,106,200,0.53,0.4609168286109567,0.5979524517889057
506,917,9.047525042950804,104,200,0.52,0.45103785019149595,0.5882083367417457
506,925,9.060929171606121,103,200,0.515,0.44610849139209374,0.5833261488078374
506,933,9.074333300261436,113,200,0.565,0.4957073620520242,0.6318427454810105
507,244,7.93474674511052,11,25,0.44,0.26665638767770883,0.629326682653538
507,583,8.502746696879553,8,25,0.32,0.172051902198581,0.5158973087951598
507,752,8.785908914723114,12,25,0.48,0.30031285833050775,0.6650148317799078
507,836,8.926652265603936,12,25,0.48,0.30031285833050775,0.6650148317799078
507,857,8.961838103324142,9,25,0.36,0.20247880678156654,0.5548150239913429
507,861,8.9685401676518,43,100,0.43,0.33733298455633143,0.5278461052713281
507,862,8.970215683733715,43,100,0.43,0.33733298455633143,0.5278461052713281
507,863,8.97189119981563,43,100,0.43,0.33733298455633143,0.5278461052713281
507,864,8.973566715897544,43,100,0.43,0.33733298455633143,0.5278461052713281
507,865,8.97524223197946,43,100,0.43,0.33733298455633143,0.5278461052713281
507,866,8.976917748061373,43,100,0.43,0.33733298455633143,0.5278461052713281
507,867,8.978593264143289,43,100,0.43,0.33733298455633143,0.5278461052713281
507,868,8.980268780225202,45,100,0.45,0.3561453790959721,0.5475539707809277
507,869,8.981944296307116,104,200,0.52,0.45103785019149595,0.5882083367417457
507,873,8.988646360634775,12,25,0.48,0.30031285833050775,0.6650148317799078
507,876,8.99367290888052,12,25,0.48,0.30031285833050775,0.6650148317799078
507,877,8.995348424962433,104,200,0.52,0.45103785019149595,0.5882083367417457
507,909,9.0489649395837,106,200,0.53,0.4609168286109567,0.5979524517889057
507,917,9.062369068239015,104,200,0.52,0.45103785019149595,0.5882083367417457
507,925,9.075773196894332,114,200,0.57,0.5007048770948288,0.6366567771715163
508,235,7.9345111256615,11,25,0.44,0.26665638767770883,0.629326682653538
508,574,8.502511077430535,8,25,0.32,0.172051902198581,0.5158973087951598
508,743,8.785673295274094,12,25,0.48,0.30031285833050775,0.6650148317799078
508,827,8.926416646154918,12,25,0.48,0.30031285833050775,0.6650148317799078
508,849,8.963277999957038,12,25,0.48,0.30031285833050775,0.6650148317799078
508,852,8.96830454820278,43,100,0.43,0.33733298455633143,0.5278461052713281
508,853,8.969980064284696,43,100,0.43,0.33733298455633143,0.5278461052713281
508,854,8.97165558036661,43,100,0.43,0.33733298455633143,0.5278461052713281
508,855,8.973331096448526,43,100,0.43,0.33733298455633143,0.5278461052713281
508,856,8.97500661253044,43,100,0.43,0.33733298455633143,0.5278461052713281
508,857,8.976682128612353,43,100,0.43,0.33733298455633143,0.5278461052713281
508,858,8.978357644694269,43,100,0.43,0.33733298455633143,0.5278461052713281
508,859,8.980033160776184,45,100,0.45,0.3561453790959721,0.5475539707809277
508,860,8.981708676858098,105,200,0.525,0.45597395960896836,0.5930837740575836
508,864,8.988410741185756,12,25,0.48,0.30031285833050775,0.6650148317799078
508,867,8.9934372894315,12,25,0.48,0.30031285833050775,0.6650148317799078
508,868,8.995112805513415,105,200,0.525,0.45597395960896836,0.5930837740575836
508,900,9.04872932013468,106,200,0.53,0.4609168286109567,0.5979524517889057
508,908,9.062133448789996,105,200,0.525,0.45597395960896836,0.5930837740575836
508,916,9.075537577445314,114,200,0.57,0.5007048770948288,0.6366567771715163
509,227,7.935951022294395,11,25,0.44,0.26665638767770883,0.629326682653538
509,565,8.502275457981515,8,25,0.32,0.172051902198581,0.5158973087951598
509,734,8.785437675825076,12,25,0.48,0.30031285833050775,0.6650148317799078
509,819,8.927856542787813,12,25,0.48,0.30031285833050775,0.6650148317799078
509,840,8.963042380508018,12,25,0.48,0.30031285833050775,0.6650148317799078
509,843,8.968068928753762,50,100,0.5,0.40383152963549296,0.596168470364507
509,844,8.969744444835676,50,100,0.5,0.40383152963549296,0.596168470364507
509,845,8.97141996091759,50,100,0.5,0.40383152963549296,0.596168470364507
509,846,8.973095476999505,50,100,0.5,0.40383152963549296,0.596168470364507
509,847,8.974770993081421,50,100,0.5,0.40383152963549296,0.596168470364507
509,848,8.976446509163335,50,100,0.5,0.40383152963549296,0.596168470364507
509,849,8.978122025245248,50,100,0.5,0.40383152963549296,0.596168470364507
509,850,8.979797541327164,55,100,0.55,0.45244602921907245,0.6438546209040279
509,851,8.981473057409078,105,200,0.525,0.45597395960896836,0.5930837740575836
509,856,8.989850637818652,12,25,0.48,0.30031285833050775,0.6650148317799078
509,858,8.99320166998248,12,25,0.48,0.30031285833050775,0.6650148317799078
509,859,8.994877186064395,105,200,0.525,0.45597395960896836,0.5930837740575836
509,891,9.048493700685661,109,200,0.545,0.47578611318257474,0.6125178074172186
509,899,9.061897829340976,106,200,0.53,0.4609168286109567,0.5979524517889057
509,907,9.075301957996293,114,200,0.57,0.5007048770948288,0.6366567771715163
510,218,7.935715402845377,11,25,0.44,0.26665638767770883,0.629326682653538
510,556,8.502039838532497,8,25,0.32,0.172051902198581,0.5158973087951598
510,725,8.785202056376058,13,25,0.52,0.3349851682200921,0.6996871416694923
510,810,8.927620923338793,12,25,0.48,0.30031285833050775,0.6650148317799078
510,831,8.962806761059,12,25,0.48,0.30031285833050775,0.6650148317799078
510,834,8.967833309304744,50,100,0.5,0.40383152963549296,0.596168470364507
510,835,8.969508825386658,50,100,0.5,0.40383152963549296,0.596168470364507
510,836,8.971184341468572,50,100,0.5,0.40383152963549296,0.596168470364507
510,837,8.972859857550487,50,100,0.5,0.40383152963549296,0.596168470364507
510,838,8.974535373632401,50,100,0.5,0.40383152963549296,0.596168470364507
510,839,8.976210889714316,50,100,0.5,0.40383152963549296,0.596168470364507
510,840,8.97788640579623,50,100,0.5,0.40383152963549296,0.596168470364507
510,841,8.979561921878146,57,100,0.57,0.47215389472867186,0.6626670154436686
510,842,8.98123743796006,106,200,0.53,0.4609168286109567,0.5979524517889057
510,847,8.989615018369634,14,25,0.56,0.37067331734646203,0.7333436123222912
510,849,8.992966050533461,14,25,0.56,0.37067331734646203,0.7333436123222912
510,850,8.994641566615377,106,200,0.53,0.4609168286109567,0.5979524517889057
510,882,9.048258081236643,111,200,0.555,0.4857330235838182,0.6221939904825959
510,890,9.061662209891958,106,200,0.53,0.4609168286109567,0.5979524517889057
510,898,9.075066338547275,115,200,0.575,0.505709325931126,0.6414638750685293
511,209,7.9354797833963575,11,25,0.44,0.26665638767770883,0.629326682653538
511,547,8.501804219083477,8,25,0.32,0.172051902198581,0.5158973087951598
511,716,8.784966436927037,13,25,0.52,0.3349851682200921,0.6996871416694923
511,801,8.927385303889775,12,25,0.48,0.30031285833050775,0.6650148317799078
511,822,8.962571141609981,12,25,0.48,0.30031285833050775,0.6650148317799078
511,825,8.967597689855724,50,100,0.5,0.40383152963549296,0.596168470364507
511,826,8.969273205937638,50,100,0.5,0.40383152963549296,0.596168470364507
511,827,8.970948722019553,50,100,0.5,0.40383152963549296,0.596168470364507
511,828,8.972624238101467,50,100,0.5,0.40383152963549296,0.596168470364507
511,829,8.974299754183383,50,100,0.5,0.40383152963549296,0.596168470364507
511,830,8.975975270265296,50,100,0.5,0.40383152963549296,0.596168470364507
511,831,8.977650786347212,50,100,0.5,0.40383152963549296,0.596168470364507
511,832,8.979326302429126,50,100,0.5,0.40383152963549296,0.596168470364507
511,833,8.98100181851104,105,200,0.525,0.45597395960896836,0.5930837740575836
511,838,8.989379398920613,14,25,0.56,0.37067331734646203,0.7333436123222912
511,841,8.994405947166356,112,200,0.56,0.4907167528014922,0.6270218079982324
511,873,9.048022461787623,111,200,0.555,0.4857330235838182,0.6221939904825959
511,881,9.061426590442938,108,200,0.54,0.4708228913482581,0.607669482518225
511,889,9.074830719098255,115,200,0.575,0.505709325931126,0.6414638750685293
512,200,7.9352441639473374,11,25,0.44,0.26665638767770883,0.629326682653538
512,538,8.501568599634458,8,25,0.32,0.172051902198581,0.5158973087951598
512,707,8.784730817478017,13,25,0.52,0.3349851682200921,0.6996871416694923
512,792,8.927149684440755,12,25,0.48,0.30031285833050775,0.6650148317799078
512,813,8.962335522160961,12,25,0.48,0.30031285833050775,0.6650148317799078
512,816,8.967362070406704,50,100,0.5,0.40383152963549296,0.596168470364507
512,817,8.96903758648862,50,100,0.5,0.40383152963549296,0.596168470364507
512,818,8.970713102570533,50,100,0.5,0.40383152963549296,0.596168470364507
512,819,8.972388618652449,50,100,0.5,0.40383152963549296,0.596168470364507
512,820,8.974064134734363,50,100,0.5,0.40383152963549296,0.596168470364507
512,821,8.975739650816276,50,100,0.5,0.40383152963549296,0.596168470364507
512,822,8.977415166898192,50,100,0.5,0.40383152963549296,0.596168470364507
512,823,8.979090682980107,50,100,0.5,0.40383152963549296,0.596168470364507
512,824,8.980766199062021,105,200,0.525,0.45597395960896836,0.5930837740575836
512,829,8.989143779471593,14,25,0.56,0.37067331734646203,0.7333436123222912
512,832,8.994170327717338,114,200,0.57,0.5007048770948288,0.6366567771715163
512,864,9.047786842338603,112,200,0.56,0.4907167528014922,0.6270218079982324
512,872,9.06119097099392,109,200,0.545,0.47578611318257474,0.6125178074172186
512,880,9.074595099649237,115,200,0.575,0.505709325931126,0.6414638750685293
513,191,7.935008544498318,11,25,0.44,0.26665638767770883,0.629326682653538
513,529,8.501332980185438,8,25,0.32,0.172051902198581,0.5158973087951598
513,699,8.786170714110913,13,25,0.52,0.3349851682200921,0.6996871416694923
513,783,8.926914064991736,12,25,0.48,0.30031285833050775,0.6650148317799078
513,804,8.962099902711941,12,25,0.48,0.30031285833050775,0.6650148317799078
513,807,8.967126450957686,51,100,0.51,0.41348011860427875,0.6057800114203413
513,808,8.9688019670396,51,100,0.51,0.41348011860427875,0.6057800114203413
513,809,8.970477483121513,51,100,0.51,0.41348011860427875,0.6057800114203413
513,810,8.972152999203429,51,100,0.51,0.41348011860427875,0.6057800114203413
513,811,8.973828515285344,51,100,0.51,0.41348011860427875,0.6057800114203413
513,812,8.975504031367258,51,100,0.51,0.41348011860427875,0.6057800114203413
513,813,8.977179547449172,51,100,0.51,0.41348011860427875,0.6057800114203413
513,814,8.978855063531087,51,100,0.51,0.41348011860427875,0.6057800114203413
513,815,8.980530579613001,106,200,0.53,0.4609168286109567,0.5979524517889057
513,820,8.988908160022575,14,25,0.56,0.37067331734646203,0.7333436123222912
513,823,8.993934708268318,115,200,0.575,0.505709325931126,0.6414638750685293
513,855,9.047551222889584,114,200,0.57,0.5007048770948288,0.6366567771715163
513,863,9.0609553515449,110,200,0.55,0.48075615084147033,0.6173593164916334
513,871,9.074359480200217,117,200,0.585,0.5157391484647247,0.6510571460015516
514,182,7.934772925049299,11,25,0.44,0.26665638767770883,0.629326682653538
514,521,8.502772876818334,8,25,0.32,0.172051902198581,0.5158973087951598
514,690,8.785935094661895,13,25,0.52,0.3349851682200921,0.6996871416694923
514,774,8.926678445542716,12,25,0.48,0.30031285833050775,0.6650148317799078
514,795,8.961864283262923,12,25,0.48,0.30031285833050775,0.6650148317799078
514,799,8.96856634759058,52,100,0.52,0.4231657769110165,0.6153544831382237
514,800,8.970241863672495,52,100,0.52,0.4231657769110165,0.6153544831382237
514,801,8.971917379754409,52,100,0.52,0.4231657769110165,0.6153544831382237
514,802,8.973592895836324,52,100,0.52,0.4231657769110165,0.6153544831382237
514,803,8.975268411918238,52,100,0.52,0.4231657769110165,0.6153544831382237
514,804,8.976943928000154,52,100,0.52,0.4231657769110165,0.6153544831382237
514,805,8.978619444082067,52,100,0.52,0.4231657769110165,0.6153544831382237
514,806,8.980294960163983,59,100,0.59,0.4920142997636212,0.6813268704579594
514,807,8.981970476245897,108,200,0.54,0.4708228913482581,0.607669482518225
514,811,8.988672540573555,14,25,0.56,0.37067331734646203,0.7333436123222912
514,814,8.993699088819298,14,25,0.56,0.37067331734646203,0.7333436123222912
514,815,8.995374604901214,111,200,0.555,0.4857330235838182,0.6221939904825959
514,847,9.04899111952248,114,200,0.57,0.5007048770948288,0.6366567771715163
514,855,9.062395248177795,110,200,0.55,0.48075615084147033,0.6173593164916334
514,863,9.075799376833112,117,200,0.585,0.5157391484647247,0.6510571460015516
515,173,7.934537305600281,11,25,0.44,0.26665638767770883,0.629326682653538
515,512,8.502537257369315,9,25,0.36,0.20247880678156654,0.5548150239913429
515,681,8.785699475212875,13,25,0.52,0.3349851682200921,0.6996871416694923
515,765,8.926442826093698,12,25,0.48,0.30031285833050775,0.6650148317799078
515,787,8.963304179895818,12,25,0.48,0.30031285833050775,0.6650148317799078
515,790,8.968330728141561,52,100,0.52,0.4231657769110165,0.6153544831382237
515,791,8.970006244223477,52,100,0.52,0.4231657769110165,0.6153544831382237
515,792,8.97168176030539,52,100,0.52,0.4231657769110165,0.6153544831382237
515,793,8.973357276387306,52,100,0.52,0.4231657769110165,0.6153544831382237
515,794,8.97503279246922,52,100,0.52,0.4231657769110165,0.6153544831382237
515,795,8.976708308551135,52,100,0.52,0.4231657769110165,0.6153544831382237
515,796,8.978383824633049,52,100,0.52,0.4231657769110165,0.6153544831382237
515,797,8.980059340714963,59,100,0.59,0.4920142997636212,0.6813268704579594
515,798,8.981734856796878,108,200,0.54,0.4708228913482581,0.607669482518225
515,802,8.988436921124537,14,25,0.56,0.37067331734646203,0.7333436123222912
515,805,8.99346346937028,14,25,0.56,0.37067331734646203,0.7333436123222912
515,806,8.995138985452195,113,200,0.565,0.4957073620520242,0.6318427454810105
515,838,9.04875550007346,114,200,0.57,0.5007048770948288,0.6366567771715163
515,846,9.062159628728777,110,200,0.55,0.48075615084147033,0.6173593164916334
515,854,9.075563757384094,117,200,0.585,0.5157391484647247,0.6510571460015516
516,165,7.935977202233175,11,25,0.44,0.26665638767770883,0.629326682653538
516,503,8.502301637920295,10,25,0.4,0.23403302272702053,0.5926054278250577
516,672,8.785463855763856,13,25,0.52,0.3349851682200921,0.6996871416694923
516,757,8.927882722726594,12,25,0.48,0.30031285833050775,0.6650148317799078
516,778,8.963068560446798,12,25,0.48,0.30031285833050775,0.6650148317799078
516,781,8.968095108692543,53,100,0.53,0.4328885689548006,0.6248918211190597
516,782,8.969770624774457,53,100,0.53,0.4328885689548006,0.6248918211190597
516,783,8.971446140856372,53,100,0.53,0.4328885689548006,0.6248918211190597
516,784,8.973121656938286,53,100,0.53,0.4328885689548006,0.6248918211190597
516,785,8.9747971730202,53,100,0.53,0.4328885689548006,0.6248918211190597
516,786,8.976472689102115,53,100,0.53,0.4328885689548006,0.6248918211190597
516,787,8.978148205184029,53,100,0.53,0.4328885689548006,0.6248918211190597
516,788,8.979823721265944,60,100,0.6,0.5020025860174634,0.6905987142287373
516,789,8.981499237347858,108,200,0.54,0.4708228913482581,0.607669482518225
516,794,8.989876817757432,14,25,0.56,0.37067331734646203,0.7333436123222912
516,796,8.993227849921261,14,25,0.56,0.37067331734646203,0.7333436123222912
516,797,8.994903366003175,115,200,0.575,0.505709325931126,0.6414638750685293
516,829,9.048519880624442,115,200,0.575,0.505709325931126,0.6414638750685293
516,837,9.061924009279757,111,200,0.555,0.4857330235838182,0.6221939904825959
516,845,9.075328137935074,117,200,0.585,0.5157391484647247,0.6510571460015516
517,156,7.935741582784156,11,25,0.44,0.26665638767770883,0.629326682653538
517,494,8.502066018471277,10,25,0.4,0.23403302272702053,0.5926054278250577
517,663,8.785228236314836,13,25,0.52,0.3349851682200921,0.6996871416694923
517,748,8.927647103277573,13,25,0.52,0.3349851682200921,0.6996871416694923
517,769,8.96283294099778,12,25,0.48,0.30031285833050775,0.6650148317799078
517,772,8.967859489243523,53,100,0.53,0.4328885689548006,0.6248918211190597
517,773,8.969535005325437,53,100,0.53,0.4328885689548006,0.6248918211190597
517,774,8.971210521407352,53,100,0.53,0.4328885689548006,0.6248918211190597
517,775,8.972886037489266,53,100,0.53,0.4328885689548006,0.6248918211190597
517,776,8.974561553571181,53,100,0.53,0.4328885689548006,0.6248918211190597
517,777,8.976237069653095,53,100,0.53,0.4328885689548006,0.6248918211190597
517,778,8.97791258573501,53,100,0.53,0.4328885689548006,0.6248918211190597
517,779,8.979588101816924,60,100,0.6,0.5020025860174634,0.6905987142287373
517,780,8.98126361789884,109,200,0.545,0.47578611318257474,0.6125178074172186
517,785,8.989641198308412,14,25,0.56,0.37067331734646203,0.7333436123222912
517,787,8.992992230472241,14,25,0.56,0.37067331734646203,0.7333436123222912
517,788,8.994667746554155,115,200,0.575,0.505709325931126,0.6414638750685293
517,820,9.048284261175422,117,200,0.585,0.5157391484647247,0.6510571460015516
517,828,9.061688389830739,111,200,0.555,0.4857330235838182,0.6221939904825959
517,836,9.075092518486054,118,200,0.59,0.5207645897876366,0.65584325141195
518,147,7.935505963335137,11,25,0.44,0.26665638767770883,0.629326682653538
518,485,8.501830399022257,10,25,0.4,0.23403302272702053,0.5926054278250577
518,654,8.784992616865816,13,25,0.52,0.3349851682200921,0.6996871416694923
518,739,8.927411483828553,13,25,0.52,0.3349851682200921,0.6996871416694923
518,760,8.96259732154876,12,25,0.48,0.30031285833050775,0.6650148317799078
518,763,8.967623869794503,53,100,0.53,0.4328885689548006,0.6248918211190597
518,764,8.969299385876418,53,100,0.53,0.4328885689548006,0.6248918211190597
518,765,8.970974901958332,53,100,0.53,0.4328885689548006,0.6248918211190597
518,766,8.972650418040248,53,100,0.53,0.4328885689548006,0.6248918211190597
518,767,8.974325934122161,53,100,0.53,0.4328885689548006,0.6248918211190597
518,768,8.976001450204077,53,100,0.53,0.4328885689548006,0.6248918211190597
518,769,8.97767696628599,53,100,0.53,0.4328885689548006,0.6248918211190597
518,770,8.979352482367906,53,100,0.53,0.4328885689548006,0.6248918211190597
518,771,8.98102799844982,112,200,0.56,0.4907167528014922,0.6270218079982324
518,776,8.989405578859392,14,25,0.56,0.37067331734646203,0.7333436123222912
518,778,8.992756611023221,14,25,0.56,0.37067331734646203,0.7333436123222912
518,779,8.994432127105137,118,200,0.59,0.5207645897876366,0.65584325141195
518,811,9.048048641726403,117,200,0.585,0.5157391484647247,0.6510571460015516
518,819,9.061452770381718,111,200,0.555,0.4857330235838182,0.6221939904825959
518,827,9.074856899037036,119,200,0.595,0.5257971002635867,0.6606222876693102
519,138,7.935270343886118,11,25,0.44,0.26665638767770883,0.629326682653538
519,476,8.501594779573237,10,25,0.4,0.23403302272702053,0.5926054278250577
519,645,8.784756997416798,13,25,0.52,0.3349851682200921,0.6996871416694923
519,730,8.927175864379535,13,25,0.52,0.3349851682200921,0.6996871416694923
519,751,8.96236170209974,12,25,0.48,0.30031285833050775,0.6650148317799078
519,754,8.967388250345484,53,100,0.53,0.4328885689548006,0.6248918211190597
519,755,8.969063766427398,53,100,0.53,0.4328885689548006,0.6248918211190597
519,756,8.970739282509314,53,100,0.53,0.4328885689548006,0.6248918211190597
519,757,8.972414798591227,53,100,0.53,0.4328885689548006,0.6248918211190597
519,758,8.974090314673143,53,100,0.53,0.4328885689548006,0.6248918211190597
519,759,8.975765830755057,53,100,0.53,0.4328885689548006,0.6248918211190597
519,760,8.977441346836972,53,100,0.53,0.4328885689548006,0.6248918211190597
519,761,8.979116862918886,53,100,0.53,0.4328885689548006,0.6248918211190597
519,762,8.9807923790008,112,200,0.56,0.4907167528014922,0.6270218079982324
519,767,8.989169959410374,14,25,0.56,0.37067331734646203,0.7333436123222912
519,770,8.994196507656117,116,200,0.58,0.5107207388477095,0.6462640088852564
519,802,9.047813022277383,117,200,0.585,0.5157391484647247,0.6510571460015516
519,810,9.061217150932698,112,200,0.56,0.4907167528014922,0.6270218079982324
519,818,9.074621279588015,121,200,0.605,0.5358834910421801,0.6701589903573376
520,129,7.935034724437099,11,25,0.44,0.26665638767770883,0.629326682653538
520,467,8.501359160124219,10,25,0.4,0.23403302272702053,0.5926054278250577
520,637,8.786196894049693,14,25,0.56,0.37067331734646203,0.7333436123222912
520,721,8.926940244930517,13,25,0.52,0.3349851682200921,0.6996871416694923
520,742,8.962126082650721,12,25,0.48,0.30031285833050775,0.6650148317799078
520,745,8.967152630896466,53,100,0.53,0.4328885689548006,0.6248918211190597
520,746,8.96882814697838,53,100,0.53,0.4328885689548006,0.6248918211190597
520,747,8.970503663060295,53,100,0.53,0.4328885689548006,0.6248918211190597
520,748,8.97217917914221,53,100,0.53,0.4328885689548006,0.6248918211190597
520,749,8.973854695224123,53,100,0.53,0.4328885689548006,0.6248918211190597
520,750,8.975530211306038,53,100,0.53,0.4328885689548006,0.6248918211190597
520,751,8.977205727387952,53,100,0.53,0.4328885689548006,0.6248918211190597
520,752,8.978881243469868,53,100,0.53,0.4328885689548006,0.6248918211190597
520,753,8.980556759551781,112,200,0.56,0.4907167528014922,0.6270218079982324
520,758,8.988934339961355,14,25,0.56,0.37067331734646203,0.7333436123222912
520,761,8.993960888207098,117,200,0.585,0.5157391484647247,0.6510571460015516
520,793,9.047577402828365,117,200,0.585,0.5157391484647247,0.6510571460015516
520,801,9.06098153148368,112,200,0.56,0.4907167528014922,0.6270218079982324
520,809,9.074385660138997,121,200,0.605,0.5358834910421801,0.6701589903573376
521,120,7.9347991049880795,12,25,0.48,0.30031285833050775,0.6650148317799078
521,459,8.502799056757114,10,25,0.4,0.23403302272702053,0.5926054278250577
521,628,8.785961274600673,14,25,0.56,0.37067331734646203,0.7333436123222912
521,712,8.926704625481497,13,25,0.52,0.3349851682200921,0.6996871416694923
521,733,8.961890463201703,12,25,0.48,0.30031285833050775,0.6650148317799078
521,737,8.96859252752936,53,100,0.53,0.4328885689548006,0.6248918211190597
521,738,8.970268043611275,53,100,0.53,0.4328885689548006,0.6248918211190597
521,739,8.97194355969319,53,100,0.53,0.4328885689548006,0.6248918211190597
521,740,8.973619075775105,53,100,0.53,0.4328885689548006,0.6248918211190597
521,741,8.975294591857018,53,100,0.53,0.4328885689548006,0.6248918211190597
521,742,8.976970107938934,53,100,0.53,0.4328885689548006,0.6248918211190597
521,743,8.978645624020848,53,100,0.53,0.4328885689548006,0.6248918211190597
521,744,8.980321140102763,61,100,0.61,0.5120301696819712,0.6998312605888496
521,745,8.981996656184677,114,200,0.57,0.5007048770948288,0.6366567771715163
521,749,8.988698720512335,14,25,0.56,0.37067331734646203,0.7333436123222912
521,752,8.993725268758078,14,25,0.56,0.37067331734646203,0.7333436123222912
521,753,8.995400784839994,119,200,0.595,0.5257971002635867,0.6606222876693102
521,785,9.049017299461259,119,200,0.595,0.5257971002635867,0.6606222876693102
521,793,9.062421428116576,113,200,0.565,0.4957073620520242,0.6318427454810105
521,801,9.075825556771893,121,200,0.605,0.5358834910421801,0.6701589903573376
522,111,7.93456348553906,12,25,0.48,0.30031285833050775,0.6650148317799078
522,450,8.502563437308094,10,25,0.4,0.23403302272702053,0.5926054278250577
522,619,8.785725655151655,14,25,0.56,0.37067331734646203,0.7333436123222912
522,703,8.926469006032477,13,25,0.52,0.3349851682200921,0.6996871416694923
522,725,8.963330359834597,12,25,0.48,0.30031285833050775,0.6650148317799078
522,728,8.968356908080342,54,100,0.54,0.44264860248278026,0.6343919176157001
522,729,8.970032424162255,54,100,0.54,0.44264860248278026,0.6343919176157001
522,730,8.97170794024417,54,100,0.54,0.44264860248278026,0.6343919176157001
522,731,8.973383456326085,54,100,0.54,0.44264860248278026,0.6343919176157001
522,732,8.975058972408,54,100,0.54,0.44264860248278026,0.6343919176157001
522,733,8.976734488489914,54,100,0.54,0.44264860248278026,0.6343919176157001
522,734,8.97841000457183,54,100,0.54,0.44264860248278026,0.6343919176157001
522,735,8.980085520653743,61,100,0.61,0.5120301696819712,0.6998312605888496
522,736,8.981761036735659,115,200,0.575,0.505709325931126,0.6414638750685293
522,740,8.988463101063315,14,25,0.56,0.37067331734646203,0.7333436123222912
522,743,8.99348964930906,14,25,0.56,0.37067331734646203,0.7333436123222912
522,744,8.995165165390974,120,200,0.6,0.5308367198423567,0.6653942148238506
522,776,9.04878168001224,120,200,0.6,0.5308367198423567,0.6653942148238506
522,784,9.062185808667557,113,200,0.565,0.4957073620520242,0.6318427454810105
522,792,9.075589937322873,121,200,0.605,0.5358834910421801,0.6701589903573376
523,102,7.934327866090041,12,25,0.48,0.30031285833050775,0.6650148317799078
523,441,8.502327817859076,10,25,0.4,0.23403302272702053,0.5926054278250577
523,610,8.785490035702635,14,25,0.56,0.37067331734646203,0.7333436123222912
523,695,8.927908902665372,13,25,0.52,0.3349851682200921,0.6996871416694923
523,716,8.963094740385579,12,25,0.48,0.30031285833050775,0.6650148317799078
523,719,8.968121288631322,56,100,0.56,0.46228104575723733,0.6532797343904833
523,720,8.969796804713237,56,100,0.56,0.46228104575723733,0.6532797343904833
523,721,8.97147232079515,56,100,0.56,0.46228104575723733,0.6532797343904833
523,722,8.973147836877066,56,100,0.56,0.46228104575723733,0.6532797343904833
523,723,8.97482335295898,56,100,0.56,0.46228104575723733,0.6532797343904833
523,724,8.976498869040896,56,100,0.56,0.46228104575723733,0.6532797343904833
523,725,8.97817438512281,56,100,0.56,0.46228104575723733,0.6532797343904833
523,726,8.979849901204723,61,100,0.61,0.5120301696819712,0.6998312605888496
523,727,8.981525417286639,115,200,0.575,0.505709325931126,0.6414638750685293
523,732,8.98990299769621,14,25,0.56,0.37067331734646203,0.7333436123222912
523,734,8.99325402986004,14,25,0.56,0.37067331734646203,0.7333436123222912
523,735,8.994929545941956,122,200,0.61,0.5409374590206674,0.6749165691121608
523,767,9.04854606056322,121,200,0.605,0.5358834910421801,0.6701589903573376
523,775,9.061950189218537,114,200,0.57,0.5007048770948288,0.6366567771715163
523,783,9.075354317873854,123,200,0.615,0.5459986716511277,0.6796669032150108
524,94,7.935767762722936,12,25,0.48,0.30031285833050775,0.6650148317799078
524,432,8.502092198410056,10,25,0.4,0.23403302272702053,0.5926054278250577
524,601,8.785254416253617,15,25,0.6,0.4073945721749423,0.7659669772729795
524,686,8.927673283216354,13,25,0.52,0.3349851682200921,0.6996871416694923
524,707,8.962859120936558,12,25,0.48,0.30031285833050775,0.6650148317799078
524,710,8.967885669182303,57,100,0.57,0.47215389472867186,0.6626670154436686
524,711,8.969561185264217,57,100,0.57,0.47215389472867186,0.6626670154436686
524,712,8.971236701346132,57,100,0.57,0.47215389472867186,0.6626670154436686
524,713,8.972912217428046,57,100,0.57,0.47215389472867186,0.6626670154436686
524,714,8.97458773350996,57,100,0.57,0.47215389472867186,0.6626670154436686
524,715,8.976263249591875,57,100,0.57,0.47215389472867186,0.6626670154436686
524,716,8.97793876567379,57,100,0.57,0.47215389472867186,0.6626670154436686
524,717,8.979614281755705,62,100,0.62,0.5220975521761144,0.7090240081193265
524,718,8.981289797837618,116,200,0.58,0.5107207388477095,0.6462640088852564
524,723,8.989667378247193,14,25,0.56,0.37067331734646203,0.7333436123222912
524,725,8.993018410411022,14,25,0.56,0.37067331734646203,0.7333436123222912
524,726,8.994693926492936,123,200,0.615,0.5459986716511277,0.6796669032150108
524,758,9.048310441114202,122,200,0.61,0.5409374590206674,0.6749165691121608
524,766,9.061714569769517,114,200,0.57,0.5007048770948288,0.6366567771715163
524,774,9.075118698424834,124,200,0.62,0.5510671796046104,0.6844099419948385
525,85,7.9355321432739165,12,25,0.48,0.30031285833050775,0.6650148317799078
525,423,8.501856578961036,17,25,0.68,0.4841026912048403,0.827948097801419
525,592,8.785018796804597,15,25,0.6,0.4073945721749423,0.7659669772729795
525,677,8.927437663767334,13,25,0.52,0.3349851682200921,0.6996871416694923
525,698,8.96262350148754,13,25,0.52,0.3349851682200921,0.6996871416694923
525,701,8.967650049733283,57,100,0.57,0.47215389472867186,0.6626670154436686
525,702,8.969325565815197,57,100,0.57,0.47215389472867186,0.6626670154436686
525,703,8.971001081897112,57,100,0.57,0.47215389472867186,0.6626670154436686
525,704,8.972676597979026,57,100,0.57,0.47215389472867186,0.6626670154436686
525,705,8.974352114060942,57,100,0.57,0.47215389472867186,0.6626670154436686
525,706,8.976027630142855,57,100,0.57,0.47215389472867186,0.6626670154436686
525,707,8.977703146224771,57,100,0.57,0.47215389472867186,0.6626670154436686
525,708,8.979378662306685,57,100,0.57,0.47215389472867186,0.6626670154436686
525,709,8.9810541783886,120,200,0.6,0.5308367198423567,0.6653942148238506
525,714,8.989431758798172,15,25,0.6,0.4073945721749423,0.7659669772729795
525,716,8.992782790962002,15,25,0.6,0.4073945721749423,0.7659669772729795
525,717,8.994458307043915,123,200,0.615,0.5459986716511277,0.6796669032150108
525,749,9.048074821665182,122,200,0.61,0.5409374590206674,0.6749165691121608
525,757,9.061478950320499,116,200,0.58,0.5107207388477095,0.6462640088852564
525,765,9.074883078975814,124,200,0.62,0.5510671796046104,0.6844099419948385
526,76,7.935296523824898,12,25,0.48,0.30031285833050775,0.6650148317799078
526,414,8.501620959512017,17,25,0.68,0.4841026912048403,0.827948097801419
526,583,8.784783177355578,15,25,0.6,0.4073945721749423,0.7659669772729795
526,668,8.927202044318316,13,25,0.52,0.3349851682200921,0.6996871416694923
526,689,8.96238788203852,13,25,0.52,0.3349851682200921,0.6996871416694923
526,692,8.967414430284265,58,100,0.58,0.4820648662633263,0.6720161739336342
526,693,8.969089946366179,58,100,0.58,0.4820648662633263,0.6720161739336342
526,694,8.970765462448094,58,100,0.58,0.4820648662633263,0.6720161739336342
526,695,8.972440978530008,58,100,0.58,0.4820648662633263,0.6720161739336342
526,696,8.974116494611923,58,100,0.58,0.4820648662633263,0.6720161739336342
526,697,8.975792010693837,58,100,0.58,0.4820648662633263,0.6720161739336342
526,698,8.977467526775753,58,100,0.58,0.4820648662633263,0.6720161739336342
526,699,8.979143042857666,58,100,0.58,0.4820648662633263,0.6720161739336342
526,700,8.980818558939582,120,200,0.6,0.5308367198423567,0.6653942148238506
526,705,8.989196139349154,15,25,0.6,0.4073945721749423,0.7659669772729795
526,708,8.994222687594897,120,200,0.6,0.5308367198423567,0.6653942148238506
526,740,9.047839202216164,123,200,0.615,0.5459986716511277,0.6796669032150108
526,748,9.06124333087148,117,200,0.585,0.5157391484647247,0.6510571460015516
526,756,9.074647459526796,125,200,0.625,0.5561430364380054,0.6891456318947539
527,67,7.935060904375878,12,25,0.48,0.30031285833050775,0.6650148317799078
527,405,8.501385340062999,17,25,0.68,0.4841026912048403,0.827948097801419
527,575,8.786223073988474,15,25,0.6,0.4073945721749423,0.7659669772729795
527,659,8.926966424869295,13,25,0.52,0.3349851682200921,0.6996871416694923
527,680,8.962152262589502,13,25,0.52,0.3349851682200921,0.6996871416694923
527,683,8.967178810835245,58,100,0.58,0.4820648662633263,0.6720161739336342
527,684,8.96885432691716,58,100,0.58,0.4820648662633263,0.6720161739336342
527,685,8.970529842999074,58,100,0.58,0.4820648662633263,0.6720161739336342
527,686,8.97220535908099,58,100,0.58,0.4820648662633263,0.6720161739336342
527,687,8.973880875162903,58,100,0.58,0.4820648662633263,0.6720161739336342
527,688,8.975556391244819,58,100,0.58,0.4820648662633263,0.6720161739336342
527,689,8.977231907326733,58,100,0.58,0.4820648662633263,0.6720161739336342
527,690,8.978907423408646,58,100,0.58,0.4820648662633263,0.6720161739336342
527,691,8.980582939490562,120,200,0.6,0.5308367198423567,0.6653942148238506
527,696,8.988960519900134,15,25,0.6,0.4073945721749423,0.7659669772729795
527,699,8.993987068145879,121,200,0.605,0.5358834910421801,0.6701589903573376
527,731,9.047603582767143,123,200,0.615,0.5459986716511277,0.6796669032150108
527,739,9.06100771142246,118,200,0.59,0.5207645897876366,0.65584325141195
527,747,9.074411840077778,127,200,0.635,0.5663170259754063,0.6985947358239737
528,58,7.934825284926859,12,25,0.48,0.30031285833050775,0.6650148317799078
528,397,8.502825236695895,17,25,0.68,0.4841026912048403,0.827948097801419
528,566,8.785987454539454,15,25,0.6,0.4073945721749423,0.7659669772729795
528,650,8.926730805420277,13,25,0.52,0.3349851682200921,0.6996871416694923
528,671,8.961916643140482,13,25,0.52,0.3349851682200921,0.6996871416694923
528,675,8.96861870746814,59,100,0.59,0.4920142997636212,0.6813268704579594
528,676,8.970294223550056,59,100,0.59,0.4920142997636212,0.6813268704579594
528,677,8.97196973963197,59,100,0.59,0.4920142997636212,0.6813268704579594
528,678,8.973645255713883,59,100,0.59,0.4920142997636212,0.6813268704579594
528,679,8.975320771795799,59,100,0.59,0.4920142997636212,0.6813268704579594
528,680,8.976996287877713,59,100,0.59,0.4920142997636212,0.6813268704579594
528,681,8.978671803959628,59,100,0.59,0.4920142997636212,0.6813268704579594
528,682,8.980347320041542,64,100,0.64,0.5423540237328172,0.7272877966118639
528,683,8.982022836123457,119,200,0.595,0.5257971002635867,0.6606222876693102
528,687,8.988724900451116,16,25,0.64,0.44518497600865714,0.7975211932184334
528,690,8.993751448696859,16,25,0.64,0.44518497600865714,0.7975211932184334
528,691,8.995426964778773,124,200,0.62,0.5510671796046104,0.6844099419948385
528,723,9.049043479400039,124,200,0.62,0.5510671796046104,0.6844099419948385
528,731,9.062447608055356,119,200,0.595,0.5257971002635867,0.6606222876693102
528,739,9.075851736710671,128,200,0.64,0.5714152811080028,0.7033080274246877
529,49,7.93458966547784,12,25,0.48,0.30031285833050775,0.6650148317799078
529,388,8.502589617246874,17,25,0.68,0.4841026912048403,0.827948097801419
529,557,8.785751835090434,15,25,0.6,0.4073945721749423,0.7659669772729795
529,641,8.926495185971257,13,25,0.52,0.3349851682200921,0.6996871416694923
529,663,8.963356539773377,13,25,0.52,0.3349851682200921,0.6996871416694923
529,666,8.96838308801912,59,100,0.59,0.4920142997636212,0.6813268704579594
529,667,8.970058604101036,59,100,0.59,0.4920142997636212,0.6813268704579594
529,668,8.97173412018295,59,100,0.59,0.4920142997636212,0.6813268704579594
529,669,8.973409636264865,59,100,0.59,0.4920142997636212,0.6813268704579594
529,670,8.975085152346779,59,100,0.59,0.4920142997636212,0.6813268704579594
529,671,8.976760668428694,59,100,0.59,0.4920142997636212,0.6813268704579594
529,672,8.978436184510608,59,100,0.59,0.4920142997636212,0.6813268704579594
529,673,8.980111700592524,64,100,0.64,0.5423540237328172,0.7272877966118639
529,674,8.981787216674437,119,200,0.595,0.5257971002635867,0.6606222876693102
529,678,8.988489281002096,16,25,0.64,0.44518497600865714,0.7975211932184334
529,681,8.993515829247839,16,25,0.64,0.44518497600865714,0.7975211932184334
529,682,8.995191345329754,124,200,0.62,0.5510671796046104,0.6844099419948385
529,714,9.048807859951019,124,200,0.62,0.5510671796046104,0.6844099419948385
529,722,9.062211988606336,120,200,0.6,0.5308367198423567,0.6653942148238506
529,730,9.075616117261653,130,200,0.65,0.5816346428084853,0.7127117591908259
530,40,7.934354046028821,12,25,0.48,0.30031285833050775,0.6650148317799078
530,379,8.502353997797854,17,25,0.68,0.4841026912048403,0.827948097801419
530,548,8.785516215641415,15,25,0.6,0.4073945721749423,0.7659669772729795
530,633,8.927935082604153,13,25,0.52,0.3349851682200921,0.6996871416694923
530,654,8.963120920324357,13,25,0.52,0.3349851682200921,0.6996871416694923
530,657,8.968147468570102,59,100,0.59,0.4920142997636212,0.6813268704579594
530,658,8.969822984652016,59,100,0.59,0.4920142997636212,0.6813268704579594
530,659,8.971498500733931,59,100,0.59,0.4920142997636212,0.6813268704579594
530,660,8.973174016815845,59,100,0.59,0.4920142997636212,0.6813268704579594
530,661,8.97484953289776,59,100,0.59,0.4920142997636212,0.6813268704579594
530,662,8.976525048979674,59,100,0.59,0.4920142997636212,0.6813268704579594
530,663,8.97820056506159,59,100,0.59,0.4920142997636212,0.6813268704579594
530,664,8.979876081143503,64,100,0.64,0.5423540237328172,0.7272877966118639
530,665,8.981551597225419,119,200,0.595,0.5257971002635867,0.6606222876693102
530,670,8.989929177634991,16,25,0.64,0.44518497600865714,0.7975211932184334
530,672,8.99328020979882,16,25,0.64,0.44518497600865714,0.7975211932184334
530,673,8.994955725880734,125,200,0.625,0.5561430364380054,0.6891456318947539
530,705,9.048572240502,124,200,0.62,0.5510671796046104,0.6844099419948385
530,713,9.061976369157318,121,200,0.605,0.5358834910421801,0.6701589903573376
530,721,9.075380497812633,132,200,0.66,0.5918849547167886,0.7220845407491433
531,32,7.935793942661716,13,25,0.52,0.3349851682200921,0.6996871416694923
531,370,8.502118378348836,17,25,0.68,0.4841026912048403,0.827948097801419
531,539,8.785280596192397,15,25,0.6,0.4073945721749423,0.7659669772729795
531,624,8.927699463155134,13,25,0.52,0.3349851682200921,0.6996871416694923
531,645,8.962885300875339,14,25,0.56,0.37067331734646203,0.7333436123222912
531,648,8.967911849121084,60,100,0.6,0.5020025860174634,0.6905987142287373
531,649,8.969587365202997,60,100,0.6,0.5020025860174634,0.6905987142287373
531,650,8.971262881284913,60,100,0.6,0.5020025860174634,0.6905987142287373
531,651,8.972938397366827,60,100,0.6,0.5020025860174634,0.6905987142287373
531,652,8.974613913448742,60,100,0.6,0.5020025860174634,0.6905987142287373
531,653,8.976289429530656,60,100,0.6,0.5020025860174634,0.6905987142287373
531,654,8.97796494561257,60,100,0.6,0.5020025860174634,0.6905987142287373
531,655,8.979640461694485,64,100,0.64,0.5423540237328172,0.7272877966118639
531,656,8.981315977776399,120,200,0.6,0.5308367198423567,0.6653942148238506
531,661,8.989693558185973,16,25,0.64,0.44518497600865714,0.7975211932184334
531,663,8.993044590349802,16,25,0.64,0.44518497600865714,0.7975211932184334
531,664,8.994720106431716,125,200,0.625,0.5561430364380054,0.6891456318947539
531,696,9.048336621052982,125,200,0.625,0.5561430364380054,0.6891456318947539
531,704,9.061740749708298,121,200,0.605,0.5358834910421801,0.6701589903573376
531,712,9.075144878363615,132,200,0.66,0.5918849547167886,0.7220845407491433
532,23,7.935558323212697,13,25,0.52,0.3349851682200921,0.6996871416694923
532,361,8.501882758899818,17,25,0.68,0.4841026912048403,0.827948097801419
532,530,8.785044976743377,15,25,0.6,0.4073945721749423,0.7659669772729795
532,615,8.927463843706114,14,25,0.56,0.37067331734646203,0.7333436123222912
532,636,8.96264968142632,14,25,0.56,0.37067331734646203,0.7333436123222912
532,639,8.967676229672064,60,100,0.6,0.5020025860174634,0.6905987142287373
532,640,8.969351745753979,60,100,0.6,0.5020025860174634,0.6905987142287373
532,641,8.971027261835893,60,100,0.6,0.5020025860174634,0.6905987142287373
532,642,8.972702777917807,60,100,0.6,0.5020025860174634,0.6905987142287373
532,643,8.974378293999722,60,100,0.6,0.5020025860174634,0.6905987142287373
532,644,8.976053810081636,60,100,0.6,0.5020025860174634,0.6905987142287373
532,645,8.977729326163551,60,100,0.6,0.5020025860174634,0.6905987142287373
532,646,8.979404842245465,60,100,0.6,0.5020025860174634,0.6905987142287373
532,647,8.98108035832738,123,200,0.615,0.5459986716511277,0.6796669032150108
532,652,8.989457938736953,16,25,0.64,0.44518497600865714,0.7975211932184334
532,654,8.992808970900782,16,25,0.64,0.44518497600865714,0.7975211932184334
532,655,8.994484486982696,125,200,0.625,0.5561430364380054,0.6891456318947539
532,687,9.048101001603962,125,200,0.625,0.5561430364380054,0.6891456318947539
532,695,9.06150513025928,122,200,0.61,0.5409374590206674,0.6749165691121608
532,703,9.074909258914595,134,200,0.67,0.6021668471867698,0.7314257417457829
533,14,7.935322703763678,13,25,0.52,0.3349851682200921,0.6996871416694923
533,352,8.501647139450798,17,25,0.68,0.4841026912048403,0.827948097801419
533,521,8.784809357294357,15,25,0.6,0.4073945721749423,0.7659669772729795
533,606,8.927228224257094,14,25,0.56,0.37067331734646203,0.7333436123222912
533,627,8.9624140619773,15,25,0.6,0.4073945721749423,0.7659669772729795
533,630,8.967440610223044,62,100,0.62,0.5220975521761144,0.7090240081193265
533,631,8.969116126304959,62,100,0.62,0.5220975521761144,0.7090240081193265
533,632,8.970791642386873,62,100,0.62,0.5220975521761144,0.7090240081193265
533,633,8.972467158468788,62,100,0.62,0.5220975521761144,0.7090240081193265
533,634,8.974142674550702,62,100,0.62,0.5220975521761144,0.7090240081193265
533,635,8.975818190632618,62,100,0.62,0.5220975521761144,0.7090240081193265
533,636,8.977493706714531,62,100,0.62,0.5220975521761144,0.7090240081193265
533,637,8.979169222796447,62,100,0.62,0.5220975521761144,0.7090240081193265
533,638,8.98084473887836,126,200,0.63,0.5612262986885862,0.6938739163774834
533,643,8.989222319287933,16,25,0.64,0.44518497600865714,0.7975211932184334
533,646,8.994248867533678,126,200,0.63,0.5612262986885862,0.6938739163774834
533,678,9.047865382154942,125,200,0.625,0.5561430364380054,0.6891456318947539
533,686,9.06126951081026,124,200,0.62,0.5510671796046104,0.6844099419948385
533,694,9.074673639465576,135,200,0.675,0.607319850609677,0.7360842850561861
534,5,7.935087084314659,13,25,0.52,0.3349851682200921,0.6996871416694923
534,343,8.501411520001778,17,25,0.68,0.4841026912048403,0.827948097801419
534,513,8.786249253927252,15,25,0.6,0.4073945721749423,0.7659669772729795
534,597,8.926992604808076,14,25,0.56,0.37067331734646203,0.7333436123222912
534,618,8.96217844252828,15,25,0.6,0.4073945721749423,0.7659669772729795
534,621,8.967204990774025,62,100,0.62,0.5220975521761144,0.7090240081193265
534,622,8.968880506855939,62,100,0.62,0.5220975521761144,0.7090240081193265
534,623,8.970556022937854,62,100,0.62,0.5220975521761144,0.7090240081193265
534,624,8.972231539019768,62,100,0.62,0.5220975521761144,0.7090240081193265
534,625,8.973907055101684,62,100,0.62,0.5220975521761144,0.7090240081193265
534,626,8.975582571183597,62,100,0.62,0.5220975521761144,0.7090240081193265
534,627,8.977258087265511,62,100,0.62,0.5220975521761144,0.7090240081193265
534,628,8.978933603347427,62,100,0.62,0.5220975521761144,0.7090240081193265
534,629,8.980609119429342,127,200,0.635,0.5663170259754063,0.6985947358239737
534,634,8.988986699838915,16,25,0.64,0.44518497600865714,0.7975211932184334
534,637,8.994013248084658,127,200,0.635,0.5663170259754063,0.6985947358239737
534,669,9.047629762705924,126,200,0.63,0.5612262986885862,0.6938739163774834
534,677,9.061033891361241,125,200,0.625,0.5561430364380054,0.6891456318947539
534,685,9.074438020016556,135,200,0.675,0.607319850609677,0.7360842850561861
535,334,8.50117590055276,17,25,0.68,0.4841026912048403,0.827948097801419
535,504,8.786013634478234,15,25,0.6,0.4073945721749423,0.7659669772729795
535,588,8.926756985359056,14,25,0.56,0.37067331734646203,0.7333436123222912
535,609,8.961942823079262,15,25,0.6,0.4073945721749423,0.7659669772729795
535,613,8.96864488740692,62,100,0.62,0.5220975521761144,0.7090240081193265
535,614,8.970320403488834,62,100,0.62,0.5220975521761144,0.7090240081193265
535,615,8.971995919570748,62,100,0.62,0.5220975521761144,0.7090240081193265
535,616,8.973671435652664,62,100,0.62,0.5220975521761144,0.7090240081193265
535,617,8.97534695173458,62,100,0.62,0.5220975521761144,0.7090240081193265
535,618,8.977022467816493,62,100,0.62,0.5220975521761144,0.7090240081193265
535,619,8.978697983898407,62,100,0.62,0.5220975521761144,0.7090240081193265
535,620,8.980373499980322,66,100,0.66,0.56277728776086,0.7453847926330613
535,621,8.982049016062236,125,200,0.625,0.5561430364380054,0.6891456318947539
535,625,8.988751080389894,16,25,0.64,0.44518497600865714,0.7975211932184334
535,628,8.993777628635637,16,25,0.64,0.44518497600865714,0.7975211932184334
535,629,8.995453144717553,130,200,0.65,0.5816346428084853,0.7127117591908259
535,661,9.04906965933882,128,200,0.64,0.5714152811080028,0.7033080274246877
535,669,9.062473787994135,127,200,0.635,0.5663170259754063,0.6985947358239737
535,677,9.075877916649452,135,200,0.675,0.607319850609677,0.7360842850561861
536,326,8.502615797185655,17,25,0.68,0.4841026912048403,0.827948097801419
536,495,8.785778015029214,16,25,0.64,0.44518497600865714,0.7975211932184334
536,579,8.926521365910038,14,25,0.56,0.37067331734646203,0.7333436123222912
536,601,8.963382719712158,15,25,0.6,0.4073945721749423,0.7659669772729795
536,604,8.9684092679579,62,100,0.62,0.5220975521761144,0.7090240081193265
536,605,8.970084784039816,62,100,0.62,0.5220975521761144,0.7090240081193265
536,606,8.97176030012173,62,100,0.62,0.5220975521761144,0.7090240081193265
536,607,8.973435816203644,62,100,0.62,0.5220975521761144,0.7090240081193265
536,608,8.97511133228556,62,100,0.62,0.5220975521761144,0.7090240081193265
536,609,8.976786848367473,62,100,0.62,0.5220975521761144,0.7090240081193265
536,610,8.978462364449388,62,100,0.62,0.5220975521761144,0.7090240081193265
536,611,8.980137880531302,66,100,0.66,0.56277728776086,0.7453847926330613
536,612,8.981813396613218,125,200,0.625,0.5561430364380054,0.6891456318947539
536,616,8.988515460940874,16,25,0.64,0.44518497600865714,0.7975211932184334
536,619,8.99354200918662,16,25,0.64,0.44518497600865714,0.7975211932184334
536,620,8.995217525268533,130,200,0.65,0.5816346428084853,0.7127117591908259
536,652,9.0488340398898,129,200,0.645,0.5765211302029042,0.7080137250630966
536,660,9.062238168545116,128,200,0.64,0.5714152811080028,0.7033080274246877
536,668,9.075642297200432,135,200,0.675,0.607319850609677,0.7360842850561861
537,317,8.502380177736635,17,25,0.68,0.4841026912048403,0.827948097801419
537,486,8.785542395580196,16,25,0.64,0.44518497600865714,0.7975211932184334
537,571,8.927961262542933,14,25,0.56,0.37067331734646203,0.7333436123222912
537,592,8.96314710026314,16,25,0.64,0.44518497600865714,0.7975211932184334
537,595,8.968173648508882,63,100,0.63,0.5322052950281534,0.7181763952919076
537,596,8.969849164590796,63,100,0.63,0.5322052950281534,0.7181763952919076
537,597,8.971524680672712,63,100,0.63,0.5322052950281534,0.7181763952919076
537,598,8.973200196754625,63,100,0.63,0.5322052950281534,0.7181763952919076
537,599,8.97487571283654,63,100,0.63,0.5322052950281534,0.7181763952919076
537,600,8.976551228918455,63,100,0.63,0.5322052950281534,0.7181763952919076
537,601,8.97822674500037,63,100,0.63,0.5322052950281534,0.7181763952919076
537,602,8.979902261082284,66,100,0.66,0.56277728776086,0.7453847926330613
537,603,8.981577777164198,125,200,0.625,0.5561430364380054,0.6891456318947539
537,608,8.989955357573772,16,25,0.64,0.44518497600865714,0.7975211932184334
537,610,8.9933063897376,16,25,0.64,0.44518497600865714,0.7975211932184334
537,611,8.994981905819515,130,200,0.65,0.5816346428084853,0.7127117591908259
537,643,9.048598420440781,130,200,0.65,0.5816346428084853,0.7127117591908259
537,651,9.062002549096096,129,200,0.645,0.5765211302029042,0.7080137250630966
537,659,9.075406677751413,135,200,0.675,0.607319850609677,0.7360842850561861
538,308,8.502144558287617,18,25,0.72,0.5242339465222646,0.8571614622631633
538,477,8.785306776131176,17,25,0.68,0.4841026912048403,0.827948097801419
538,562,8.927725643093913,14,25,0.56,0.37067331734646203,0.7333436123222912
538,583,8.96291148081412,16,25,0.64,0.44518497600865714,0.7975211932184334
538,586,8.967938029059862,64,100,0.64,0.5423540237328172,0.7272877966118639
538,587,8.969613545141778,64,100,0.64,0.5423540237328172,0.7272877966118639
538,588,8.971289061223692,64,100,0.64,0.5423540237328172,0.7272877966118639
538,589,8.972964577305607,64,100,0.64,0.5423540237328172,0.7272877966118639
538,590,8.97464009338752,64,100,0.64,0.5423540237328172,0.7272877966118639
538,591,8.976315609469436,64,100,0.64,0.5423540237328172,0.7272877966118639
538,592,8.97799112555135,64,100,0.64,0.5423540237328172,0.7272877966118639
538,593,8.979666641633264,67,100,0.67,0.5730534371634074,0.754368773255134
538,594,8.98134215771518,125,200,0.625,0.5561430364380054,0.6891456318947539
538,599,8.989719738124752,16,25,0.64,0.44518497600865714,0.7975211932184334
538,601,8.99307077028858,16,25,0.64,0.44518497600865714,0.7975211932184334
538,602,8.994746286370496,132,200,0.66,0.5918849547167886,0.7220845407491433
538,634,9.048362800991761,133,200,0.665,0.5970219115283492,0.7267591306708931
538,642,9.061766929647078,129,200,0.645,0.5765211302029042,0.7080137250630966
538,650,9.075171058302395,135,200,0.675,0.607319850609677,0.7360842850561861
539,299,8.501908938838596,18,25,0.72,0.5242339465222646,0.8571614622631633
539,468,8.785071156682157,17,25,0.68,0.4841026912048403,0.827948097801419
539,553,8.927490023644895,15,25,0.6,0.4073945721749423,0.7659669772729795
539,574,8.9626758613651,16,25,0.64,0.44518497600865714,0.7975211932184334
539,577,8.967702409610844,64,100,0.64,0.5423540237328172,0.7272877966118639
539,578,8.969377925692758,64,100,0.64,0.5423540237328172,0.7272877966118639
539,579,8.971053441774673,64,100,0.64,0.5423540237328172,0.7272877966118639
539,580,8.972728957856587,64,100,0.64,0.5423540237328172,0.7272877966118639
539,581,8.9744044739385,64,100,0.64,0.5423540237328172,0.7272877966118639
539,582,8.976079990020416,64,100,0.64,0.5423540237328172,0.7272877966118639
539,583,8.97775550610233,64,100,0.64,0.5423540237328172,0.7272877966118639
539,584,8.979431022184245,64,100,0.64,0.5423540237328172,0.7272877966118639
539,585,8.98110653826616,129,200,0.645,0.5765211302029042,0.7080137250630966
539,590,8.989484118675733,17,25,0.68,0.4841026912048403,0.827948097801419
539,592,8.99283515083956,17,25,0.68,0.4841026912048403,0.827948097801419
539,593,8.994510666921476,132,200,0.66,0.5918849547167886,0.7220845407491433
539,625,9.048127181542743,134,200,0.67,0.6021668471867698,0.7314257417457829
539,633,9.061531310198058,129,200,0.645,0.5765211302029042,0.7080137250630966
539,641,9.074935438853375,135,200,0.675,0.607319850609677,0.7360842850561861
540,290,8.501673319389578,18,25,0.72,0.5242339465222646,0.8571614622631633
540,459,8.784835537233139,17,25,0.68,0.4841026912048403,0.827948097801419
540,544,8.927254404195875,15,25,0.6,0.4073945721749423,0.7659669772729795
540,565,8.962440241916081,16,25,0.64,0.44518497600865714,0.7975211932184334
540,568,8.967466790161826,64,100,0.64,0.5423540237328172,0.7272877966118639
540,569,8.96914230624374,64,100,0.64,0.5423540237328172,0.7272877966118639
540,570,8.970817822325653,64,100,0.64,0.5423540237328172,0.7272877966118639
540,571,8.972493338407569,64,100,0.64,0.5423540237328172,0.7272877966118639
540,572,8.974168854489482,64,100,0.64,0.5423540237328172,0.7272877966118639
540,573,8.975844370571398,64,100,0.64,0.5423540237328172,0.7272877966118639
540,574,8.977519886653312,64,100,0.64,0.5423540237328172,0.7272877966118639
540,575,8.979195402735227,64,100,0.64,0.5423540237328172,0.7272877966118639
540,576,8.980870918817141,130,200,0.65,0.5816346428084853,0.7127117591908259
540,581,8.989248499226713,17,25,0.68,0.4841026912048403,0.827948097801419
540,584,8.994275047472458,134,200,0.67,0.6021668471867698,0.7314257417457829
540,616,9.047891562093724,135,200,0.675,0.607319850609677,0.7360842850561861
540,624,9.06129569074904,129,200,0.645,0.5765211302029042,0.7080137250630966
540,632,9.074699819404357,135,200,0.675,0.607319850609677,0.7360842850561861
541,281,8.501437699940558,18,25,0.72,0.5242339465222646,0.8571614622631633
541,450,8.784599917784117,17,25,0.68,0.4841026912048403,0.827948097801419
541,535,8.927018784746855,15,25,0.6,0.4073945721749423,0.7659669772729795
541,556,8.96220462246706,18,25,0.72,0.5242339465222646,0.8571614622631633
541,559,8.967231170712804,64,100,0.64,0.5423540237328172,0.7272877966118639
541,560,8.96890668679472,64,100,0.64,0.5423540237328172,0.7272877966118639
541,561,8.970582202876633,64,100,0.64,0.5423540237328172,0.7272877966118639
541,562,8.972257718958549,64,100,0.64,0.5423540237328172,0.7272877966118639
541,563,8.973933235040462,64,100,0.64,0.5423540237328172,0.7272877966118639
541,564,8.975608751122378,64,100,0.64,0.5423540237328172,0.7272877966118639
541,565,8.977284267204292,64,100,0.64,0.5423540237328172,0.7272877966118639
541,566,8.978959783286207,64,100,0.64,0.5423540237328172,0.7272877966118639
541,567,8.98063529936812,131,200,0.655,0.5867558920387631,0.7174020566938584
541,572,8.989012879777693,17,25,0.68,0.4841026912048403,0.827948097801419
541,575,8.994039428023438,134,200,0.67,0.6021668471867698,0.7314257417457829
541,607,9.047655942644703,136,200,0.68,0.6124810151086787,0.7407346672904946
541,615,9.06106007130002,129,200,0.645,0.5765211302029042,0.7080137250630966
541,623,9.074464199955337,136,200,0.68,0.6124810151086787,0.7407346672904946
542,272,8.50120208049154,18,25,0.72,0.5242339465222646,0.8571614622631633
542,442,8.786039814417014,17,25,0.68,0.4841026912048403,0.827948097801419
542,526,8.926783165297836,15,25,0.6,0.4073945721749423,0.7659669772729795
542,547,8.961969003018043,18,25,0.72,0.5242339465222646,0.8571614622631633
542,551,8.968671067345701,66,100,0.66,0.56277728776086,0.7453847926330613
542,552,8.970346583427615,66,100,0.66,0.56277728776086,0.7453847926330613
542,553,8.97202209950953,66,100,0.66,0.56277728776086,0.7453847926330613
542,554,8.973697615591444,66,100,0.66,0.56277728776086,0.7453847926330613
542,555,8.97537313167336,66,100,0.66,0.56277728776086,0.7453847926330613
542,556,8.977048647755273,66,100,0.66,0.56277728776086,0.7453847926330613
542,557,8.978724163837187,66,100,0.66,0.56277728776086,0.7453847926330613
542,558,8.980399679919103,68,100,0.68,0.583373813107172,0.7633085273359895
542,559,8.982075196001016,130,200,0.65,0.5816346428084853,0.7127117591908259
542,563,8.988777260328675,17,25,0.68,0.4841026912048403,0.827948097801419
542,566,8.99380380857442,17,25,0.68,0.4841026912048403,0.827948097801419
542,567,8.995479324656333,135,200,0.675,0.607319850609677,0.7360842850561861
542,599,9.0490958392776,138,200,0.69,0.6228282237882907,0.7500105520775032
542,607,9.062499967932915,130,200,0.65,0.5816346428084853,0.7127117591908259
542,615,9.075904096588232,138,200,0.69,0.6228282237882907,0.7500105520775032
543,264,8.502641977124433,18,25,0.72,0.5242339465222646,0.8571614622631633
543,433,8.785804194967994,17,25,0.68,0.4841026912048403,0.827948097801419
543,517,8.926547545848816,15,25,0.6,0.4073945721749423,0.7659669772729795
543,539,8.963408899650936,18,25,0.72,0.5242339465222646,0.8571614622631633
543,542,8.968435447896681,66,100,0.66,0.56277728776086,0.7453847926330613
543,543,8.970110963978595,66,100,0.66,0.56277728776086,0.7453847926330613
543,544,8.971786480060508,66,100,0.66,0.56277728776086,0.7453847926330613
543,545,8.973461996142424,66,100,0.66,0.56277728776086,0.7453847926330613
543,546,8.975137512224338,66,100,0.66,0.56277728776086,0.7453847926330613
543,547,8.976813028306253,66,100,0.66,0.56277728776086,0.7453847926330613
543,548,8.978488544388167,66,100,0.66,0.56277728776086,0.7453847926330613
543,549,8.980164060470083,69,100,0.69,0.593739442016307,0.7722030284514743
543,550,8.981839576551996,130,200,0.65,0.5816346428084853,0.7127117591908259
543,554,8.988541640879655,17,25,0.68,0.4841026912048403,0.827948097801419
543,557,8.993568189125398,17,25,0.68,0.4841026912048403,0.827948097801419
543,558,8.995243705207313,135,200,0.675,0.607319850609677,0.7360842850561861
543,590,9.04886021982858,138,200,0.69,0.6228282237882907,0.7500105520775032
543,598,9.062264348483895,131,200,0.655,0.5867558920387631,0.7174020566938584
543,606,9.075668477139212,138,200,0.69,0.6228282237882907,0.7500105520775032
544,255,8.502406357675415,19,25,0.76,0.5657031648291212,0.8850368637354755
544,424,8.785568575518974,15,25,0.6,0.4073945721749423,0.7659669772729795
544,508,8.926311926399798,15,25,0.6,0.4073945721749423,0.7659669772729795
544,530,8.963173280201918,18,25,0.72,0.5242339465222646,0.8571614622631633
544,533,8.968199828447661,67,100,0.67,0.5730534371634074,0.754368773255134
544,534,8.969875344529576,67,100,0.67,0.5730534371634074,0.754368773255134
544,535,8.97155086061149,67,100,0.67,0.5730534371634074,0.754368773255134
544,536,8.973226376693406,67,100,0.67,0.5730534371634074,0.754368773255134
544,537,8.97490189277532,67,100,0.67,0.5730534371634074,0.754368773255134
544,538,8.976577408857235,67,100,0.67,0.5730534371634074,0.754368773255134
544,539,8.978252924939149,67,100,0.67,0.5730534371634074,0.754368773255134
544,540,8.979928441021064,69,100,0.69,0.593739442016307,0.7722030284514743
544,541,8.981603957102978,130,200,0.65,0.5816346428084853,0.7127117591908259
544,546,8.98998153751255,17,25,0.68,0.4841026912048403,0.827948097801419
544,548,8.99333256967638,17,25,0.68,0.4841026912048403,0.827948097801419
544,549,8.995008085758295,136,200,0.68,0.6124810151086787,0.7407346672904946
544,581,9.04862460037956,140,200,0.7,0.6332093157249852,0.7592525536074295
544,589,9.062028729034877,132,200,0.66,0.5918849547167886,0.7220845407491433
544,597,9.075432857690194,140,200,0.7,0.6332093157249852,0.7592525536074295
545,246,8.502170738226397,20,25,0.8,0.6086904946512341,0.9113941536925313
545,415,8.785332956069956,15,25,0.6,0.4073945721749423,0.7659669772729795
545,500,8.927751823032693,15,25,0.6,0.4073945721749423,0.7659669772729795
545,521,8.9629376607529,18,25,0.72,0.5242339465222646,0.8571614622631633
545,524,8.967964208998643,67,100,0.67,0.5730534371634074,0.754368773255134
545,525,8.969639725080558,67,100,0.67,0.5730534371634074,0.754368773255134
545,526,8.971315241162472,67,100,0.67,0.5730534371634074,0.754368773255134
545,527,8.972990757244387,67,100,0.67,0.5730534371634074,0.754368773255134
545,528,8.974666273326301,67,100,0.67,0.5730534371634074,0.754368773255134
545,529,8.976341789408217,67,100,0.67,0.5730534371634074,0.754368773255134
545,530,8.97801730549013,67,100,0.67,0.5730534371634074,0.754368773255134
545,531,8.979692821572044,70,100,0.7,0.6041514528775587,0.7810511476148428
545,532,8.98136833765396,131,200,0.655,0.5867558920387631,0.7174020566938584
545,537,8.989745918063532,17,25,0.68,0.4841026912048403,0.827948097801419
545,539,8.993096950227361,17,25,0.68,0.4841026912048403,0.827948097801419
545,540,8.994772466309277,137,200,0.685,0.6176504385930084,0.7453767905394755
545,572,9.048388980930541,140,200,0.7,0.6332093157249852,0.7592525536074295
545,580,9.061793109585858,133,200,0.665,0.5970219115283492,0.7267591306708931
545,588,9.075197238241175,139,200,0.695,0.6280144784717092,0.7546358441273952
546,237,8.501935118777377,20,25,0.8,0.6086904946512341,0.9113941536925313
546,406,8.785097336620936,15,25,0.6,0.4073945721749423,0.7659669772729795
546,491,8.927516203583673,15,25,0.6,0.4073945721749423,0.7659669772729795
546,512,8.96270204130388,19,25,0.76,0.5657031648291212,0.8850368637354755
546,515,8.967728589549623,67,100,0.67,0.5730534371634074,0.754368773255134
546,516,8.969404105631538,67,100,0.67,0.5730534371634074,0.754368773255134
546,517,8.971079621713452,67,100,0.67,0.5730534371634074,0.754368773255134
546,518,8.972755137795367,67,100,0.67,0.5730534371634074,0.754368773255134
546,519,8.974430653877281,67,100,0.67,0.5730534371634074,0.754368773255134
546,520,8.976106169959195,67,100,0.67,0.5730534371634074,0.754368773255134
546,521,8.97778168604111,67,100,0.67,0.5730534371634074,0.754368773255134
546,522,8.979457202123024,70,100,0.7,0.6041514528775587,0.7810511476148428
546,523,8.98113271820494,131,200,0.655,0.5867558920387631,0.7174020566938584
546,528,8.989510298614512,17,25,0.68,0.4841026912048403,0.827948097801419
546,530,8.992861330778341,17,25,0.68,0.4841026912048403,0.827948097801419
546,531,8.994536846860257,138,200,0.69,0.6228282237882907,0.7500105520775032
546,563,9.048153361481521,141,200,0.705,0.638412854206739,0.7638605618589861
546,571,9.061557490136838,133,200,0.665,0.5970219115283492,0.7267591306708931
546,579,9.074961618792155,139,200,0.695,0.6280144784717092,0.7546358441273952
547,228,8.501699499328359,21,25,0.84,0.6534637822439173,0.9359654858790166
547,397,8.784861717171918,15,25,0.6,0.4073945721749423,0.7659669772729795
547,482,8.927280584134655,15,25,0.6,0.4073945721749423,0.7659669772729795
547,503,8.962466421854861,19,25,0.76,0.5657031648291212,0.8850368637354755
547,506,8.967492970100604,67,100,0.67,0.5730534371634074,0.754368773255134
547,507,8.969168486182518,67,100,0.67,0.5730534371634074,0.754368773255134
547,508,8.970844002264434,67,100,0.67,0.5730534371634074,0.754368773255134
547,509,8.972519518346347,67,100,0.67,0.5730534371634074,0.754368773255134
547,510,8.974195034428263,67,100,0.67,0.5730534371634074,0.754368773255134
547,511,8.975870550510177,67,100,0.67,0.5730534371634074,0.754368773255134
547,512,8.977546066592092,67,100,0.67,0.5730534371634074,0.754368773255134
547,513,8.979221582674006,67,100,0.67,0.5730534371634074,0.754368773255134
547,514,8.980897098755921,134,200,0.67,0.6021668471867698,0.7314257417457829
547,519,8.989274679165494,17,25,0.68,0.4841026912048403,0.827948097801419
547,522,8.994301227411237,136,200,0.68,0.6124810151086787,0.7407346672904946
547,554,9.047917742032503,141,200,0.705,0.638412854206739,0.7638605618589861
547,562,9.06132187068782,134,200,0.67,0.6021668471867698,0.7314257417457829
547,570,9.074725999343135,141,200,0.705,0.638412854206739,0.7638605618589861
548,219,8.501463879879337,21,25,0.84,0.6534637822439173,0.9359654858790166
548,388,8.784626097722898,15,25,0.6,0.4073945721749423,0.7659669772729795
548,473,8.927044964685635,15,25,0.6,0.4073945721749423,0.7659669772729795
548,494,8.962230802405841,19,25,0.76,0.5657031648291212,0.8850368637354755
548,497,8.967257350651584,67,100,0.67,0.5730534371634074,0.754368773255134
548,498,8.968932866733498,67,100,0.67,0.5730534371634074,0.754368773255134
548,499,8.970608382815414,67,100,0.67,0.5730534371634074,0.754368773255134
548,500,8.972283898897327,67,100,0.67,0.5730534371634074,0.754368773255134
548,501,8.973959414979243,67,100,0.67,0.5730534371634074,0.754368773255134
548,502,8.975634931061157,67,100,0.67,0.5730534371634074,0.754368773255134
548,503,8.977310447143072,67,100,0.67,0.5730534371634074,0.754368773255134
548,504,8.978985963224986,67,100,0.67,0.5730534371634074,0.754368773255134
548,505,8.980661479306901,135,200,0.675,0.607319850609677,0.7360842850561861
548,510,8.989039059716474,17,25,0.68,0.4841026912048403,0.827948097801419
548,513,8.994065607962217,137,200,0.685,0.6176504385930084,0.7453767905394755
548,545,9.047682122583483,142,200,0.71,0.6436252184459675,0.768459744353068
548,553,9.0610862512388,134,200,0.67,0.6021668471867698,0.7314257417457829
548,561,9.074490379894115,142,200,0.71,0.6436252184459675,0.768459744353068
549,210,8.501228260430318,21,25,0.84,0.6534637822439173,0.9359654858790166
549,380,8.786065994355793,15,25,0.6,0.4073945721749423,0.7659669772729795
549,464,8.926809345236617,15,25,0.6,0.4073945721749423,0.7659669772729795
549,485,8.961995182956821,19,25,0.76,0.5657031648291212,0.8850368637354755
549,489,8.96869724728448,67,100,0.67,0.5730534371634074,0.754368773255134
549,490,8.970372763366395,67,100,0.67,0.5730534371634074,0.754368773255134
549,491,8.972048279448309,67,100,0.67,0.5730534371634074,0.754368773255134
549,492,8.973723795530224,67,100,0.67,0.5730534371634074,0.754368773255134
549,493,8.975399311612138,67,100,0.67,0.5730534371634074,0.754368773255134
549,494,8.977074827694054,67,100,0.67,0.5730534371634074,0.754368773255134
549,495,8.978750343775967,67,100,0.67,0.5730534371634074,0.754368773255134
549,496,8.980425859857881,71,100,0.71,0.6146110874554646,0.789851643061557
549,497,8.982101375939797,134,200,0.67,0.6021668471867698,0.7314257417457829
549,501,8.988803440267455,17,25,0.68,0.4841026912048403,0.827948097801419
549,504,8.993829988513198,17,25,0.68,0.4841026912048403,0.827948097801419
549,505,8.995505504595114,142,200,0.71,0.6436252184459675,0.768459744353068
549,537,9.049122019216378,143,200,0.715,0.6488465391585686,0.7730499703737773
549,545,9.062526147871695,134,200,0.67,0.6021668471867698,0.7314257417457829
549,553,9.075930276527012,145,200,0.725,0.6593166058798847,0.7822029971190819
550,202,8.502668157063216,21,25,0.84,0.6534637822439173,0.9359654858790166
550,371,8.785830374906775,15,25,0.6,0.4073945721749423,0.7659669772729795
550,455,8.926573725787598,15,25,0.6,0.4073945721749423,0.7659669772729795
550,476,8.961759563507803,19,25,0.76,0.5657031648291212,0.8850368637354755
550,480,8.968461627835461,68,100,0.68,0.583373813107172,0.7633085273359895
550,481,8.970137143917377,68,100,0.68,0.583373813107172,0.7633085273359895
550,482,8.97181265999929,68,100,0.68,0.583373813107172,0.7633085273359895
550,483,8.973488176081204,68,100,0.68,0.583373813107172,0.7633085273359895
550,484,8.97516369216312,68,100,0.68,0.583373813107172,0.7633085273359895
550,485,8.976839208245034,68,100,0.68,0.583373813107172,0.7633085273359895
550,486,8.97851472432695,68,100,0.68,0.583373813107172,0.7633085273359895
550,487,8.980190240408863,72,100,0.72,0.6251197121124493,0.7986031484291923
550,488,8.981865756490778,135,200,0.675,0.607319850609677,0.7360842850561861
550,492,8.988567820818437,17,25,0.68,0.4841026912048403,0.827948097801419
550,495,8.99359436906418,17,25,0.68,0.4841026912048403,0.827948097801419
550,496,8.995269885146094,142,200,0.71,0.6436252184459675,0.768459744353068
550,528,9.04888639976736,143,200,0.715,0.6488465391585686,0.7730499703737773
550,536,9.062290528422677,135,200,0.675,0.607319850609677,0.7360842850561861
550,544,9.075694657077992,145,200,0.725,0.6593166058798847,0.7822029971190819
551,193,8.502432537614194,21,25,0.84,0.6534637822439173,0.9359654858790166
551,362,8.785594755457755,15,25,0.6,0.4073945721749423,0.7659669772729795
551,446,8.926338106338578,15,25,0.6,0.4073945721749423,0.7659669772729795
551,468,8.963199460140698,19,25,0.76,0.5657031648291212,0.8850368637354755
551,471,8.968226008386441,69,100,0.69,0.593739442016307,0.7722030284514743
551,472,8.969901524468355,69,100,0.69,0.593739442016307,0.7722030284514743
551,473,8.97157704055027,69,100,0.69,0.593739442016307,0.7722030284514743
551,474,8.973252556632184,69,100,0.69,0.593739442016307,0.7722030284514743
551,475,8.9749280727141,69,100,0.69,0.593739442016307,0.7722030284514743
551,476,8.976603588796014,69,100,0.69,0.593739442016307,0.7722030284514743
551,477,8.97827910487793,69,100,0.69,0.593739442016307,0.7722030284514743
551,478,8.979954620959843,72,100,0.72,0.6251197121124493,0.7986031484291923
551,479,8.981630137041758,135,200,0.675,0.607319850609677,0.7360842850561861
551,483,8.988332201369417,17,25,0.68,0.4841026912048403,0.827948097801419
551,486,8.99335874961516,17,25,0.68,0.4841026912048403,0.827948097801419
551,487,8.995034265697074,142,200,0.71,0.6436252184459675,0.768459744353068
551,519,9.04865078031834,145,200,0.725,0.6593166058798847,0.7822029971190819
551,527,9.062054908973657,136,200,0.68,0.6124810151086787,0.7407346672904946
551,535,9.075459037628972,146,200,0.73,0.66456564747098,0.786765502261297
552,184,8.502196918165176,21,25,0.84,0.6534637822439173,0.9359654858790166
552,353,8.785359136008736,16,25,0.64,0.44518497600865714,0.7975211932184334
552,438,8.927778002971474,16,25,0.64,0.44518497600865714,0.7975211932184334
552,459,8.962963840691678,19,25,0.76,0.5657031648291212,0.8850368637354755
552,462,8.967990388937423,70,100,0.7,0.6041514528775587,0.7810511476148428
552,463,8.969665905019337,70,100,0.7,0.6041514528775587,0.7810511476148428
552,464,8.971341421101252,70,100,0.7,0.6041514528775587,0.7810511476148428
552,465,8.973016937183166,70,100,0.7,0.6041514528775587,0.7810511476148428
552,466,8.974692453265082,70,100,0.7,0.6041514528775587,0.7810511476148428
552,467,8.976367969346995,70,100,0.7,0.6041514528775587,0.7810511476148428
552,468,8.97804348542891,70,100,0.7,0.6041514528775587,0.7810511476148428
552,469,8.979719001510825,73,100,0.73,0.6356788315330401,0.8073041590332217
552,470,8.98139451759274,136,200,0.68,0.6124810151086787,0.7407346672904946
552,475,8.989772098002312,17,25,0.68,0.4841026912048403,0.827948097801419
552,477,8.993123130166142,17,25,0.68,0.4841026912048403,0.827948097801419
552,478,8.994798646248055,142,200,0.71,0.6436252184459675,0.768459744353068
552,510,9.048415160869322,145,200,0.725,0.6593166058798847,0.7822029971190819
552,518,9.061819289524639,137,200,0.685,0.6176504385930084,0.7453767905394755
552,526,9.075223418179954,146,200,0.73,0.66456564747098,0.786765502261297
553,175,8.501961298716155,21,25,0.84,0.6534637822439173,0.9359654858790166
553,344,8.785123516559716,16,25,0.64,0.44518497600865714,0.7975211932184334
553,429,8.927542383522454,16,25,0.64,0.44518497600865714,0.7975211932184334
553,450,8.962728221242658,19,25,0.76,0.5657031648291212,0.8850368637354755
553,453,8.967754769488403,70,100,0.7,0.6041514528775587,0.7810511476148428
553,454,8.969430285570317,70,100,0.7,0.6041514528775587,0.7810511476148428
553,455,8.971105801652232,70,100,0.7,0.6041514528775587,0.7810511476148428
553,456,8.972781317734146,70,100,0.7,0.6041514528775587,0.7810511476148428
553,457,8.974456833816062,70,100,0.7,0.6041514528775587,0.7810511476148428
553,458,8.976132349897975,70,100,0.7,0.6041514528775587,0.7810511476148428
553,459,8.97780786597989,70,100,0.7,0.6041514528775587,0.7810511476148428
553,460,8.979483382061805,73,100,0.73,0.6356788315330401,0.8073041590332217
553,461,8.981158898143718,137,200,0.685,0.6176504385930084,0.7453767905394755
553,466,8.989536478553292,17,25,0.68,0.4841026912048403,0.827948097801419
553,468,8.992887510717122,17,25,0.68,0.4841026912048403,0.827948097801419
553,469,8.994563026799035,142,200,0.71,0.6436252184459675,0.768459744353068
553,501,9.048179541420302,146,200,0.73,0.66456564747098,0.786765502261297
553,509,9.061583670075617,138,200,0.69,0.6228282237882907,0.7500105520775032
553,517,9.074987798730934,146,200,0.73,0.66456564747098,0.786765502261297
554,166,8.501725679267137,21,25,0.84,0.6534637822439173,0.9359654858790166
554,335,8.784887897110698,16,25,0.64,0.44518497600865714,0.7975211932184334
554,420,8.927306764073435,18,25,0.72,0.5242339465222646,0.8571614622631633
554,441,8.96249260179364,19,25,0.76,0.5657031648291212,0.8850368637354755
554,444,8.967519150039385,70,100,0.7,0.6041514528775587,0.7810511476148428
554,445,8.969194666121298,70,100,0.7,0.6041514528775587,0.7810511476148428
554,446,8.970870182203214,70,100,0.7,0.6041514528775587,0.7810511476148428
554,447,8.972545698285128,70,100,0.7,0.6041514528775587,0.7810511476148428
554,448,8.974221214367041,70,100,0.7,0.6041514528775587,0.7810511476148428
554,449,8.975896730448957,70,100,0.7,0.6041514528775587,0.7810511476148428
554,450,8.97757224653087,70,100,0.7,0.6041514528775587,0.7810511476148428
554,451,8.979247762612786,70,100,0.7,0.6041514528775587,0.7810511476148428
554,452,8.9809232786947,138,200,0.69,0.6228282237882907,0.7500105520775032
554,457,8.989300859104274,17,25,0.68,0.4841026912048403,0.827948097801419
554,460,8.994327407350017,143,200,0.715,0.6488465391585686,0.7730499703737773
554,492,9.047943921971283,147,200,0.735,0.669824237532593,0.7913184589329944
554,500,9.061348050626599,138,200,0.69,0.6228282237882907,0.7500105520775032
554,508,9.074752179281916,147,200,0.735,0.669824237532593,0.7913184589329944
555,157,8.501490059818119,21,25,0.84,0.6534637822439173,0.9359654858790166
555,326,8.784652277661678,16,25,0.64,0.44518497600865714,0.7975211932184334
555,411,8.927071144624417,18,25,0.72,0.5242339465222646,0.8571614622631633
555,432,8.962256982344622,19,25,0.76,0.5657031648291212,0.8850368637354755
555,435,8.967283530590365,71,100,0.71,0.6146110874554646,0.789851643061557
555,436,8.96895904667228,71,100,0.71,0.6146110874554646,0.789851643061557
555,437,8.970634562754194,71,100,0.71,0.6146110874554646,0.789851643061557
555,438,8.97231007883611,71,100,0.71,0.6146110874554646,0.789851643061557
555,439,8.973985594918023,71,100,0.71,0.6146110874554646,0.789851643061557
555,440,8.975661110999939,71,100,0.71,0.6146110874554646,0.789851643061557
555,441,8.977336627081852,71,100,0.71,0.6146110874554646,0.789851643061557
555,442,8.979012143163768,71,100,0.71,0.6146110874554646,0.789851643061557
555,443,8.980687659245682,139,200,0.695,0.6280144784717092,0.7546358441273952
555,448,8.989065239655254,17,25,0.68,0.4841026912048403,0.827948097801419
555,451,8.994091787900999,144,200,0.72,0.6540769535890598,0.7776311026765964
555,483,9.047708302522263,147,200,0.735,0.669824237532593,0.7913184589329944
555,491,9.06111243117758,140,200,0.7,0.6332093157249852,0.7592525536074295
555,499,9.074516559832897,147,200,0.735,0.669824237532593,0.7913184589329944
556,148,8.501254440369099,21,25,0.84,0.6534637822439173,0.9359654858790166
556,318,8.786092174294573,16,25,0.64,0.44518497600865714,0.7975211932184334
556,402,8.926835525175395,18,25,0.72,0.5242339465222646,0.8571614622631633
556,423,8.962021362895602,18,25,0.72,0.5242339465222646,0.8571614622631633
556,426,8.967047911141345,71,100,0.71,0.6146110874554646,0.789851643061557
556,427,8.96872342722326,71,100,0.71,0.6146110874554646,0.789851643061557
556,428,8.970398943305174,71,100,0.71,0.6146110874554646,0.789851643061557
556,429,8.97207445938709,71,100,0.71,0.6146110874554646,0.789851643061557
556,430,8.973749975469003,71,100,0.71,0.6146110874554646,0.789851643061557
556,431,8.975425491550919,71,100,0.71,0.6146110874554646,0.789851643061557
556,432,8.977101007632832,71,100,0.71,0.6146110874554646,0.789851643061557
556,433,8.978776523714748,71,100,0.71,0.6146110874554646,0.789851643061557
556,434,8.980452039796662,141,200,0.705,0.638412854206739,0.7638605618589861
556,439,8.988829620206234,17,25,0.68,0.4841026912048403,0.827948097801419
556,442,8.993856168451979,145,200,0.725,0.6593166058798847,0.7822029971190819
556,474,9.047472683073243,148,200,0.74,0.6750925434347002,0.7958616997641975
556,482,9.06087681172856,144,200,0.72,0.6540769535890598,0.7776311026765964
556,490,9.074280940383877,148,200,0.74,0.6750925434347002,0.7958616997641975
557,140,8.502694337001994,21,25,0.84,0.6534637822439173,0.9359654858790166
557,309,8.785856554845555,16,25,0.64,0.44518497600865714,0.7975211932184334
557,393,8.926599905726377,18,25,0.72,0.5242339465222646,0.8571614622631633
557,414,8.961785743446583,18,25,0.72,0.5242339465222646,0.8571614622631633
557,418,8.968487807774242,73,100,0.73,0.6356788315330401,0.8073041590332217
557,419,8.970163323856156,73,100,0.73,0.6356788315330401,0.8073041590332217
557,420,8.971838839938071,73,100,0.73,0.6356788315330401,0.8073041590332217
557,421,8.973514356019985,73,100,0.73,0.6356788315330401,0.8073041590332217
557,422,8.9751898721019,73,100,0.73,0.6356788315330401,0.8073041590332217
557,423,8.976865388183814,74,100,0.74,0.6462901047218014,0.8159530158690804
557,424,8.978540904265728,74,100,0.74,0.6462901047218014,0.8159530158690804
557,425,8.980216420347643,71,100,0.71,0.6146110874554646,0.789851643061557
557,426,8.981891936429557,139,200,0.695,0.6280144784717092,0.7546358441273952
557,430,8.988594000757216,17,25,0.68,0.4841026912048403,0.827948097801419
557,433,8.99362054900296,17,25,0.68,0.4841026912048403,0.827948097801419
557,434,8.995296065084874,145,200,0.725,0.6593166058798847,0.7822029971190819
557,466,9.04891257970614,149,200,0.745,0.6803707412567906,0.8003950486754174
557,474,9.062316708361456,145,200,0.725,0.6593166058798847,0.7822029971190819
557,482,9.075720837016773,149,200,0.745,0.6803707412567906,0.8003950486754174
558,131,8.502458717552974,21,25,0.84,0.6534637822439173,0.9359654858790166
558,300,8.785620935396535,16,25,0.64,0.44518497600865714,0.7975211932184334
558,384,8.926364286277357,19,25,0.76,0.5657031648291212,0.8850368637354755
558,406,8.963225640079477,18,25,0.72,0.5242339465222646,0.8571614622631633
558,409,8.968252188325222,73,100,0.73,0.6356788315330401,0.8073041590332217
558,410,8.969927704407135,73,100,0.73,0.6356788315330401,0.8073041590332217
558,411,8.971603220489051,73,100,0.73,0.6356788315330401,0.8073041590332217
558,412,8.973278736570965,73,100,0.73,0.6356788315330401,0.8073041590332217
558,413,8.974954252652878,73,100,0.73,0.6356788315330401,0.8073041590332217
558,414,8.976629768734794,73,100,0.73,0.6356788315330401,0.8073041590332217
558,415,8.978305284816708,73,100,0.73,0.6356788315330401,0.8073041590332217
558,416,8.979980800898623,74,100,0.74,0.6462901047218014,0.8159530158690804
558,417,8.981656316980537,140,200,0.7,0.6332093157249852,0.7592525536074295
558,421,8.988358381308196,20,25,0.8,0.6086904946512341,0.9113941536925313
558,424,8.993384929553939,20,25,0.8,0.6086904946512341,0.9113941536925313
558,425,8.995060445635854,145,200,0.725,0.6593166058798847,0.7822029971190819
558,457,9.04867696025712,150,200,0.75,0.6856590163422495,0.804918320323269
558,465,9.062081088912436,146,200,0.73,0.66456564747098,0.786765502261297
558,473,9.075485217567753,150,200,0.75,0.6856590163422495,0.804918320323269
559,122,8.502223098103956,21,25,0.84,0.6534637822439173,0.9359654858790166
559,291,8.785385315947515,16,25,0.64,0.44518497600865714,0.7975211932184334
559,376,8.927804182910252,19,25,0.76,0.5657031648291212,0.8850368637354755
559,397,8.962990020630459,18,25,0.72,0.5242339465222646,0.8571614622631633
559,400,8.968016568876202,74,100,0.74,0.6462901047218014,0.8159530158690804
559,401,8.969692084958117,74,100,0.74,0.6462901047218014,0.8159530158690804
559,402,8.971367601040031,74,100,0.74,0.6462901047218014,0.8159530158690804
559,403,8.973043117121946,74,100,0.74,0.6462901047218014,0.8159530158690804
559,404,8.97471863320386,74,100,0.74,0.6462901047218014,0.8159530158690804
559,405,8.976394149285776,74,100,0.74,0.6462901047218014,0.8159530158690804
559,406,8.97806966536769,74,100,0.74,0.6462901047218014,0.8159530158690804
559,407,8.979745181449605,74,100,0.74,0.6462901047218014,0.8159530158690804
559,408,8.981420697531519,142,200,0.71,0.6436252184459675,0.768459744353068
559,413,8.989798277941091,20,25,0.8,0.6086904946512341,0.9113941536925313
559,415,8.99314931010492,20,25,0.8,0.6086904946512341,0.9113941536925313
559,416,8.994824826186836,147,200,0.735,0.669824237532593,0.7913184589329944
559,417,8.99650034226875,22,25,0.88,0.7004420590811533,0.9583318288209496
559,418,8.998175858350665,22,25,0.88,0.7004420590811533,0.9583318288209496
559,448,9.0484413408081,150,200,0.75,0.6856590163422495,0.804918320323269
559,456,9.061845469463417,146,200,0.73,0.66456564747098,0.786765502261297
559,464,9.075249598118734,150,200,0.75,0.6856590163422495,0.804918320323269
560,113,8.501987478654936,21,25,0.84,0.6534637822439173,0.9359654858790166
560,282,8.785149696498495,16,25,0.64,0.44518497600865714,0.7975211932184334
560,367,8.927568563461232,19,25,0.76,0.5657031648291212,0.8850368637354755
560,388,8.962754401181439,18,25,0.72,0.5242339465222646,0.8571614622631633
560,391,8.967780949427182,74,100,0.74,0.6462901047218014,0.8159530158690804
560,392,8.969456465509097,74,100,0.74,0.6462901047218014,0.8159530158690804
560,393,8.97113198159101,74,100,0.74,0.6462901047218014,0.8159530158690804
560,394,8.972807497672926,74,100,0.74,0.6462901047218014,0.8159530158690804
560,395,8.97448301375484,74,100,0.74,0.6462901047218014,0.8159530158690804
560,396,8.976158529836756,74,100,0.74,0.6462901047218014,0.8159530158690804
560,397,8.97783404591867,74,100,0.74,0.6462901047218014,0.8159530158690804
560,398,8.979509562000583,75,100,0.75,0.6569553637346054,0.8245478868808965
560,399,8.981185078082499,144,200,0.72,0.6540769535890598,0.7776311026765964
560,404,8.989562658492071,20,25,0.8,0.6086904946512341,0.9113941536925313
560,406,8.9929136906559,20,25,0.8,0.6086904946512341,0.9113941536925313
560,407,8.994589206737816,149,200,0.745,0.6803707412567906,0.8003950486754174
560,408,8.99626472281973,22,25,0.88,0.7004420590811533,0.9583318288209496
560,409,8.997940238901645,22,25,0.88,0.7004420590811533,0.9583318288209496
560,439,9.04820572135908,151,200,0.755,0.6909575639021187,0.8094313194967102
560,447,9.061609850014397,146,200,0.73,0.66456564747098,0.786765502261297
560,455,9.075013978669714,152,200,0.76,0.6962665896736326,0.8139338404585067
561,104,8.501751859205918,21,25,0.84,0.6534637822439173,0.9359654858790166
561,273,8.784914077049477,16,25,0.64,0.44518497600865714,0.7975211932184334
561,358,8.927332944012214,20,25,0.8,0.6086904946512341,0.9113941536925313
561,379,8.96251878173242,18,25,0.72,0.5242339465222646,0.8571614622631633
561,382,8.967545329978163,74,100,0.74,0.6462901047218014,0.8159530158690804
561,383,8.969220846060079,74,100,0.74,0.6462901047218014,0.8159530158690804
561,384,8.970896362141993,74,100,0.74,0.6462901047218014,0.8159530158690804
561,385,8.972571878223908,74,100,0.74,0.6462901047218014,0.8159530158690804
561,386,8.974247394305822,74,100,0.74,0.6462901047218014,0.8159530158690804
561,387,8.975922910387737,74,100,0.74,0.6462901047218014,0.8159530158690804
561,388,8.977598426469651,74,100,0.74,0.6462901047218014,0.8159530158690804
561,389,8.979273942551565,74,100,0.74,0.6462901047218014,0.8159530158690804
561,390,8.98094945863348,148,200,0.74,0.6750925434347002,0.7958616997641975
561,395,8.989327039043053,20,25,0.8,0.6086904946512341,0.9113941536925313
561,398,8.994353587288796,151,200,0.755,0.6909575639021187,0.8094313194967102
561,399,8.996029103370711,22,25,0.88,0.7004420590811533,0.9583318288209496
561,400,8.997704619452625,22,25,0.88,0.7004420590811533,0.9583318288209496
561,430,9.047970101910062,151,200,0.755,0.6909575639021187,0.8094313194967102
561,438,9.061374230565379,146,200,0.73,0.66456564747098,0.786765502261297
561,446,9.074778359220696,152,200,0.76,0.6962665896736326,0.8139338404585067
562,95,8.5015162397569,21,25,0.84,0.6534637822439173,0.9359654858790166
562,264,8.784678457600458,17,25,0.68,0.4841026912048403,0.827948097801419
562,349,8.927097324563196,21,25,0.84,0.6534637822439173,0.9359654858790166
562,370,8.962283162283402,18,25,0.72,0.5242339465222646,0.8571614622631633
562,373,8.967309710529145,74,100,0.74,0.6462901047218014,0.8159530158690804
562,374,8.96898522661106,74,100,0.74,0.6462901047218014,0.8159530158690804
562,375,8.970660742692974,74,100,0.74,0.6462901047218014,0.8159530158690804
562,376,8.972336258774888,74,100,0.74,0.6462901047218014,0.8159530158690804
562,377,8.974011774856804,74,100,0.74,0.6462901047218014,0.8159530158690804
562,378,8.975687290938717,74,100,0.74,0.6462901047218014,0.8159530158690804
562,379,8.977362807020633,74,100,0.74,0.6462901047218014,0.8159530158690804
562,380,8.979038323102547,74,100,0.74,0.6462901047218014,0.8159530158690804
562,381,8.980713839184462,148,200,0.74,0.6750925434347002,0.7958616997641975
562,386,8.989091419594034,20,25,0.8,0.6086904946512341,0.9113941536925313
562,389,8.994117967839777,151,200,0.755,0.6909575639021187,0.8094313194967102
562,390,8.995793483921693,22,25,0.88,0.7004420590811533,0.9583318288209496
562,391,8.997469000003607,22,25,0.88,0.7004420590811533,0.9583318288209496
562,421,9.047734482461044,152,200,0.76,0.6962665896736326,0.8139338404585067
562,429,9.06113861111636,149,200,0.745,0.6803707412567906,0.8003950486754174
562,437,9.074542739771676,153,200,0.765,0.7015863106396482,0.8184256662258015
563,86,8.501280620307877,21,25,0.84,0.6534637822439173,0.9359654858790166
563,256,8.786118354233352,17,25,0.68,0.4841026912048403,0.827948097801419
563,340,8.926861705114176,21,25,0.84,0.6534637822439173,0.9359654858790166
563,361,8.962047542834382,18,25,0.72,0.5242339465222646,0.8571614622631633
563,364,8.967074091080125,74,100,0.74,0.6462901047218014,0.8159530158690804
563,365,8.968749607162039,74,100,0.74,0.6462901047218014,0.8159530158690804
563,366,8.970425123243954,74,100,0.74,0.6462901047218014,0.8159530158690804
563,367,8.972100639325868,74,100,0.74,0.6462901047218014,0.8159530158690804
563,368,8.973776155407784,74,100,0.74,0.6462901047218014,0.8159530158690804
563,369,8.975451671489697,74,100,0.74,0.6462901047218014,0.8159530158690804
563,370,8.977127187571613,74,100,0.74,0.6462901047218014,0.8159530158690804
563,371,8.978802703653527,74,100,0.74,0.6462901047218014,0.8159530158690804
563,372,8.980478219735442,148,200,0.74,0.6750925434347002,0.7958616997641975
563,377,8.988855800145014,20,25,0.8,0.6086904946512341,0.9113941536925313
563,380,8.993882348390757,152,200,0.76,0.6962665896736326,0.8139338404585067
563,381,8.995557864472673,22,25,0.88,0.7004420590811533,0.9583318288209496
563,382,8.997233380554587,22,25,0.88,0.7004420590811533,0.9583318288209496
563,412,9.047498863012024,153,200,0.765,0.7015863106396482,0.8184256662258015
563,420,9.06090299166734,150,200,0.75,0.6856590163422495,0.804918320323269
563,428,9.074307120322656,153,200,0.765,0.7015863106396482,0.8184256662258015
564,78,8.502720516940775,21,25,0.84,0.6534637822439173,0.9359654858790166
564,247,8.785882734784334,17,25,0.68,0.4841026912048403,0.827948097801419
564,331,8.926626085665157,21,25,0.84,0.6534637822439173,0.9359654858790166
564,352,8.961811923385362,18,25,0.72,0.5242339465222646,0.8571614622631633
564,356,8.96851398771302,75,100,0.75,0.6569553637346054,0.8245478868808965
564,357,8.970189503794936,75,100,0.75,0.6569553637346054,0.8245478868808965
564,358,8.97186501987685,75,100,0.75,0.6569553637346054,0.8245478868808965
564,359,8.973540535958765,75,100,0.75,0.6569553637346054,0.8245478868808965
564,360,8.975216052040679,75,100,0.75,0.6569553637346054,0.8245478868808965
564,361,8.976891568122594,75,100,0.75,0.6569553637346054,0.8245478868808965
564,362,8.978567084204508,75,100,0.75,0.6569553637346054,0.8245478868808965
564,363,8.980242600286424,75,100,0.75,0.6569553637346054,0.8245478868808965
564,364,8.981918116368337,144,200,0.72,0.6540769535890598,0.7776311026765964
564,368,8.988620180695996,20,25,0.8,0.6086904946512341,0.9113941536925313
564,371,8.993646728941739,20,25,0.8,0.6086904946512341,0.9113941536925313
564,372,8.995322245023655,156,200,0.78,0.7176120002896181,0.8318346167757626
564,374,8.998673277187482,22,25,0.88,0.7004420590811533,0.9583318288209496
564,404,9.04893875964492,153,200,0.765,0.7015863106396482,0.8184256662258015
564,412,9.062342888300236,150,200,0.75,0.6856590163422495,0.804918320323269
564,420,9.075747016955553,153,200,0.765,0.7015863106396482,0.8184256662258015
565,69,8.502484897491755,21,25,0.84,0.6534637822439173,0.9359654858790166
565,238,8.785647115335314,17,25,0.68,0.4841026912048403,0.827948097801419
565,322,8.926390466216137,21,25,0.84,0.6534637822439173,0.9359654858790166
565,344,8.963251820018257,18,25,0.72,0.5242339465222646,0.8571614622631633
565,347,8.968278368264,77,100,0.77,0.6784561689907251,0.8415673416740169
565,348,8.969953884345916,77,100,0.77,0.6784561689907251,0.8415673416740169
565,349,8.97162940042783,77,100,0.77,0.6784561689907251,0.8415673416740169
565,350,8.973304916509743,77,100,0.77,0.6784561689907251,0.8415673416740169
565,351,8.974980432591659,77,100,0.77,0.6784561689907251,0.8415673416740169
565,352,8.976655948673573,77,100,0.77,0.6784561689907251,0.8415673416740169
565,353,8.978331464755488,77,100,0.77,0.6784561689907251,0.8415673416740169
565,354,8.980006980837402,75,100,0.75,0.6569553637346054,0.8245478868808965
565,355,8.981682496919317,146,200,0.73,0.66456564747098,0.786765502261297
565,359,8.988384561246976,20,25,0.8,0.6086904946512341,0.9113941536925313
565,362,8.993411109492719,20,25,0.8,0.6086904946512341,0.9113941536925313
565,363,8.995086625574633,157,200,0.785,0.722976925984516,0.8362812378141752
565,365,8.998437657738462,22,25,0.88,0.7004420590811533,0.9583318288209496
565,395,9.048703140195899,153,200,0.765,0.7015863106396482,0.8184256662258015
565,403,9.062107268851216,150,200,0.75,0.6856590163422495,0.804918320323269
565,411,9.075511397506531,154,200,0.77,0.7069169558159164,0.8229065677828437
566,60,8.502249278042736,21,25,0.84,0.6534637822439173,0.9359654858790166
566,229,8.785411495886295,17,25,0.68,0.4841026912048403,0.827948097801419
566,314,8.927830362849033,21,25,0.84,0.6534637822439173,0.9359654858790166
566,335,8.963016200569239,18,25,0.72,0.5242339465222646,0.8571614622631633
566,338,8.968042748814982,77,100,0.77,0.6784561689907251,0.8415673416740169
566,339,8.969718264896898,77,100,0.77,0.6784561689907251,0.8415673416740169
566,340,8.971393780978811,77,100,0.77,0.6784561689907251,0.8415673416740169
566,341,8.973069297060725,77,100,0.77,0.6784561689907251,0.8415673416740169
566,342,8.97474481314264,77,100,0.77,0.6784561689907251,0.8415673416740169
566,343,8.976420329224554,77,100,0.77,0.6784561689907251,0.8415673416740169
566,344,8.97809584530647,77,100,0.77,0.6784561689907251,0.8415673416740169
566,345,8.979771361388384,75,100,0.75,0.6569553637346054,0.8245478868808965
566,346,8.9814468774703,146,200,0.73,0.66456564747098,0.786765502261297
566,351,8.989824457879871,20,25,0.8,0.6086904946512341,0.9113941536925313
566,353,8.9931754900437,20,25,0.8,0.6086904946512341,0.9113941536925313
566,354,8.994851006125614,154,200,0.77,0.7069169558159164,0.8229065677828437
566,355,8.99652652220753,22,25,0.88,0.7004420590811533,0.9583318288209496
566,356,8.998202038289444,22,25,0.88,0.7004420590811533,0.9583318288209496
566,386,9.04846752074688,155,200,0.775,0.7122587671141067,0.8273763032179636
566,394,9.061871649402198,151,200,0.755,0.6909575639021187,0.8094313194967102
566,402,9.075275778057513,155,200,0.775,0.7122587671141067,0.8273763032179636
567,51,8.502013658593716,21,25,0.84,0.6534637822439173,0.9359654858790166
567,220,8.785175876437277,17,25,0.68,0.4841026912048403,0.827948097801419
567,305,8.927594743400014,21,25,0.84,0.6534637822439173,0.9359654858790166
567,326,8.96278058112022,18,25,0.72,0.5242339465222646,0.8571614622631633
567,329,8.967807129365964,77,100,0.77,0.6784561689907251,0.8415673416740169
567,330,8.969482645447878,77,100,0.77,0.6784561689907251,0.8415673416740169
567,331,8.971158161529793,77,100,0.77,0.6784561689907251,0.8415673416740169
567,332,8.972833677611707,77,100,0.77,0.6784561689907251,0.8415673416740169
567,333,8.974509193693622,77,100,0.77,0.6784561689907251,0.8415673416740169
567,334,8.976184709775536,77,100,0.77,0.6784561689907251,0.8415673416740169
567,335,8.977860225857452,77,100,0.77,0.6784561689907251,0.8415673416740169
567,336,8.979535741939365,75,100,0.75,0.6569553637346054,0.8245478868808965
567,337,8.98121125802128,146,200,0.73,0.66456564747098,0.786765502261297
567,342,8.989588838430853,20,25,0.8,0.6086904946512341,0.9113941536925313
567,344,8.992939870594682,20,25,0.8,0.6086904946512341,0.9113941536925313
567,345,8.994615386676596,156,200,0.78,0.7176120002896181,0.8318346167757626
567,346,8.996290902758512,22,25,0.88,0.7004420590811533,0.9583318288209496
567,347,8.997966418840425,22,25,0.88,0.7004420590811533,0.9583318288209496
567,377,9.048231901297862,155,200,0.775,0.7122587671141067,0.8273763032179636
567,385,9.06163602995318,152,200,0.76,0.6962665896736326,0.8139338404585067
567,393,9.075040158608495,155,200,0.775,0.7122587671141067,0.8273763032179636
568,42,8.501778039144696,21,25,0.84,0.6534637822439173,0.9359654858790166
568,211,8.784940256988257,17,25,0.68,0.4841026912048403,0.827948097801419
568,296,8.927359123950994,21,25,0.84,0.6534637822439173,0.9359654858790166
568,317,8.962544961671199,19,25,0.76,0.5657031648291212,0.8850368637354755
568,320,8.967571509916944,77,100,0.77,0.6784561689907251,0.8415673416740169
568,321,8.969247025998857,77,100,0.77,0.6784561689907251,0.8415673416740169
568,322,8.970922542080773,77,100,0.77,0.6784561689907251,0.8415673416740169
568,323,8.972598058162687,77,100,0.77,0.6784561689907251,0.8415673416740169
568,324,8.974273574244602,77,100,0.77,0.6784561689907251,0.8415673416740169
568,325,8.975949090326516,77,100,0.77,0.6784561689907251,0.8415673416740169
568,326,8.97762460640843,77,100,0.77,0.6784561689907251,0.8415673416740169
568,327,8.979300122490345,77,100,0.77,0.6784561689907251,0.8415673416740169
568,328,8.980975638572259,154,200,0.77,0.7069169558159164,0.8229065677828437
568,333,8.989353218981833,20,25,0.8,0.6086904946512341,0.9113941536925313
568,336,8.994379767227576,158,200,0.79,0.7283538308774716,0.84071587965453
568,337,8.996055283309492,22,25,0.88,0.7004420590811533,0.9583318288209496
568,338,8.997730799391405,22,25,0.88,0.7004420590811533,0.9583318288209496
568,368,9.047996281848842,156,200,0.78,0.7176120002896181,0.8318346167757626
568,376,9.061400410504158,152,200,0.76,0.6962665896736326,0.8139338404585067
568,384,9.074804539159475,155,200,0.775,0.7122587671141067,0.8273763032179636
569,33,8.501542419695678,21,25,0.84,0.6534637822439173,0.9359654858790166
569,202,8.784704637539239,17,25,0.68,0.4841026912048403,0.827948097801419
569,287,8.927123504501976,21,25,0.84,0.6534637822439173,0.9359654858790166
569,308,8.96230934222218,19,25,0.76,0.5657031648291212,0.8850368637354755
569,311,8.967335890467925,78,100,0.78,0.6892964640723263,0.8499871766170359
569,312,8.96901140654984,78,100,0.78,0.6892964640723263,0.8499871766170359
569,313,8.970686922631755,78,100,0.78,0.6892964640723263,0.8499871766170359
569,314,8.972362438713668,78,100,0.78,0.6892964640723263,0.8499871766170359
569,315,8.974037954795582,78,100,0.78,0.6892964640723263,0.8499871766170359
569,316,8.975713470877498,78,100,0.78,0.6892964640723263,0.8499871766170359
569,317,8.977388986959411,78,100,0.78,0.6892964640723263,0.8499871766170359
569,318,8.979064503041327,78,100,0.78,0.6892964640723263,0.8499871766170359
569,319,8.98074001912324,155,200,0.775,0.7122587671141067,0.8273763032179636
569,324,8.989117599532815,20,25,0.8,0.6086904946512341,0.9113941536925313
569,327,8.994144147778558,159,200,0.795,0.7337430189543738,0.8451382383109382
569,328,8.995819663860471,22,25,0.88,0.7004420590811533,0.9583318288209496
569,329,8.997495179942387,22,25,0.88,0.7004420590811533,0.9583318288209496
569,359,9.047760662399824,156,200,0.78,0.7176120002896181,0.8318346167757626
569,367,9.06116479105514,153,200,0.765,0.7015863106396482,0.8184256662258015
569,375,9.074568919710456,155,200,0.775,0.7122587671141067,0.8273763032179636
570,24,8.501306800246658,21,25,0.84,0.6534637822439173,0.9359654858790166
570,194,8.786144534172132,17,25,0.68,0.4841026912048403,0.827948097801419
570,278,8.926887885052956,21,25,0.84,0.6534637822439173,0.9359654858790166
570,299,8.96207372277316,19,25,0.76,0.5657031648291212,0.8850368637354755
570,302,8.967100271018904,78,100,0.78,0.6892964640723263,0.8499871766170359
570,303,8.96877578710082,78,100,0.78,0.6892964640723263,0.8499871766170359
570,304,8.970451303182733,78,100,0.78,0.6892964640723263,0.8499871766170359
570,305,8.972126819264648,78,100,0.78,0.6892964640723263,0.8499871766170359
570,306,8.973802335346562,78,100,0.78,0.6892964640723263,0.8499871766170359
570,307,8.975477851428478,78,100,0.78,0.6892964640723263,0.8499871766170359
570,308,8.977153367510391,78,100,0.78,0.6892964640723263,0.8499871766170359
570,309,8.978828883592307,78,100,0.78,0.6892964640723263,0.8499871766170359
570,310,8.98050439967422,155,200,0.775,0.7122587671141067,0.8273763032179636
570,315,8.988881980083793,20,25,0.8,0.6086904946512341,0.9113941536925313
570,318,8.993908528329538,159,200,0.795,0.7337430189543738,0.8451382383109382
570,319,8.995584044411451,22,25,0.88,0.7004420590811533,0.9583318288209496
570,320,8.997259560493367,22,25,0.88,0.7004420590811533,0.9583318288209496
570,350,9.047525042950802,156,200,0.78,0.7176120002896181,0.8318346167757626
570,358,9.06092917160612,154,200,0.77,0.7069169558159164,0.8229065677828437
570,366,9.074333300261436,156,200,0.78,0.7176120002896181,0.8318346167757626
571,16,8.502746696879553,21,25,0.84,0.6534637822439173,0.9359654858790166
571,185,8.785908914723114,17,25,0.68,0.4841026912048403,0.827948097801419
571,269,8.926652265603936,21,25,0.84,0.6534637822439173,0.9359654858790166
571,290,8.961838103324142,19,25,0.76,0.5657031648291212,0.8850368637354755
571,294,8.9685401676518,78,100,0.78,0.6892964640723263,0.8499871766170359
571,295,8.970215683733715,78,100,0.78,0.6892964640723263,0.8499871766170359
571,296,8.97189119981563,78,100,0.78,0.6892964640723263,0.8499871766170359
571,297,8.973566715897544,78,100,0.78,0.6892964640723263,0.8499871766170359
571,298,8.97524223197946,78,100,0.78,0.6892964640723263,0.8499871766170359
571,299,8.976917748061373,78,100,0.78,0.6892964640723263,0.8499871766170359
571,300,8.978593264143289,78,100,0.78,0.6892964640723263,0.8499871766170359
571,301,8.980268780225202,76,100,0.76,0.6676766357190022,0.8330867449211199
571,302,8.981944296307116,149,200,0.745,0.6803707412567906,0.8003950486754174
571,306,8.988646360634775,20,25,0.8,0.6086904946512341,0.9113941536925313
571,309,8.99367290888052,20,25,0.8,0.6086904946512341,0.9113941536925313
571,310,8.995348424962433,161,200,0.805,0.7445595557369519,0.8539447949949808
571,312,8.998699457126262,22,25,0.88,0.7004420590811533,0.9583318288209496
571,342,9.0489649395837,157,200,0.785,0.722976925984516,0.8362812378141752
571,350,9.062369068239015,154,200,0.77,0.7069169558159164,0.8229065677828437
571,358,9.075773196894332,156,200,0.78,0.7176120002896181,0.8318346167757626
572,7,8.502511077430535,21,25,0.84,0.6534637822439173,0.9359654858790166
572,176,8.785673295274096,17,25,0.68,0.4841026912048403,0.827948097801419
572,260,8.926416646154918,21,25,0.84,0.6534637822439173,0.9359654858790166
572,282,8.963277999957038,19,25,0.76,0.5657031648291212,0.8850368637354755
572,285,8.968304548202783,78,100,0.78,0.6892964640723263,0.8499871766170359
572,286,8.969980064284696,78,100,0.78,0.6892964640723263,0.8499871766170359
572,287,8.971655580366612,78,100,0.78,0.6892964640723263,0.8499871766170359
572,288,8.973331096448526,78,100,0.78,0.6892964640723263,0.8499871766170359
572,289,8.975006612530441,78,100,0.78,0.6892964640723263,0.8499871766170359
572,290,8.976682128612355,78,100,0.78,0.6892964640723263,0.8499871766170359
572,291,8.978357644694269,78,100,0.78,0.6892964640723263,0.8499871766170359
572,292,8.980033160776184,77,100,0.77,0.6784561689907251,0.8415673416740169
572,293,8.981708676858098,150,200,0.75,0.6856590163422495,0.804918320323269
572,297,8.988410741185756,20,25,0.8,0.6086904946512341,0.9113941536925313
572,300,8.993437289431501,20,25,0.8,0.6086904946512341,0.9113941536925313
572,301,8.995112805513415,161,200,0.805,0.7445595557369519,0.8539447949949808
572,303,8.998463837677244,22,25,0.88,0.7004420590811533,0.9583318288209496
572,333,9.048729320134681,158,200,0.79,0.7283538308774716,0.84071587965453
572,341,9.062133448789996,155,200,0.775,0.7122587671141067,0.8273763032179636
572,349,9.075537577445314,157,200,0.785,0.722976925984516,0.8362812378141752
573,167,8.785437675825076,17,25,0.68,0.4841026912048403,0.827948097801419
573,252,8.927856542787813,21,25,0.84,0.6534637822439173,0.9359654858790166
573,273,8.963042380508018,19,25,0.76,0.5657031648291212,0.8850368637354755
573,276,8.968068928753762,78,100,0.78,0.6892964640723263,0.8499871766170359
573,277,8.969744444835676,78,100,0.78,0.6892964640723263,0.8499871766170359
573,278,8.97141996091759,78,100,0.78,0.6892964640723263,0.8499871766170359
573,279,8.973095476999505,78,100,0.78,0.6892964640723263,0.8499871766170359
573,280,8.97477099308142,78,100,0.78,0.6892964640723263,0.8499871766170359
573,281,8.976446509163335,78,100,0.78,0.6892964640723263,0.8499871766170359
573,282,8.978122025245248,78,100,0.78,0.6892964640723263,0.8499871766170359
573,283,8.979797541327164,78,100,0.78,0.6892964640723263,0.8499871766170359
573,284,8.981473057409078,152,200,0.76,0.6962665896736326,0.8139338404585067
573,289,8.989850637818652,20,25,0.8,0.6086904946512341,0.9113941536925313
573,291,8.99320166998248,20,25,0.8,0.6086904946512341,0.9113941536925313
573,292,8.994877186064395,159,200,0.795,0.7337430189543738,0.8451382383109382
573,293,8.996552702146309,22,25,0.88,0.7004420590811533,0.9583318288209496
573,294,8.998228218228224,22,25,0.88,0.7004420590811533,0.9583318288209496
573,324,9.048493700685661,158,200,0.79,0.7283538308774716,0.84071587965453
573,332,9.061897829340976,157,200,0.785,0.722976925984516,0.8362812378141752
573,340,9.075301957996293,159,200,0.795,0.7337430189543738,0.8451382383109382
574,158,8.785202056376056,17,25,0.68,0.4841026912048403,0.827948097801419
574,243,8.927620923338793,21,25,0.84,0.6534637822439173,0.9359654858790166
574,264,8.962806761059,19,25,0.76,0.5657031648291212,0.8850368637354755
574,267,8.967833309304742,78,100,0.78,0.6892964640723263,0.8499871766170359
574,268,8.969508825386658,78,100,0.78,0.6892964640723263,0.8499871766170359
574,269,8.971184341468572,78,100,0.78,0.6892964640723263,0.8499871766170359
574,270,8.972859857550487,78,100,0.78,0.6892964640723263,0.8499871766170359
574,271,8.974535373632401,78,100,0.78,0.6892964640723263,0.8499871766170359
574,272,8.976210889714316,78,100,0.78,0.6892964640723263,0.8499871766170359
574,273,8.97788640579623,78,100,0.78,0.6892964640723263,0.8499871766170359
574,274,8.979561921878146,78,100,0.78,0.6892964640723263,0.8499871766170359
574,275,8.98123743796006,152,200,0.76,0.6962665896736326,0.8139338404585067
574,280,8.989615018369632,20,25,0.8,0.6086904946512341,0.9113941536925313
574,282,8.992966050533461,20,25,0.8,0.6086904946512341,0.9113941536925313
574,283,8.994641566615377,159,200,0.795,0.7337430189543738,0.8451382383109382
574,284,8.99631708269729,22,25,0.88,0.7004420590811533,0.9583318288209496
574,285,8.997992598779206,22,25,0.88,0.7004420590811533,0.9583318288209496
574,315,9.048258081236641,158,200,0.79,0.7283538308774716,0.84071587965453
574,323,9.061662209891958,157,200,0.785,0.722976925984516,0.8362812378141752
574,331,9.075066338547275,161,200,0.805,0.7445595557369519,0.8539447949949808
575,149,8.784966436927036,17,25,0.68,0.4841026912048403,0.827948097801419
575,234,8.927385303889773,21,25,0.84,0.6534637822439173,0.9359654858790166
575,255,8.96257114160998,19,25,0.76,0.5657031648291212,0.8850368637354755
575,258,8.967597689855722,78,100,0.78,0.6892964640723263,0.8499871766170359
575,259,8.969273205937638,78,100,0.78,0.6892964640723263,0.8499871766170359
575,260,8.970948722019552,78,100,0.78,0.6892964640723263,0.8499871766170359
575,261,8.972624238101467,78,100,0.78,0.6892964640723263,0.8499871766170359
575,262,8.97429975418338,78,100,0.78,0.6892964640723263,0.8499871766170359
575,263,8.975975270265296,78,100,0.78,0.6892964640723263,0.8499871766170359
575,264,8.97765078634721,78,100,0.78,0.6892964640723263,0.8499871766170359
575,265,8.979326302429126,78,100,0.78,0.6892964640723263,0.8499871766170359
575,266,8.98100181851104,158,200,0.79,0.7283538308774716,0.84071587965453
575,271,8.989379398920612,20,25,0.8,0.6086904946512341,0.9113941536925313
575,274,8.994405947166356,162,200,0.81,0.7499876124094633,0.8583282850557797
575,275,8.99608146324827,22,25,0.88,0.7004420590811533,0.9583318288209496
575,276,8.997756979330186,22,25,0.88,0.7004420590811533,0.9583318288209496
575,306,9.048022461787621,160,200,0.8,0.7391448129154138,0.8495479910832086
575,314,9.061426590442938,158,200,0.79,0.7283538308774716,0.84071587965453
575,322,9.074830719098255,161,200,0.805,0.7445595557369519,0.8539447949949808
576,140,8.784730817478017,17,25,0.68,0.4841026912048403,0.827948097801419
576,225,8.927149684440755,21,25,0.84,0.6534637822439173,0.9359654858790166
576,246,8.962335522160961,19,25,0.76,0.5657031648291212,0.8850368637354755
576,249,8.967362070406704,79,100,0.79,0.7002003108844285,0.8583434598295538
576,250,8.96903758648862,79,100,0.79,0.7002003108844285,0.8583434598295538
576,251,8.970713102570533,79,100,0.79,0.7002003108844285,0.8583434598295538
576,252,8.972388618652449,79,100,0.79,0.7002003108844285,0.8583434598295538
576,253,8.974064134734363,79,100,0.79,0.7002003108844285,0.8583434598295538
576,254,8.975739650816276,79,100,0.79,0.7002003108844285,0.8583434598295538
576,255,8.977415166898192,79,100,0.79,0.7002003108844285,0.8583434598295538
576,256,8.979090682980106,79,100,0.79,0.7002003108844285,0.8583434598295538
576,257,8.980766199062021,160,200,0.8,0.7391448129154138,0.8495479910832086
576,262,8.989143779471593,20,25,0.8,0.6086904946512341,0.9113941536925313
576,265,8.994170327717338,163,200,0.815,0.755429371876425,0.8626980723221283
576,266,8.995845843799252,22,25,0.88,0.7004420590811533,0.9583318288209496
576,267,8.997521359881166,22,25,0.88,0.7004420590811533,0.9583318288209496
576,297,9.047786842338603,161,200,0.805,0.7445595557369519,0.8539447949949808
576,305,9.06119097099392,159,200,0.795,0.7337430189543738,0.8451382383109382
576,313,9.074595099649237,161,200,0.805,0.7445595557369519,0.8539447949949808
577,132,8.786170714110915,17,25,0.68,0.4841026912048403,0.827948097801419
577,216,8.926914064991736,22,25,0.88,0.7004420590811533,0.9583318288209496
577,237,8.962099902711943,19,25,0.76,0.5657031648291212,0.8850368637354755
577,240,8.967126450957686,79,100,0.79,0.7002003108844285,0.8583434598295538
577,241,8.968801967039601,79,100,0.79,0.7002003108844285,0.8583434598295538
577,242,8.970477483121515,79,100,0.79,0.7002003108844285,0.8583434598295538
577,243,8.972152999203429,79,100,0.79,0.7002003108844285,0.8583434598295538
577,244,8.973828515285344,79,100,0.79,0.7002003108844285,0.8583434598295538
577,245,8.975504031367258,79,100,0.79,0.7002003108844285,0.8583434598295538
577,246,8.977179547449174,79,100,0.79,0.7002003108844285,0.8583434598295538
577,247,8.978855063531087,79,100,0.79,0.7002003108844285,0.8583434598295538
577,248,8.980530579613003,160,200,0.8,0.7391448129154138,0.8495479910832086
577,253,8.988908160022575,20,25,0.8,0.6086904946512341,0.9113941536925313
577,256,8.993934708268318,163,200,0.815,0.755429371876425,0.8626980723221283
577,257,8.995610224350234,22,25,0.88,0.7004420590811533,0.9583318288209496
577,258,8.997285740432147,22,25,0.88,0.7004420590811533,0.9583318288209496
577,288,9.047551222889584,161,200,0.805,0.7445595557369519,0.8539447949949808
577,296,9.060955351544902,161,200,0.805,0.7445595557369519,0.8539447949949808
577,304,9.074359480200217,161,200,0.805,0.7445595557369519,0.8539447949949808
578,123,8.785935094661893,17,25,0.68,0.4841026912048403,0.827948097801419
578,207,8.926678445542716,22,25,0.88,0.7004420590811533,0.9583318288209496
578,228,8.961864283262923,19,25,0.76,0.5657031648291212,0.8850368637354755
578,232,8.96856634759058,80,100,0.8,0.7111708336357506,0.8666330671028518
578,233,8.970241863672495,80,100,0.8,0.7111708336357506,0.8666330671028518
578,234,8.971917379754409,80,100,0.8,0.7111708336357506,0.8666330671028518
578,235,8.973592895836324,80,100,0.8,0.7111708336357506,0.8666330671028518
578,236,8.975268411918238,80,100,0.8,0.7111708336357506,0.8666330671028518
578,237,8.976943928000154,80,100,0.8,0.7111708336357506,0.8666330671028518
578,238,8.978619444082067,80,100,0.8,0.7111708336357506,0.8666330671028518
578,239,8.980294960163983,78,100,0.78,0.6892964640723263,0.8499871766170359
578,240,8.981970476245897,154,200,0.77,0.7069169558159164,0.8229065677828437
578,244,8.988672540573555,20,25,0.8,0.6086904946512341,0.9113941536925313
578,247,8.993699088819298,20,25,0.8,0.6086904946512341,0.9113941536925313
578,248,8.995374604901214,166,200,0.83,0.7718411632128768,0.8757209211856076
578,250,8.998725637065043,22,25,0.88,0.7004420590811533,0.9583318288209496
578,280,9.048991119522478,162,200,0.81,0.7499876124094633,0.8583282850557797
578,288,9.062395248177795,162,200,0.81,0.7499876124094633,0.8583282850557797
578,296,9.075799376833112,164,200,0.82,0.7608852492032754,0.8670537417285882
579,114,8.785699475212875,17,25,0.68,0.4841026912048403,0.827948097801419
579,198,8.926442826093698,22,25,0.88,0.7004420590811533,0.9583318288209496
579,220,8.963304179895818,19,25,0.76,0.5657031648291212,0.8850368637354755
579,223,8.968330728141561,80,100,0.8,0.7111708336357506,0.8666330671028518
579,224,8.970006244223477,80,100,0.8,0.7111708336357506,0.8666330671028518
579,225,8.97168176030539,80,100,0.8,0.7111708336357506,0.8666330671028518
579,226,8.973357276387306,80,100,0.8,0.7111708336357506,0.8666330671028518
579,227,8.97503279246922,80,100,0.8,0.7111708336357506,0.8666330671028518
579,228,8.976708308551135,80,100,0.8,0.7111708336357506,0.8666330671028518
579,229,8.978383824633049,80,100,0.8,0.7111708336357506,0.8666330671028518
579,230,8.980059340714963,79,100,0.79,0.7002003108844285,0.8583434598295538
579,231,8.981734856796878,156,200,0.78,0.7176120002896181,0.8318346167757626
579,235,8.988436921124537,20,25,0.8,0.6086904946512341,0.9113941536925313
579,238,8.99346346937028,20,25,0.8,0.6086904946512341,0.9113941536925313
579,239,8.995138985452195,167,200,0.835,0.777342184108311,0.8800314470234837
579,241,8.998490017616025,23,25,0.92,0.7503389087653979,0.9777795989158737
579,271,9.04875550007346,162,200,0.81,0.7499876124094633,0.8583282850557797
579,279,9.062159628728777,162,200,0.81,0.7499876124094633,0.8583282850557797
579,287,9.075563757384094,166,200,0.83,0.7718411632128768,0.8757209211856076
580,105,8.785463855763854,18,25,0.72,0.5242339465222646,0.8571614622631633
580,190,8.927882722726592,22,25,0.88,0.7004420590811533,0.9583318288209496
580,211,8.963068560446798,19,25,0.76,0.5657031648291212,0.8850368637354755
580,214,8.968095108692541,81,100,0.81,0.7222115454423077,0.8748524853209148
580,215,8.969770624774457,81,100,0.81,0.7222115454423077,0.8748524853209148
580,216,8.97144614085637,81,100,0.81,0.7222115454423077,0.8748524853209148
580,217,8.973121656938286,81,100,0.81,0.7222115454423077,0.8748524853209148
580,218,8.9747971730202,81,100,0.81,0.7222115454423077,0.8748524853209148
580,219,8.976472689102113,81,100,0.81,0.7222115454423077,0.8748524853209148
580,220,8.978148205184029,81,100,0.81,0.7222115454423077,0.8748524853209148
580,221,8.979823721265943,79,100,0.79,0.7002003108844285,0.8583434598295538
580,222,8.981499237347858,157,200,0.785,0.722976925984516,0.8362812378141752
580,227,8.98987681775743,20,25,0.8,0.6086904946512341,0.9113941536925313
580,229,8.99322784992126,20,25,0.8,0.6086904946512341,0.9113941536925313
580,230,8.994903366003173,164,200,0.82,0.7608852492032754,0.8670537417285882
580,231,8.996578882085089,23,25,0.92,0.7503389087653979,0.9777795989158737
580,232,8.998254398167003,23,25,0.92,0.7503389087653979,0.9777795989158737
580,262,9.04851988062444,162,200,0.81,0.7499876124094633,0.8583282850557797
580,270,9.061924009279757,162,200,0.81,0.7499876124094633,0.8583282850557797
580,278,9.075328137935074,166,200,0.83,0.7718411632128768,0.8757209211856076
581,96,8.785228236314836,19,25,0.76,0.5657031648291212,0.8850368637354755
581,181,8.927647103277573,22,25,0.88,0.7004420590811533,0.9583318288209496
581,202,8.96283294099778,19,25,0.76,0.5657031648291212,0.8850368637354755
581,205,8.967859489243523,81,100,0.81,0.7222115454423077,0.8748524853209148
581,206,8.969535005325437,81,100,0.81,0.7222115454423077,0.8748524853209148
581,207,8.971210521407352,81,100,0.81,0.7222115454423077,0.8748524853209148
581,208,8.972886037489266,81,100,0.81,0.7222115454423077,0.8748524853209148
581,209,8.974561553571181,81,100,0.81,0.7222115454423077,0.8748524853209148
581,210,8.976237069653095,81,100,0.81,0.7222115454423077,0.8748524853209148
581,211,8.97791258573501,81,100,0.81,0.7222115454423077,0.8748524853209148
581,212,8.979588101816924,79,100,0.79,0.7002003108844285,0.8583434598295538
581,213,8.98126361789884,158,200,0.79,0.7283538308774716,0.84071587965453
581,218,8.989641198308412,20,25,0.8,0.6086904946512341,0.9113941536925313
581,220,8.992992230472241,20,25,0.8,0.6086904946512341,0.9113941536925313
581,221,8.994667746554155,164,200,0.82,0.7608852492032754,0.8670537417285882
581,222,8.99634326263607,23,25,0.92,0.7503389087653979,0.9777795989158737
581,223,8.998018778717984,23,25,0.92,0.7503389087653979,0.9777795989158737
581,253,9.048284261175422,162,200,0.81,0.7499876124094633,0.8583282850557797
581,261,9.061688389830739,162,200,0.81,0.7499876124094633,0.8583282850557797
581,269,9.075092518486054,166,200,0.83,0.7718411632128768,0.8757209211856076
582,87,8.784992616865818,19,25,0.76,0.5657031648291212,0.8850368637354755
582,172,8.927411483828555,22,25,0.88,0.7004420590811533,0.9583318288209496
582,193,8.96259732154876,19,25,0.76,0.5657031648291212,0.8850368637354755
582,196,8.967623869794505,81,100,0.81,0.7222115454423077,0.8748524853209148
582,197,8.969299385876418,81,100,0.81,0.7222115454423077,0.8748524853209148
582,198,8.970974901958334,81,100,0.81,0.7222115454423077,0.8748524853209148
582,199,8.972650418040248,81,100,0.81,0.7222115454423077,0.8748524853209148
582,200,8.974325934122163,81,100,0.81,0.7222115454423077,0.8748524853209148
582,201,8.976001450204077,81,100,0.81,0.7222115454423077,0.8748524853209148
582,202,8.977676966285992,81,100,0.81,0.7222115454423077,0.8748524853209148
582,203,8.979352482367906,81,100,0.81,0.7222115454423077,0.8748524853209148
582,204,8.981027998449822,162,200,0.81,0.7499876124094633,0.8583282850557797
582,209,8.989405578859394,20,25,0.8,0.6086904946512341,0.9113941536925313
582,211,8.992756611023223,20,25,0.8,0.6086904946512341,0.9113941536925313
582,212,8.994432127105137,164,200,0.82,0.7608852492032754,0.8670537417285882
582,213,8.996107643187052,23,25,0.92,0.7503389087653979,0.9777795989158737
582,214,8.997783159268966,23,25,0.92,0.7503389087653979,0.9777795989158737
582,244,9.048048641726403,162,200,0.81,0.7499876124094633,0.8583282850557797
582,252,9.06145277038172,162,200,0.81,0.7499876124094633,0.8583282850557797
582,260,9.074856899037036,167,200,0.835,0.777342184108311,0.8800314470234837
583,78,8.784756997416798,19,25,0.76,0.5657031648291212,0.8850368637354755
583,163,8.927175864379535,22,25,0.88,0.7004420590811533,0.9583318288209496
583,184,8.96236170209974,19,25,0.76,0.5657031648291212,0.8850368637354755
583,187,8.967388250345484,81,100,0.81,0.7222115454423077,0.8748524853209148
583,188,8.969063766427398,81,100,0.81,0.7222115454423077,0.8748524853209148
583,189,8.970739282509314,81,100,0.81,0.7222115454423077,0.8748524853209148
583,190,8.972414798591227,81,100,0.81,0.7222115454423077,0.8748524853209148
583,191,8.974090314673143,81,100,0.81,0.7222115454423077,0.8748524853209148
583,192,8.975765830755057,81,100,0.81,0.7222115454423077,0.8748524853209148
583,193,8.977441346836972,81,100,0.81,0.7222115454423077,0.8748524853209148
583,194,8.979116862918886,81,100,0.81,0.7222115454423077,0.8748524853209148
583,195,8.9807923790008,164,200,0.82,0.7608852492032754,0.8670537417285882
583,200,8.989169959410374,20,25,0.8,0.6086904946512341,0.9113941536925313
583,203,8.994196507656117,166,200,0.83,0.7718411632128768,0.8757209211856076
583,204,8.995872023738032,24,25,0.96,0.8045593608838223,0.9929037665766179
583,205,8.997547539819946,24,25,0.96,0.8045593608838223,0.9929037665766179
583,235,9.047813022277383,162,200,0.81,0.7499876124094633,0.8583282850557797
583,243,9.061217150932698,162,200,0.81,0.7499876124094633,0.8583282850557797
583,251,9.074621279588015,169,200,0.845,0.7883930935816389,0.8886036310167766
584,70,8.786196894049693,19,25,0.76,0.5657031648291212,0.8850368637354755
584,154,8.926940244930517,22,25,0.88,0.7004420590811533,0.9583318288209496
584,175,8.962126082650721,19,25,0.76,0.5657031648291212,0.8850368637354755
584,178,8.967152630896466,81,100,0.81,0.7222115454423077,0.8748524853209148
584,179,8.96882814697838,81,100,0.81,0.7222115454423077,0.8748524853209148
584,180,8.970503663060295,81,100,0.81,0.7222115454423077,0.8748524853209148
584,181,8.97217917914221,81,100,0.81,0.7222115454423077,0.8748524853209148
584,182,8.973854695224123,81,100,0.81,0.7222115454423077,0.8748524853209148
584,183,8.975530211306038,81,100,0.81,0.7222115454423077,0.8748524853209148
584,184,8.977205727387952,81,100,0.81,0.7222115454423077,0.8748524853209148
584,185,8.978881243469868,81,100,0.81,0.7222115454423077,0.8748524853209148
584,186,8.980556759551781,164,200,0.82,0.7608852492032754,0.8670537417285882
584,191,8.988934339961355,20,25,0.8,0.6086904946512341,0.9113941536925313
584,194,8.993960888207098,167,200,0.835,0.777342184108311,0.8800314470234837
584,195,8.995636404289012,24,25,0.96,0.8045593608838223,0.9929037665766179
584,196,8.997311920370928,24,25,0.96,0.8045593608838223,0.9929037665766179
584,226,9.047577402828365,163,200,0.815,0.755429371876425,0.8626980723221283
584,234,9.06098153148368,163,200,0.815,0.755429371876425,0.8626980723221283
584,242,9.074385660138997,170,200,0.85,0.7939442066666507,0.8928640646650752
585,61,8.785961274600673,19,25,0.76,0.5657031648291212,0.8850368637354755
585,145,8.926704625481495,22,25,0.88,0.7004420590811533,0.9583318288209496
585,166,8.961890463201701,19,25,0.76,0.5657031648291212,0.8850368637354755
585,170,8.96859252752936,81,100,0.81,0.7222115454423077,0.8748524853209148
585,171,8.970268043611274,81,100,0.81,0.7222115454423077,0.8748524853209148
585,172,8.97194355969319,81,100,0.81,0.7222115454423077,0.8748524853209148
585,173,8.973619075775103,81,100,0.81,0.7222115454423077,0.8748524853209148
585,174,8.975294591857018,81,100,0.81,0.7222115454423077,0.8748524853209148
585,175,8.976970107938932,81,100,0.81,0.7222115454423077,0.8748524853209148
585,176,8.978645624020848,81,100,0.81,0.7222115454423077,0.8748524853209148
585,177,8.980321140102761,79,100,0.79,0.7002003108844285,0.8583434598295538
585,178,8.981996656184677,161,200,0.805,0.7445595557369519,0.8539447949949808
585,182,8.988698720512334,20,25,0.8,0.6086904946512341,0.9113941536925313
585,185,8.993725268758078,20,25,0.8,0.6086904946512341,0.9113941536925313
585,186,8.995400784839992,499,600,0.8316666666666667,0.7996389412940751,0.8594744636340211
585,188,8.998751817003821,24,25,0.96,0.8045593608838223,0.9929037665766179
585,218,9.049017299461259,163,200,0.815,0.755429371876425,0.8626980723221283
585,226,9.062421428116576,163,200,0.815,0.755429371876425,0.8626980723221283
585,234,9.07582555677189,170,200,0.85,0.7939442066666507,0.8928640646650752
586,52,8.785725655151655,19,25,0.76,0.5657031648291212,0.8850368637354755
586,136,8.926469006032477,22,25,0.88,0.7004420590811533,0.9583318288209496
586,158,8.963330359834597,19,25,0.76,0.5657031648291212,0.8850368637354755
586,161,8.968356908080342,81,100,0.81,0.7222115454423077,0.8748524853209148
586,162,8.970032424162255,81,100,0.81,0.7222115454423077,0.8748524853209148
586,163,8.97170794024417,81,100,0.81,0.7222115454423077,0.8748524853209148
586,164,8.973383456326085,81,100,0.81,0.7222115454423077,0.8748524853209148
586,165,8.975058972408,81,100,0.81,0.7222115454423077,0.8748524853209148
586,166,8.976734488489914,81,100,0.81,0.7222115454423077,0.8748524853209148
586,167,8.97841000457183,81,100,0.81,0.7222115454423077,0.8748524853209148
586,168,8.980085520653743,79,100,0.79,0.7002003108844285,0.8583434598295538
586,169,8.981761036735659,161,200,0.805,0.7445595557369519,0.8539447949949808
586,173,8.988463101063315,20,25,0.8,0.6086904946512341,0.9113941536925313
586,176,8.99348964930906,20,25,0.8,0.6086904946512341,0.9113941536925313
586,177,8.995165165390974,501,600,0.835,0.8031867605238001,0.8625508997302065
586,179,8.998516197554803,24,25,0.96,0.8045593608838223,0.9929037665766179
586,209,9.04878168001224,163,200,0.815,0.755429371876425,0.8626980723221283
586,217,9.062185808667557,163,200,0.815,0.755429371876425,0.8626980723221283
586,225,9.075589937322873,170,200,0.85,0.7939442066666507,0.8928640646650752
587,43,8.785490035702637,19,25,0.76,0.5657031648291212,0.8850368637354755
587,128,8.927908902665374,22,25,0.88,0.7004420590811533,0.9583318288209496
587,149,8.963094740385579,19,25,0.76,0.5657031648291212,0.8850368637354755
587,152,8.968121288631323,81,100,0.81,0.7222115454423077,0.8748524853209148
587,153,8.969796804713237,81,100,0.81,0.7222115454423077,0.8748524853209148
587,154,8.971472320795153,81,100,0.81,0.7222115454423077,0.8748524853209148
587,155,8.973147836877066,81,100,0.81,0.7222115454423077,0.8748524853209148
587,156,8.974823352958982,81,100,0.81,0.7222115454423077,0.8748524853209148
587,157,8.976498869040896,81,100,0.81,0.7222115454423077,0.8748524853209148
587,158,8.97817438512281,81,100,0.81,0.7222115454423077,0.8748524853209148
587,159,8.979849901204725,79,100,0.79,0.7002003108844285,0.8583434598295538
587,160,8.981525417286639,161,200,0.805,0.7445595557369519,0.8539447949949808
587,165,8.989902997696213,20,25,0.8,0.6086904946512341,0.9113941536925313
587,167,8.993254029860042,20,25,0.8,0.6086904946512341,0.9113941536925313
587,168,8.994929545941956,168,200,0.84,0.782859297881253,0.884325879983852
587,169,8.996605062023871,24,25,0.96,0.8045593608838223,0.9929037665766179
587,170,8.998280578105785,24,25,0.96,0.8045593608838223,0.9929037665766179
587,200,9.048546060563222,163,200,0.815,0.755429371876425,0.8626980723221283
587,208,9.061950189218537,164,200,0.82,0.7608852492032754,0.8670537417285882
587,216,9.075354317873854,170,200,0.85,0.7939442066666507,0.8928640646650752
588,34,8.785254416253617,19,25,0.76,0.5657031648291212,0.8850368637354755
588,119,8.927673283216354,22,25,0.88,0.7004420590811533,0.9583318288209496
588,140,8.962859120936558,19,25,0.76,0.5657031648291212,0.8850368637354755
588,143,8.967885669182303,82,100,0.82,0.7333264153744679,0.8829977454133745
588,144,8.969561185264217,82,100,0.82,0.7333264153744679,0.8829977454133745
588,145,8.971236701346132,82,100,0.82,0.7333264153744679,0.8829977454133745
588,146,8.972912217428046,82,100,0.82,0.7333264153744679,0.8829977454133745
588,147,8.97458773350996,82,100,0.82,0.7333264153744679,0.8829977454133745
588,148,8.976263249591875,82,100,0.82,0.7333264153744679,0.8829977454133745
588,149,8.97793876567379,82,100,0.82,0.7333264153744679,0.8829977454133745
588,150,8.979614281755705,79,100,0.79,0.7002003108844285,0.8583434598295538
588,151,8.981289797837618,161,200,0.805,0.7445595557369519,0.8539447949949808
588,156,8.989667378247193,20,25,0.8,0.6086904946512341,0.9113941536925313
588,158,8.99301841041102,20,25,0.8,0.6086904946512341,0.9113941536925313
588,159,8.994693926492936,168,200,0.84,0.782859297881253,0.884325879983852
588,160,8.99636944257485,24,25,0.96,0.8045593608838223,0.9929037665766179
588,161,8.998044958656765,24,25,0.96,0.8045593608838223,0.9929037665766179
588,191,9.048310441114202,164,200,0.82,0.7608852492032754,0.8670537417285882
588,199,9.061714569769517,164,200,0.82,0.7608852492032754,0.8670537417285882
588,207,9.075118698424834,170,200,0.85,0.7939442066666507,0.8928640646650752
589,25,8.785018796804597,20,25,0.8,0.6086904946512341,0.9113941536925313
589,110,8.927437663767334,22,25,0.88,0.7004420590811533,0.9583318288209496
589,131,8.96262350148754,19,25,0.76,0.5657031648291212,0.8850368637354755
589,134,8.967650049733283,82,100,0.82,0.7333264153744679,0.8829977454133745
589,135,8.969325565815199,82,100,0.82,0.7333264153744679,0.8829977454133745
589,136,8.971001081897112,82,100,0.82,0.7333264153744679,0.8829977454133745
589,137,8.972676597979028,82,100,0.82,0.7333264153744679,0.8829977454133745
589,138,8.974352114060942,82,100,0.82,0.7333264153744679,0.8829977454133745
589,139,8.976027630142857,82,100,0.82,0.7333264153744679,0.8829977454133745
589,140,8.977703146224771,82,100,0.82,0.7333264153744679,0.8829977454133745
589,141,8.979378662306686,82,100,0.82,0.7333264153744679,0.8829977454133745
589,142,8.9810541783886,168,200,0.84,0.782859297881253,0.884325879983852
589,147,8.989431758798172,20,25,0.8,0.6086904946512341,0.9113941536925313
589,149,8.992782790962002,20,25,0.8,0.6086904946512341,0.9113941536925313
589,150,8.994458307043917,168,200,0.84,0.782859297881253,0.884325879983852
589,151,8.996133823125831,24,25,0.96,0.8045593608838223,0.9929037665766179
589,152,8.997809339207747,24,25,0.96,0.8045593608838223,0.9929037665766179
589,182,9.048074821665182,166,200,0.83,0.7718411632128768,0.8757209211856076
589,190,9.061478950320499,165,200,0.825,0.7663556880107202,0.8713948496544538
589,198,9.074883078975816,170,200,0.85,0.7939442066666507,0.8928640646650752
590,16,8.784783177355576,20,25,0.8,0.6086904946512341,0.9113941536925313
590,101,8.927202044318314,22,25,0.88,0.7004420590811533,0.9583318288209496
590,122,8.96238788203852,19,25,0.76,0.5657031648291212,0.8850368637354755
590,125,8.967414430284263,82,100,0.82,0.7333264153744679,0.8829977454133745
590,126,8.969089946366179,82,100,0.82,0.7333264153744679,0.8829977454133745
590,127,8.970765462448092,82,100,0.82,0.7333264153744679,0.8829977454133745
590,128,8.972440978530008,82,100,0.82,0.7333264153744679,0.8829977454133745
590,129,8.974116494611922,82,100,0.82,0.7333264153744679,0.8829977454133745
590,130,8.975792010693837,82,100,0.82,0.7333264153744679,0.8829977454133745
590,131,8.97746752677575,82,100,0.82,0.7333264153744679,0.8829977454133745
590,132,8.979143042857666,82,100,0.82,0.7333264153744679,0.8829977454133745
590,133,8.98081855893958,168,200,0.84,0.782859297881253,0.884325879983852
590,138,8.989196139349152,20,25,0.8,0.6086904946512341,0.9113941536925313
590,141,8.994222687594897,171,200,0.855,0.7995133242038862,0.8971064938611499
590,142,8.995898203676811,24,25,0.96,0.8045593608838223,0.9929037665766179
590,143,8.997573719758726,24,25,0.96,0.8045593608838223,0.9929037665766179
590,173,9.047839202216162,166,200,0.83,0.7718411632128768,0.8757209211856076
590,181,9.061243330871479,165,200,0.825,0.7663556880107202,0.8713948496544538
590,189,9.074647459526796,170,200,0.85,0.7939442066666507,0.8928640646650752
591,8,8.786223073988474,20,25,0.8,0.6086904946512341,0.9113941536925313
591,92,8.926966424869295,22,25,0.88,0.7004420590811533,0.9583318288209496
591,113,8.962152262589502,19,25,0.76,0.5657031648291212,0.8850368637354755
591,116,8.967178810835245,82,100,0.82,0.7333264153744679,0.8829977454133745
591,117,8.96885432691716,82,100,0.82,0.7333264153744679,0.8829977454133745
591,118,8.970529842999074,82,100,0.82,0.7333264153744679,0.8829977454133745
591,119,8.97220535908099,82,100,0.82,0.7333264153744679,0.8829977454133745
591,120,8.973880875162903,82,100,0.82,0.7333264153744679,0.8829977454133745
591,121,8.975556391244819,82,100,0.82,0.7333264153744679,0.8829977454133745
591,122,8.977231907326733,82,100,0.82,0.7333264153744679,0.8829977454133745
591,123,8.978907423408646,82,100,0.82,0.7333264153744679,0.8829977454133745
591,124,8.980582939490562,169,200,0.845,0.7883930935816389,0.8886036310167766
591,129,8.988960519900134,20,25,0.8,0.6086904946512341,0.9113941536925313
591,132,8.993987068145879,506,600,0.8433333333333334,0.812075230591194,0.8702230679775891
591,133,8.995662584227793,24,25,0.96,0.8045593608838223,0.9929037665766179
591,134,8.997338100309706,24,25,0.96,0.8045593608838223,0.9929037665766179
591,164,9.047603582767143,167,200,0.835,0.777342184108311,0.8800314470234837
591,172,9.06100771142246,165,200,0.825,0.7663556880107202,0.8713948496544538
591,180,9.074411840077778,500,600,0.8333333333333334,0.8014123232845849,0.8610132093064666
592,83,8.926730805420277,22,25,0.88,0.7004420590811533,0.9583318288209496
592,104,8.961916643140484,19,25,0.76,0.5657031648291212,0.8850368637354755
592,108,8.968618707468142,82,100,0.82,0.7333264153744679,0.8829977454133745
592,109,8.970294223550056,82,100,0.82,0.7333264153744679,0.8829977454133745
592,110,8.97196973963197,82,100,0.82,0.7333264153744679,0.8829977454133745
592,111,8.973645255713885,82,100,0.82,0.7333264153744679,0.8829977454133745
592,112,8.975320771795799,82,100,0.82,0.7333264153744679,0.8829977454133745
592,113,8.976996287877714,82,100,0.82,0.7333264153744679,0.8829977454133745
592,114,8.978671803959628,82,100,0.82,0.7333264153744679,0.8829977454133745
592,115,8.980347320041544,82,100,0.82,0.7333264153744679,0.8829977454133745
592,116,8.982022836123457,163,200,0.815,0.755429371876425,0.8626980723221283
592,120,8.988724900451116,22,25,0.88,0.7004420590811533,0.9583318288209496
592,123,8.993751448696859,22,25,0.88,0.7004420590811533,0.9583318288209496
592,124,8.995426964778774,511,600,0.8516666666666667,0.8209921286956898,0.8778668081878694
592,126,8.998777996942604,24,25,0.96,0.8045593608838223,0.9929037665766179
592,156,9.04904347940004,167,200,0.835,0.777342184108311,0.8800314470234837
592,164,9.062447608055356,165,200,0.825,0.7663556880107202,0.8713948496544538
592,172,9.075851736710673,501,600,0.835,0.8031867605238001,0.8625508997302065
593,74,8.926495185971257,22,25,0.88,0.7004420590811533,0.9583318288209496
593,96,8.963356539773377,19,25,0.76,0.5657031648291212,0.8850368637354755
593,99,8.96838308801912,83,100,0.83,0.7445199515664943,0.8910643392459681
593,100,8.970058604101036,83,100,0.83,0.7445199515664943,0.8910643392459681
593,101,8.97173412018295,83,100,0.83,0.7445199515664943,0.8910643392459681
593,102,8.973409636264865,83,100,0.83,0.7445199515664943,0.8910643392459681
593,103,8.975085152346779,83,100,0.83,0.7445199515664943,0.8910643392459681
593,104,8.976760668428694,83,100,0.83,0.7445199515664943,0.8910643392459681
593,105,8.978436184510608,83,100,0.83,0.7445199515664943,0.8910643392459681
593,106,8.980111700592524,82,100,0.82,0.7333264153744679,0.8829977454133745
593,107,8.981787216674437,163,200,0.815,0.755429371876425,0.8626980723221283
593,111,8.988489281002096,22,25,0.88,0.7004420590811533,0.9583318288209496
593,114,8.993515829247839,22,25,0.88,0.7004420590811533,0.9583318288209496
593,115,8.995191345329754,511,600,0.8516666666666667,0.8209921286956898,0.8778668081878694
593,117,8.998542377493584,24,25,0.96,0.8045593608838223,0.9929037665766179
593,147,9.048807859951019,167,200,0.835,0.777342184108311,0.8800314470234837
593,155,9.062211988606336,166,200,0.83,0.7718411632128768,0.8757209211856076
593,163,9.075616117261653,503,600,0.8383333333333334,0.8067388517739089,0.8656230638060084
594,66,8.927935082604153,22,25,0.88,0.7004420590811533,0.9583318288209496
594,87,8.963120920324359,19,25,0.76,0.5657031648291212,0.8850368637354755
594,90,8.968147468570102,83,100,0.83,0.7445199515664943,0.8910643392459681
594,91,8.969822984652017,83,100,0.83,0.7445199515664943,0.8910643392459681
594,92,8.971498500733931,83,100,0.83,0.7445199515664943,0.8910643392459681
594,93,8.973174016815847,83,100,0.83,0.7445199515664943,0.8910643392459681
594,94,8.97484953289776,83,100,0.83,0.7445199515664943,0.8910643392459681
594,95,8.976525048979676,83,100,0.83,0.7445199515664943,0.8910643392459681
594,96,8.97820056506159,83,100,0.83,0.7445199515664943,0.8910643392459681
594,97,8.979876081143503,83,100,0.83,0.7445199515664943,0.8910643392459681
594,98,8.981551597225419,164,200,0.82,0.7608852492032754,0.8670537417285882
594,103,8.989929177634991,22,25,0.88,0.7004420590811533,0.9583318288209496
594,105,8.99328020979882,22,25,0.88,0.7004420590811533,0.9583318288209496
594,106,8.994955725880736,513,600,0.855,0.8245672765266023,0.8809159156828674
594,108,8.998306758044565,24,25,0.96,0.8045593608838223,0.9929037665766179
594,138,9.048572240502,168,200,0.84,0.782859297881253,0.884325879983852
594,146,9.061976369157318,166,200,0.83,0.7718411632128768,0.8757209211856076
594,154,9.075380497812635,504,600,0.84,0.8085165321113656,0.8671575111315067
595,57,8.927699463155133,22,25,0.88,0.7004420590811533,0.9583318288209496
595,78,8.962885300875339,19,25,0.76,0.5657031648291212,0.8850368637354755
595,81,8.967911849121082,83,100,0.83,0.7445199515664943,0.8910643392459681
595,82,8.969587365202997,83,100,0.83,0.7445199515664943,0.8910643392459681
595,83,8.971262881284911,83,100,0.83,0.7445199515664943,0.8910643392459681
595,84,8.972938397366827,83,100,0.83,0.7445199515664943,0.8910643392459681
595,85,8.97461391344874,83,100,0.83,0.7445199515664943,0.8910643392459681
595,86,8.976289429530654,83,100,0.83,0.7445199515664943,0.8910643392459681
595,87,8.97796494561257,83,100,0.83,0.7445199515664943,0.8910643392459681
595,88,8.979640461694483,84,100,0.84,0.7557973053553682,0.8990471154817143
595,89,8.981315977776399,167,200,0.835,0.777342184108311,0.8800314470234837
595,94,8.989693558185971,22,25,0.88,0.7004420590811533,0.9583318288209496
595,96,8.9930445903498,22,25,0.88,0.7004420590811533,0.9583318288209496
595,97,8.994720106431714,171,200,0.855,0.7995133242038862,0.8971064938611499
595,98,8.99639562251363,24,25,0.96,0.8045593608838223,0.9929037665766179
595,99,8.998071138595543,24,25,0.96,0.8045593608838223,0.9929037665766179
595,129,9.04833662105298,169,200,0.845,0.7883930935816389,0.8886036310167766
595,137,9.061740749708298,167,200,0.835,0.777342184108311,0.8800314470234837
595,145,9.075144878363613,506,600,0.8433333333333334,0.812075230591194,0.8702230679775891
596,48,8.927463843706114,22,25,0.88,0.7004420590811533,0.9583318288209496
596,69,8.96264968142632,19,25,0.76,0.5657031648291212,0.8850368637354755
596,72,8.967676229672064,83,100,0.83,0.7445199515664943,0.8910643392459681
596,73,8.969351745753977,83,100,0.83,0.7445199515664943,0.8910643392459681
596,74,8.971027261835893,83,100,0.83,0.7445199515664943,0.8910643392459681
596,75,8.972702777917807,83,100,0.83,0.7445199515664943,0.8910643392459681
596,76,8.974378293999722,83,100,0.83,0.7445199515664943,0.8910643392459681
596,77,8.976053810081636,83,100,0.83,0.7445199515664943,0.8910643392459681
596,78,8.977729326163551,83,100,0.83,0.7445199515664943,0.8910643392459681
596,79,8.979404842245465,83,100,0.83,0.7445199515664943,0.8910643392459681
596,80,8.98108035832738,3480,4000,0.87,0.8592219997634746,0.8800680121909564
596,85,8.989457938736953,22,25,0.88,0.7004420590811533,0.9583318288209496
596,87,8.992808970900782,22,25,0.88,0.7004420590811533,0.9583318288209496
596,88,8.994484486982696,171,200,0.855,0.7995133242038862,0.8971064938611499
596,89,8.996160003064611,24,25,0.96,0.8045593608838223,0.9929037665766179
596,90,8.997835519146525,24,25,0.96,0.8045593608838223,0.9929037665766179
596,120,9.048101001603962,169,200,0.845,0.7883930935816389,0.8886036310167766
596,128,9.06150513025928,167,200,0.835,0.777342184108311,0.8800314470234837
596,136,9.074909258914595,508,600,0.8466666666666667,0.8156384748720417,0.8732840790226519
597,39,8.927228224257094,22,25,0.88,0.7004420590811533,0.9583318288209496
597,60,8.9624140619773,19,25,0.76,0.5657031648291212,0.8850368637354755
597,63,8.967440610223044,83,100,0.83,0.7445199515664943,0.8910643392459681
597,64,8.969116126304957,83,100,0.83,0.7445199515664943,0.8910643392459681
597,65,8.970791642386873,83,100,0.83,0.7445199515664943,0.8910643392459681
597,66,8.972467158468787,83,100,0.83,0.7445199515664943,0.8910643392459681
597,67,8.974142674550702,83,100,0.83,0.7445199515664943,0.8910643392459681
597,68,8.975818190632616,83,100,0.83,0.7445199515664943,0.8910643392459681
597,69,8.977493706714531,83,100,0.83,0.7445199515664943,0.8910643392459681
597,70,8.979169222796445,83,100,0.83,0.7445199515664943,0.8910643392459681
597,71,8.98084473887836,3488,4000,0.872,0.8612885416763443,0.8819976325048674
597,76,8.989222319287933,22,25,0.88,0.7004420590811533,0.9583318288209496
597,79,8.994248867533676,512,600,0.8533333333333334,0.8227790869518379,0.8793919775946768
597,80,8.995924383615591,24,25,0.96,0.8045593608838223,0.9929037665766179
597,81,8.997599899697505,24,25,0.96,0.8045593608838223,0.9929037665766179
597,111,9.047865382154942,169,200,0.845,0.7883930935816389,0.8886036310167766
597,119,9.06126951081026,169,200,0.845,0.7883930935816389,0.8886036310167766
597,127,9.074673639465574,509,600,0.8483333333333334,0.8174218388978084,0.8748128426598404
598,30,8.926992604808076,22,25,0.88,0.7004420590811533,0.9583318288209496
598,51,8.96217844252828,20,25,0.8,0.6086904946512341,0.9113941536925313
598,54,8.967204990774025,83,100,0.83,0.7445199515664943,0.8910643392459681
598,55,8.968880506855939,83,100,0.83,0.7445199515664943,0.8910643392459681
598,56,8.970556022937854,83,100,0.83,0.7445199515664943,0.8910643392459681
598,57,8.972231539019768,83,100,0.83,0.7445199515664943,0.8910643392459681
598,58,8.973907055101684,83,100,0.83,0.7445199515664943,0.8910643392459681
598,59,8.975582571183597,83,100,0.83,0.7445199515664943,0.8910643392459681
598,60,8.977258087265513,83,100,0.83,0.7445199515664943,0.8910643392459681
598,61,8.978933603347427,83,100,0.83,0.7445199515664943,0.8910643392459681
598,62,8.98060911942934,3495,4000,0.87375,0.8630974448528673,0.8836853712767776
598,67,8.988986699838915,22,25,0.88,0.7004420590811533,0.9583318288209496
598,70,8.994013248084658,513,600,0.855,0.8245672765266023,0.8809159156828674
598,71,8.995688764166573,24,25,0.96,0.8045593608838223,0.9929037665766179
598,72,8.997364280248487,24,25,0.96,0.8045593608838223,0.9929037665766179
598,102,9.047629762705924,169,200,0.845,0.7883930935816389,0.8886036310167766
598,110,9.06103389136124,170,200,0.85,0.7939442066666507,0.8928640646650752
598,118,9.074438020016556,511,600,0.8516666666666667,0.8209921286956898,0.8778668081878694
599,21,8.926756985359058,22,25,0.88,0.7004420590811533,0.9583318288209496
599,42,8.961942823079262,20,25,0.8,0.6086904946512341,0.9113941536925313
599,46,8.96864488740692,84,100,0.84,0.7557973053553682,0.8990471154817143
599,47,8.970320403488836,84,100,0.84,0.7557973053553682,0.8990471154817143
599,48,8.97199591957075,84,100,0.84,0.7557973053553682,0.8990471154817143
599,49,8.973671435652664,84,100,0.84,0.7557973053553682,0.8990471154817143
599,50,8.97534695173458,84,100,0.84,0.7557973053553682,0.8990471154817143
599,51,8.977022467816493,84,100,0.84,0.7557973053553682,0.8990471154817143
599,52,8.978697983898408,84,100,0.84,0.7557973053553682,0.8990471154817143
599,53,8.980373499980322,84,100,0.84,0.7557973053553682,0.8990471154817143
599,54,8.982049016062238,167,200,0.835,0.777342184108311,0.8800314470234837
599,58,8.988751080389896,22,25,0.88,0.7004420590811533,0.9583318288209496
599,61,8.99377762863564,22,25,0.88,0.7004420590811533,0.9583318288209496
599,62,8.995453144717553,516,600,0.86,0.8299394097317884,0.8854801654665472
599,64,8.998804176881382,24,25,0.96,0.8045593608838223,0.9929037665766179
599,94,9.04906965933882,3504,4000,0.876,0.8654241276539855,0.8858543709807877
599,102,9.062473787994136,171,200,0.855,0.7995133242038862,0.8971064938611499
599,110,9.075877916649452,516,600,0.86,0.8299394097317884,0.8854801654665472
600,12,8.926521365910038,22,25,0.88,0.7004420590811533,0.9583318288209496
600,34,8.963382719712158,20,25,0.8,0.6086904946512341,0.9113941536925313
600,37,8.9684092679579,85,100,0.85,0.7671644033458782,0.9069401475158244
600,38,8.970084784039814,85,100,0.85,0.7671644033458782,0.9069401475158244
600,39,8.97176030012173,85,100,0.85,0.7671644033458782,0.9069401475158244
600,40,8.973435816203644,85,100,0.85,0.7671644033458782,0.9069401475158244
600,41,8.97511133228556,85,100,0.85,0.7671644033458782,0.9069401475158244
600,42,8.976786848367473,85,100,0.85,0.7671644033458782,0.9069401475158244
600,43,8.978462364449388,85,100,0.85,0.7671644033458782,0.9069401475158244
600,44,8.980137880531302,85,100,0.85,0.7671644033458782,0.9069401475158244
600,45,8.981813396613218,168,200,0.84,0.782859297881253,0.884325879983852
600,49,8.988515460940874,22,25,0.88,0.7004420590811533,0.9583318288209496
600,52,8.99354200918662,22,25,0.88,0.7004420590811533,0.9583318288209496
600,53,8.995217525268533,518,600,0.8633333333333333,0.8335273212604672,0.8885165092637787
600,55,8.998568557432362,24,25,0.96,0.8045593608838223,0.9929037665766179
600,85,9.0488340398898,3506,4000,0.8765,0.8659413156779854,0.8863362235134828
600,93,9.062238168545116,171,200,0.855,0.7995133242038862,0.8971064938611499
600,101,9.075642297200432,518,600,0.8633333333333333,0.8335273212604672,0.8885165092637787
601,4,8.927961262542933,22,25,0.88,0.7004420590811533,0.9583318288209496
601,25,8.963147100263138,20,25,0.8,0.6086904946512341,0.9113941536925313
601,28,8.968173648508882,85,100,0.85,0.7671644033458782,0.9069401475158244
601,29,8.969849164590796,85,100,0.85,0.7671644033458782,0.9069401475158244
601,30,8.971524680672712,85,100,0.85,0.7671644033458782,0.9069401475158244
601,31,8.973200196754625,85,100,0.85,0.7671644033458782,0.9069401475158244
601,32,8.97487571283654,85,100,0.85,0.7671644033458782,0.9069401475158244
601,33,8.976551228918455,85,100,0.85,0.7671644033458782,0.9069401475158244
601,34,8.97822674500037,85,100,0.85,0.7671644033458782,0.9069401475158244
601,35,8.979902261082284,85,100,0.85,0.7671644033458782,0.9069401475158244
601,36,8.9815777771642,168,200,0.84,0.782859297881253,0.884325879983852
601,41,8.989955357573772,22,25,0.88,0.7004420590811533,0.9583318288209496
601,43,8.9933063897376,22,25,0.88,0.7004420590811533,0.9583318288209496
601,44,8.994981905819515,519,600,0.865,0.8353232824473261,0.8900326757398752
601,46,8.998332937983344,24,25,0.96,0.8045593608838223,0.9929037665766179
601,76,9.048598420440781,3512,4000,0.878,0.8674932061089909,0.887781454752563
601,84,9.062002549096098,171,200,0.855,0.7995133242038862,0.8971064938611499
601,92,9.075406677751413,522,600,0.87,0.840719438353528,0.894572902822539
602,16,8.962911480814117,20,25,0.8,0.6086904946512341,0.9113941536925313
602,19,8.967938029059862,85,100,0.85,0.7671644033458782,0.9069401475158244
602,20,8.969613545141776,85,100,0.85,0.7671644033458782,0.9069401475158244
602,21,8.971289061223692,85,100,0.85,0.7671644033458782,0.9069401475158244
602,22,8.972964577305605,85,100,0.85,0.7671644033458782,0.9069401475158244
602,23,8.97464009338752,85,100,0.85,0.7671644033458782,0.9069401475158244
602,24,8.976315609469435,85,100,0.85,0.7671644033458782,0.9069401475158244
602,25,8.977991125551348,85,100,0.85,0.7671644033458782,0.9069401475158244
602,26,8.979666641633264,86,100,0.86,0.7786281171512964,0.9147365637350263
602,27,8.981342157715178,171,200,0.855,0.7995133242038862,0.8971064938611499
602,32,8.989719738124752,22,25,0.88,0.7004420590811533,0.9583318288209496
602,34,8.99307077028858,22,25,0.88,0.7004420590811533,0.9583318288209496
602,35,8.994746286370495,516,600,0.86,0.8299394097317884,0.8854801654665472
602,36,8.99642180245241,24,25,0.96,0.8045593608838223,0.9929037665766179
602,37,8.998097318534324,24,25,0.96,0.8045593608838223,0.9929037665766179
602,67,9.048362800991761,3521,4000,0.88025,0.8698219734592767,0.8899483699074054
602,75,9.061766929647076,519,600,0.865,0.8353232824473261,0.8900326757398752
602,83,9.075171058302393,523,600,0.8716666666666667,0.8425209878774318,0.8960834809615906
603,7,8.9626758613651,20,25,0.8,0.6086904946512341,0.9113941536925313
603,10,8.967702409610844,85,100,0.85,0.7671644033458782,0.9069401475158244
603,11,8.969377925692758,85,100,0.85,0.7671644033458782,0.9069401475158244
603,12,8.971053441774673,85,100,0.85,0.7671644033458782,0.9069401475158244
603,13,8.972728957856587,85,100,0.85,0.7671644033458782,0.9069401475158244
603,14,8.9744044739385,85,100,0.85,0.7671644033458782,0.9069401475158244
603,15,8.976079990020416,85,100,0.85,0.7671644033458782,0.9069401475158244
603,16,8.97775550610233,85,100,0.85,0.7671644033458782,0.9069401475158244
603,17,8.979431022184245,85,100,0.85,0.7671644033458782,0.9069401475158244
603,18,8.98110653826616,3542,4000,0.8855,0.8752602553146897,0.8950000138972918
603,23,8.989484118675733,22,25,0.88,0.7004420590811533,0.9583318288209496
603,25,8.99283515083956,22,25,0.88,0.7004420590811533,0.9583318288209496
603,26,8.994510666921476,517,600,0.8616666666666667,0.8317327037257907,0.8869989991355003
603,27,8.99618618300339,24,25,0.96,0.8045593608838223,0.9929037665766179
603,28,8.997861699085306,24,25,0.96,0.8045593608838223,0.9929037665766179
603,58,9.048127181542743,3532,4000,0.883,0.872669798694896,0.8925952677336096
603,66,9.061531310198058,519,600,0.865,0.8353232824473261,0.8900326757398752
603,74,9.074935438853375,525,600,0.875,0.846128472866618,0.899100251298315
604,1,8.967466790161824,85,100,0.85,0.7671644033458782,0.9069401475158244
604,2,8.96914230624374,85,100,0.85,0.7671644033458782,0.9069401475158244
604,3,8.970817822325653,85,100,0.85,0.7671644033458782,0.9069401475158244
604,4,8.972493338407569,85,100,0.85,0.7671644033458782,0.9069401475158244
604,5,8.974168854489482,85,100,0.85,0.7671644033458782,0.9069401475158244
604,6,8.975844370571398,85,100,0.85,0.7671644033458782,0.9069401475158244
604,7,8.977519886653312,85,100,0.85,0.7671644033458782,0.9069401475158244
604,8,8.979195402735227,85,100,0.85,0.7671644033458782,0.9069401475158244
604,9,8.980870918817141,3545,4000,0.88625,0.8760376818295014,0.8957211482175229
604,14,8.989248499226713,22,25,0.88,0.7004420590811533,0.9583318288209496
604,17,8.994275047472458,519,600,0.865,0.8353232824473261,0.8900326757398752
604,18,8.995950563554372,24,25,0.96,0.8045593608838223,0.9929037665766179
604,19,8.997626079636287,24,25,0.96,0.8045593608838223,0.9929037665766179
604,49,9.047891562093723,3536,4000,0.884,0.873705804675507,0.8935573428663891
604,57,9.06129569074904,521,600,0.8683333333333333,0.8389193193028053,0.8930608942103065
604,65,9.074699819404357,525,600,0.875,0.846128472866618,0.899100251298315
605,0,8.98063529936812,3553,4000,0.88825,0.8781114856676194,0.8976435066061855
605,5,8.989012879777693,22,25,0.88,0.7004420590811533,0.9583318288209496
605,8,8.994039428023438,522,600,0.87,0.840719438353528,0.894572902822539
605,9,8.995714944105352,24,25,0.96,0.8045593608838223,0.9929037665766179
605,10,8.997390460187267,24,25,0.96,0.8045593608838223,0.9929037665766179
605,40,9.047655942644703,3544,4000,0.886,0.8757785246413141,0.8954807851273626
605,48,9.06106007130002,521,600,0.8683333333333333,0.8389193193028053,0.8930608942103065
605,56,9.074464199955337,525,600,0.875,0.846128472866618,0.899100251298315
606,0,8.995479324656333,524,600,0.8733333333333333,0.8443239913157072,0.8975926051862703
606,2,8.998830356820163,24,25,0.96,0.8045593608838223,0.9929037665766179
606,32,9.0490958392776,3549,4000,0.88725,0.8770744617564183,0.8966824494039963
606,40,9.062499967932915,522,600,0.87,0.840719438353528,0.894572902822539
606,48,9.075904096588232,3544,4000,0.886,0.8757785246413141,0.8954807851273626
607,23,9.04886021982858,3556,4000,0.889,0.8788894154325929,0.8983641376762549
607,31,9.062264348483895,524,600,0.8733333333333333,0.8443239913157072,0.8975926051862703
607,39,9.075668477139212,3553,4000,0.88825,0.8781114856676194,0.8976435066061855
608,14,9.04862460037956,3566,4000,0.8915,0.8814835333744755,0.9007652225178481
608,22,9.062028729034877,3555,4000,0.88875,0.8786300900079824,0.8981239428225178
608,30,9.075432857690194,3559,4000,0.88975,0.8796674852742327,0.8990846286696579
609,5,9.048388980930541,3570,4000,0.8925,0.8825216268887314,0.9017252101169826
609,13,9.061793109585858,3559,4000,0.88975,0.8796674852742327,0.8990846286696579
609,21,9.075197238241175,3564,4000,0.891,0.8809645830293532,0.9002851323062753
610,4,9.061557490136838,3567,4000,0.89175,0.8817430325768879,0.9010052435937834
610,12,9.074961618792155,3573,4000,0.89325,0.8833003672948437,0.9024450305459131
611,0,9.069699451097392,7211,8000,0.901375,0.894647535166574,0.9077171834491304
611,3,9.074725999343135,3583,4000,0.89575,0.8858972413247173,0.9048433592995155
617,0,9.158763602826662,7299,8000,0.912375,0.9059795142580441,0.9183746454159544
